model,split,fold,role,formula
gpr_physics9,lobo,0,test,Ba3AsBr3
gpr_physics9,lobo,0,test,Ba3AsCl3
gpr_physics9,lobo,0,test,Ba3AsI3
gpr_physics9,lobo,0,test,Ca3AsBr3
gpr_physics9,lobo,0,test,Ca3AsF3
gpr_physics9,lobo,0,test,Mg3AsBr3
gpr_physics9,lobo,0,test,Sr3AsCl3
gpr_physics9,lobo,0,test,Sr3AsI3
gpr_physics9,lobo,0,background,Ba3BiBr3
gpr_physics9,lobo,0,background,Ba3BiCl3
gpr_physics9,lobo,0,background,Ba3BiI3
gpr_physics9,lobo,0,background,Ca3BiI3
gpr_physics9,lobo,0,background,Mg3BiBr3
gpr_physics9,lobo,0,background,Ba3PBr3
gpr_physics9,lobo,0,background,Ba3PCl3
gpr_physics9,lobo,0,background,Ca3PBr3
gpr_physics9,lobo,0,background,Ca3PF3
gpr_physics9,lobo,0,background,Mg3PCl3
gpr_physics9,lobo,0,background,Mg3PI3
gpr_physics9,lobo,0,background,Sr3PBr3
gpr_physics9,lobo,0,background,Ba3SbBr3
gpr_physics9,lobo,0,background,Ca3SbCl3
gpr_physics9,lobo,0,background,Ca3SbF3
gpr_physics9,lobo,0,background,Mg3SbBr3
gpr_physics9,lobo,0,background,Mg3SbF3
gpr_physics9,lobo,0,background,Mg3SbI3
gpr_physics9,lobo,0,background,Sr3SbCl3
gpr_physics9,lobo,0,background,Sr3SbI3
gpr_physics9,lobo,1,test,Ba3BiBr3
gpr_physics9,lobo,1,test,Ba3BiCl3
gpr_physics9,lobo,1,test,Ba3BiI3
gpr_physics9,lobo,1,test,Ca3BiI3
gpr_physics9,lobo,1,test,Mg3BiBr3
gpr_physics9,lobo,1,test,Mg3BiI3
gpr_physics9,lobo,1,background,Ba3AsBr3
gpr_physics9,lobo,1,background,Ba3AsCl3
gpr_physics9,lobo,1,background,Mg3AsBr3
gpr_physics9,lobo,1,background,Sr3AsCl3
gpr_physics9,lobo,1,background,Sr3AsI3
gpr_physics9,lobo,1,background,Ba3PCl3
gpr_physics9,lobo,1,background,Ba3PI3
gpr_physics9,lobo,1,background,Ca3PBr3
gpr_physics9,lobo,1,background,Ca3PF3
gpr_physics9,lobo,1,background,Mg3PBr3
gpr_physics9,lobo,1,background,Sr3PCl3
gpr_physics9,lobo,1,background,Sr3PI3
gpr_physics9,lobo,1,background,Ba3SbCl3
gpr_physics9,lobo,1,background,Ca3SbCl3
gpr_physics9,lobo,1,background,Ca3SbF3
gpr_physics9,lobo,1,background,Mg3SbBr3
gpr_physics9,lobo,1,background,Mg3SbCl3
gpr_physics9,lobo,1,background,Mg3SbI3
gpr_physics9,lobo,1,background,Sr3SbCl3
gpr_physics9,lobo,1,background,Sr3SbI3
gpr_physics9,lobo,2,test,Ba3PBr3
gpr_physics9,lobo,2,test,Ba3PCl3
gpr_physics9,lobo,2,test,Ba3PI3
gpr_physics9,lobo,2,test,Ca3PBr3
gpr_physics9,lobo,2,test,Ca3PCl3
gpr_physics9,lobo,2,test,Ca3PF3
gpr_physics9,lobo,2,test,Ca3PI3
gpr_physics9,lobo,2,test,Mg3PBr3
gpr_physics9,lobo,2,test,Mg3PCl3
gpr_physics9,lobo,2,test,Mg3PI3
gpr_physics9,lobo,2,test,Sr3PBr3
gpr_physics9,lobo,2,test,Sr3PCl3
gpr_physics9,lobo,2,test,Sr3PI3
gpr_physics9,lobo,2,background,Ba3AsBr3
gpr_physics9,lobo,2,background,Ba3AsCl3
gpr_physics9,lobo,2,background,Ba3AsI3
gpr_physics9,lobo,2,background,Mg3AsBr3
gpr_physics9,lobo,2,background,Sr3AsCl3
gpr_physics9,lobo,2,background,Sr3AsI3
gpr_physics9,lobo,2,background,Ba3BiBr3
gpr_physics9,lobo,2,background,Ba3BiCl3
gpr_physics9,lobo,2,background,Ca3BiI3
gpr_physics9,lobo,2,background,Mg3BiBr3
gpr_physics9,lobo,2,background,Ba3SbCl3
gpr_physics9,lobo,2,background,Ba3SbI3
gpr_physics9,lobo,2,background,Ca3SbBr3
gpr_physics9,lobo,2,background,Ca3SbF3
gpr_physics9,lobo,2,background,Mg3SbBr3
gpr_physics9,lobo,2,background,Mg3SbCl3
gpr_physics9,lobo,2,background,Mg3SbF3
gpr_physics9,lobo,2,background,Mg3SbI3
gpr_physics9,lobo,2,background,Sr3SbCl3
gpr_physics9,lobo,2,background,Sr3SbI3
gpr_physics9,lobo,3,test,Ba3SbBr3
gpr_physics9,lobo,3,test,Ba3SbCl3
gpr_physics9,lobo,3,test,Ba3SbI3
gpr_physics9,lobo,3,test,Ca3SbBr3
gpr_physics9,lobo,3,test,Ca3SbCl3
gpr_physics9,lobo,3,test,Ca3SbF3
gpr_physics9,lobo,3,test,Mg3SbBr3
gpr_physics9,lobo,3,test,Mg3SbCl3
gpr_physics9,lobo,3,test,Mg3SbF3
gpr_physics9,lobo,3,test,Mg3SbI3
gpr_physics9,lobo,3,test,Sr3SbCl3
gpr_physics9,lobo,3,test,Sr3SbI3
gpr_physics9,lobo,3,background,Ba3AsBr3
gpr_physics9,lobo,3,background,Ba3AsCl3
gpr_physics9,lobo,3,background,Ba3AsI3
gpr_physics9,lobo,3,background,Ca3AsF3
gpr_physics9,lobo,3,background,Mg3AsBr3
gpr_physics9,lobo,3,background,Sr3AsI3
gpr_physics9,lobo,3,background,Ba3BiBr3
gpr_physics9,lobo,3,background,Ba3BiCl3
gpr_physics9,lobo,3,background,Ca3BiI3
gpr_physics9,lobo,3,background,Mg3BiI3
gpr_physics9,lobo,3,background,Ba3PBr3
gpr_physics9,lobo,3,background,Ba3PCl3
gpr_physics9,lobo,3,background,Ba3PI3
gpr_physics9,lobo,3,background,Ca3PCl3
gpr_physics9,lobo,3,background,Ca3PF3
gpr_physics9,lobo,3,background,Mg3PBr3
gpr_physics9,lobo,3,background,Mg3PCl3
gpr_physics9,lobo,3,background,Mg3PI3
gpr_physics9,lobo,3,background,Sr3PBr3
gpr_physics9,lobo,3,background,Sr3PCl3
gpr_physics9,gkf,0,test,Ca3AsF3
gpr_physics9,gkf,0,test,Sr3AsI3
gpr_physics9,gkf,0,test,Ba3BiCl3
gpr_physics9,gkf,0,test,Ba3PBr3
gpr_physics9,gkf,0,test,Mg3PCl3
gpr_physics9,gkf,0,test,Mg3PI3
gpr_physics9,gkf,0,test,Sr3PI3
gpr_physics9,gkf,0,test,Mg3SbF3
gpr_physics9,gkf,0,background,Ba3AsBr3
gpr_physics9,gkf,0,background,Ba3AsCl3
gpr_physics9,gkf,0,background,Ba3AsI3
gpr_physics9,gkf,0,background,Ca3AsBr3
gpr_physics9,gkf,0,background,Mg3AsBr3
gpr_physics9,gkf,0,background,Ba3BiBr3
gpr_physics9,gkf,0,background,Ba3BiI3
gpr_physics9,gkf,0,background,Mg3BiBr3
gpr_physics9,gkf,0,background,Ba3PCl3
gpr_physics9,gkf,0,background,Ca3PCl3
gpr_physics9,gkf,0,background,Ca3PF3
gpr_physics9,gkf,0,background,Ca3PI3
gpr_physics9,gkf,0,background,Sr3PCl3
gpr_physics9,gkf,0,background,Ca3SbBr3
gpr_physics9,gkf,0,background,Ca3SbCl3
gpr_physics9,gkf,0,background,Ca3SbF3
gpr_physics9,gkf,0,background,Mg3SbCl3
gpr_physics9,gkf,0,background,Mg3SbI3
gpr_physics9,gkf,0,background,Sr3SbCl3
gpr_physics9,gkf,0,background,Sr3SbI3
gpr_physics9,gkf,1,test,Ca3AsBr3
gpr_physics9,gkf,1,test,Mg3BiI3
gpr_physics9,gkf,1,test,Ba3PI3
gpr_physics9,gkf,1,test,Ca3PBr3
gpr_physics9,gkf,1,test,Ca3PCl3
gpr_physics9,gkf,1,test,Ca3PF3
gpr_physics9,gkf,1,test,Ba3SbBr3
gpr_physics9,gkf,1,test,Ca3SbBr3
gpr_physics9,gkf,1,background,Ba3AsBr3
gpr_physics9,gkf,1,background,Ba3AsCl3
gpr_physics9,gkf,1,background,Sr3AsCl3
gpr_physics9,gkf,1,background,Ba3BiBr3
gpr_physics9,gkf,1,background,Ba3BiCl3
gpr_physics9,gkf,1,background,Ba3BiI3
gpr_physics9,gkf,1,background,Ca3BiI3
gpr_physics9,gkf,1,background,Mg3BiBr3
gpr_physics9,gkf,1,background,Ba3PCl3
gpr_physics9,gkf,1,background,Ca3PI3
gpr_physics9,gkf,1,background,Mg3PBr3
gpr_physics9,gkf,1,background,Mg3PI3
gpr_physics9,gkf,1,background,Sr3PI3
gpr_physics9,gkf,1,background,Ba3SbCl3
gpr_physics9,gkf,1,background,Ba3SbI3
gpr_physics9,gkf,1,background,Ca3SbF3
gpr_physics9,gkf,1,background,Mg3SbBr3
gpr_physics9,gkf,1,background,Mg3SbCl3
gpr_physics9,gkf,1,background,Mg3SbI3
gpr_physics9,gkf,1,background,Sr3SbI3
gpr_physics9,gkf,2,test,Ba3AsBr3
gpr_physics9,gkf,2,test,Ba3AsCl3
gpr_physics9,gkf,2,test,Sr3AsCl3
gpr_physics9,gkf,2,test,Ba3BiI3
gpr_physics9,gkf,2,test,Mg3PBr3
gpr_physics9,gkf,2,test,Ba3SbI3
gpr_physics9,gkf,2,test,Ca3SbF3
gpr_physics9,gkf,2,test,Sr3SbCl3
gpr_physics9,gkf,2,background,Ba3AsI3
gpr_physics9,gkf,2,background,Ca3AsBr3
gpr_physics9,gkf,2,background,Ca3AsF3
gpr_physics9,gkf,2,background,Ba3BiBr3
gpr_physics9,gkf,2,background,Ba3BiCl3
gpr_physics9,gkf,2,background,Ca3BiI3
gpr_physics9,gkf,2,background,Mg3BiBr3
gpr_physics9,gkf,2,background,Mg3BiI3
gpr_physics9,gkf,2,background,Ba3PCl3
gpr_physics9,gkf,2,background,Ba3PI3
gpr_physics9,gkf,2,background,Ca3PF3
gpr_physics9,gkf,2,background,Ca3PI3
gpr_physics9,gkf,2,background,Sr3PBr3
gpr_physics9,gkf,2,background,Sr3PCl3
gpr_physics9,gkf,2,background,Ba3SbBr3
gpr_physics9,gkf,2,background,Ca3SbBr3
gpr_physics9,gkf,2,background,Ca3SbCl3
gpr_physics9,gkf,2,background,Mg3SbF3
gpr_physics9,gkf,2,background,Mg3SbI3
gpr_physics9,gkf,2,background,Sr3SbI3
gpr_physics9,gkf,3,test,Ba3AsI3
gpr_physics9,gkf,3,test,Ba3BiBr3
gpr_physics9,gkf,3,test,Mg3BiBr3
gpr_physics9,gkf,3,test,Sr3PBr3
gpr_physics9,gkf,3,test,Sr3PCl3
gpr_physics9,gkf,3,test,Ba3SbCl3
gpr_physics9,gkf,3,test,Mg3SbCl3
gpr_physics9,gkf,3,test,Mg3SbI3
gpr_physics9,gkf,3,background,Ba3AsBr3
gpr_physics9,gkf,3,background,Ca3AsBr3
gpr_physics9,gkf,3,background,Mg3AsBr3
gpr_physics9,gkf,3,background,Sr3AsCl3
gpr_physics9,gkf,3,background,Ba3BiI3
gpr_physics9,gkf,3,background,Ca3BiI3
gpr_physics9,gkf,3,background,Ba3PI3
gpr_physics9,gkf,3,background,Ca3PCl3
gpr_physics9,gkf,3,background,Ca3PF3
gpr_physics9,gkf,3,background,Mg3PBr3
gpr_physics9,gkf,3,background,Mg3PCl3
gpr_physics9,gkf,3,background,Sr3PI3
gpr_physics9,gkf,3,background,Ba3SbBr3
gpr_physics9,gkf,3,background,Ba3SbI3
gpr_physics9,gkf,3,background,Ca3SbBr3
gpr_physics9,gkf,3,background,Ca3SbCl3
gpr_physics9,gkf,3,background,Ca3SbF3
gpr_physics9,gkf,3,background,Mg3SbBr3
gpr_physics9,gkf,3,background,Mg3SbF3
gpr_physics9,gkf,3,background,Sr3SbCl3
gpr_physics9,gkf,4,test,Mg3AsBr3
gpr_physics9,gkf,4,test,Ca3BiI3
gpr_physics9,gkf,4,test,Ba3PCl3
gpr_physics9,gkf,4,test,Ca3PI3
gpr_physics9,gkf,4,test,Ca3SbCl3
gpr_physics9,gkf,4,test,Mg3SbBr3
gpr_physics9,gkf,4,test,Sr3SbI3
gpr_physics9,gkf,4,background,Ba3AsCl3
gpr_physics9,gkf,4,background,Ba3AsI3
gpr_physics9,gkf,4,background,Ca3AsF3
gpr_physics9,gkf,4,background,Sr3AsCl3
gpr_physics9,gkf,4,background,Ba3BiCl3
gpr_physics9,gkf,4,background,Ba3BiI3
gpr_physics9,gkf,4,background,Mg3BiI3
gpr_physics9,gkf,4,background,Ba3PBr3
gpr_physics9,gkf,4,background,Ba3PI3
gpr_physics9,gkf,4,background,Ca3PBr3
gpr_physics9,gkf,4,background,Ca3PCl3
gpr_physics9,gkf,4,background,Ca3PF3
gpr_physics9,gkf,4,background,Mg3PBr3
gpr_physics9,gkf,4,background,Mg3PCl3
gpr_physics9,gkf,4,background,Sr3PBr3
gpr_physics9,gkf,4,background,Sr3PCl3
gpr_physics9,gkf,4,background,Ba3SbCl3
gpr_physics9,gkf,4,background,Mg3SbF3
gpr_physics9,gkf,4,background,Mg3SbI3
gpr_physics9,gkf,4,background,Sr3SbCl3
gpr_physics9,gkf,5,test,Ba3AsBr3
gpr_physics9,gkf,5,test,Ca3AsBr3
gpr_physics9,gkf,5,test,Ba3BiCl3
gpr_physics9,gkf,5,test,Mg3BiBr3
gpr_physics9,gkf,5,test,Mg3PI3
gpr_physics9,gkf,5,test,Ba3SbCl3
gpr_physics9,gkf,5,test,Mg3SbBr3
gpr_physics9,gkf,5,test,Mg3SbCl3
gpr_physics9,gkf,5,background,Ba3AsCl3
gpr_physics9,gkf,5,background,Ca3AsF3
gpr_physics9,gkf,5,background,Mg3AsBr3
gpr_physics9,gkf,5,background,Sr3AsCl3
gpr_physics9,gkf,5,background,Ba3BiI3
gpr_physics9,gkf,5,background,Ba3PI3
gpr_physics9,gkf,5,background,Ca3PBr3
gpr_physics9,gkf,5,background,Ca3PCl3
gpr_physics9,gkf,5,background,Mg3PCl3
gpr_physics9,gkf,5,background,Sr3PBr3
gpr_physics9,gkf,5,background,Sr3PCl3
gpr_physics9,gkf,5,background,Sr3PI3
gpr_physics9,gkf,5,background,Ba3SbBr3
gpr_physics9,gkf,5,background,Ba3SbI3
gpr_physics9,gkf,5,background,Ca3SbCl3
gpr_physics9,gkf,5,background,Ca3SbF3
gpr_physics9,gkf,5,background,Mg3SbF3
gpr_physics9,gkf,5,background,Mg3SbI3
gpr_physics9,gkf,5,background,Sr3SbCl3
gpr_physics9,gkf,5,background,Sr3SbI3
gpr_physics9,gkf,6,test,Mg3AsBr3
gpr_physics9,gkf,6,test,Ba3BiI3
gpr_physics9,gkf,6,test,Ca3PBr3
gpr_physics9,gkf,6,test,Ca3PI3
gpr_physics9,gkf,6,test,Mg3PCl3
gpr_physics9,gkf,6,test,Ba3SbBr3
gpr_physics9,gkf,6,test,Ca3SbF3
gpr_physics9,gkf,6,test,Mg3SbI3
gpr_physics9,gkf,6,background,Ba3AsBr3
gpr_physics9,gkf,6,background,Ca3AsBr3
gpr_physics9,gkf,6,background,Sr3AsI3
gpr_physics9,gkf,6,background,Ba3BiBr3
gpr_physics9,gkf,6,background,Ba3BiCl3
gpr_physics9,gkf,6,background,Ca3BiI3
gpr_physics9,gkf,6,background,Mg3BiBr3
gpr_physics9,gkf,6,background,Mg3BiI3
gpr_physics9,gkf,6,background,Ba3PCl3
gpr_physics9,gkf,6,background,Ca3PF3
gpr_physics9,gkf,6,background,Mg3PBr3
gpr_physics9,gkf,6,background,Mg3PI3
gpr_physics9,gkf,6,background,Sr3PI3
gpr_physics9,gkf,6,background,Ba3SbCl3
gpr_physics9,gkf,6,background,Ba3SbI3
gpr_physics9,gkf,6,background,Ca3SbBr3
gpr_physics9,gkf,6,background,Mg3SbCl3
gpr_physics9,gkf,6,background,Mg3SbF3
gpr_physics9,gkf,6,background,Sr3SbCl3
gpr_physics9,gkf,6,background,Sr3SbI3
gpr_physics9,gkf,7,test,Ba3AsI3
gpr_physics9,gkf,7,test,Sr3AsCl3
gpr_physics9,gkf,7,test,Sr3AsI3
gpr_physics9,gkf,7,test,Ba3PCl3
gpr_physics9,gkf,7,test,Ca3PCl3
gpr_physics9,gkf,7,test,Sr3PBr3
gpr_physics9,gkf,7,test,Ba3SbI3
gpr_physics9,gkf,7,test,Sr3SbI3
gpr_physics9,gkf,7,background,Ca3AsBr3
gpr_physics9,gkf,7,background,Ca3AsF3
gpr_physics9,gkf,7,background,Ba3BiCl3
gpr_physics9,gkf,7,background,Ba3BiI3
gpr_physics9,gkf,7,background,Ca3BiI3
gpr_physics9,gkf,7,background,Mg3BiBr3
gpr_physics9,gkf,7,background,Mg3BiI3
gpr_physics9,gkf,7,background,Ba3PBr3
gpr_physics9,gkf,7,background,Ca3PI3
gpr_physics9,gkf,7,background,Mg3PI3
gpr_physics9,gkf,7,background,Sr3PCl3
gpr_physics9,gkf,7,background,Sr3PI3
gpr_physics9,gkf,7,background,Ba3SbBr3
gpr_physics9,gkf,7,background,Ba3SbCl3
gpr_physics9,gkf,7,background,Ca3SbBr3
gpr_physics9,gkf,7,background,Ca3SbF3
gpr_physics9,gkf,7,background,Mg3SbBr3
gpr_physics9,gkf,7,background,Mg3SbCl3
gpr_physics9,gkf,7,background,Mg3SbI3
gpr_physics9,gkf,7,background,Sr3SbCl3
gpr_physics9,gkf,8,test,Ba3AsCl3
gpr_physics9,gkf,8,test,Ca3BiI3
gpr_physics9,gkf,8,test,Mg3PBr3
gpr_physics9,gkf,8,test,Sr3PCl3
gpr_physics9,gkf,8,test,Sr3PI3
gpr_physics9,gkf,8,test,Ca3SbBr3
gpr_physics9,gkf,8,test,Mg3SbF3
gpr_physics9,gkf,8,test,Sr3SbCl3
gpr_physics9,gkf,8,background,Ba3AsI3
gpr_physics9,gkf,8,background,Ca3AsBr3
gpr_physics9,gkf,8,background,Ca3AsF3
gpr_physics9,gkf,8,background,Mg3AsBr3
gpr_physics9,gkf,8,background,Sr3AsCl3
gpr_physics9,gkf,8,background,Sr3AsI3
gpr_physics9,gkf,8,background,Ba3BiI3
gpr_physics9,gkf,8,background,Mg3BiBr3
gpr_physics9,gkf,8,background,Mg3BiI3
gpr_physics9,gkf,8,background,Ba3PBr3
gpr_physics9,gkf,8,background,Ba3PCl3
gpr_physics9,gkf,8,background,Ba3PI3
gpr_physics9,gkf,8,background,Ca3PBr3
gpr_physics9,gkf,8,background,Ca3PCl3
gpr_physics9,gkf,8,background,Ca3PF3
gpr_physics9,gkf,8,background,Sr3PBr3
gpr_physics9,gkf,8,background,Ba3SbBr3
gpr_physics9,gkf,8,background,Ba3SbI3
gpr_physics9,gkf,8,background,Mg3SbCl3
gpr_physics9,gkf,8,background,Sr3SbI3
gpr_physics9,gkf,9,test,Ca3AsF3
gpr_physics9,gkf,9,test,Ba3BiBr3
gpr_physics9,gkf,9,test,Mg3BiI3
gpr_physics9,gkf,9,test,Ba3PBr3
gpr_physics9,gkf,9,test,Ba3PI3
gpr_physics9,gkf,9,test,Ca3PF3
gpr_physics9,gkf,9,test,Ca3SbCl3
gpr_physics9,gkf,9,background,Ba3AsCl3
gpr_physics9,gkf,9,background,Ba3AsI3
gpr_physics9,gkf,9,background,Ca3AsBr3
gpr_physics9,gkf,9,background,Mg3AsBr3
gpr_physics9,gkf,9,background,Sr3AsI3
gpr_physics9,gkf,9,background,Ba3BiCl3
gpr_physics9,gkf,9,background,Ba3BiI3
gpr_physics9,gkf,9,background,Ca3PCl3
gpr_physics9,gkf,9,background,Ca3PI3
gpr_physics9,gkf,9,background,Mg3PCl3
gpr_physics9,gkf,9,background,Sr3PBr3
gpr_physics9,gkf,9,background,Sr3PCl3
gpr_physics9,gkf,9,background,Ba3SbBr3
gpr_physics9,gkf,9,background,Ba3SbCl3
gpr_physics9,gkf,9,background,Ca3SbBr3
gpr_physics9,gkf,9,background,Mg3SbBr3
gpr_physics9,gkf,9,background,Mg3SbCl3
gpr_physics9,gkf,9,background,Mg3SbF3
gpr_physics9,gkf,9,background,Mg3SbI3
gpr_physics9,gkf,9,background,Sr3SbI3
gpr_physics9,gkf,10,test,Ba3AsCl3
gpr_physics9,gkf,10,test,Ba3BiBr3
gpr_physics9,gkf,10,test,Ba3BiCl3
gpr_physics9,gkf,10,test,Ba3BiI3
gpr_physics9,gkf,10,test,Ca3PCl3
gpr_physics9,gkf,10,test,Mg3PCl3
gpr_physics9,gkf,10,test,Ba3SbBr3
gpr_physics9,gkf,10,test,Ba3SbCl3
gpr_physics9,gkf,10,background,Ba3AsBr3
gpr_physics9,gkf,10,background,Ba3AsI3
gpr_physics9,gkf,10,background,Ca3AsF3
gpr_physics9,gkf,10,background,Sr3AsCl3
gpr_physics9,gkf,10,background,Sr3AsI3
gpr_physics9,gkf,10,background,Ca3BiI3
gpr_physics9,gkf,10,background,Mg3BiBr3
gpr_physics9,gkf,10,background,Ba3PBr3
gpr_physics9,gkf,10,background,Ca3PBr3
gpr_physics9,gkf,10,background,Ca3PF3
gpr_physics9,gkf,10,background,Ca3PI3
gpr_physics9,gkf,10,background,Mg3PBr3
gpr_physics9,gkf,10,background,Sr3PBr3
gpr_physics9,gkf,10,background,Sr3PI3
gpr_physics9,gkf,10,background,Ba3SbI3
gpr_physics9,gkf,10,background,Ca3SbCl3
gpr_physics9,gkf,10,background,Ca3SbF3
gpr_physics9,gkf,10,background,Mg3SbCl3
gpr_physics9,gkf,10,background,Mg3SbF3
gpr_physics9,gkf,10,background,Sr3SbCl3
gpr_physics9,gkf,11,test,Ba3AsI3
gpr_physics9,gkf,11,test,Sr3AsCl3
gpr_physics9,gkf,11,test,Sr3AsI3
gpr_physics9,gkf,11,test,Ca3PI3
gpr_physics9,gkf,11,test,Sr3PI3
gpr_physics9,gkf,11,test,Ba3SbI3
gpr_physics9,gkf,11,test,Ca3SbBr3
gpr_physics9,gkf,11,test,Mg3SbBr3
gpr_physics9,gkf,11,background,Ca3AsBr3
gpr_physics9,gkf,11,background,Ca3AsF3
gpr_physics9,gkf,11,background,Mg3AsBr3
gpr_physics9,gkf,11,background,Ba3BiI3
gpr_physics9,gkf,11,background,Ca3BiI3
gpr_physics9,gkf,11,background,Ba3PBr3
gpr_physics9,gkf,11,background,Ba3PI3
gpr_physics9,gkf,11,background,Ca3PBr3
gpr_physics9,gkf,11,background,Ca3PF3
gpr_physics9,gkf,11,background,Mg3PBr3
gpr_physics9,gkf,11,background,Mg3PI3
gpr_physics9,gkf,11,background,Sr3PBr3
gpr_physics9,gkf,11,background,Sr3PCl3
gpr_physics9,gkf,11,background,Ba3SbBr3
gpr_physics9,gkf,11,background,Ba3SbCl3
gpr_physics9,gkf,11,background,Ca3SbCl3
gpr_physics9,gkf,11,background,Mg3SbCl3
gpr_physics9,gkf,11,background,Mg3SbI3
gpr_physics9,gkf,11,background,Sr3SbCl3
gpr_physics9,gkf,11,background,Sr3SbI3
gpr_physics9,gkf,12,test,Ba3AsBr3
gpr_physics9,gkf,12,test,Mg3BiBr3
gpr_physics9,gkf,12,test,Ba3PBr3
gpr_physics9,gkf,12,test,Ba3PI3
gpr_physics9,gkf,12,test,Mg3PBr3
gpr_physics9,gkf,12,test,Ca3SbF3
gpr_physics9,gkf,12,test,Mg3SbI3
gpr_physics9,gkf,12,test,Sr3SbI3
gpr_physics9,gkf,12,background,Ba3AsCl3
gpr_physics9,gkf,12,background,Ba3AsI3
gpr_physics9,gkf,12,background,Ca3AsF3
gpr_physics9,gkf,12,background,Sr3AsCl3
gpr_physics9,gkf,12,background,Ba3BiBr3
gpr_physics9,gkf,12,background,Ba3BiCl3
gpr_physics9,gkf,12,background,Ba3BiI3
gpr_physics9,gkf,12,background,Ca3BiI3
gpr_physics9,gkf,12,background,Mg3BiI3
gpr_physics9,gkf,12,background,Ba3PCl3
gpr_physics9,gkf,12,background,Ca3PF3
gpr_physics9,gkf,12,background,Ca3PI3
gpr_physics9,gkf,12,background,Mg3PCl3
gpr_physics9,gkf,12,background,Mg3PI3
gpr_physics9,gkf,12,background,Sr3PBr3
gpr_physics9,gkf,12,background,Sr3PCl3
gpr_physics9,gkf,12,background,Ba3SbCl3
gpr_physics9,gkf,12,background,Ba3SbI3
gpr_physics9,gkf,12,background,Ca3SbBr3
gpr_physics9,gkf,12,background,Ca3SbCl3
gpr_physics9,gkf,13,test,Ca3AsBr3
gpr_physics9,gkf,13,test,Mg3BiI3
gpr_physics9,gkf,13,test,Ca3PBr3
gpr_physics9,gkf,13,test,Ca3PF3
gpr_physics9,gkf,13,test,Mg3PI3
gpr_physics9,gkf,13,test,Sr3PBr3
gpr_physics9,gkf,13,test,Ca3SbCl3
gpr_physics9,gkf,13,test,Mg3SbCl3
gpr_physics9,gkf,13,background,Ba3AsBr3
gpr_physics9,gkf,13,background,Ba3AsI3
gpr_physics9,gkf,13,background,Ca3AsF3
gpr_physics9,gkf,13,background,Mg3AsBr3
gpr_physics9,gkf,13,background,Ba3BiCl3
gpr_physics9,gkf,13,background,Ba3BiI3
gpr_physics9,gkf,13,background,Mg3BiBr3
gpr_physics9,gkf,13,background,Ba3PBr3
gpr_physics9,gkf,13,background,Ba3PCl3
gpr_physics9,gkf,13,background,Ba3PI3
gpr_physics9,gkf,13,background,Ca3PI3
gpr_physics9,gkf,13,background,Mg3PBr3
gpr_physics9,gkf,13,background,Mg3PCl3
gpr_physics9,gkf,13,background,Sr3PCl3
gpr_physics9,gkf,13,background,Ba3SbBr3
gpr_physics9,gkf,13,background,Ba3SbCl3
gpr_physics9,gkf,13,background,Ca3SbBr3
gpr_physics9,gkf,13,background,Mg3SbF3
gpr_physics9,gkf,13,background,Mg3SbI3
gpr_physics9,gkf,13,background,Sr3SbI3
gpr_physics9,gkf,14,test,Ca3AsF3
gpr_physics9,gkf,14,test,Mg3AsBr3
gpr_physics9,gkf,14,test,Ca3BiI3
gpr_physics9,gkf,14,test,Ba3PCl3
gpr_physics9,gkf,14,test,Sr3PCl3
gpr_physics9,gkf,14,test,Mg3SbF3
gpr_physics9,gkf,14,test,Sr3SbCl3
gpr_physics9,gkf,14,background,Ba3AsBr3
gpr_physics9,gkf,14,background,Ba3AsCl3
gpr_physics9,gkf,14,background,Ca3AsBr3
gpr_physics9,gkf,14,background,Ba3BiBr3
gpr_physics9,gkf,14,background,Ba3BiCl3
gpr_physics9,gkf,14,background,Ba3BiI3
gpr_physics9,gkf,14,background,Mg3BiBr3
gpr_physics9,gkf,14,background,Ba3PBr3
gpr_physics9,gkf,14,background,Ba3PI3
gpr_physics9,gkf,14,background,Ca3PBr3
gpr_physics9,gkf,14,background,Ca3PCl3
gpr_physics9,gkf,14,background,Ca3PF3
gpr_physics9,gkf,14,background,Ca3PI3
gpr_physics9,gkf,14,background,Sr3PBr3
gpr_physics9,gkf,14,background,Ba3SbBr3
gpr_physics9,gkf,14,background,Ba3SbCl3
gpr_physics9,gkf,14,background,Mg3SbBr3
gpr_physics9,gkf,14,background,Mg3SbCl3
gpr_physics9,gkf,14,background,Mg3SbI3
gpr_physics9,gkf,14,background,Sr3SbI3
gpr_physics9,gkf,15,test,Ba3AsCl3
gpr_physics9,gkf,15,test,Ba3BiBr3
gpr_physics9,gkf,15,test,Ba3BiI3
gpr_physics9,gkf,15,test,Mg3BiI3
gpr_physics9,gkf,15,test,Ca3PF3
gpr_physics9,gkf,15,test,Ca3PI3
gpr_physics9,gkf,15,test,Mg3PBr3
gpr_physics9,gkf,15,test,Mg3SbI3
gpr_physics9,gkf,15,background,Ba3AsBr3
gpr_physics9,gkf,15,background,Ba3AsI3
gpr_physics9,gkf,15,background,Ca3AsBr3
gpr_physics9,gkf,15,background,Mg3AsBr3
gpr_physics9,gkf,15,background,Sr3AsCl3
gpr_physics9,gkf,15,background,Sr3AsI3
gpr_physics9,gkf,15,background,Ca3BiI3
gpr_physics9,gkf,15,background,Mg3BiBr3
gpr_physics9,gkf,15,background,Ba3PCl3
gpr_physics9,gkf,15,background,Ba3PI3
gpr_physics9,gkf,15,background,Ca3PBr3
gpr_physics9,gkf,15,background,Ca3PCl3
gpr_physics9,gkf,15,background,Mg3PCl3
gpr_physics9,gkf,15,background,Mg3PI3
gpr_physics9,gkf,15,background,Sr3PBr3
gpr_physics9,gkf,15,background,Sr3PI3
gpr_physics9,gkf,15,background,Ca3SbBr3
gpr_physics9,gkf,15,background,Mg3SbCl3
gpr_physics9,gkf,15,background,Mg3SbF3
gpr_physics9,gkf,15,background,Sr3SbI3
gpr_physics9,gkf,16,test,Ca3AsBr3
gpr_physics9,gkf,16,test,Ca3PCl3
gpr_physics9,gkf,16,test,Sr3PCl3
gpr_physics9,gkf,16,test,Sr3PI3
gpr_physics9,gkf,16,test,Ba3SbBr3
gpr_physics9,gkf,16,test,Ba3SbCl3
gpr_physics9,gkf,16,test,Ca3SbBr3
gpr_physics9,gkf,16,test,Mg3SbBr3
gpr_physics9,gkf,16,background,Ba3AsI3
gpr_physics9,gkf,16,background,Ca3AsF3
gpr_physics9,gkf,16,background,Sr3AsCl3
gpr_physics9,gkf,16,background,Sr3AsI3
gpr_physics9,gkf,16,background,Ba3BiBr3
gpr_physics9,gkf,16,background,Ba3BiCl3
gpr_physics9,gkf,16,background,Ba3BiI3
gpr_physics9,gkf,16,background,Ca3BiI3
gpr_physics9,gkf,16,background,Mg3BiI3
gpr_physics9,gkf,16,background,Ba3PBr3
gpr_physics9,gkf,16,background,Ba3PCl3
gpr_physics9,gkf,16,background,Ba3PI3
gpr_physics9,gkf,16,background,Ca3PBr3
gpr_physics9,gkf,16,background,Mg3PCl3
gpr_physics9,gkf,16,background,Ba3SbI3
gpr_physics9,gkf,16,background,Ca3SbCl3
gpr_physics9,gkf,16,background,Ca3SbF3
gpr_physics9,gkf,16,background,Mg3SbCl3
gpr_physics9,gkf,16,background,Mg3SbF3
gpr_physics9,gkf,16,background,Sr3SbI3
gpr_physics9,gkf,17,test,Ba3AsBr3
gpr_physics9,gkf,17,test,Ca3AsF3
gpr_physics9,gkf,17,test,Ca3BiI3
gpr_physics9,gkf,17,test,Mg3PCl3
gpr_physics9,gkf,17,test,Ca3SbCl3
gpr_physics9,gkf,17,test,Ca3SbF3
gpr_physics9,gkf,17,test,Mg3SbCl3
gpr_physics9,gkf,17,test,Sr3SbCl3
gpr_physics9,gkf,17,background,Ba3AsCl3
gpr_physics9,gkf,17,background,Ba3AsI3
gpr_physics9,gkf,17,background,Sr3AsCl3
gpr_physics9,gkf,17,background,Sr3AsI3
gpr_physics9,gkf,17,background,Ba3BiBr3
gpr_physics9,gkf,17,background,Ba3BiCl3
gpr_physics9,gkf,17,background,Mg3BiBr3
gpr_physics9,gkf,17,background,Ba3PBr3
gpr_physics9,gkf,17,background,Ba3PCl3
gpr_physics9,gkf,17,background,Ca3PBr3
gpr_physics9,gkf,17,background,Ca3PCl3
gpr_physics9,gkf,17,background,Ca3PF3
gpr_physics9,gkf,17,background,Ca3PI3
gpr_physics9,gkf,17,background,Mg3PBr3
gpr_physics9,gkf,17,background,Ba3SbCl3
gpr_physics9,gkf,17,background,Ba3SbI3
gpr_physics9,gkf,17,background,Ca3SbBr3
gpr_physics9,gkf,17,background,Mg3SbBr3
gpr_physics9,gkf,17,background,Mg3SbF3
gpr_physics9,gkf,17,background,Mg3SbI3
gpr_physics9,gkf,18,test,Ba3AsI3
gpr_physics9,gkf,18,test,Mg3AsBr3
gpr_physics9,gkf,18,test,Sr3AsI3
gpr_physics9,gkf,18,test,Ba3BiCl3
gpr_physics9,gkf,18,test,Mg3BiBr3
gpr_physics9,gkf,18,test,Ca3PBr3
gpr_physics9,gkf,18,test,Sr3PBr3
gpr_physics9,gkf,18,test,Mg3SbF3
gpr_physics9,gkf,18,background,Ba3AsBr3
gpr_physics9,gkf,18,background,Ba3AsCl3
gpr_physics9,gkf,18,background,Sr3AsCl3
gpr_physics9,gkf,18,background,Ba3BiBr3
gpr_physics9,gkf,18,background,Ca3BiI3
gpr_physics9,gkf,18,background,Mg3BiI3
gpr_physics9,gkf,18,background,Ba3PCl3
gpr_physics9,gkf,18,background,Ba3PI3
gpr_physics9,gkf,18,background,Ca3PCl3
gpr_physics9,gkf,18,background,Ca3PI3
gpr_physics9,gkf,18,background,Mg3PBr3
gpr_physics9,gkf,18,background,Sr3PCl3
gpr_physics9,gkf,18,background,Sr3PI3
gpr_physics9,gkf,18,background,Ba3SbCl3
gpr_physics9,gkf,18,background,Ca3SbBr3
gpr_physics9,gkf,18,background,Ca3SbCl3
gpr_physics9,gkf,18,background,Mg3SbBr3
gpr_physics9,gkf,18,background,Mg3SbCl3
gpr_physics9,gkf,18,background,Mg3SbI3
gpr_physics9,gkf,18,background,Sr3SbCl3
gpr_physics9,gkf,19,test,Sr3AsCl3
gpr_physics9,gkf,19,test,Ba3PBr3
gpr_physics9,gkf,19,test,Ba3PCl3
gpr_physics9,gkf,19,test,Ba3PI3
gpr_physics9,gkf,19,test,Mg3PI3
gpr_physics9,gkf,19,test,Ba3SbI3
gpr_physics9,gkf,19,test,Sr3SbI3
gpr_physics9,gkf,19,background,Ba3AsBr3
gpr_physics9,gkf,19,background,Ba3AsCl3
gpr_physics9,gkf,19,background,Ba3AsI3
gpr_physics9,gkf,19,background,Ca3AsBr3
gpr_physics9,gkf,19,background,Mg3AsBr3
gpr_physics9,gkf,19,background,Ba3BiI3
gpr_physics9,gkf,19,background,Ca3BiI3
gpr_physics9,gkf,19,background,Mg3BiBr3
gpr_physics9,gkf,19,background,Mg3BiI3
gpr_physics9,gkf,19,background,Ca3PCl3
gpr_physics9,gkf,19,background,Ca3PF3
gpr_physics9,gkf,19,background,Ca3PI3
gpr_physics9,gkf,19,background,Mg3PBr3
gpr_physics9,gkf,19,background,Mg3PCl3
gpr_physics9,gkf,19,background,Sr3PBr3
gpr_physics9,gkf,19,background,Sr3PCl3
gpr_physics9,gkf,19,background,Ba3SbBr3
gpr_physics9,gkf,19,background,Ca3SbF3
gpr_physics9,gkf,19,background,Mg3SbF3
gpr_physics9,gkf,19,background,Mg3SbI3
gpr_physics9,gkf,20,test,Ca3AsF3
gpr_physics9,gkf,20,test,Sr3AsI3
gpr_physics9,gkf,20,test,Ba3BiCl3
gpr_physics9,gkf,20,test,Mg3BiBr3
gpr_physics9,gkf,20,test,Ba3PCl3
gpr_physics9,gkf,20,test,Ca3PBr3
gpr_physics9,gkf,20,test,Sr3PI3
gpr_physics9,gkf,20,test,Sr3SbI3
gpr_physics9,gkf,20,background,Ba3AsCl3
gpr_physics9,gkf,20,background,Ca3AsBr3
gpr_physics9,gkf,20,background,Ba3BiBr3
gpr_physics9,gkf,20,background,Ba3BiI3
gpr_physics9,gkf,20,background,Ca3BiI3
gpr_physics9,gkf,20,background,Ba3PI3
gpr_physics9,gkf,20,background,Ca3PCl3
gpr_physics9,gkf,20,background,Ca3PI3
gpr_physics9,gkf,20,background,Mg3PCl3
gpr_physics9,gkf,20,background,Sr3PBr3
gpr_physics9,gkf,20,background,Sr3PCl3
gpr_physics9,gkf,20,background,Ba3SbBr3
gpr_physics9,gkf,20,background,Ba3SbI3
gpr_physics9,gkf,20,background,Ca3SbBr3
gpr_physics9,gkf,20,background,Ca3SbCl3
gpr_physics9,gkf,20,background,Ca3SbF3
gpr_physics9,gkf,20,background,Mg3SbBr3
gpr_physics9,gkf,20,background,Mg3SbCl3
gpr_physics9,gkf,20,background,Mg3SbF3
gpr_physics9,gkf,20,background,Sr3SbCl3
gpr_physics9,gkf,21,test,Ba3AsI3
gpr_physics9,gkf,21,test,Ba3BiBr3
gpr_physics9,gkf,21,test,Ba3PI3
gpr_physics9,gkf,21,test,Ca3PCl3
gpr_physics9,gkf,21,test,Ca3PF3
gpr_physics9,gkf,21,test,Mg3PBr3
gpr_physics9,gkf,21,test,Mg3SbF3
gpr_physics9,gkf,21,test,Sr3SbCl3
gpr_physics9,gkf,21,background,Ba3AsBr3
gpr_physics9,gkf,21,background,Ba3AsCl3
gpr_physics9,gkf,21,background,Ca3AsF3
gpr_physics9,gkf,21,background,Sr3AsCl3
gpr_physics9,gkf,21,background,Sr3AsI3
gpr_physics9,gkf,21,background,Ba3BiI3
gpr_physics9,gkf,21,background,Mg3BiBr3
gpr_physics9,gkf,21,background,Ba3PBr3
gpr_physics9,gkf,21,background,Ca3PBr3
gpr_physics9,gkf,21,background,Ca3PI3
gpr_physics9,gkf,21,background,Mg3PCl3
gpr_physics9,gkf,21,background,Mg3PI3
gpr_physics9,gkf,21,background,Sr3PBr3
gpr_physics9,gkf,21,background,Sr3PI3
gpr_physics9,gkf,21,background,Ba3SbBr3
gpr_physics9,gkf,21,background,Ba3SbI3
gpr_physics9,gkf,21,background,Ca3SbF3
gpr_physics9,gkf,21,background,Mg3SbCl3
gpr_physics9,gkf,21,background,Mg3SbI3
gpr_physics9,gkf,21,background,Sr3SbI3
gpr_physics9,gkf,22,test,Ba3AsBr3
gpr_physics9,gkf,22,test,Sr3AsCl3
gpr_physics9,gkf,22,test,Ba3BiI3
gpr_physics9,gkf,22,test,Ba3SbCl3
gpr_physics9,gkf,22,test,Ba3SbI3
gpr_physics9,gkf,22,test,Ca3SbBr3
gpr_physics9,gkf,22,test,Ca3SbCl3
gpr_physics9,gkf,22,test,Mg3SbCl3
gpr_physics9,gkf,22,background,Ba3AsI3
gpr_physics9,gkf,22,background,Ca3AsF3
gpr_physics9,gkf,22,background,Ba3BiBr3
gpr_physics9,gkf,22,background,Ba3BiCl3
gpr_physics9,gkf,22,background,Ca3BiI3
gpr_physics9,gkf,22,background,Mg3BiBr3
gpr_physics9,gkf,22,background,Ba3PBr3
gpr_physics9,gkf,22,background,Ca3PBr3
gpr_physics9,gkf,22,background,Ca3PCl3
gpr_physics9,gkf,22,background,Ca3PF3
gpr_physics9,gkf,22,background,Ca3PI3
gpr_physics9,gkf,22,background,Mg3PBr3
gpr_physics9,gkf,22,background,Sr3PBr3
gpr_physics9,gkf,22,background,Sr3PI3
gpr_physics9,gkf,22,background,Ba3SbBr3
gpr_physics9,gkf,22,background,Ca3SbF3
gpr_physics9,gkf,22,background,Mg3SbBr3
gpr_physics9,gkf,22,background,Mg3SbF3
gpr_physics9,gkf,22,background,Mg3SbI3
gpr_physics9,gkf,22,background,Sr3SbCl3
gpr_physics9,gkf,23,test,Ba3AsCl3
gpr_physics9,gkf,23,test,Mg3BiI3
gpr_physics9,gkf,23,test,Ca3PI3
gpr_physics9,gkf,23,test,Mg3PCl3
gpr_physics9,gkf,23,test,Mg3PI3
gpr_physics9,gkf,23,test,Sr3PBr3
gpr_physics9,gkf,23,test,Ba3SbBr3
gpr_physics9,gkf,23,test,Ca3SbF3
gpr_physics9,gkf,23,background,Ca3AsBr3
gpr_physics9,gkf,23,background,Ca3AsF3
gpr_physics9,gkf,23,background,Mg3AsBr3
gpr_physics9,gkf,23,background,Sr3AsCl3
gpr_physics9,gkf,23,background,Sr3AsI3
gpr_physics9,gkf,23,background,Ba3BiBr3
gpr_physics9,gkf,23,background,Ba3BiCl3
gpr_physics9,gkf,23,background,Ca3BiI3
gpr_physics9,gkf,23,background,Mg3BiBr3
gpr_physics9,gkf,23,background,Ba3PBr3
gpr_physics9,gkf,23,background,Ba3PCl3
gpr_physics9,gkf,23,background,Ca3PCl3
gpr_physics9,gkf,23,background,Ca3PF3
gpr_physics9,gkf,23,background,Sr3PI3
gpr_physics9,gkf,23,background,Ba3SbCl3
gpr_physics9,gkf,23,background,Ca3SbCl3
gpr_physics9,gkf,23,background,Mg3SbBr3
gpr_physics9,gkf,23,background,Mg3SbI3
gpr_physics9,gkf,23,background,Sr3SbCl3
gpr_physics9,gkf,23,background,Sr3SbI3
gpr_physics9,gkf,24,test,Ca3AsBr3
gpr_physics9,gkf,24,test,Mg3AsBr3
gpr_physics9,gkf,24,test,Ca3BiI3
gpr_physics9,gkf,24,test,Ba3PBr3
gpr_physics9,gkf,24,test,Sr3PCl3
gpr_physics9,gkf,24,test,Mg3SbBr3
gpr_physics9,gkf,24,test,Mg3SbI3
gpr_physics9,gkf,24,background,Ba3AsBr3
gpr_physics9,gkf,24,background,Ba3AsI3
gpr_physics9,gkf,24,background,Ca3AsF3
gpr_physics9,gkf,24,background,Sr3AsI3
gpr_physics9,gkf,24,background,Mg3BiBr3
gpr_physics9,gkf,24,background,Ba3PCl3
gpr_physics9,gkf,24,background,Ba3PI3
gpr_physics9,gkf,24,background,Ca3PBr3
gpr_physics9,gkf,24,background,Ca3PCl3
gpr_physics9,gkf,24,background,Ca3PF3
gpr_physics9,gkf,24,background,Ca3PI3
gpr_physics9,gkf,24,background,Mg3PCl3
gpr_physics9,gkf,24,background,Mg3PI3
gpr_physics9,gkf,24,background,Sr3PBr3
gpr_physics9,gkf,24,background,Ba3SbBr3
gpr_physics9,gkf,24,background,Ba3SbI3
gpr_physics9,gkf,24,background,Ca3SbBr3
gpr_physics9,gkf,24,background,Ca3SbCl3
gpr_physics9,gkf,24,background,Ca3SbF3
gpr_physics9,gkf,24,background,Mg3SbCl3
gpr_physics9,gkf,25,test,Ca3AsBr3
gpr_physics9,gkf,25,test,Mg3AsBr3
gpr_physics9,gkf,25,test,Ba3PI3
gpr_physics9,gkf,25,test,Ca3PBr3
gpr_physics9,gkf,25,test,Ca3PF3
gpr_physics9,gkf,25,test,Mg3PBr3
gpr_physics9,gkf,25,test,Sr3PCl3
gpr_physics9,gkf,25,test,Sr3SbCl3
gpr_physics9,gkf,25,background,Ba3AsBr3
gpr_physics9,gkf,25,background,Ba3AsI3
gpr_physics9,gkf,25,background,Ca3AsF3
gpr_physics9,gkf,25,background,Sr3AsCl3
gpr_physics9,gkf,25,background,Sr3AsI3
gpr_physics9,gkf,25,background,Ba3BiBr3
gpr_physics9,gkf,25,background,Ba3BiI3
gpr_physics9,gkf,25,background,Mg3BiBr3
gpr_physics9,gkf,25,background,Ba3PBr3
gpr_physics9,gkf,25,background,Ca3PCl3
gpr_physics9,gkf,25,background,Ca3PI3
gpr_physics9,gkf,25,background,Mg3PCl3
gpr_physics9,gkf,25,background,Mg3PI3
gpr_physics9,gkf,25,background,Sr3PI3
gpr_physics9,gkf,25,background,Ba3SbBr3
gpr_physics9,gkf,25,background,Ba3SbCl3
gpr_physics9,gkf,25,background,Ba3SbI3
gpr_physics9,gkf,25,background,Ca3SbF3
gpr_physics9,gkf,25,background,Mg3SbBr3
gpr_physics9,gkf,25,background,Mg3SbI3
gpr_physics9,gkf,26,test,Ca3AsF3
gpr_physics9,gkf,26,test,Ba3BiBr3
gpr_physics9,gkf,26,test,Ba3BiI3
gpr_physics9,gkf,26,test,Ba3PBr3
gpr_physics9,gkf,26,test,Ba3PCl3
gpr_physics9,gkf,26,test,Ba3SbBr3
gpr_physics9,gkf,26,test,Ba3SbCl3
gpr_physics9,gkf,26,test,Ca3SbBr3
gpr_physics9,gkf,26,background,Ba3AsCl3
gpr_physics9,gkf,26,background,Ba3AsI3
gpr_physics9,gkf,26,background,Mg3AsBr3
gpr_physics9,gkf,26,background,Sr3AsI3
gpr_physics9,gkf,26,background,Ba3BiCl3
gpr_physics9,gkf,26,background,Mg3BiBr3
gpr_physics9,gkf,26,background,Mg3BiI3
gpr_physics9,gkf,26,background,Ba3PI3
gpr_physics9,gkf,26,background,Ca3PBr3
gpr_physics9,gkf,26,background,Ca3PI3
gpr_physics9,gkf,26,background,Mg3PBr3
gpr_physics9,gkf,26,background,Mg3PCl3
gpr_physics9,gkf,26,background,Sr3PCl3
gpr_physics9,gkf,26,background,Sr3PI3
gpr_physics9,gkf,26,background,Ca3SbCl3
gpr_physics9,gkf,26,background,Ca3SbF3
gpr_physics9,gkf,26,background,Mg3SbCl3
gpr_physics9,gkf,26,background,Mg3SbI3
gpr_physics9,gkf,26,background,Sr3SbCl3
gpr_physics9,gkf,26,background,Sr3SbI3
gpr_physics9,gkf,27,test,Ba3AsBr3
gpr_physics9,gkf,27,test,Sr3AsI3
gpr_physics9,gkf,27,test,Mg3BiI3
gpr_physics9,gkf,27,test,Ca3PI3
gpr_physics9,gkf,27,test,Mg3PI3
gpr_physics9,gkf,27,test,Ca3SbCl3
gpr_physics9,gkf,27,test,Ca3SbF3
gpr_physics9,gkf,27,test,Mg3SbCl3
gpr_physics9,gkf,27,background,Ba3AsI3
gpr_physics9,gkf,27,background,Mg3AsBr3
gpr_physics9,gkf,27,background,Sr3AsCl3
gpr_physics9,gkf,27,background,Ba3BiCl3
gpr_physics9,gkf,27,background,Ba3BiI3
gpr_physics9,gkf,27,background,Ca3BiI3
gpr_physics9,gkf,27,background,Mg3BiBr3
gpr_physics9,gkf,27,background,Ba3PCl3
gpr_physics9,gkf,27,background,Ba3PI3
gpr_physics9,gkf,27,background,Ca3PBr3
gpr_physics9,gkf,27,background,Ca3PCl3
gpr_physics9,gkf,27,background,Ca3PF3
gpr_physics9,gkf,27,background,Mg3PBr3
gpr_physics9,gkf,27,background,Ba3SbBr3
gpr_physics9,gkf,27,background,Ba3SbCl3
gpr_physics9,gkf,27,background,Ca3SbBr3
gpr_physics9,gkf,27,background,Mg3SbF3
gpr_physics9,gkf,27,background,Mg3SbI3
gpr_physics9,gkf,27,background,Sr3SbCl3
gpr_physics9,gkf,27,background,Sr3SbI3
gpr_physics9,gkf,28,test,Ba3AsI3
gpr_physics9,gkf,28,test,Sr3AsCl3
gpr_physics9,gkf,28,test,Ba3BiCl3
gpr_physics9,gkf,28,test,Ca3PCl3
gpr_physics9,gkf,28,test,Mg3PCl3
gpr_physics9,gkf,28,test,Sr3PBr3
gpr_physics9,gkf,28,test,Mg3SbBr3
gpr_physics9,gkf,28,test,Mg3SbF3
gpr_physics9,gkf,28,background,Ba3AsBr3
gpr_physics9,gkf,28,background,Ba3AsCl3
gpr_physics9,gkf,28,background,Ca3AsBr3
gpr_physics9,gkf,28,background,Ca3AsF3
gpr_physics9,gkf,28,background,Ba3BiBr3
gpr_physics9,gkf,28,background,Ba3BiI3
gpr_physics9,gkf,28,background,Ca3BiI3
gpr_physics9,gkf,28,background,Mg3BiBr3
gpr_physics9,gkf,28,background,Ba3PBr3
gpr_physics9,gkf,28,background,Ba3PCl3
gpr_physics9,gkf,28,background,Ca3PBr3
gpr_physics9,gkf,28,background,Ca3PI3
gpr_physics9,gkf,28,background,Mg3PBr3
gpr_physics9,gkf,28,background,Mg3PI3
gpr_physics9,gkf,28,background,Ba3SbBr3
gpr_physics9,gkf,28,background,Ca3SbCl3
gpr_physics9,gkf,28,background,Ca3SbF3
gpr_physics9,gkf,28,background,Mg3SbCl3
gpr_physics9,gkf,28,background,Mg3SbI3
gpr_physics9,gkf,28,background,Sr3SbI3
gpr_physics9,gkf,29,test,Ba3AsCl3
gpr_physics9,gkf,29,test,Ca3BiI3
gpr_physics9,gkf,29,test,Mg3BiBr3
gpr_physics9,gkf,29,test,Sr3PI3
gpr_physics9,gkf,29,test,Ba3SbI3
gpr_physics9,gkf,29,test,Mg3SbI3
gpr_physics9,gkf,29,test,Sr3SbI3
gpr_physics9,gkf,29,background,Ba3AsBr3
gpr_physics9,gkf,29,background,Ca3AsF3
gpr_physics9,gkf,29,background,Mg3AsBr3
gpr_physics9,gkf,29,background,Sr3AsCl3
gpr_physics9,gkf,29,background,Sr3AsI3
gpr_physics9,gkf,29,background,Ba3BiCl3
gpr_physics9,gkf,29,background,Ba3BiI3
gpr_physics9,gkf,29,background,Mg3BiI3
gpr_physics9,gkf,29,background,Ba3PBr3
gpr_physics9,gkf,29,background,Ba3PCl3
gpr_physics9,gkf,29,background,Ca3PBr3
gpr_physics9,gkf,29,background,Ca3PCl3
gpr_physics9,gkf,29,background,Ca3PI3
gpr_physics9,gkf,29,background,Mg3PBr3
gpr_physics9,gkf,29,background,Mg3PI3
gpr_physics9,gkf,29,background,Sr3PBr3
gpr_physics9,gkf,29,background,Ba3SbCl3
gpr_physics9,gkf,29,background,Ca3SbBr3
gpr_physics9,gkf,29,background,Ca3SbCl3
gpr_physics9,gkf,29,background,Mg3SbCl3
gpr_physics9,gkf,30,test,Ca3AsF3
gpr_physics9,gkf,30,test,Ba3BiCl3
gpr_physics9,gkf,30,test,Ca3BiI3
gpr_physics9,gkf,30,test,Mg3BiI3
gpr_physics9,gkf,30,test,Ca3PCl3
gpr_physics9,gkf,30,test,Sr3PBr3
gpr_physics9,gkf,30,test,Ba3SbBr3
gpr_physics9,gkf,30,test,Mg3SbCl3
gpr_physics9,gkf,30,background,Ba3AsBr3
gpr_physics9,gkf,30,background,Ba3AsI3
gpr_physics9,gkf,30,background,Mg3AsBr3
gpr_physics9,gkf,30,background,Sr3AsCl3
gpr_physics9,gkf,30,background,Ba3BiBr3
gpr_physics9,gkf,30,background,Ba3BiI3
gpr_physics9,gkf,30,background,Mg3BiBr3
gpr_physics9,gkf,30,background,Ba3PCl3
gpr_physics9,gkf,30,background,Ca3PBr3
gpr_physics9,gkf,30,background,Ca3PI3
gpr_physics9,gkf,30,background,Mg3PBr3
gpr_physics9,gkf,30,background,Mg3PCl3
gpr_physics9,gkf,30,background,Mg3PI3
gpr_physics9,gkf,30,background,Sr3PCl3
gpr_physics9,gkf,30,background,Sr3PI3
gpr_physics9,gkf,30,background,Ba3SbCl3
gpr_physics9,gkf,30,background,Ca3SbBr3
gpr_physics9,gkf,30,background,Ca3SbF3
gpr_physics9,gkf,30,background,Sr3SbCl3
gpr_physics9,gkf,30,background,Sr3SbI3
gpr_physics9,gkf,31,test,Ba3AsCl3
gpr_physics9,gkf,31,test,Ca3AsBr3
gpr_physics9,gkf,31,test,Sr3AsI3
gpr_physics9,gkf,31,test,Mg3BiBr3
gpr_physics9,gkf,31,test,Ca3PF3
gpr_physics9,gkf,31,test,Ba3SbI3
gpr_physics9,gkf,31,test,Ca3SbCl3
gpr_physics9,gkf,31,test,Sr3SbI3
gpr_physics9,gkf,31,background,Ba3AsBr3
gpr_physics9,gkf,31,background,Ba3AsI3
gpr_physics9,gkf,31,background,Mg3AsBr3
gpr_physics9,gkf,31,background,Sr3AsCl3
gpr_physics9,gkf,31,background,Ba3BiI3
gpr_physics9,gkf,31,background,Ca3BiI3
gpr_physics9,gkf,31,background,Mg3BiI3
gpr_physics9,gkf,31,background,Ba3PBr3
gpr_physics9,gkf,31,background,Ba3PCl3
gpr_physics9,gkf,31,background,Ca3PBr3
gpr_physics9,gkf,31,background,Ca3PI3
gpr_physics9,gkf,31,background,Mg3PBr3
gpr_physics9,gkf,31,background,Mg3PCl3
gpr_physics9,gkf,31,background,Mg3PI3
gpr_physics9,gkf,31,background,Sr3PBr3
gpr_physics9,gkf,31,background,Sr3PI3
gpr_physics9,gkf,31,background,Ba3SbBr3
gpr_physics9,gkf,31,background,Ca3SbF3
gpr_physics9,gkf,31,background,Mg3SbCl3
gpr_physics9,gkf,31,background,Mg3SbF3
gpr_physics9,gkf,32,test,Ba3AsBr3
gpr_physics9,gkf,32,test,Mg3AsBr3
gpr_physics9,gkf,32,test,Ba3PBr3
gpr_physics9,gkf,32,test,Ba3PCl3
gpr_physics9,gkf,32,test,Sr3PCl3
gpr_physics9,gkf,32,test,Sr3PI3
gpr_physics9,gkf,32,test,Ca3SbF3
gpr_physics9,gkf,32,test,Mg3SbF3
gpr_physics9,gkf,32,background,Ba3AsCl3
gpr_physics9,gkf,32,background,Ba3AsI3
gpr_physics9,gkf,32,background,Ca3AsBr3
gpr_physics9,gkf,32,background,Ca3AsF3
gpr_physics9,gkf,32,background,Sr3AsCl3
gpr_physics9,gkf,32,background,Ba3BiBr3
gpr_physics9,gkf,32,background,Ba3BiI3
gpr_physics9,gkf,32,background,Ca3BiI3
gpr_physics9,gkf,32,background,Mg3BiBr3
gpr_physics9,gkf,32,background,Mg3BiI3
gpr_physics9,gkf,32,background,Ca3PBr3
gpr_physics9,gkf,32,background,Ca3PCl3
gpr_physics9,gkf,32,background,Ca3PF3
gpr_physics9,gkf,32,background,Mg3PBr3
gpr_physics9,gkf,32,background,Mg3PI3
gpr_physics9,gkf,32,background,Ba3SbBr3
gpr_physics9,gkf,32,background,Ba3SbI3
gpr_physics9,gkf,32,background,Ca3SbBr3
gpr_physics9,gkf,32,background,Ca3SbCl3
gpr_physics9,gkf,32,background,Sr3SbI3
gpr_physics9,gkf,33,test,Ba3AsI3
gpr_physics9,gkf,33,test,Ba3BiBr3
gpr_physics9,gkf,33,test,Ca3PI3
gpr_physics9,gkf,33,test,Mg3PBr3
gpr_physics9,gkf,33,test,Mg3PCl3
gpr_physics9,gkf,33,test,Mg3PI3
gpr_physics9,gkf,33,test,Ca3SbBr3
gpr_physics9,gkf,33,test,Mg3SbI3
gpr_physics9,gkf,33,background,Ca3AsBr3
gpr_physics9,gkf,33,background,Ca3AsF3
gpr_physics9,gkf,33,background,Sr3AsCl3
gpr_physics9,gkf,33,background,Ba3BiCl3
gpr_physics9,gkf,33,background,Ca3BiI3
gpr_physics9,gkf,33,background,Mg3BiI3
gpr_physics9,gkf,33,background,Ba3PBr3
gpr_physics9,gkf,33,background,Ba3PCl3
gpr_physics9,gkf,33,background,Ca3PBr3
gpr_physics9,gkf,33,background,Ca3PCl3
gpr_physics9,gkf,33,background,Ca3PF3
gpr_physics9,gkf,33,background,Sr3PBr3
gpr_physics9,gkf,33,background,Ba3SbBr3
gpr_physics9,gkf,33,background,Ba3SbCl3
gpr_physics9,gkf,33,background,Ba3SbI3
gpr_physics9,gkf,33,background,Ca3SbF3
gpr_physics9,gkf,33,background,Mg3SbBr3
gpr_physics9,gkf,33,background,Mg3SbCl3
gpr_physics9,gkf,33,background,Sr3SbCl3
gpr_physics9,gkf,33,background,Sr3SbI3
gpr_physics9,gkf,34,test,Sr3AsCl3
gpr_physics9,gkf,34,test,Ba3BiI3
gpr_physics9,gkf,34,test,Ba3PI3
gpr_physics9,gkf,34,test,Ca3PBr3
gpr_physics9,gkf,34,test,Ba3SbCl3
gpr_physics9,gkf,34,test,Mg3SbBr3
gpr_physics9,gkf,34,test,Sr3SbCl3
gpr_physics9,gkf,34,background,Ba3AsBr3
gpr_physics9,gkf,34,background,Ba3AsCl3
gpr_physics9,gkf,34,background,Ca3AsBr3
gpr_physics9,gkf,34,background,Ca3AsF3
gpr_physics9,gkf,34,background,Mg3AsBr3
gpr_physics9,gkf,34,background,Ba3BiBr3
gpr_physics9,gkf,34,background,Ba3BiCl3
gpr_physics9,gkf,34,background,Ca3BiI3
gpr_physics9,gkf,34,background,Mg3BiBr3
gpr_physics9,gkf,34,background,Ba3PCl3
gpr_physics9,gkf,34,background,Ca3PCl3
gpr_physics9,gkf,34,background,Ca3PF3
gpr_physics9,gkf,34,background,Mg3PBr3
gpr_physics9,gkf,34,background,Mg3PI3
gpr_physics9,gkf,34,background,Ba3SbI3
gpr_physics9,gkf,34,background,Ca3SbF3
gpr_physics9,gkf,34,background,Mg3SbCl3
gpr_physics9,gkf,34,background,Mg3SbF3
gpr_physics9,gkf,34,background,Mg3SbI3
gpr_physics9,gkf,34,background,Sr3SbI3
gpr_physics9,gkf,35,test,Ca3AsBr3
gpr_physics9,gkf,35,test,Ca3AsF3
gpr_physics9,gkf,35,test,Sr3AsI3
gpr_physics9,gkf,35,test,Ca3BiI3
gpr_physics9,gkf,35,test,Ba3PBr3
gpr_physics9,gkf,35,test,Sr3PI3
gpr_physics9,gkf,35,test,Ba3SbBr3
gpr_physics9,gkf,35,test,Ca3SbCl3
gpr_physics9,gkf,35,background,Ba3AsI3
gpr_physics9,gkf,35,background,Mg3AsBr3
gpr_physics9,gkf,35,background,Sr3AsCl3
gpr_physics9,gkf,35,background,Ba3BiBr3
gpr_physics9,gkf,35,background,Ba3BiCl3
gpr_physics9,gkf,35,background,Mg3BiBr3
gpr_physics9,gkf,35,background,Ba3PCl3
gpr_physics9,gkf,35,background,Ba3PI3
gpr_physics9,gkf,35,background,Ca3PBr3
gpr_physics9,gkf,35,background,Ca3PCl3
gpr_physics9,gkf,35,background,Ca3PF3
gpr_physics9,gkf,35,background,Mg3PI3
gpr_physics9,gkf,35,background,Sr3PBr3
gpr_physics9,gkf,35,background,Ba3SbCl3
gpr_physics9,gkf,35,background,Ca3SbBr3
gpr_physics9,gkf,35,background,Ca3SbF3
gpr_physics9,gkf,35,background,Mg3SbBr3
gpr_physics9,gkf,35,background,Mg3SbCl3
gpr_physics9,gkf,35,background,Mg3SbF3
gpr_physics9,gkf,35,background,Sr3SbI3
gpr_physics9,gkf,36,test,Sr3AsCl3
gpr_physics9,gkf,36,test,Ba3BiBr3
gpr_physics9,gkf,36,test,Ba3BiI3
gpr_physics9,gkf,36,test,Mg3BiBr3
gpr_physics9,gkf,36,test,Mg3BiI3
gpr_physics9,gkf,36,test,Ca3PF3
gpr_physics9,gkf,36,test,Sr3PBr3
gpr_physics9,gkf,36,test,Mg3SbBr3
gpr_physics9,gkf,36,background,Ba3AsBr3
gpr_physics9,gkf,36,background,Ba3AsCl3
gpr_physics9,gkf,36,background,Ca3AsBr3
gpr_physics9,gkf,36,background,Mg3AsBr3
gpr_physics9,gkf,36,background,Ba3BiCl3
gpr_physics9,gkf,36,background,Ba3PI3
gpr_physics9,gkf,36,background,Ca3PBr3
gpr_physics9,gkf,36,background,Mg3PBr3
gpr_physics9,gkf,36,background,Mg3PCl3
gpr_physics9,gkf,36,background,Mg3PI3
gpr_physics9,gkf,36,background,Sr3PCl3
gpr_physics9,gkf,36,background,Sr3PI3
gpr_physics9,gkf,36,background,Ba3SbCl3
gpr_physics9,gkf,36,background,Ba3SbI3
gpr_physics9,gkf,36,background,Ca3SbBr3
gpr_physics9,gkf,36,background,Ca3SbCl3
gpr_physics9,gkf,36,background,Ca3SbF3
gpr_physics9,gkf,36,background,Mg3SbI3
gpr_physics9,gkf,36,background,Sr3SbCl3
gpr_physics9,gkf,36,background,Sr3SbI3
gpr_physics9,gkf,37,test,Ba3PCl3
gpr_physics9,gkf,37,test,Ca3PCl3
gpr_physics9,gkf,37,test,Mg3PI3
gpr_physics9,gkf,37,test,Sr3PCl3
gpr_physics9,gkf,37,test,Ba3SbCl3
gpr_physics9,gkf,37,test,Ca3SbBr3
gpr_physics9,gkf,37,test,Ca3SbF3
gpr_physics9,gkf,37,test,Mg3SbF3
gpr_physics9,gkf,37,background,Ba3AsBr3
gpr_physics9,gkf,37,background,Ba3AsCl3
gpr_physics9,gkf,37,background,Ba3AsI3
gpr_physics9,gkf,37,background,Ca3AsF3
gpr_physics9,gkf,37,background,Ba3BiBr3
gpr_physics9,gkf,37,background,Ba3BiCl3
gpr_physics9,gkf,37,background,Ba3BiI3
gpr_physics9,gkf,37,background,Mg3BiBr3
gpr_physics9,gkf,37,background,Ba3PBr3
gpr_physics9,gkf,37,background,Ca3PBr3
gpr_physics9,gkf,37,background,Ca3PF3
gpr_physics9,gkf,37,background,Mg3PBr3
gpr_physics9,gkf,37,background,Mg3PCl3
gpr_physics9,gkf,37,background,Sr3PBr3
gpr_physics9,gkf,37,background,Sr3PI3
gpr_physics9,gkf,37,background,Ba3SbBr3
gpr_physics9,gkf,37,background,Ca3SbCl3
gpr_physics9,gkf,37,background,Mg3SbBr3
gpr_physics9,gkf,37,background,Mg3SbI3
gpr_physics9,gkf,37,background,Sr3SbCl3
gpr_physics9,gkf,38,test,Ba3AsI3
gpr_physics9,gkf,38,test,Mg3AsBr3
gpr_physics9,gkf,38,test,Ba3PI3
gpr_physics9,gkf,38,test,Ca3PI3
gpr_physics9,gkf,38,test,Mg3PCl3
gpr_physics9,gkf,38,test,Mg3SbCl3
gpr_physics9,gkf,38,test,Sr3SbCl3
gpr_physics9,gkf,38,test,Sr3SbI3
gpr_physics9,gkf,38,background,Ca3AsBr3
gpr_physics9,gkf,38,background,Ca3AsF3
gpr_physics9,gkf,38,background,Sr3AsCl3
gpr_physics9,gkf,38,background,Ba3BiBr3
gpr_physics9,gkf,38,background,Ba3BiI3
gpr_physics9,gkf,38,background,Ca3BiI3
gpr_physics9,gkf,38,background,Mg3BiI3
gpr_physics9,gkf,38,background,Ba3PBr3
gpr_physics9,gkf,38,background,Ca3PBr3
gpr_physics9,gkf,38,background,Ca3PCl3
gpr_physics9,gkf,38,background,Ca3PF3
gpr_physics9,gkf,38,background,Mg3PBr3
gpr_physics9,gkf,38,background,Mg3PI3
gpr_physics9,gkf,38,background,Sr3PCl3
gpr_physics9,gkf,38,background,Ba3SbBr3
gpr_physics9,gkf,38,background,Ba3SbCl3
gpr_physics9,gkf,38,background,Ca3SbBr3
gpr_physics9,gkf,38,background,Ca3SbCl3
gpr_physics9,gkf,38,background,Mg3SbF3
gpr_physics9,gkf,38,background,Mg3SbI3
gpr_physics9,gkf,39,test,Ba3AsBr3
gpr_physics9,gkf,39,test,Ba3AsCl3
gpr_physics9,gkf,39,test,Ba3BiCl3
gpr_physics9,gkf,39,test,Ca3PBr3
gpr_physics9,gkf,39,test,Mg3PBr3
gpr_physics9,gkf,39,test,Ba3SbI3
gpr_physics9,gkf,39,test,Mg3SbI3
gpr_physics9,gkf,39,background,Ba3AsI3
gpr_physics9,gkf,39,background,Ca3AsBr3
gpr_physics9,gkf,39,background,Ca3AsF3
gpr_physics9,gkf,39,background,Mg3AsBr3
gpr_physics9,gkf,39,background,Ba3BiBr3
gpr_physics9,gkf,39,background,Ba3BiI3
gpr_physics9,gkf,39,background,Ca3BiI3
gpr_physics9,gkf,39,background,Mg3BiBr3
gpr_physics9,gkf,39,background,Mg3BiI3
gpr_physics9,gkf,39,background,Ba3PBr3
gpr_physics9,gkf,39,background,Ba3PCl3
gpr_physics9,gkf,39,background,Ba3PI3
gpr_physics9,gkf,39,background,Ca3PCl3
gpr_physics9,gkf,39,background,Ca3PF3
gpr_physics9,gkf,39,background,Mg3PI3
gpr_physics9,gkf,39,background,Sr3PI3
gpr_physics9,gkf,39,background,Ba3SbCl3
gpr_physics9,gkf,39,background,Ca3SbBr3
gpr_physics9,gkf,39,background,Mg3SbCl3
gpr_physics9,gkf,39,background,Sr3SbCl3
gpr_physics9,gkf,40,test,Ca3BiI3
gpr_physics9,gkf,40,test,Ba3PI3
gpr_physics9,gkf,40,test,Mg3PBr3
gpr_physics9,gkf,40,test,Mg3PI3
gpr_physics9,gkf,40,test,Sr3PBr3
gpr_physics9,gkf,40,test,Ba3SbBr3
gpr_physics9,gkf,40,test,Ca3SbF3
gpr_physics9,gkf,40,test,Sr3SbCl3
gpr_physics9,gkf,40,background,Ba3AsBr3
gpr_physics9,gkf,40,background,Ba3AsCl3
gpr_physics9,gkf,40,background,Ca3AsBr3
gpr_physics9,gkf,40,background,Ca3AsF3
gpr_physics9,gkf,40,background,Ba3BiCl3
gpr_physics9,gkf,40,background,Ba3BiI3
gpr_physics9,gkf,40,background,Mg3BiBr3
gpr_physics9,gkf,40,background,Mg3BiI3
gpr_physics9,gkf,40,background,Ba3PCl3
gpr_physics9,gkf,40,background,Ca3PCl3
gpr_physics9,gkf,40,background,Ca3PF3
gpr_physics9,gkf,40,background,Ca3PI3
gpr_physics9,gkf,40,background,Sr3PCl3
gpr_physics9,gkf,40,background,Sr3PI3
gpr_physics9,gkf,40,background,Ba3SbI3
gpr_physics9,gkf,40,background,Ca3SbCl3
gpr_physics9,gkf,40,background,Mg3SbBr3
gpr_physics9,gkf,40,background,Mg3SbCl3
gpr_physics9,gkf,40,background,Mg3SbF3
gpr_physics9,gkf,40,background,Mg3SbI3
gpr_physics9,gkf,41,test,Ba3AsCl3
gpr_physics9,gkf,41,test,Mg3AsBr3
gpr_physics9,gkf,41,test,Ba3BiCl3
gpr_physics9,gkf,41,test,Mg3BiI3
gpr_physics9,gkf,41,test,Ca3PF3
gpr_physics9,gkf,41,test,Mg3PCl3
gpr_physics9,gkf,41,test,Ba3SbCl3
gpr_physics9,gkf,41,test,Mg3SbCl3
gpr_physics9,gkf,41,background,Ba3AsBr3
gpr_physics9,gkf,41,background,Ca3AsBr3
gpr_physics9,gkf,41,background,Ca3AsF3
gpr_physics9,gkf,41,background,Sr3AsCl3
gpr_physics9,gkf,41,background,Sr3AsI3
gpr_physics9,gkf,41,background,Ba3BiBr3
gpr_physics9,gkf,41,background,Ba3BiI3
gpr_physics9,gkf,41,background,Ca3BiI3
gpr_physics9,gkf,41,background,Mg3BiBr3
gpr_physics9,gkf,41,background,Ba3PCl3
gpr_physics9,gkf,41,background,Ba3PI3
gpr_physics9,gkf,41,background,Ca3PI3
gpr_physics9,gkf,41,background,Mg3PI3
gpr_physics9,gkf,41,background,Sr3PCl3
gpr_physics9,gkf,41,background,Ba3SbBr3
gpr_physics9,gkf,41,background,Ba3SbI3
gpr_physics9,gkf,41,background,Ca3SbBr3
gpr_physics9,gkf,41,background,Ca3SbF3
gpr_physics9,gkf,41,background,Mg3SbF3
gpr_physics9,gkf,41,background,Mg3SbI3
gpr_physics9,gkf,42,test,Ca3AsBr3
gpr_physics9,gkf,42,test,Sr3AsI3
gpr_physics9,gkf,42,test,Ba3BiI3
gpr_physics9,gkf,42,test,Ca3PI3
gpr_physics9,gkf,42,test,Ba3SbI3
gpr_physics9,gkf,42,test,Mg3SbBr3
gpr_physics9,gkf,42,test,Mg3SbF3
gpr_physics9,gkf,42,test,Mg3SbI3
gpr_physics9,gkf,42,background,Ba3AsBr3
gpr_physics9,gkf,42,background,Ba3AsCl3
gpr_physics9,gkf,42,background,Ba3AsI3
gpr_physics9,gkf,42,background,Mg3AsBr3
gpr_physics9,gkf,42,background,Sr3AsCl3
gpr_physics9,gkf,42,background,Mg3BiBr3
gpr_physics9,gkf,42,background,Ba3PBr3
gpr_physics9,gkf,42,background,Ba3PI3
gpr_physics9,gkf,42,background,Ca3PBr3
gpr_physics9,gkf,42,background,Ca3PCl3
gpr_physics9,gkf,42,background,Ca3PF3
gpr_physics9,gkf,42,background,Mg3PBr3
gpr_physics9,gkf,42,background,Sr3PCl3
gpr_physics9,gkf,42,background,Sr3PI3
gpr_physics9,gkf,42,background,Ba3SbBr3
gpr_physics9,gkf,42,background,Ca3SbBr3
gpr_physics9,gkf,42,background,Ca3SbCl3
gpr_physics9,gkf,42,background,Ca3SbF3
gpr_physics9,gkf,42,background,Mg3SbCl3
gpr_physics9,gkf,42,background,Sr3SbCl3
gpr_physics9,gkf,43,test,Ba3AsBr3
gpr_physics9,gkf,43,test,Ba3AsI3
gpr_physics9,gkf,43,test,Mg3BiBr3
gpr_physics9,gkf,43,test,Ba3PBr3
gpr_physics9,gkf,43,test,Ba3PCl3
gpr_physics9,gkf,43,test,Ca3PCl3
gpr_physics9,gkf,43,test,Ca3SbBr3
gpr_physics9,gkf,43,test,Sr3SbI3
gpr_physics9,gkf,43,background,Ca3AsBr3
gpr_physics9,gkf,43,background,Ca3AsF3
gpr_physics9,gkf,43,background,Mg3AsBr3
gpr_physics9,gkf,43,background,Sr3AsCl3
gpr_physics9,gkf,43,background,Sr3AsI3
gpr_physics9,gkf,43,background,Ba3BiBr3
gpr_physics9,gkf,43,background,Ba3BiCl3
gpr_physics9,gkf,43,background,Ba3BiI3
gpr_physics9,gkf,43,background,Ca3BiI3
gpr_physics9,gkf,43,background,Ba3PI3
gpr_physics9,gkf,43,background,Ca3PBr3
gpr_physics9,gkf,43,background,Ca3PI3
gpr_physics9,gkf,43,background,Sr3PCl3
gpr_physics9,gkf,43,background,Sr3PI3
gpr_physics9,gkf,43,background,Ba3SbBr3
gpr_physics9,gkf,43,background,Ca3SbCl3
gpr_physics9,gkf,43,background,Mg3SbBr3
gpr_physics9,gkf,43,background,Mg3SbF3
gpr_physics9,gkf,43,background,Mg3SbI3
gpr_physics9,gkf,43,background,Sr3SbCl3
gpr_physics9,gkf,44,test,Ca3AsF3
gpr_physics9,gkf,44,test,Sr3AsCl3
gpr_physics9,gkf,44,test,Ba3BiBr3
gpr_physics9,gkf,44,test,Ca3PBr3
gpr_physics9,gkf,44,test,Sr3PCl3
gpr_physics9,gkf,44,test,Sr3PI3
gpr_physics9,gkf,44,test,Ca3SbCl3
gpr_physics9,gkf,44,background,Ba3AsBr3
gpr_physics9,gkf,44,background,Ba3AsCl3
gpr_physics9,gkf,44,background,Ba3AsI3
gpr_physics9,gkf,44,background,Sr3AsI3
gpr_physics9,gkf,44,background,Ca3BiI3
gpr_physics9,gkf,44,background,Mg3BiI3
gpr_physics9,gkf,44,background,Ba3PCl3
gpr_physics9,gkf,44,background,Ba3PI3
gpr_physics9,gkf,44,background,Ca3PCl3
gpr_physics9,gkf,44,background,Ca3PF3
gpr_physics9,gkf,44,background,Mg3PBr3
gpr_physics9,gkf,44,background,Mg3PCl3
gpr_physics9,gkf,44,background,Mg3PI3
gpr_physics9,gkf,44,background,Sr3PBr3
gpr_physics9,gkf,44,background,Ba3SbBr3
gpr_physics9,gkf,44,background,Ba3SbCl3
gpr_physics9,gkf,44,background,Mg3SbBr3
gpr_physics9,gkf,44,background,Mg3SbCl3
gpr_physics9,gkf,44,background,Mg3SbI3
gpr_physics9,gkf,44,background,Sr3SbCl3
gpr_physics9,gkf,45,test,Ca3AsBr3
gpr_physics9,gkf,45,test,Ba3BiBr3
gpr_physics9,gkf,45,test,Ba3BiCl3
gpr_physics9,gkf,45,test,Ba3PBr3
gpr_physics9,gkf,45,test,Ba3PI3
gpr_physics9,gkf,45,test,Mg3PI3
gpr_physics9,gkf,45,test,Ba3SbI3
gpr_physics9,gkf,45,test,Sr3SbI3
gpr_physics9,gkf,45,background,Ca3AsF3
gpr_physics9,gkf,45,background,Sr3AsCl3
gpr_physics9,gkf,45,background,Sr3AsI3
gpr_physics9,gkf,45,background,Ba3BiI3
gpr_physics9,gkf,45,background,Ca3BiI3
gpr_physics9,gkf,45,background,Mg3BiBr3
gpr_physics9,gkf,45,background,Mg3BiI3
gpr_physics9,gkf,45,background,Ca3PCl3
gpr_physics9,gkf,45,background,Ca3PF3
gpr_physics9,gkf,45,background,Mg3PBr3
gpr_physics9,gkf,45,background,Mg3PCl3
gpr_physics9,gkf,45,background,Sr3PBr3
gpr_physics9,gkf,45,background,Sr3PCl3
gpr_physics9,gkf,45,background,Sr3PI3
gpr_physics9,gkf,45,background,Ba3SbBr3
gpr_physics9,gkf,45,background,Ca3SbBr3
gpr_physics9,gkf,45,background,Ca3SbCl3
gpr_physics9,gkf,45,background,Mg3SbBr3
gpr_physics9,gkf,45,background,Mg3SbCl3
gpr_physics9,gkf,45,background,Mg3SbI3
gpr_physics9,gkf,46,test,Ca3PBr3
gpr_physics9,gkf,46,test,Ca3PCl3
gpr_physics9,gkf,46,test,Ca3PI3
gpr_physics9,gkf,46,test,Mg3PCl3
gpr_physics9,gkf,46,test,Sr3PCl3
gpr_physics9,gkf,46,test,Ba3SbCl3
gpr_physics9,gkf,46,test,Mg3SbCl3
gpr_physics9,gkf,46,test,Mg3SbI3
gpr_physics9,gkf,46,background,Ba3AsBr3
gpr_physics9,gkf,46,background,Ba3AsI3
gpr_physics9,gkf,46,background,Ca3AsBr3
gpr_physics9,gkf,46,background,Mg3AsBr3
gpr_physics9,gkf,46,background,Sr3AsCl3
gpr_physics9,gkf,46,background,Sr3AsI3
gpr_physics9,gkf,46,background,Ba3BiBr3
gpr_physics9,gkf,46,background,Ba3BiCl3
gpr_physics9,gkf,46,background,Ba3BiI3
gpr_physics9,gkf,46,background,Ca3BiI3
gpr_physics9,gkf,46,background,Mg3BiBr3
gpr_physics9,gkf,46,background,Mg3BiI3
gpr_physics9,gkf,46,background,Ba3PCl3
gpr_physics9,gkf,46,background,Ba3PI3
gpr_physics9,gkf,46,background,Ca3PF3
gpr_physics9,gkf,46,background,Mg3PI3
gpr_physics9,gkf,46,background,Ba3SbBr3
gpr_physics9,gkf,46,background,Ca3SbBr3
gpr_physics9,gkf,46,background,Ca3SbF3
gpr_physics9,gkf,46,background,Sr3SbCl3
gpr_physics9,gkf,47,test,Ba3AsCl3
gpr_physics9,gkf,47,test,Ca3AsF3
gpr_physics9,gkf,47,test,Ca3BiI3
gpr_physics9,gkf,47,test,Mg3BiI3
gpr_physics9,gkf,47,test,Ba3PCl3
gpr_physics9,gkf,47,test,Mg3PBr3
gpr_physics9,gkf,47,test,Ba3SbBr3
gpr_physics9,gkf,47,test,Ca3SbF3
gpr_physics9,gkf,47,background,Ba3AsBr3
gpr_physics9,gkf,47,background,Ba3AsI3
gpr_physics9,gkf,47,background,Mg3AsBr3
gpr_physics9,gkf,47,background,Sr3AsI3
gpr_physics9,gkf,47,background,Ba3BiBr3
gpr_physics9,gkf,47,background,Ba3BiCl3
gpr_physics9,gkf,47,background,Ba3BiI3
gpr_physics9,gkf,47,background,Ba3PBr3
gpr_physics9,gkf,47,background,Ba3PI3
gpr_physics9,gkf,47,background,Ca3PI3
gpr_physics9,gkf,47,background,Mg3PCl3
gpr_physics9,gkf,47,background,Mg3PI3
gpr_physics9,gkf,47,background,Sr3PBr3
gpr_physics9,gkf,47,background,Sr3PCl3
gpr_physics9,gkf,47,background,Ba3SbCl3
gpr_physics9,gkf,47,background,Ca3SbBr3
gpr_physics9,gkf,47,background,Ca3SbCl3
gpr_physics9,gkf,47,background,Mg3SbBr3
gpr_physics9,gkf,47,background,Mg3SbF3
gpr_physics9,gkf,47,background,Mg3SbI3
gpr_physics9,gkf,48,test,Ba3AsBr3
gpr_physics9,gkf,48,test,Ba3AsI3
gpr_physics9,gkf,48,test,Mg3AsBr3
gpr_physics9,gkf,48,test,Sr3AsI3
gpr_physics9,gkf,48,test,Ca3PF3
gpr_physics9,gkf,48,test,Ca3SbBr3
gpr_physics9,gkf,48,test,Ca3SbCl3
gpr_physics9,gkf,48,test,Sr3SbCl3
gpr_physics9,gkf,48,background,Ba3AsCl3
gpr_physics9,gkf,48,background,Ca3AsF3
gpr_physics9,gkf,48,background,Sr3AsCl3
gpr_physics9,gkf,48,background,Ba3BiBr3
gpr_physics9,gkf,48,background,Ba3BiCl3
gpr_physics9,gkf,48,background,Ba3BiI3
gpr_physics9,gkf,48,background,Ca3BiI3
gpr_physics9,gkf,48,background,Mg3BiBr3
gpr_physics9,gkf,48,background,Mg3BiI3
gpr_physics9,gkf,48,background,Ba3PCl3
gpr_physics9,gkf,48,background,Ba3PI3
gpr_physics9,gkf,48,background,Ca3PCl3
gpr_physics9,gkf,48,background,Mg3PBr3
gpr_physics9,gkf,48,background,Mg3PCl3
gpr_physics9,gkf,48,background,Sr3PCl3
gpr_physics9,gkf,48,background,Ba3SbCl3
gpr_physics9,gkf,48,background,Ba3SbI3
gpr_physics9,gkf,48,background,Ca3SbF3
gpr_physics9,gkf,48,background,Mg3SbBr3
gpr_physics9,gkf,48,background,Mg3SbI3
gpr_physics9,gkf,49,test,Sr3AsCl3
gpr_physics9,gkf,49,test,Ba3BiI3
gpr_physics9,gkf,49,test,Mg3BiBr3
gpr_physics9,gkf,49,test,Sr3PBr3
gpr_physics9,gkf,49,test,Sr3PI3
gpr_physics9,gkf,49,test,Mg3SbBr3
gpr_physics9,gkf,49,test,Mg3SbF3
gpr_physics9,gkf,49,background,Ba3AsBr3
gpr_physics9,gkf,49,background,Ba3AsCl3
gpr_physics9,gkf,49,background,Ba3AsI3
gpr_physics9,gkf,49,background,Ca3AsF3
gpr_physics9,gkf,49,background,Mg3AsBr3
gpr_physics9,gkf,49,background,Ba3BiCl3
gpr_physics9,gkf,49,background,Mg3BiI3
gpr_physics9,gkf,49,background,Ba3PI3
gpr_physics9,gkf,49,background,Ca3PBr3
gpr_physics9,gkf,49,background,Ca3PCl3
gpr_physics9,gkf,49,background,Ca3PF3
gpr_physics9,gkf,49,background,Ca3PI3
gpr_physics9,gkf,49,background,Mg3PI3
gpr_physics9,gkf,49,background,Sr3PCl3
gpr_physics9,gkf,49,background,Ba3SbCl3
gpr_physics9,gkf,49,background,Ba3SbI3
gpr_physics9,gkf,49,background,Ca3SbBr3
gpr_physics9,gkf,49,background,Ca3SbCl3
gpr_physics9,gkf,49,background,Mg3SbCl3
gpr_physics9,gkf,49,background,Sr3SbI3
rf_magpie,lobo,0,test,Ba3AsBr3
rf_magpie,lobo,0,test,Ba3AsCl3
rf_magpie,lobo,0,test,Ba3AsI3
rf_magpie,lobo,0,test,Ca3AsBr3
rf_magpie,lobo,0,test,Ca3AsF3
rf_magpie,lobo,0,test,Mg3AsBr3
rf_magpie,lobo,0,test,Sr3AsCl3
rf_magpie,lobo,0,test,Sr3AsI3
rf_magpie,lobo,0,background,Ba3BiBr3
rf_magpie,lobo,0,background,Ba3BiCl3
rf_magpie,lobo,0,background,Ba3BiI3
rf_magpie,lobo,0,background,Ca3BiI3
rf_magpie,lobo,0,background,Mg3BiBr3
rf_magpie,lobo,0,background,Ba3PBr3
rf_magpie,lobo,0,background,Ba3PCl3
rf_magpie,lobo,0,background,Ca3PBr3
rf_magpie,lobo,0,background,Ca3PF3
rf_magpie,lobo,0,background,Mg3PCl3
rf_magpie,lobo,0,background,Mg3PI3
rf_magpie,lobo,0,background,Sr3PBr3
rf_magpie,lobo,0,background,Ba3SbBr3
rf_magpie,lobo,0,background,Ca3SbCl3
rf_magpie,lobo,0,background,Ca3SbF3
rf_magpie,lobo,0,background,Mg3SbBr3
rf_magpie,lobo,0,background,Mg3SbF3
rf_magpie,lobo,0,background,Mg3SbI3
rf_magpie,lobo,0,background,Sr3SbCl3
rf_magpie,lobo,0,background,Sr3SbI3
rf_magpie,lobo,1,test,Ba3BiBr3
rf_magpie,lobo,1,test,Ba3BiCl3
rf_magpie,lobo,1,test,Ba3BiI3
rf_magpie,lobo,1,test,Ca3BiI3
rf_magpie,lobo,1,test,Mg3BiBr3
rf_magpie,lobo,1,test,Mg3BiI3
rf_magpie,lobo,1,background,Ba3AsBr3
rf_magpie,lobo,1,background,Ba3AsCl3
rf_magpie,lobo,1,background,Mg3AsBr3
rf_magpie,lobo,1,background,Sr3AsCl3
rf_magpie,lobo,1,background,Sr3AsI3
rf_magpie,lobo,1,background,Ba3PCl3
rf_magpie,lobo,1,background,Ba3PI3
rf_magpie,lobo,1,background,Ca3PBr3
rf_magpie,lobo,1,background,Ca3PF3
rf_magpie,lobo,1,background,Mg3PBr3
rf_magpie,lobo,1,background,Sr3PCl3
rf_magpie,lobo,1,background,Sr3PI3
rf_magpie,lobo,1,background,Ba3SbCl3
rf_magpie,lobo,1,background,Ca3SbCl3
rf_magpie,lobo,1,background,Ca3SbF3
rf_magpie,lobo,1,background,Mg3SbBr3
rf_magpie,lobo,1,background,Mg3SbCl3
rf_magpie,lobo,1,background,Mg3SbI3
rf_magpie,lobo,1,background,Sr3SbCl3
rf_magpie,lobo,1,background,Sr3SbI3
rf_magpie,lobo,2,test,Ba3PBr3
rf_magpie,lobo,2,test,Ba3PCl3
rf_magpie,lobo,2,test,Ba3PI3
rf_magpie,lobo,2,test,Ca3PBr3
rf_magpie,lobo,2,test,Ca3PCl3
rf_magpie,lobo,2,test,Ca3PF3
rf_magpie,lobo,2,test,Ca3PI3
rf_magpie,lobo,2,test,Mg3PBr3
rf_magpie,lobo,2,test,Mg3PCl3
rf_magpie,lobo,2,test,Mg3PI3
rf_magpie,lobo,2,test,Sr3PBr3
rf_magpie,lobo,2,test,Sr3PCl3
rf_magpie,lobo,2,test,Sr3PI3
rf_magpie,lobo,2,background,Ba3AsBr3
rf_magpie,lobo,2,background,Ba3AsCl3
rf_magpie,lobo,2,background,Ba3AsI3
rf_magpie,lobo,2,background,Mg3AsBr3
rf_magpie,lobo,2,background,Sr3AsCl3
rf_magpie,lobo,2,background,Sr3AsI3
rf_magpie,lobo,2,background,Ba3BiBr3
rf_magpie,lobo,2,background,Ba3BiCl3
rf_magpie,lobo,2,background,Ca3BiI3
rf_magpie,lobo,2,background,Mg3BiBr3
rf_magpie,lobo,2,background,Ba3SbCl3
rf_magpie,lobo,2,background,Ba3SbI3
rf_magpie,lobo,2,background,Ca3SbBr3
rf_magpie,lobo,2,background,Ca3SbF3
rf_magpie,lobo,2,background,Mg3SbBr3
rf_magpie,lobo,2,background,Mg3SbCl3
rf_magpie,lobo,2,background,Mg3SbF3
rf_magpie,lobo,2,background,Mg3SbI3
rf_magpie,lobo,2,background,Sr3SbCl3
rf_magpie,lobo,2,background,Sr3SbI3
rf_magpie,lobo,3,test,Ba3SbBr3
rf_magpie,lobo,3,test,Ba3SbCl3
rf_magpie,lobo,3,test,Ba3SbI3
rf_magpie,lobo,3,test,Ca3SbBr3
rf_magpie,lobo,3,test,Ca3SbCl3
rf_magpie,lobo,3,test,Ca3SbF3
rf_magpie,lobo,3,test,Mg3SbBr3
rf_magpie,lobo,3,test,Mg3SbCl3
rf_magpie,lobo,3,test,Mg3SbF3
rf_magpie,lobo,3,test,Mg3SbI3
rf_magpie,lobo,3,test,Sr3SbCl3
rf_magpie,lobo,3,test,Sr3SbI3
rf_magpie,lobo,3,background,Ba3AsBr3
rf_magpie,lobo,3,background,Ba3AsCl3
rf_magpie,lobo,3,background,Ba3AsI3
rf_magpie,lobo,3,background,Ca3AsF3
rf_magpie,lobo,3,background,Mg3AsBr3
rf_magpie,lobo,3,background,Sr3AsI3
rf_magpie,lobo,3,background,Ba3BiBr3
rf_magpie,lobo,3,background,Ba3BiCl3
rf_magpie,lobo,3,background,Ca3BiI3
rf_magpie,lobo,3,background,Mg3BiI3
rf_magpie,lobo,3,background,Ba3PBr3
rf_magpie,lobo,3,background,Ba3PCl3
rf_magpie,lobo,3,background,Ba3PI3
rf_magpie,lobo,3,background,Ca3PCl3
rf_magpie,lobo,3,background,Ca3PF3
rf_magpie,lobo,3,background,Mg3PBr3
rf_magpie,lobo,3,background,Mg3PCl3
rf_magpie,lobo,3,background,Mg3PI3
rf_magpie,lobo,3,background,Sr3PBr3
rf_magpie,lobo,3,background,Sr3PCl3
rf_magpie,gkf,0,test,Ca3AsF3
rf_magpie,gkf,0,test,Sr3AsI3
rf_magpie,gkf,0,test,Ba3BiCl3
rf_magpie,gkf,0,test,Ba3PBr3
rf_magpie,gkf,0,test,Mg3PCl3
rf_magpie,gkf,0,test,Mg3PI3
rf_magpie,gkf,0,test,Sr3PI3
rf_magpie,gkf,0,test,Mg3SbF3
rf_magpie,gkf,0,background,Ba3AsBr3
rf_magpie,gkf,0,background,Ba3AsCl3
rf_magpie,gkf,0,background,Ba3AsI3
rf_magpie,gkf,0,background,Ca3AsBr3
rf_magpie,gkf,0,background,Mg3AsBr3
rf_magpie,gkf,0,background,Ba3BiBr3
rf_magpie,gkf,0,background,Ba3BiI3
rf_magpie,gkf,0,background,Mg3BiBr3
rf_magpie,gkf,0,background,Ba3PCl3
rf_magpie,gkf,0,background,Ca3PCl3
rf_magpie,gkf,0,background,Ca3PF3
rf_magpie,gkf,0,background,Ca3PI3
rf_magpie,gkf,0,background,Sr3PCl3
rf_magpie,gkf,0,background,Ca3SbBr3
rf_magpie,gkf,0,background,Ca3SbCl3
rf_magpie,gkf,0,background,Ca3SbF3
rf_magpie,gkf,0,background,Mg3SbCl3
rf_magpie,gkf,0,background,Mg3SbI3
rf_magpie,gkf,0,background,Sr3SbCl3
rf_magpie,gkf,0,background,Sr3SbI3
rf_magpie,gkf,1,test,Ca3AsBr3
rf_magpie,gkf,1,test,Mg3BiI3
rf_magpie,gkf,1,test,Ba3PI3
rf_magpie,gkf,1,test,Ca3PBr3
rf_magpie,gkf,1,test,Ca3PCl3
rf_magpie,gkf,1,test,Ca3PF3
rf_magpie,gkf,1,test,Ba3SbBr3
rf_magpie,gkf,1,test,Ca3SbBr3
rf_magpie,gkf,1,background,Ba3AsBr3
rf_magpie,gkf,1,background,Ba3AsCl3
rf_magpie,gkf,1,background,Sr3AsCl3
rf_magpie,gkf,1,background,Ba3BiBr3
rf_magpie,gkf,1,background,Ba3BiCl3
rf_magpie,gkf,1,background,Ba3BiI3
rf_magpie,gkf,1,background,Ca3BiI3
rf_magpie,gkf,1,background,Mg3BiBr3
rf_magpie,gkf,1,background,Ba3PCl3
rf_magpie,gkf,1,background,Ca3PI3
rf_magpie,gkf,1,background,Mg3PBr3
rf_magpie,gkf,1,background,Mg3PI3
rf_magpie,gkf,1,background,Sr3PI3
rf_magpie,gkf,1,background,Ba3SbCl3
rf_magpie,gkf,1,background,Ba3SbI3
rf_magpie,gkf,1,background,Ca3SbF3
rf_magpie,gkf,1,background,Mg3SbBr3
rf_magpie,gkf,1,background,Mg3SbCl3
rf_magpie,gkf,1,background,Mg3SbI3
rf_magpie,gkf,1,background,Sr3SbI3
rf_magpie,gkf,2,test,Ba3AsBr3
rf_magpie,gkf,2,test,Ba3AsCl3
rf_magpie,gkf,2,test,Sr3AsCl3
rf_magpie,gkf,2,test,Ba3BiI3
rf_magpie,gkf,2,test,Mg3PBr3
rf_magpie,gkf,2,test,Ba3SbI3
rf_magpie,gkf,2,test,Ca3SbF3
rf_magpie,gkf,2,test,Sr3SbCl3
rf_magpie,gkf,2,background,Ba3AsI3
rf_magpie,gkf,2,background,Ca3AsBr3
rf_magpie,gkf,2,background,Ca3AsF3
rf_magpie,gkf,2,background,Ba3BiBr3
rf_magpie,gkf,2,background,Ba3BiCl3
rf_magpie,gkf,2,background,Ca3BiI3
rf_magpie,gkf,2,background,Mg3BiBr3
rf_magpie,gkf,2,background,Mg3BiI3
rf_magpie,gkf,2,background,Ba3PCl3
rf_magpie,gkf,2,background,Ba3PI3
rf_magpie,gkf,2,background,Ca3PF3
rf_magpie,gkf,2,background,Ca3PI3
rf_magpie,gkf,2,background,Sr3PBr3
rf_magpie,gkf,2,background,Sr3PCl3
rf_magpie,gkf,2,background,Ba3SbBr3
rf_magpie,gkf,2,background,Ca3SbBr3
rf_magpie,gkf,2,background,Ca3SbCl3
rf_magpie,gkf,2,background,Mg3SbF3
rf_magpie,gkf,2,background,Mg3SbI3
rf_magpie,gkf,2,background,Sr3SbI3
rf_magpie,gkf,3,test,Ba3AsI3
rf_magpie,gkf,3,test,Ba3BiBr3
rf_magpie,gkf,3,test,Mg3BiBr3
rf_magpie,gkf,3,test,Sr3PBr3
rf_magpie,gkf,3,test,Sr3PCl3
rf_magpie,gkf,3,test,Ba3SbCl3
rf_magpie,gkf,3,test,Mg3SbCl3
rf_magpie,gkf,3,test,Mg3SbI3
rf_magpie,gkf,3,background,Ba3AsBr3
rf_magpie,gkf,3,background,Ca3AsBr3
rf_magpie,gkf,3,background,Mg3AsBr3
rf_magpie,gkf,3,background,Sr3AsCl3
rf_magpie,gkf,3,background,Ba3BiI3
rf_magpie,gkf,3,background,Ca3BiI3
rf_magpie,gkf,3,background,Ba3PI3
rf_magpie,gkf,3,background,Ca3PCl3
rf_magpie,gkf,3,background,Ca3PF3
rf_magpie,gkf,3,background,Mg3PBr3
rf_magpie,gkf,3,background,Mg3PCl3
rf_magpie,gkf,3,background,Sr3PI3
rf_magpie,gkf,3,background,Ba3SbBr3
rf_magpie,gkf,3,background,Ba3SbI3
rf_magpie,gkf,3,background,Ca3SbBr3
rf_magpie,gkf,3,background,Ca3SbCl3
rf_magpie,gkf,3,background,Ca3SbF3
rf_magpie,gkf,3,background,Mg3SbBr3
rf_magpie,gkf,3,background,Mg3SbF3
rf_magpie,gkf,3,background,Sr3SbCl3
rf_magpie,gkf,4,test,Mg3AsBr3
rf_magpie,gkf,4,test,Ca3BiI3
rf_magpie,gkf,4,test,Ba3PCl3
rf_magpie,gkf,4,test,Ca3PI3
rf_magpie,gkf,4,test,Ca3SbCl3
rf_magpie,gkf,4,test,Mg3SbBr3
rf_magpie,gkf,4,test,Sr3SbI3
rf_magpie,gkf,4,background,Ba3AsCl3
rf_magpie,gkf,4,background,Ba3AsI3
rf_magpie,gkf,4,background,Ca3AsF3
rf_magpie,gkf,4,background,Sr3AsCl3
rf_magpie,gkf,4,background,Ba3BiCl3
rf_magpie,gkf,4,background,Ba3BiI3
rf_magpie,gkf,4,background,Mg3BiI3
rf_magpie,gkf,4,background,Ba3PBr3
rf_magpie,gkf,4,background,Ba3PI3
rf_magpie,gkf,4,background,Ca3PBr3
rf_magpie,gkf,4,background,Ca3PCl3
rf_magpie,gkf,4,background,Ca3PF3
rf_magpie,gkf,4,background,Mg3PBr3
rf_magpie,gkf,4,background,Mg3PCl3
rf_magpie,gkf,4,background,Sr3PBr3
rf_magpie,gkf,4,background,Sr3PCl3
rf_magpie,gkf,4,background,Ba3SbCl3
rf_magpie,gkf,4,background,Mg3SbF3
rf_magpie,gkf,4,background,Mg3SbI3
rf_magpie,gkf,4,background,Sr3SbCl3
rf_magpie,gkf,5,test,Ba3AsBr3
rf_magpie,gkf,5,test,Ca3AsBr3
rf_magpie,gkf,5,test,Ba3BiCl3
rf_magpie,gkf,5,test,Mg3BiBr3
rf_magpie,gkf,5,test,Mg3PI3
rf_magpie,gkf,5,test,Ba3SbCl3
rf_magpie,gkf,5,test,Mg3SbBr3
rf_magpie,gkf,5,test,Mg3SbCl3
rf_magpie,gkf,5,background,Ba3AsCl3
rf_magpie,gkf,5,background,Ca3AsF3
rf_magpie,gkf,5,background,Mg3AsBr3
rf_magpie,gkf,5,background,Sr3AsCl3
rf_magpie,gkf,5,background,Ba3BiI3
rf_magpie,gkf,5,background,Ba3PI3
rf_magpie,gkf,5,background,Ca3PBr3
rf_magpie,gkf,5,background,Ca3PCl3
rf_magpie,gkf,5,background,Mg3PCl3
rf_magpie,gkf,5,background,Sr3PBr3
rf_magpie,gkf,5,background,Sr3PCl3
rf_magpie,gkf,5,background,Sr3PI3
rf_magpie,gkf,5,background,Ba3SbBr3
rf_magpie,gkf,5,background,Ba3SbI3
rf_magpie,gkf,5,background,Ca3SbCl3
rf_magpie,gkf,5,background,Ca3SbF3
rf_magpie,gkf,5,background,Mg3SbF3
rf_magpie,gkf,5,background,Mg3SbI3
rf_magpie,gkf,5,background,Sr3SbCl3
rf_magpie,gkf,5,background,Sr3SbI3
rf_magpie,gkf,6,test,Mg3AsBr3
rf_magpie,gkf,6,test,Ba3BiI3
rf_magpie,gkf,6,test,Ca3PBr3
rf_magpie,gkf,6,test,Ca3PI3
rf_magpie,gkf,6,test,Mg3PCl3
rf_magpie,gkf,6,test,Ba3SbBr3
rf_magpie,gkf,6,test,Ca3SbF3
rf_magpie,gkf,6,test,Mg3SbI3
rf_magpie,gkf,6,background,Ba3AsBr3
rf_magpie,gkf,6,background,Ca3AsBr3
rf_magpie,gkf,6,background,Sr3AsI3
rf_magpie,gkf,6,background,Ba3BiBr3
rf_magpie,gkf,6,background,Ba3BiCl3
rf_magpie,gkf,6,background,Ca3BiI3
rf_magpie,gkf,6,background,Mg3BiBr3
rf_magpie,gkf,6,background,Mg3BiI3
rf_magpie,gkf,6,background,Ba3PCl3
rf_magpie,gkf,6,background,Ca3PF3
rf_magpie,gkf,6,background,Mg3PBr3
rf_magpie,gkf,6,background,Mg3PI3
rf_magpie,gkf,6,background,Sr3PI3
rf_magpie,gkf,6,background,Ba3SbCl3
rf_magpie,gkf,6,background,Ba3SbI3
rf_magpie,gkf,6,background,Ca3SbBr3
rf_magpie,gkf,6,background,Mg3SbCl3
rf_magpie,gkf,6,background,Mg3SbF3
rf_magpie,gkf,6,background,Sr3SbCl3
rf_magpie,gkf,6,background,Sr3SbI3
rf_magpie,gkf,7,test,Ba3AsI3
rf_magpie,gkf,7,test,Sr3AsCl3
rf_magpie,gkf,7,test,Sr3AsI3
rf_magpie,gkf,7,test,Ba3PCl3
rf_magpie,gkf,7,test,Ca3PCl3
rf_magpie,gkf,7,test,Sr3PBr3
rf_magpie,gkf,7,test,Ba3SbI3
rf_magpie,gkf,7,test,Sr3SbI3
rf_magpie,gkf,7,background,Ca3AsBr3
rf_magpie,gkf,7,background,Ca3AsF3
rf_magpie,gkf,7,background,Ba3BiCl3
rf_magpie,gkf,7,background,Ba3BiI3
rf_magpie,gkf,7,background,Ca3BiI3
rf_magpie,gkf,7,background,Mg3BiBr3
rf_magpie,gkf,7,background,Mg3BiI3
rf_magpie,gkf,7,background,Ba3PBr3
rf_magpie,gkf,7,background,Ca3PI3
rf_magpie,gkf,7,background,Mg3PI3
rf_magpie,gkf,7,background,Sr3PCl3
rf_magpie,gkf,7,background,Sr3PI3
rf_magpie,gkf,7,background,Ba3SbBr3
rf_magpie,gkf,7,background,Ba3SbCl3
rf_magpie,gkf,7,background,Ca3SbBr3
rf_magpie,gkf,7,background,Ca3SbF3
rf_magpie,gkf,7,background,Mg3SbBr3
rf_magpie,gkf,7,background,Mg3SbCl3
rf_magpie,gkf,7,background,Mg3SbI3
rf_magpie,gkf,7,background,Sr3SbCl3
rf_magpie,gkf,8,test,Ba3AsCl3
rf_magpie,gkf,8,test,Ca3BiI3
rf_magpie,gkf,8,test,Mg3PBr3
rf_magpie,gkf,8,test,Sr3PCl3
rf_magpie,gkf,8,test,Sr3PI3
rf_magpie,gkf,8,test,Ca3SbBr3
rf_magpie,gkf,8,test,Mg3SbF3
rf_magpie,gkf,8,test,Sr3SbCl3
rf_magpie,gkf,8,background,Ba3AsI3
rf_magpie,gkf,8,background,Ca3AsBr3
rf_magpie,gkf,8,background,Ca3AsF3
rf_magpie,gkf,8,background,Mg3AsBr3
rf_magpie,gkf,8,background,Sr3AsCl3
rf_magpie,gkf,8,background,Sr3AsI3
rf_magpie,gkf,8,background,Ba3BiI3
rf_magpie,gkf,8,background,Mg3BiBr3
rf_magpie,gkf,8,background,Mg3BiI3
rf_magpie,gkf,8,background,Ba3PBr3
rf_magpie,gkf,8,background,Ba3PCl3
rf_magpie,gkf,8,background,Ba3PI3
rf_magpie,gkf,8,background,Ca3PBr3
rf_magpie,gkf,8,background,Ca3PCl3
rf_magpie,gkf,8,background,Ca3PF3
rf_magpie,gkf,8,background,Sr3PBr3
rf_magpie,gkf,8,background,Ba3SbBr3
rf_magpie,gkf,8,background,Ba3SbI3
rf_magpie,gkf,8,background,Mg3SbCl3
rf_magpie,gkf,8,background,Sr3SbI3
rf_magpie,gkf,9,test,Ca3AsF3
rf_magpie,gkf,9,test,Ba3BiBr3
rf_magpie,gkf,9,test,Mg3BiI3
rf_magpie,gkf,9,test,Ba3PBr3
rf_magpie,gkf,9,test,Ba3PI3
rf_magpie,gkf,9,test,Ca3PF3
rf_magpie,gkf,9,test,Ca3SbCl3
rf_magpie,gkf,9,background,Ba3AsCl3
rf_magpie,gkf,9,background,Ba3AsI3
rf_magpie,gkf,9,background,Ca3AsBr3
rf_magpie,gkf,9,background,Mg3AsBr3
rf_magpie,gkf,9,background,Sr3AsI3
rf_magpie,gkf,9,background,Ba3BiCl3
rf_magpie,gkf,9,background,Ba3BiI3
rf_magpie,gkf,9,background,Ca3PCl3
rf_magpie,gkf,9,background,Ca3PI3
rf_magpie,gkf,9,background,Mg3PCl3
rf_magpie,gkf,9,background,Sr3PBr3
rf_magpie,gkf,9,background,Sr3PCl3
rf_magpie,gkf,9,background,Ba3SbBr3
rf_magpie,gkf,9,background,Ba3SbCl3
rf_magpie,gkf,9,background,Ca3SbBr3
rf_magpie,gkf,9,background,Mg3SbBr3
rf_magpie,gkf,9,background,Mg3SbCl3
rf_magpie,gkf,9,background,Mg3SbF3
rf_magpie,gkf,9,background,Mg3SbI3
rf_magpie,gkf,9,background,Sr3SbI3
rf_magpie,gkf,10,test,Ba3AsCl3
rf_magpie,gkf,10,test,Ba3BiBr3
rf_magpie,gkf,10,test,Ba3BiCl3
rf_magpie,gkf,10,test,Ba3BiI3
rf_magpie,gkf,10,test,Ca3PCl3
rf_magpie,gkf,10,test,Mg3PCl3
rf_magpie,gkf,10,test,Ba3SbBr3
rf_magpie,gkf,10,test,Ba3SbCl3
rf_magpie,gkf,10,background,Ba3AsBr3
rf_magpie,gkf,10,background,Ba3AsI3
rf_magpie,gkf,10,background,Ca3AsF3
rf_magpie,gkf,10,background,Sr3AsCl3
rf_magpie,gkf,10,background,Sr3AsI3
rf_magpie,gkf,10,background,Ca3BiI3
rf_magpie,gkf,10,background,Mg3BiBr3
rf_magpie,gkf,10,background,Ba3PBr3
rf_magpie,gkf,10,background,Ca3PBr3
rf_magpie,gkf,10,background,Ca3PF3
rf_magpie,gkf,10,background,Ca3PI3
rf_magpie,gkf,10,background,Mg3PBr3
rf_magpie,gkf,10,background,Sr3PBr3
rf_magpie,gkf,10,background,Sr3PI3
rf_magpie,gkf,10,background,Ba3SbI3
rf_magpie,gkf,10,background,Ca3SbCl3
rf_magpie,gkf,10,background,Ca3SbF3
rf_magpie,gkf,10,background,Mg3SbCl3
rf_magpie,gkf,10,background,Mg3SbF3
rf_magpie,gkf,10,background,Sr3SbCl3
rf_magpie,gkf,11,test,Ba3AsI3
rf_magpie,gkf,11,test,Sr3AsCl3
rf_magpie,gkf,11,test,Sr3AsI3
rf_magpie,gkf,11,test,Ca3PI3
rf_magpie,gkf,11,test,Sr3PI3
rf_magpie,gkf,11,test,Ba3SbI3
rf_magpie,gkf,11,test,Ca3SbBr3
rf_magpie,gkf,11,test,Mg3SbBr3
rf_magpie,gkf,11,background,Ca3AsBr3
rf_magpie,gkf,11,background,Ca3AsF3
rf_magpie,gkf,11,background,Mg3AsBr3
rf_magpie,gkf,11,background,Ba3BiI3
rf_magpie,gkf,11,background,Ca3BiI3
rf_magpie,gkf,11,background,Ba3PBr3
rf_magpie,gkf,11,background,Ba3PI3
rf_magpie,gkf,11,background,Ca3PBr3
rf_magpie,gkf,11,background,Ca3PF3
rf_magpie,gkf,11,background,Mg3PBr3
rf_magpie,gkf,11,background,Mg3PI3
rf_magpie,gkf,11,background,Sr3PBr3
rf_magpie,gkf,11,background,Sr3PCl3
rf_magpie,gkf,11,background,Ba3SbBr3
rf_magpie,gkf,11,background,Ba3SbCl3
rf_magpie,gkf,11,background,Ca3SbCl3
rf_magpie,gkf,11,background,Mg3SbCl3
rf_magpie,gkf,11,background,Mg3SbI3
rf_magpie,gkf,11,background,Sr3SbCl3
rf_magpie,gkf,11,background,Sr3SbI3
rf_magpie,gkf,12,test,Ba3AsBr3
rf_magpie,gkf,12,test,Mg3BiBr3
rf_magpie,gkf,12,test,Ba3PBr3
rf_magpie,gkf,12,test,Ba3PI3
rf_magpie,gkf,12,test,Mg3PBr3
rf_magpie,gkf,12,test,Ca3SbF3
rf_magpie,gkf,12,test,Mg3SbI3
rf_magpie,gkf,12,test,Sr3SbI3
rf_magpie,gkf,12,background,Ba3AsCl3
rf_magpie,gkf,12,background,Ba3AsI3
rf_magpie,gkf,12,background,Ca3AsF3
rf_magpie,gkf,12,background,Sr3AsCl3
rf_magpie,gkf,12,background,Ba3BiBr3
rf_magpie,gkf,12,background,Ba3BiCl3
rf_magpie,gkf,12,background,Ba3BiI3
rf_magpie,gkf,12,background,Ca3BiI3
rf_magpie,gkf,12,background,Mg3BiI3
rf_magpie,gkf,12,background,Ba3PCl3
rf_magpie,gkf,12,background,Ca3PF3
rf_magpie,gkf,12,background,Ca3PI3
rf_magpie,gkf,12,background,Mg3PCl3
rf_magpie,gkf,12,background,Mg3PI3
rf_magpie,gkf,12,background,Sr3PBr3
rf_magpie,gkf,12,background,Sr3PCl3
rf_magpie,gkf,12,background,Ba3SbCl3
rf_magpie,gkf,12,background,Ba3SbI3
rf_magpie,gkf,12,background,Ca3SbBr3
rf_magpie,gkf,12,background,Ca3SbCl3
rf_magpie,gkf,13,test,Ca3AsBr3
rf_magpie,gkf,13,test,Mg3BiI3
rf_magpie,gkf,13,test,Ca3PBr3
rf_magpie,gkf,13,test,Ca3PF3
rf_magpie,gkf,13,test,Mg3PI3
rf_magpie,gkf,13,test,Sr3PBr3
rf_magpie,gkf,13,test,Ca3SbCl3
rf_magpie,gkf,13,test,Mg3SbCl3
rf_magpie,gkf,13,background,Ba3AsBr3
rf_magpie,gkf,13,background,Ba3AsI3
rf_magpie,gkf,13,background,Ca3AsF3
rf_magpie,gkf,13,background,Mg3AsBr3
rf_magpie,gkf,13,background,Ba3BiCl3
rf_magpie,gkf,13,background,Ba3BiI3
rf_magpie,gkf,13,background,Mg3BiBr3
rf_magpie,gkf,13,background,Ba3PBr3
rf_magpie,gkf,13,background,Ba3PCl3
rf_magpie,gkf,13,background,Ba3PI3
rf_magpie,gkf,13,background,Ca3PI3
rf_magpie,gkf,13,background,Mg3PBr3
rf_magpie,gkf,13,background,Mg3PCl3
rf_magpie,gkf,13,background,Sr3PCl3
rf_magpie,gkf,13,background,Ba3SbBr3
rf_magpie,gkf,13,background,Ba3SbCl3
rf_magpie,gkf,13,background,Ca3SbBr3
rf_magpie,gkf,13,background,Mg3SbF3
rf_magpie,gkf,13,background,Mg3SbI3
rf_magpie,gkf,13,background,Sr3SbI3
rf_magpie,gkf,14,test,Ca3AsF3
rf_magpie,gkf,14,test,Mg3AsBr3
rf_magpie,gkf,14,test,Ca3BiI3
rf_magpie,gkf,14,test,Ba3PCl3
rf_magpie,gkf,14,test,Sr3PCl3
rf_magpie,gkf,14,test,Mg3SbF3
rf_magpie,gkf,14,test,Sr3SbCl3
rf_magpie,gkf,14,background,Ba3AsBr3
rf_magpie,gkf,14,background,Ba3AsCl3
rf_magpie,gkf,14,background,Ca3AsBr3
rf_magpie,gkf,14,background,Ba3BiBr3
rf_magpie,gkf,14,background,Ba3BiCl3
rf_magpie,gkf,14,background,Ba3BiI3
rf_magpie,gkf,14,background,Mg3BiBr3
rf_magpie,gkf,14,background,Ba3PBr3
rf_magpie,gkf,14,background,Ba3PI3
rf_magpie,gkf,14,background,Ca3PBr3
rf_magpie,gkf,14,background,Ca3PCl3
rf_magpie,gkf,14,background,Ca3PF3
rf_magpie,gkf,14,background,Ca3PI3
rf_magpie,gkf,14,background,Sr3PBr3
rf_magpie,gkf,14,background,Ba3SbBr3
rf_magpie,gkf,14,background,Ba3SbCl3
rf_magpie,gkf,14,background,Mg3SbBr3
rf_magpie,gkf,14,background,Mg3SbCl3
rf_magpie,gkf,14,background,Mg3SbI3
rf_magpie,gkf,14,background,Sr3SbI3
rf_magpie,gkf,15,test,Ba3AsCl3
rf_magpie,gkf,15,test,Ba3BiBr3
rf_magpie,gkf,15,test,Ba3BiI3
rf_magpie,gkf,15,test,Mg3BiI3
rf_magpie,gkf,15,test,Ca3PF3
rf_magpie,gkf,15,test,Ca3PI3
rf_magpie,gkf,15,test,Mg3PBr3
rf_magpie,gkf,15,test,Mg3SbI3
rf_magpie,gkf,15,background,Ba3AsBr3
rf_magpie,gkf,15,background,Ba3AsI3
rf_magpie,gkf,15,background,Ca3AsBr3
rf_magpie,gkf,15,background,Mg3AsBr3
rf_magpie,gkf,15,background,Sr3AsCl3
rf_magpie,gkf,15,background,Sr3AsI3
rf_magpie,gkf,15,background,Ca3BiI3
rf_magpie,gkf,15,background,Mg3BiBr3
rf_magpie,gkf,15,background,Ba3PCl3
rf_magpie,gkf,15,background,Ba3PI3
rf_magpie,gkf,15,background,Ca3PBr3
rf_magpie,gkf,15,background,Ca3PCl3
rf_magpie,gkf,15,background,Mg3PCl3
rf_magpie,gkf,15,background,Mg3PI3
rf_magpie,gkf,15,background,Sr3PBr3
rf_magpie,gkf,15,background,Sr3PI3
rf_magpie,gkf,15,background,Ca3SbBr3
rf_magpie,gkf,15,background,Mg3SbCl3
rf_magpie,gkf,15,background,Mg3SbF3
rf_magpie,gkf,15,background,Sr3SbI3
rf_magpie,gkf,16,test,Ca3AsBr3
rf_magpie,gkf,16,test,Ca3PCl3
rf_magpie,gkf,16,test,Sr3PCl3
rf_magpie,gkf,16,test,Sr3PI3
rf_magpie,gkf,16,test,Ba3SbBr3
rf_magpie,gkf,16,test,Ba3SbCl3
rf_magpie,gkf,16,test,Ca3SbBr3
rf_magpie,gkf,16,test,Mg3SbBr3
rf_magpie,gkf,16,background,Ba3AsI3
rf_magpie,gkf,16,background,Ca3AsF3
rf_magpie,gkf,16,background,Sr3AsCl3
rf_magpie,gkf,16,background,Sr3AsI3
rf_magpie,gkf,16,background,Ba3BiBr3
rf_magpie,gkf,16,background,Ba3BiCl3
rf_magpie,gkf,16,background,Ba3BiI3
rf_magpie,gkf,16,background,Ca3BiI3
rf_magpie,gkf,16,background,Mg3BiI3
rf_magpie,gkf,16,background,Ba3PBr3
rf_magpie,gkf,16,background,Ba3PCl3
rf_magpie,gkf,16,background,Ba3PI3
rf_magpie,gkf,16,background,Ca3PBr3
rf_magpie,gkf,16,background,Mg3PCl3
rf_magpie,gkf,16,background,Ba3SbI3
rf_magpie,gkf,16,background,Ca3SbCl3
rf_magpie,gkf,16,background,Ca3SbF3
rf_magpie,gkf,16,background,Mg3SbCl3
rf_magpie,gkf,16,background,Mg3SbF3
rf_magpie,gkf,16,background,Sr3SbI3
rf_magpie,gkf,17,test,Ba3AsBr3
rf_magpie,gkf,17,test,Ca3AsF3
rf_magpie,gkf,17,test,Ca3BiI3
rf_magpie,gkf,17,test,Mg3PCl3
rf_magpie,gkf,17,test,Ca3SbCl3
rf_magpie,gkf,17,test,Ca3SbF3
rf_magpie,gkf,17,test,Mg3SbCl3
rf_magpie,gkf,17,test,Sr3SbCl3
rf_magpie,gkf,17,background,Ba3AsCl3
rf_magpie,gkf,17,background,Ba3AsI3
rf_magpie,gkf,17,background,Sr3AsCl3
rf_magpie,gkf,17,background,Sr3AsI3
rf_magpie,gkf,17,background,Ba3BiBr3
rf_magpie,gkf,17,background,Ba3BiCl3
rf_magpie,gkf,17,background,Mg3BiBr3
rf_magpie,gkf,17,background,Ba3PBr3
rf_magpie,gkf,17,background,Ba3PCl3
rf_magpie,gkf,17,background,Ca3PBr3
rf_magpie,gkf,17,background,Ca3PCl3
rf_magpie,gkf,17,background,Ca3PF3
rf_magpie,gkf,17,background,Ca3PI3
rf_magpie,gkf,17,background,Mg3PBr3
rf_magpie,gkf,17,background,Ba3SbCl3
rf_magpie,gkf,17,background,Ba3SbI3
rf_magpie,gkf,17,background,Ca3SbBr3
rf_magpie,gkf,17,background,Mg3SbBr3
rf_magpie,gkf,17,background,Mg3SbF3
rf_magpie,gkf,17,background,Mg3SbI3
rf_magpie,gkf,18,test,Ba3AsI3
rf_magpie,gkf,18,test,Mg3AsBr3
rf_magpie,gkf,18,test,Sr3AsI3
rf_magpie,gkf,18,test,Ba3BiCl3
rf_magpie,gkf,18,test,Mg3BiBr3
rf_magpie,gkf,18,test,Ca3PBr3
rf_magpie,gkf,18,test,Sr3PBr3
rf_magpie,gkf,18,test,Mg3SbF3
rf_magpie,gkf,18,background,Ba3AsBr3
rf_magpie,gkf,18,background,Ba3AsCl3
rf_magpie,gkf,18,background,Sr3AsCl3
rf_magpie,gkf,18,background,Ba3BiBr3
rf_magpie,gkf,18,background,Ca3BiI3
rf_magpie,gkf,18,background,Mg3BiI3
rf_magpie,gkf,18,background,Ba3PCl3
rf_magpie,gkf,18,background,Ba3PI3
rf_magpie,gkf,18,background,Ca3PCl3
rf_magpie,gkf,18,background,Ca3PI3
rf_magpie,gkf,18,background,Mg3PBr3
rf_magpie,gkf,18,background,Sr3PCl3
rf_magpie,gkf,18,background,Sr3PI3
rf_magpie,gkf,18,background,Ba3SbCl3
rf_magpie,gkf,18,background,Ca3SbBr3
rf_magpie,gkf,18,background,Ca3SbCl3
rf_magpie,gkf,18,background,Mg3SbBr3
rf_magpie,gkf,18,background,Mg3SbCl3
rf_magpie,gkf,18,background,Mg3SbI3
rf_magpie,gkf,18,background,Sr3SbCl3
rf_magpie,gkf,19,test,Sr3AsCl3
rf_magpie,gkf,19,test,Ba3PBr3
rf_magpie,gkf,19,test,Ba3PCl3
rf_magpie,gkf,19,test,Ba3PI3
rf_magpie,gkf,19,test,Mg3PI3
rf_magpie,gkf,19,test,Ba3SbI3
rf_magpie,gkf,19,test,Sr3SbI3
rf_magpie,gkf,19,background,Ba3AsBr3
rf_magpie,gkf,19,background,Ba3AsCl3
rf_magpie,gkf,19,background,Ba3AsI3
rf_magpie,gkf,19,background,Ca3AsBr3
rf_magpie,gkf,19,background,Mg3AsBr3
rf_magpie,gkf,19,background,Ba3BiI3
rf_magpie,gkf,19,background,Ca3BiI3
rf_magpie,gkf,19,background,Mg3BiBr3
rf_magpie,gkf,19,background,Mg3BiI3
rf_magpie,gkf,19,background,Ca3PCl3
rf_magpie,gkf,19,background,Ca3PF3
rf_magpie,gkf,19,background,Ca3PI3
rf_magpie,gkf,19,background,Mg3PBr3
rf_magpie,gkf,19,background,Mg3PCl3
rf_magpie,gkf,19,background,Sr3PBr3
rf_magpie,gkf,19,background,Sr3PCl3
rf_magpie,gkf,19,background,Ba3SbBr3
rf_magpie,gkf,19,background,Ca3SbF3
rf_magpie,gkf,19,background,Mg3SbF3
rf_magpie,gkf,19,background,Mg3SbI3
rf_magpie,gkf,20,test,Ca3AsF3
rf_magpie,gkf,20,test,Sr3AsI3
rf_magpie,gkf,20,test,Ba3BiCl3
rf_magpie,gkf,20,test,Mg3BiBr3
rf_magpie,gkf,20,test,Ba3PCl3
rf_magpie,gkf,20,test,Ca3PBr3
rf_magpie,gkf,20,test,Sr3PI3
rf_magpie,gkf,20,test,Sr3SbI3
rf_magpie,gkf,20,background,Ba3AsCl3
rf_magpie,gkf,20,background,Ca3AsBr3
rf_magpie,gkf,20,background,Ba3BiBr3
rf_magpie,gkf,20,background,Ba3BiI3
rf_magpie,gkf,20,background,Ca3BiI3
rf_magpie,gkf,20,background,Ba3PI3
rf_magpie,gkf,20,background,Ca3PCl3
rf_magpie,gkf,20,background,Ca3PI3
rf_magpie,gkf,20,background,Mg3PCl3
rf_magpie,gkf,20,background,Sr3PBr3
rf_magpie,gkf,20,background,Sr3PCl3
rf_magpie,gkf,20,background,Ba3SbBr3
rf_magpie,gkf,20,background,Ba3SbI3
rf_magpie,gkf,20,background,Ca3SbBr3
rf_magpie,gkf,20,background,Ca3SbCl3
rf_magpie,gkf,20,background,Ca3SbF3
rf_magpie,gkf,20,background,Mg3SbBr3
rf_magpie,gkf,20,background,Mg3SbCl3
rf_magpie,gkf,20,background,Mg3SbF3
rf_magpie,gkf,20,background,Sr3SbCl3
rf_magpie,gkf,21,test,Ba3AsI3
rf_magpie,gkf,21,test,Ba3BiBr3
rf_magpie,gkf,21,test,Ba3PI3
rf_magpie,gkf,21,test,Ca3PCl3
rf_magpie,gkf,21,test,Ca3PF3
rf_magpie,gkf,21,test,Mg3PBr3
rf_magpie,gkf,21,test,Mg3SbF3
rf_magpie,gkf,21,test,Sr3SbCl3
rf_magpie,gkf,21,background,Ba3AsBr3
rf_magpie,gkf,21,background,Ba3AsCl3
rf_magpie,gkf,21,background,Ca3AsF3
rf_magpie,gkf,21,background,Sr3AsCl3
rf_magpie,gkf,21,background,Sr3AsI3
rf_magpie,gkf,21,background,Ba3BiI3
rf_magpie,gkf,21,background,Mg3BiBr3
rf_magpie,gkf,21,background,Ba3PBr3
rf_magpie,gkf,21,background,Ca3PBr3
rf_magpie,gkf,21,background,Ca3PI3
rf_magpie,gkf,21,background,Mg3PCl3
rf_magpie,gkf,21,background,Mg3PI3
rf_magpie,gkf,21,background,Sr3PBr3
rf_magpie,gkf,21,background,Sr3PI3
rf_magpie,gkf,21,background,Ba3SbBr3
rf_magpie,gkf,21,background,Ba3SbI3
rf_magpie,gkf,21,background,Ca3SbF3
rf_magpie,gkf,21,background,Mg3SbCl3
rf_magpie,gkf,21,background,Mg3SbI3
rf_magpie,gkf,21,background,Sr3SbI3
rf_magpie,gkf,22,test,Ba3AsBr3
rf_magpie,gkf,22,test,Sr3AsCl3
rf_magpie,gkf,22,test,Ba3BiI3
rf_magpie,gkf,22,test,Ba3SbCl3
rf_magpie,gkf,22,test,Ba3SbI3
rf_magpie,gkf,22,test,Ca3SbBr3
rf_magpie,gkf,22,test,Ca3SbCl3
rf_magpie,gkf,22,test,Mg3SbCl3
rf_magpie,gkf,22,background,Ba3AsI3
rf_magpie,gkf,22,background,Ca3AsF3
rf_magpie,gkf,22,background,Ba3BiBr3
rf_magpie,gkf,22,background,Ba3BiCl3
rf_magpie,gkf,22,background,Ca3BiI3
rf_magpie,gkf,22,background,Mg3BiBr3
rf_magpie,gkf,22,background,Ba3PBr3
rf_magpie,gkf,22,background,Ca3PBr3
rf_magpie,gkf,22,background,Ca3PCl3
rf_magpie,gkf,22,background,Ca3PF3
rf_magpie,gkf,22,background,Ca3PI3
rf_magpie,gkf,22,background,Mg3PBr3
rf_magpie,gkf,22,background,Sr3PBr3
rf_magpie,gkf,22,background,Sr3PI3
rf_magpie,gkf,22,background,Ba3SbBr3
rf_magpie,gkf,22,background,Ca3SbF3
rf_magpie,gkf,22,background,Mg3SbBr3
rf_magpie,gkf,22,background,Mg3SbF3
rf_magpie,gkf,22,background,Mg3SbI3
rf_magpie,gkf,22,background,Sr3SbCl3
rf_magpie,gkf,23,test,Ba3AsCl3
rf_magpie,gkf,23,test,Mg3BiI3
rf_magpie,gkf,23,test,Ca3PI3
rf_magpie,gkf,23,test,Mg3PCl3
rf_magpie,gkf,23,test,Mg3PI3
rf_magpie,gkf,23,test,Sr3PBr3
rf_magpie,gkf,23,test,Ba3SbBr3
rf_magpie,gkf,23,test,Ca3SbF3
rf_magpie,gkf,23,background,Ca3AsBr3
rf_magpie,gkf,23,background,Ca3AsF3
rf_magpie,gkf,23,background,Mg3AsBr3
rf_magpie,gkf,23,background,Sr3AsCl3
rf_magpie,gkf,23,background,Sr3AsI3
rf_magpie,gkf,23,background,Ba3BiBr3
rf_magpie,gkf,23,background,Ba3BiCl3
rf_magpie,gkf,23,background,Ca3BiI3
rf_magpie,gkf,23,background,Mg3BiBr3
rf_magpie,gkf,23,background,Ba3PBr3
rf_magpie,gkf,23,background,Ba3PCl3
rf_magpie,gkf,23,background,Ca3PCl3
rf_magpie,gkf,23,background,Ca3PF3
rf_magpie,gkf,23,background,Sr3PI3
rf_magpie,gkf,23,background,Ba3SbCl3
rf_magpie,gkf,23,background,Ca3SbCl3
rf_magpie,gkf,23,background,Mg3SbBr3
rf_magpie,gkf,23,background,Mg3SbI3
rf_magpie,gkf,23,background,Sr3SbCl3
rf_magpie,gkf,23,background,Sr3SbI3
rf_magpie,gkf,24,test,Ca3AsBr3
rf_magpie,gkf,24,test,Mg3AsBr3
rf_magpie,gkf,24,test,Ca3BiI3
rf_magpie,gkf,24,test,Ba3PBr3
rf_magpie,gkf,24,test,Sr3PCl3
rf_magpie,gkf,24,test,Mg3SbBr3
rf_magpie,gkf,24,test,Mg3SbI3
rf_magpie,gkf,24,background,Ba3AsBr3
rf_magpie,gkf,24,background,Ba3AsI3
rf_magpie,gkf,24,background,Ca3AsF3
rf_magpie,gkf,24,background,Sr3AsI3
rf_magpie,gkf,24,background,Mg3BiBr3
rf_magpie,gkf,24,background,Ba3PCl3
rf_magpie,gkf,24,background,Ba3PI3
rf_magpie,gkf,24,background,Ca3PBr3
rf_magpie,gkf,24,background,Ca3PCl3
rf_magpie,gkf,24,background,Ca3PF3
rf_magpie,gkf,24,background,Ca3PI3
rf_magpie,gkf,24,background,Mg3PCl3
rf_magpie,gkf,24,background,Mg3PI3
rf_magpie,gkf,24,background,Sr3PBr3
rf_magpie,gkf,24,background,Ba3SbBr3
rf_magpie,gkf,24,background,Ba3SbI3
rf_magpie,gkf,24,background,Ca3SbBr3
rf_magpie,gkf,24,background,Ca3SbCl3
rf_magpie,gkf,24,background,Ca3SbF3
rf_magpie,gkf,24,background,Mg3SbCl3
rf_magpie,gkf,25,test,Ca3AsBr3
rf_magpie,gkf,25,test,Mg3AsBr3
rf_magpie,gkf,25,test,Ba3PI3
rf_magpie,gkf,25,test,Ca3PBr3
rf_magpie,gkf,25,test,Ca3PF3
rf_magpie,gkf,25,test,Mg3PBr3
rf_magpie,gkf,25,test,Sr3PCl3
rf_magpie,gkf,25,test,Sr3SbCl3
rf_magpie,gkf,25,background,Ba3AsBr3
rf_magpie,gkf,25,background,Ba3AsI3
rf_magpie,gkf,25,background,Ca3AsF3
rf_magpie,gkf,25,background,Sr3AsCl3
rf_magpie,gkf,25,background,Sr3AsI3
rf_magpie,gkf,25,background,Ba3BiBr3
rf_magpie,gkf,25,background,Ba3BiI3
rf_magpie,gkf,25,background,Mg3BiBr3
rf_magpie,gkf,25,background,Ba3PBr3
rf_magpie,gkf,25,background,Ca3PCl3
rf_magpie,gkf,25,background,Ca3PI3
rf_magpie,gkf,25,background,Mg3PCl3
rf_magpie,gkf,25,background,Mg3PI3
rf_magpie,gkf,25,background,Sr3PI3
rf_magpie,gkf,25,background,Ba3SbBr3
rf_magpie,gkf,25,background,Ba3SbCl3
rf_magpie,gkf,25,background,Ba3SbI3
rf_magpie,gkf,25,background,Ca3SbF3
rf_magpie,gkf,25,background,Mg3SbBr3
rf_magpie,gkf,25,background,Mg3SbI3
rf_magpie,gkf,26,test,Ca3AsF3
rf_magpie,gkf,26,test,Ba3BiBr3
rf_magpie,gkf,26,test,Ba3BiI3
rf_magpie,gkf,26,test,Ba3PBr3
rf_magpie,gkf,26,test,Ba3PCl3
rf_magpie,gkf,26,test,Ba3SbBr3
rf_magpie,gkf,26,test,Ba3SbCl3
rf_magpie,gkf,26,test,Ca3SbBr3
rf_magpie,gkf,26,background,Ba3AsCl3
rf_magpie,gkf,26,background,Ba3AsI3
rf_magpie,gkf,26,background,Mg3AsBr3
rf_magpie,gkf,26,background,Sr3AsI3
rf_magpie,gkf,26,background,Ba3BiCl3
rf_magpie,gkf,26,background,Mg3BiBr3
rf_magpie,gkf,26,background,Mg3BiI3
rf_magpie,gkf,26,background,Ba3PI3
rf_magpie,gkf,26,background,Ca3PBr3
rf_magpie,gkf,26,background,Ca3PI3
rf_magpie,gkf,26,background,Mg3PBr3
rf_magpie,gkf,26,background,Mg3PCl3
rf_magpie,gkf,26,background,Sr3PCl3
rf_magpie,gkf,26,background,Sr3PI3
rf_magpie,gkf,26,background,Ca3SbCl3
rf_magpie,gkf,26,background,Ca3SbF3
rf_magpie,gkf,26,background,Mg3SbCl3
rf_magpie,gkf,26,background,Mg3SbI3
rf_magpie,gkf,26,background,Sr3SbCl3
rf_magpie,gkf,26,background,Sr3SbI3
rf_magpie,gkf,27,test,Ba3AsBr3
rf_magpie,gkf,27,test,Sr3AsI3
rf_magpie,gkf,27,test,Mg3BiI3
rf_magpie,gkf,27,test,Ca3PI3
rf_magpie,gkf,27,test,Mg3PI3
rf_magpie,gkf,27,test,Ca3SbCl3
rf_magpie,gkf,27,test,Ca3SbF3
rf_magpie,gkf,27,test,Mg3SbCl3
rf_magpie,gkf,27,background,Ba3AsI3
rf_magpie,gkf,27,background,Mg3AsBr3
rf_magpie,gkf,27,background,Sr3AsCl3
rf_magpie,gkf,27,background,Ba3BiCl3
rf_magpie,gkf,27,background,Ba3BiI3
rf_magpie,gkf,27,background,Ca3BiI3
rf_magpie,gkf,27,background,Mg3BiBr3
rf_magpie,gkf,27,background,Ba3PCl3
rf_magpie,gkf,27,background,Ba3PI3
rf_magpie,gkf,27,background,Ca3PBr3
rf_magpie,gkf,27,background,Ca3PCl3
rf_magpie,gkf,27,background,Ca3PF3
rf_magpie,gkf,27,background,Mg3PBr3
rf_magpie,gkf,27,background,Ba3SbBr3
rf_magpie,gkf,27,background,Ba3SbCl3
rf_magpie,gkf,27,background,Ca3SbBr3
rf_magpie,gkf,27,background,Mg3SbF3
rf_magpie,gkf,27,background,Mg3SbI3
rf_magpie,gkf,27,background,Sr3SbCl3
rf_magpie,gkf,27,background,Sr3SbI3
rf_magpie,gkf,28,test,Ba3AsI3
rf_magpie,gkf,28,test,Sr3AsCl3
rf_magpie,gkf,28,test,Ba3BiCl3
rf_magpie,gkf,28,test,Ca3PCl3
rf_magpie,gkf,28,test,Mg3PCl3
rf_magpie,gkf,28,test,Sr3PBr3
rf_magpie,gkf,28,test,Mg3SbBr3
rf_magpie,gkf,28,test,Mg3SbF3
rf_magpie,gkf,28,background,Ba3AsBr3
rf_magpie,gkf,28,background,Ba3AsCl3
rf_magpie,gkf,28,background,Ca3AsBr3
rf_magpie,gkf,28,background,Ca3AsF3
rf_magpie,gkf,28,background,Ba3BiBr3
rf_magpie,gkf,28,background,Ba3BiI3
rf_magpie,gkf,28,background,Ca3BiI3
rf_magpie,gkf,28,background,Mg3BiBr3
rf_magpie,gkf,28,background,Ba3PBr3
rf_magpie,gkf,28,background,Ba3PCl3
rf_magpie,gkf,28,background,Ca3PBr3
rf_magpie,gkf,28,background,Ca3PI3
rf_magpie,gkf,28,background,Mg3PBr3
rf_magpie,gkf,28,background,Mg3PI3
rf_magpie,gkf,28,background,Ba3SbBr3
rf_magpie,gkf,28,background,Ca3SbCl3
rf_magpie,gkf,28,background,Ca3SbF3
rf_magpie,gkf,28,background,Mg3SbCl3
rf_magpie,gkf,28,background,Mg3SbI3
rf_magpie,gkf,28,background,Sr3SbI3
rf_magpie,gkf,29,test,Ba3AsCl3
rf_magpie,gkf,29,test,Ca3BiI3
rf_magpie,gkf,29,test,Mg3BiBr3
rf_magpie,gkf,29,test,Sr3PI3
rf_magpie,gkf,29,test,Ba3SbI3
rf_magpie,gkf,29,test,Mg3SbI3
rf_magpie,gkf,29,test,Sr3SbI3
rf_magpie,gkf,29,background,Ba3AsBr3
rf_magpie,gkf,29,background,Ca3AsF3
rf_magpie,gkf,29,background,Mg3AsBr3
rf_magpie,gkf,29,background,Sr3AsCl3
rf_magpie,gkf,29,background,Sr3AsI3
rf_magpie,gkf,29,background,Ba3BiCl3
rf_magpie,gkf,29,background,Ba3BiI3
rf_magpie,gkf,29,background,Mg3BiI3
rf_magpie,gkf,29,background,Ba3PBr3
rf_magpie,gkf,29,background,Ba3PCl3
rf_magpie,gkf,29,background,Ca3PBr3
rf_magpie,gkf,29,background,Ca3PCl3
rf_magpie,gkf,29,background,Ca3PI3
rf_magpie,gkf,29,background,Mg3PBr3
rf_magpie,gkf,29,background,Mg3PI3
rf_magpie,gkf,29,background,Sr3PBr3
rf_magpie,gkf,29,background,Ba3SbCl3
rf_magpie,gkf,29,background,Ca3SbBr3
rf_magpie,gkf,29,background,Ca3SbCl3
rf_magpie,gkf,29,background,Mg3SbCl3
rf_magpie,gkf,30,test,Ca3AsF3
rf_magpie,gkf,30,test,Ba3BiCl3
rf_magpie,gkf,30,test,Ca3BiI3
rf_magpie,gkf,30,test,Mg3BiI3
rf_magpie,gkf,30,test,Ca3PCl3
rf_magpie,gkf,30,test,Sr3PBr3
rf_magpie,gkf,30,test,Ba3SbBr3
rf_magpie,gkf,30,test,Mg3SbCl3
rf_magpie,gkf,30,background,Ba3AsBr3
rf_magpie,gkf,30,background,Ba3AsI3
rf_magpie,gkf,30,background,Mg3AsBr3
rf_magpie,gkf,30,background,Sr3AsCl3
rf_magpie,gkf,30,background,Ba3BiBr3
rf_magpie,gkf,30,background,Ba3BiI3
rf_magpie,gkf,30,background,Mg3BiBr3
rf_magpie,gkf,30,background,Ba3PCl3
rf_magpie,gkf,30,background,Ca3PBr3
rf_magpie,gkf,30,background,Ca3PI3
rf_magpie,gkf,30,background,Mg3PBr3
rf_magpie,gkf,30,background,Mg3PCl3
rf_magpie,gkf,30,background,Mg3PI3
rf_magpie,gkf,30,background,Sr3PCl3
rf_magpie,gkf,30,background,Sr3PI3
rf_magpie,gkf,30,background,Ba3SbCl3
rf_magpie,gkf,30,background,Ca3SbBr3
rf_magpie,gkf,30,background,Ca3SbF3
rf_magpie,gkf,30,background,Sr3SbCl3
rf_magpie,gkf,30,background,Sr3SbI3
rf_magpie,gkf,31,test,Ba3AsCl3
rf_magpie,gkf,31,test,Ca3AsBr3
rf_magpie,gkf,31,test,Sr3AsI3
rf_magpie,gkf,31,test,Mg3BiBr3
rf_magpie,gkf,31,test,Ca3PF3
rf_magpie,gkf,31,test,Ba3SbI3
rf_magpie,gkf,31,test,Ca3SbCl3
rf_magpie,gkf,31,test,Sr3SbI3
rf_magpie,gkf,31,background,Ba3AsBr3
rf_magpie,gkf,31,background,Ba3AsI3
rf_magpie,gkf,31,background,Mg3AsBr3
rf_magpie,gkf,31,background,Sr3AsCl3
rf_magpie,gkf,31,background,Ba3BiI3
rf_magpie,gkf,31,background,Ca3BiI3
rf_magpie,gkf,31,background,Mg3BiI3
rf_magpie,gkf,31,background,Ba3PBr3
rf_magpie,gkf,31,background,Ba3PCl3
rf_magpie,gkf,31,background,Ca3PBr3
rf_magpie,gkf,31,background,Ca3PI3
rf_magpie,gkf,31,background,Mg3PBr3
rf_magpie,gkf,31,background,Mg3PCl3
rf_magpie,gkf,31,background,Mg3PI3
rf_magpie,gkf,31,background,Sr3PBr3
rf_magpie,gkf,31,background,Sr3PI3
rf_magpie,gkf,31,background,Ba3SbBr3
rf_magpie,gkf,31,background,Ca3SbF3
rf_magpie,gkf,31,background,Mg3SbCl3
rf_magpie,gkf,31,background,Mg3SbF3
rf_magpie,gkf,32,test,Ba3AsBr3
rf_magpie,gkf,32,test,Mg3AsBr3
rf_magpie,gkf,32,test,Ba3PBr3
rf_magpie,gkf,32,test,Ba3PCl3
rf_magpie,gkf,32,test,Sr3PCl3
rf_magpie,gkf,32,test,Sr3PI3
rf_magpie,gkf,32,test,Ca3SbF3
rf_magpie,gkf,32,test,Mg3SbF3
rf_magpie,gkf,32,background,Ba3AsCl3
rf_magpie,gkf,32,background,Ba3AsI3
rf_magpie,gkf,32,background,Ca3AsBr3
rf_magpie,gkf,32,background,Ca3AsF3
rf_magpie,gkf,32,background,Sr3AsCl3
rf_magpie,gkf,32,background,Ba3BiBr3
rf_magpie,gkf,32,background,Ba3BiI3
rf_magpie,gkf,32,background,Ca3BiI3
rf_magpie,gkf,32,background,Mg3BiBr3
rf_magpie,gkf,32,background,Mg3BiI3
rf_magpie,gkf,32,background,Ca3PBr3
rf_magpie,gkf,32,background,Ca3PCl3
rf_magpie,gkf,32,background,Ca3PF3
rf_magpie,gkf,32,background,Mg3PBr3
rf_magpie,gkf,32,background,Mg3PI3
rf_magpie,gkf,32,background,Ba3SbBr3
rf_magpie,gkf,32,background,Ba3SbI3
rf_magpie,gkf,32,background,Ca3SbBr3
rf_magpie,gkf,32,background,Ca3SbCl3
rf_magpie,gkf,32,background,Sr3SbI3
rf_magpie,gkf,33,test,Ba3AsI3
rf_magpie,gkf,33,test,Ba3BiBr3
rf_magpie,gkf,33,test,Ca3PI3
rf_magpie,gkf,33,test,Mg3PBr3
rf_magpie,gkf,33,test,Mg3PCl3
rf_magpie,gkf,33,test,Mg3PI3
rf_magpie,gkf,33,test,Ca3SbBr3
rf_magpie,gkf,33,test,Mg3SbI3
rf_magpie,gkf,33,background,Ca3AsBr3
rf_magpie,gkf,33,background,Ca3AsF3
rf_magpie,gkf,33,background,Sr3AsCl3
rf_magpie,gkf,33,background,Ba3BiCl3
rf_magpie,gkf,33,background,Ca3BiI3
rf_magpie,gkf,33,background,Mg3BiI3
rf_magpie,gkf,33,background,Ba3PBr3
rf_magpie,gkf,33,background,Ba3PCl3
rf_magpie,gkf,33,background,Ca3PBr3
rf_magpie,gkf,33,background,Ca3PCl3
rf_magpie,gkf,33,background,Ca3PF3
rf_magpie,gkf,33,background,Sr3PBr3
rf_magpie,gkf,33,background,Ba3SbBr3
rf_magpie,gkf,33,background,Ba3SbCl3
rf_magpie,gkf,33,background,Ba3SbI3
rf_magpie,gkf,33,background,Ca3SbF3
rf_magpie,gkf,33,background,Mg3SbBr3
rf_magpie,gkf,33,background,Mg3SbCl3
rf_magpie,gkf,33,background,Sr3SbCl3
rf_magpie,gkf,33,background,Sr3SbI3
rf_magpie,gkf,34,test,Sr3AsCl3
rf_magpie,gkf,34,test,Ba3BiI3
rf_magpie,gkf,34,test,Ba3PI3
rf_magpie,gkf,34,test,Ca3PBr3
rf_magpie,gkf,34,test,Ba3SbCl3
rf_magpie,gkf,34,test,Mg3SbBr3
rf_magpie,gkf,34,test,Sr3SbCl3
rf_magpie,gkf,34,background,Ba3AsBr3
rf_magpie,gkf,34,background,Ba3AsCl3
rf_magpie,gkf,34,background,Ca3AsBr3
rf_magpie,gkf,34,background,Ca3AsF3
rf_magpie,gkf,34,background,Mg3AsBr3
rf_magpie,gkf,34,background,Ba3BiBr3
rf_magpie,gkf,34,background,Ba3BiCl3
rf_magpie,gkf,34,background,Ca3BiI3
rf_magpie,gkf,34,background,Mg3BiBr3
rf_magpie,gkf,34,background,Ba3PCl3
rf_magpie,gkf,34,background,Ca3PCl3
rf_magpie,gkf,34,background,Ca3PF3
rf_magpie,gkf,34,background,Mg3PBr3
rf_magpie,gkf,34,background,Mg3PI3
rf_magpie,gkf,34,background,Ba3SbI3
rf_magpie,gkf,34,background,Ca3SbF3
rf_magpie,gkf,34,background,Mg3SbCl3
rf_magpie,gkf,34,background,Mg3SbF3
rf_magpie,gkf,34,background,Mg3SbI3
rf_magpie,gkf,34,background,Sr3SbI3
rf_magpie,gkf,35,test,Ca3AsBr3
rf_magpie,gkf,35,test,Ca3AsF3
rf_magpie,gkf,35,test,Sr3AsI3
rf_magpie,gkf,35,test,Ca3BiI3
rf_magpie,gkf,35,test,Ba3PBr3
rf_magpie,gkf,35,test,Sr3PI3
rf_magpie,gkf,35,test,Ba3SbBr3
rf_magpie,gkf,35,test,Ca3SbCl3
rf_magpie,gkf,35,background,Ba3AsI3
rf_magpie,gkf,35,background,Mg3AsBr3
rf_magpie,gkf,35,background,Sr3AsCl3
rf_magpie,gkf,35,background,Ba3BiBr3
rf_magpie,gkf,35,background,Ba3BiCl3
rf_magpie,gkf,35,background,Mg3BiBr3
rf_magpie,gkf,35,background,Ba3PCl3
rf_magpie,gkf,35,background,Ba3PI3
rf_magpie,gkf,35,background,Ca3PBr3
rf_magpie,gkf,35,background,Ca3PCl3
rf_magpie,gkf,35,background,Ca3PF3
rf_magpie,gkf,35,background,Mg3PI3
rf_magpie,gkf,35,background,Sr3PBr3
rf_magpie,gkf,35,background,Ba3SbCl3
rf_magpie,gkf,35,background,Ca3SbBr3
rf_magpie,gkf,35,background,Ca3SbF3
rf_magpie,gkf,35,background,Mg3SbBr3
rf_magpie,gkf,35,background,Mg3SbCl3
rf_magpie,gkf,35,background,Mg3SbF3
rf_magpie,gkf,35,background,Sr3SbI3
rf_magpie,gkf,36,test,Sr3AsCl3
rf_magpie,gkf,36,test,Ba3BiBr3
rf_magpie,gkf,36,test,Ba3BiI3
rf_magpie,gkf,36,test,Mg3BiBr3
rf_magpie,gkf,36,test,Mg3BiI3
rf_magpie,gkf,36,test,Ca3PF3
rf_magpie,gkf,36,test,Sr3PBr3
rf_magpie,gkf,36,test,Mg3SbBr3
rf_magpie,gkf,36,background,Ba3AsBr3
rf_magpie,gkf,36,background,Ba3AsCl3
rf_magpie,gkf,36,background,Ca3AsBr3
rf_magpie,gkf,36,background,Mg3AsBr3
rf_magpie,gkf,36,background,Ba3BiCl3
rf_magpie,gkf,36,background,Ba3PI3
rf_magpie,gkf,36,background,Ca3PBr3
rf_magpie,gkf,36,background,Mg3PBr3
rf_magpie,gkf,36,background,Mg3PCl3
rf_magpie,gkf,36,background,Mg3PI3
rf_magpie,gkf,36,background,Sr3PCl3
rf_magpie,gkf,36,background,Sr3PI3
rf_magpie,gkf,36,background,Ba3SbCl3
rf_magpie,gkf,36,background,Ba3SbI3
rf_magpie,gkf,36,background,Ca3SbBr3
rf_magpie,gkf,36,background,Ca3SbCl3
rf_magpie,gkf,36,background,Ca3SbF3
rf_magpie,gkf,36,background,Mg3SbI3
rf_magpie,gkf,36,background,Sr3SbCl3
rf_magpie,gkf,36,background,Sr3SbI3
rf_magpie,gkf,37,test,Ba3PCl3
rf_magpie,gkf,37,test,Ca3PCl3
rf_magpie,gkf,37,test,Mg3PI3
rf_magpie,gkf,37,test,Sr3PCl3
rf_magpie,gkf,37,test,Ba3SbCl3
rf_magpie,gkf,37,test,Ca3SbBr3
rf_magpie,gkf,37,test,Ca3SbF3
rf_magpie,gkf,37,test,Mg3SbF3
rf_magpie,gkf,37,background,Ba3AsBr3
rf_magpie,gkf,37,background,Ba3AsCl3
rf_magpie,gkf,37,background,Ba3AsI3
rf_magpie,gkf,37,background,Ca3AsF3
rf_magpie,gkf,37,background,Ba3BiBr3
rf_magpie,gkf,37,background,Ba3BiCl3
rf_magpie,gkf,37,background,Ba3BiI3
rf_magpie,gkf,37,background,Mg3BiBr3
rf_magpie,gkf,37,background,Ba3PBr3
rf_magpie,gkf,37,background,Ca3PBr3
rf_magpie,gkf,37,background,Ca3PF3
rf_magpie,gkf,37,background,Mg3PBr3
rf_magpie,gkf,37,background,Mg3PCl3
rf_magpie,gkf,37,background,Sr3PBr3
rf_magpie,gkf,37,background,Sr3PI3
rf_magpie,gkf,37,background,Ba3SbBr3
rf_magpie,gkf,37,background,Ca3SbCl3
rf_magpie,gkf,37,background,Mg3SbBr3
rf_magpie,gkf,37,background,Mg3SbI3
rf_magpie,gkf,37,background,Sr3SbCl3
rf_magpie,gkf,38,test,Ba3AsI3
rf_magpie,gkf,38,test,Mg3AsBr3
rf_magpie,gkf,38,test,Ba3PI3
rf_magpie,gkf,38,test,Ca3PI3
rf_magpie,gkf,38,test,Mg3PCl3
rf_magpie,gkf,38,test,Mg3SbCl3
rf_magpie,gkf,38,test,Sr3SbCl3
rf_magpie,gkf,38,test,Sr3SbI3
rf_magpie,gkf,38,background,Ca3AsBr3
rf_magpie,gkf,38,background,Ca3AsF3
rf_magpie,gkf,38,background,Sr3AsCl3
rf_magpie,gkf,38,background,Ba3BiBr3
rf_magpie,gkf,38,background,Ba3BiI3
rf_magpie,gkf,38,background,Ca3BiI3
rf_magpie,gkf,38,background,Mg3BiI3
rf_magpie,gkf,38,background,Ba3PBr3
rf_magpie,gkf,38,background,Ca3PBr3
rf_magpie,gkf,38,background,Ca3PCl3
rf_magpie,gkf,38,background,Ca3PF3
rf_magpie,gkf,38,background,Mg3PBr3
rf_magpie,gkf,38,background,Mg3PI3
rf_magpie,gkf,38,background,Sr3PCl3
rf_magpie,gkf,38,background,Ba3SbBr3
rf_magpie,gkf,38,background,Ba3SbCl3
rf_magpie,gkf,38,background,Ca3SbBr3
rf_magpie,gkf,38,background,Ca3SbCl3
rf_magpie,gkf,38,background,Mg3SbF3
rf_magpie,gkf,38,background,Mg3SbI3
rf_magpie,gkf,39,test,Ba3AsBr3
rf_magpie,gkf,39,test,Ba3AsCl3
rf_magpie,gkf,39,test,Ba3BiCl3
rf_magpie,gkf,39,test,Ca3PBr3
rf_magpie,gkf,39,test,Mg3PBr3
rf_magpie,gkf,39,test,Ba3SbI3
rf_magpie,gkf,39,test,Mg3SbI3
rf_magpie,gkf,39,background,Ba3AsI3
rf_magpie,gkf,39,background,Ca3AsBr3
rf_magpie,gkf,39,background,Ca3AsF3
rf_magpie,gkf,39,background,Mg3AsBr3
rf_magpie,gkf,39,background,Ba3BiBr3
rf_magpie,gkf,39,background,Ba3BiI3
rf_magpie,gkf,39,background,Ca3BiI3
rf_magpie,gkf,39,background,Mg3BiBr3
rf_magpie,gkf,39,background,Mg3BiI3
rf_magpie,gkf,39,background,Ba3PBr3
rf_magpie,gkf,39,background,Ba3PCl3
rf_magpie,gkf,39,background,Ba3PI3
rf_magpie,gkf,39,background,Ca3PCl3
rf_magpie,gkf,39,background,Ca3PF3
rf_magpie,gkf,39,background,Mg3PI3
rf_magpie,gkf,39,background,Sr3PI3
rf_magpie,gkf,39,background,Ba3SbCl3
rf_magpie,gkf,39,background,Ca3SbBr3
rf_magpie,gkf,39,background,Mg3SbCl3
rf_magpie,gkf,39,background,Sr3SbCl3
rf_magpie,gkf,40,test,Ca3BiI3
rf_magpie,gkf,40,test,Ba3PI3
rf_magpie,gkf,40,test,Mg3PBr3
rf_magpie,gkf,40,test,Mg3PI3
rf_magpie,gkf,40,test,Sr3PBr3
rf_magpie,gkf,40,test,Ba3SbBr3
rf_magpie,gkf,40,test,Ca3SbF3
rf_magpie,gkf,40,test,Sr3SbCl3
rf_magpie,gkf,40,background,Ba3AsBr3
rf_magpie,gkf,40,background,Ba3AsCl3
rf_magpie,gkf,40,background,Ca3AsBr3
rf_magpie,gkf,40,background,Ca3AsF3
rf_magpie,gkf,40,background,Ba3BiCl3
rf_magpie,gkf,40,background,Ba3BiI3
rf_magpie,gkf,40,background,Mg3BiBr3
rf_magpie,gkf,40,background,Mg3BiI3
rf_magpie,gkf,40,background,Ba3PCl3
rf_magpie,gkf,40,background,Ca3PCl3
rf_magpie,gkf,40,background,Ca3PF3
rf_magpie,gkf,40,background,Ca3PI3
rf_magpie,gkf,40,background,Sr3PCl3
rf_magpie,gkf,40,background,Sr3PI3
rf_magpie,gkf,40,background,Ba3SbI3
rf_magpie,gkf,40,background,Ca3SbCl3
rf_magpie,gkf,40,background,Mg3SbBr3
rf_magpie,gkf,40,background,Mg3SbCl3
rf_magpie,gkf,40,background,Mg3SbF3
rf_magpie,gkf,40,background,Mg3SbI3
rf_magpie,gkf,41,test,Ba3AsCl3
rf_magpie,gkf,41,test,Mg3AsBr3
rf_magpie,gkf,41,test,Ba3BiCl3
rf_magpie,gkf,41,test,Mg3BiI3
rf_magpie,gkf,41,test,Ca3PF3
rf_magpie,gkf,41,test,Mg3PCl3
rf_magpie,gkf,41,test,Ba3SbCl3
rf_magpie,gkf,41,test,Mg3SbCl3
rf_magpie,gkf,41,background,Ba3AsBr3
rf_magpie,gkf,41,background,Ca3AsBr3
rf_magpie,gkf,41,background,Ca3AsF3
rf_magpie,gkf,41,background,Sr3AsCl3
rf_magpie,gkf,41,background,Sr3AsI3
rf_magpie,gkf,41,background,Ba3BiBr3
rf_magpie,gkf,41,background,Ba3BiI3
rf_magpie,gkf,41,background,Ca3BiI3
rf_magpie,gkf,41,background,Mg3BiBr3
rf_magpie,gkf,41,background,Ba3PCl3
rf_magpie,gkf,41,background,Ba3PI3
rf_magpie,gkf,41,background,Ca3PI3
rf_magpie,gkf,41,background,Mg3PI3
rf_magpie,gkf,41,background,Sr3PCl3
rf_magpie,gkf,41,background,Ba3SbBr3
rf_magpie,gkf,41,background,Ba3SbI3
rf_magpie,gkf,41,background,Ca3SbBr3
rf_magpie,gkf,41,background,Ca3SbF3
rf_magpie,gkf,41,background,Mg3SbF3
rf_magpie,gkf,41,background,Mg3SbI3
rf_magpie,gkf,42,test,Ca3AsBr3
rf_magpie,gkf,42,test,Sr3AsI3
rf_magpie,gkf,42,test,Ba3BiI3
rf_magpie,gkf,42,test,Ca3PI3
rf_magpie,gkf,42,test,Ba3SbI3
rf_magpie,gkf,42,test,Mg3SbBr3
rf_magpie,gkf,42,test,Mg3SbF3
rf_magpie,gkf,42,test,Mg3SbI3
rf_magpie,gkf,42,background,Ba3AsBr3
rf_magpie,gkf,42,background,Ba3AsCl3
rf_magpie,gkf,42,background,Ba3AsI3
rf_magpie,gkf,42,background,Mg3AsBr3
rf_magpie,gkf,42,background,Sr3AsCl3
rf_magpie,gkf,42,background,Mg3BiBr3
rf_magpie,gkf,42,background,Ba3PBr3
rf_magpie,gkf,42,background,Ba3PI3
rf_magpie,gkf,42,background,Ca3PBr3
rf_magpie,gkf,42,background,Ca3PCl3
rf_magpie,gkf,42,background,Ca3PF3
rf_magpie,gkf,42,background,Mg3PBr3
rf_magpie,gkf,42,background,Sr3PCl3
rf_magpie,gkf,42,background,Sr3PI3
rf_magpie,gkf,42,background,Ba3SbBr3
rf_magpie,gkf,42,background,Ca3SbBr3
rf_magpie,gkf,42,background,Ca3SbCl3
rf_magpie,gkf,42,background,Ca3SbF3
rf_magpie,gkf,42,background,Mg3SbCl3
rf_magpie,gkf,42,background,Sr3SbCl3
rf_magpie,gkf,43,test,Ba3AsBr3
rf_magpie,gkf,43,test,Ba3AsI3
rf_magpie,gkf,43,test,Mg3BiBr3
rf_magpie,gkf,43,test,Ba3PBr3
rf_magpie,gkf,43,test,Ba3PCl3
rf_magpie,gkf,43,test,Ca3PCl3
rf_magpie,gkf,43,test,Ca3SbBr3
rf_magpie,gkf,43,test,Sr3SbI3
rf_magpie,gkf,43,background,Ca3AsBr3
rf_magpie,gkf,43,background,Ca3AsF3
rf_magpie,gkf,43,background,Mg3AsBr3
rf_magpie,gkf,43,background,Sr3AsCl3
rf_magpie,gkf,43,background,Sr3AsI3
rf_magpie,gkf,43,background,Ba3BiBr3
rf_magpie,gkf,43,background,Ba3BiCl3
rf_magpie,gkf,43,background,Ba3BiI3
rf_magpie,gkf,43,background,Ca3BiI3
rf_magpie,gkf,43,background,Ba3PI3
rf_magpie,gkf,43,background,Ca3PBr3
rf_magpie,gkf,43,background,Ca3PI3
rf_magpie,gkf,43,background,Sr3PCl3
rf_magpie,gkf,43,background,Sr3PI3
rf_magpie,gkf,43,background,Ba3SbBr3
rf_magpie,gkf,43,background,Ca3SbCl3
rf_magpie,gkf,43,background,Mg3SbBr3
rf_magpie,gkf,43,background,Mg3SbF3
rf_magpie,gkf,43,background,Mg3SbI3
rf_magpie,gkf,43,background,Sr3SbCl3
rf_magpie,gkf,44,test,Ca3AsF3
rf_magpie,gkf,44,test,Sr3AsCl3
rf_magpie,gkf,44,test,Ba3BiBr3
rf_magpie,gkf,44,test,Ca3PBr3
rf_magpie,gkf,44,test,Sr3PCl3
rf_magpie,gkf,44,test,Sr3PI3
rf_magpie,gkf,44,test,Ca3SbCl3
rf_magpie,gkf,44,background,Ba3AsBr3
rf_magpie,gkf,44,background,Ba3AsCl3
rf_magpie,gkf,44,background,Ba3AsI3
rf_magpie,gkf,44,background,Sr3AsI3
rf_magpie,gkf,44,background,Ca3BiI3
rf_magpie,gkf,44,background,Mg3BiI3
rf_magpie,gkf,44,background,Ba3PCl3
rf_magpie,gkf,44,background,Ba3PI3
rf_magpie,gkf,44,background,Ca3PCl3
rf_magpie,gkf,44,background,Ca3PF3
rf_magpie,gkf,44,background,Mg3PBr3
rf_magpie,gkf,44,background,Mg3PCl3
rf_magpie,gkf,44,background,Mg3PI3
rf_magpie,gkf,44,background,Sr3PBr3
rf_magpie,gkf,44,background,Ba3SbBr3
rf_magpie,gkf,44,background,Ba3SbCl3
rf_magpie,gkf,44,background,Mg3SbBr3
rf_magpie,gkf,44,background,Mg3SbCl3
rf_magpie,gkf,44,background,Mg3SbI3
rf_magpie,gkf,44,background,Sr3SbCl3
rf_magpie,gkf,45,test,Ca3AsBr3
rf_magpie,gkf,45,test,Ba3BiBr3
rf_magpie,gkf,45,test,Ba3BiCl3
rf_magpie,gkf,45,test,Ba3PBr3
rf_magpie,gkf,45,test,Ba3PI3
rf_magpie,gkf,45,test,Mg3PI3
rf_magpie,gkf,45,test,Ba3SbI3
rf_magpie,gkf,45,test,Sr3SbI3
rf_magpie,gkf,45,background,Ca3AsF3
rf_magpie,gkf,45,background,Sr3AsCl3
rf_magpie,gkf,45,background,Sr3AsI3
rf_magpie,gkf,45,background,Ba3BiI3
rf_magpie,gkf,45,background,Ca3BiI3
rf_magpie,gkf,45,background,Mg3BiBr3
rf_magpie,gkf,45,background,Mg3BiI3
rf_magpie,gkf,45,background,Ca3PCl3
rf_magpie,gkf,45,background,Ca3PF3
rf_magpie,gkf,45,background,Mg3PBr3
rf_magpie,gkf,45,background,Mg3PCl3
rf_magpie,gkf,45,background,Sr3PBr3
rf_magpie,gkf,45,background,Sr3PCl3
rf_magpie,gkf,45,background,Sr3PI3
rf_magpie,gkf,45,background,Ba3SbBr3
rf_magpie,gkf,45,background,Ca3SbBr3
rf_magpie,gkf,45,background,Ca3SbCl3
rf_magpie,gkf,45,background,Mg3SbBr3
rf_magpie,gkf,45,background,Mg3SbCl3
rf_magpie,gkf,45,background,Mg3SbI3
rf_magpie,gkf,46,test,Ca3PBr3
rf_magpie,gkf,46,test,Ca3PCl3
rf_magpie,gkf,46,test,Ca3PI3
rf_magpie,gkf,46,test,Mg3PCl3
rf_magpie,gkf,46,test,Sr3PCl3
rf_magpie,gkf,46,test,Ba3SbCl3
rf_magpie,gkf,46,test,Mg3SbCl3
rf_magpie,gkf,46,test,Mg3SbI3
rf_magpie,gkf,46,background,Ba3AsBr3
rf_magpie,gkf,46,background,Ba3AsI3
rf_magpie,gkf,46,background,Ca3AsBr3
rf_magpie,gkf,46,background,Mg3AsBr3
rf_magpie,gkf,46,background,Sr3AsCl3
rf_magpie,gkf,46,background,Sr3AsI3
rf_magpie,gkf,46,background,Ba3BiBr3
rf_magpie,gkf,46,background,Ba3BiCl3
rf_magpie,gkf,46,background,Ba3BiI3
rf_magpie,gkf,46,background,Ca3BiI3
rf_magpie,gkf,46,background,Mg3BiBr3
rf_magpie,gkf,46,background,Mg3BiI3
rf_magpie,gkf,46,background,Ba3PCl3
rf_magpie,gkf,46,background,Ba3PI3
rf_magpie,gkf,46,background,Ca3PF3
rf_magpie,gkf,46,background,Mg3PI3
rf_magpie,gkf,46,background,Ba3SbBr3
rf_magpie,gkf,46,background,Ca3SbBr3
rf_magpie,gkf,46,background,Ca3SbF3
rf_magpie,gkf,46,background,Sr3SbCl3
rf_magpie,gkf,47,test,Ba3AsCl3
rf_magpie,gkf,47,test,Ca3AsF3
rf_magpie,gkf,47,test,Ca3BiI3
rf_magpie,gkf,47,test,Mg3BiI3
rf_magpie,gkf,47,test,Ba3PCl3
rf_magpie,gkf,47,test,Mg3PBr3
rf_magpie,gkf,47,test,Ba3SbBr3
rf_magpie,gkf,47,test,Ca3SbF3
rf_magpie,gkf,47,background,Ba3AsBr3
rf_magpie,gkf,47,background,Ba3AsI3
rf_magpie,gkf,47,background,Mg3AsBr3
rf_magpie,gkf,47,background,Sr3AsI3
rf_magpie,gkf,47,background,Ba3BiBr3
rf_magpie,gkf,47,background,Ba3BiCl3
rf_magpie,gkf,47,background,Ba3BiI3
rf_magpie,gkf,47,background,Ba3PBr3
rf_magpie,gkf,47,background,Ba3PI3
rf_magpie,gkf,47,background,Ca3PI3
rf_magpie,gkf,47,background,Mg3PCl3
rf_magpie,gkf,47,background,Mg3PI3
rf_magpie,gkf,47,background,Sr3PBr3
rf_magpie,gkf,47,background,Sr3PCl3
rf_magpie,gkf,47,background,Ba3SbCl3
rf_magpie,gkf,47,background,Ca3SbBr3
rf_magpie,gkf,47,background,Ca3SbCl3
rf_magpie,gkf,47,background,Mg3SbBr3
rf_magpie,gkf,47,background,Mg3SbF3
rf_magpie,gkf,47,background,Mg3SbI3
rf_magpie,gkf,48,test,Ba3AsBr3
rf_magpie,gkf,48,test,Ba3AsI3
rf_magpie,gkf,48,test,Mg3AsBr3
rf_magpie,gkf,48,test,Sr3AsI3
rf_magpie,gkf,48,test,Ca3PF3
rf_magpie,gkf,48,test,Ca3SbBr3
rf_magpie,gkf,48,test,Ca3SbCl3
rf_magpie,gkf,48,test,Sr3SbCl3
rf_magpie,gkf,48,background,Ba3AsCl3
rf_magpie,gkf,48,background,Ca3AsF3
rf_magpie,gkf,48,background,Sr3AsCl3
rf_magpie,gkf,48,background,Ba3BiBr3
rf_magpie,gkf,48,background,Ba3BiCl3
rf_magpie,gkf,48,background,Ba3BiI3
rf_magpie,gkf,48,background,Ca3BiI3
rf_magpie,gkf,48,background,Mg3BiBr3
rf_magpie,gkf,48,background,Mg3BiI3
rf_magpie,gkf,48,background,Ba3PCl3
rf_magpie,gkf,48,background,Ba3PI3
rf_magpie,gkf,48,background,Ca3PCl3
rf_magpie,gkf,48,background,Mg3PBr3
rf_magpie,gkf,48,background,Mg3PCl3
rf_magpie,gkf,48,background,Sr3PCl3
rf_magpie,gkf,48,background,Ba3SbCl3
rf_magpie,gkf,48,background,Ba3SbI3
rf_magpie,gkf,48,background,Ca3SbF3
rf_magpie,gkf,48,background,Mg3SbBr3
rf_magpie,gkf,48,background,Mg3SbI3
rf_magpie,gkf,49,test,Sr3AsCl3
rf_magpie,gkf,49,test,Ba3BiI3
rf_magpie,gkf,49,test,Mg3BiBr3
rf_magpie,gkf,49,test,Sr3PBr3
rf_magpie,gkf,49,test,Sr3PI3
rf_magpie,gkf,49,test,Mg3SbBr3
rf_magpie,gkf,49,test,Mg3SbF3
rf_magpie,gkf,49,background,Ba3AsBr3
rf_magpie,gkf,49,background,Ba3AsCl3
rf_magpie,gkf,49,background,Ba3AsI3
rf_magpie,gkf,49,background,Ca3AsF3
rf_magpie,gkf,49,background,Mg3AsBr3
rf_magpie,gkf,49,background,Ba3BiCl3
rf_magpie,gkf,49,background,Mg3BiI3
rf_magpie,gkf,49,background,Ba3PI3
rf_magpie,gkf,49,background,Ca3PBr3
rf_magpie,gkf,49,background,Ca3PCl3
rf_magpie,gkf,49,background,Ca3PF3
rf_magpie,gkf,49,background,Ca3PI3
rf_magpie,gkf,49,background,Mg3PI3
rf_magpie,gkf,49,background,Sr3PCl3
rf_magpie,gkf,49,background,Ba3SbCl3
rf_magpie,gkf,49,background,Ba3SbI3
rf_magpie,gkf,49,background,Ca3SbBr3
rf_magpie,gkf,49,background,Ca3SbCl3
rf_magpie,gkf,49,background,Mg3SbCl3
rf_magpie,gkf,49,background,Sr3SbI3
xgb_magpie,lobo,0,test,Ba3AsBr3
xgb_magpie,lobo,0,test,Ba3AsCl3
xgb_magpie,lobo,0,test,Ba3AsI3
xgb_magpie,lobo,0,test,Ca3AsBr3
xgb_magpie,lobo,0,test,Ca3AsF3
xgb_magpie,lobo,0,test,Mg3AsBr3
xgb_magpie,lobo,0,test,Sr3AsCl3
xgb_magpie,lobo,0,test,Sr3AsI3
xgb_magpie,lobo,0,background,Ba3BiBr3
xgb_magpie,lobo,0,background,Ba3BiCl3
xgb_magpie,lobo,0,background,Ba3BiI3
xgb_magpie,lobo,0,background,Ca3BiI3
xgb_magpie,lobo,0,background,Mg3BiBr3
xgb_magpie,lobo,0,background,Ba3PBr3
xgb_magpie,lobo,0,background,Ba3PCl3
xgb_magpie,lobo,0,background,Ca3PBr3
xgb_magpie,lobo,0,background,Ca3PF3
xgb_magpie,lobo,0,background,Mg3PCl3
xgb_magpie,lobo,0,background,Mg3PI3
xgb_magpie,lobo,0,background,Sr3PBr3
xgb_magpie,lobo,0,background,Ba3SbBr3
xgb_magpie,lobo,0,background,Ca3SbCl3
xgb_magpie,lobo,0,background,Ca3SbF3
xgb_magpie,lobo,0,background,Mg3SbBr3
xgb_magpie,lobo,0,background,Mg3SbF3
xgb_magpie,lobo,0,background,Mg3SbI3
xgb_magpie,lobo,0,background,Sr3SbCl3
xgb_magpie,lobo,0,background,Sr3SbI3
xgb_magpie,lobo,1,test,Ba3BiBr3
xgb_magpie,lobo,1,test,Ba3BiCl3
xgb_magpie,lobo,1,test,Ba3BiI3
xgb_magpie,lobo,1,test,Ca3BiI3
xgb_magpie,lobo,1,test,Mg3BiBr3
xgb_magpie,lobo,1,test,Mg3BiI3
xgb_magpie,lobo,1,background,Ba3AsBr3
xgb_magpie,lobo,1,background,Ba3AsCl3
xgb_magpie,lobo,1,background,Mg3AsBr3
xgb_magpie,lobo,1,background,Sr3AsCl3
xgb_magpie,lobo,1,background,Sr3AsI3
xgb_magpie,lobo,1,background,Ba3PCl3
xgb_magpie,lobo,1,background,Ba3PI3
xgb_magpie,lobo,1,background,Ca3PBr3
xgb_magpie,lobo,1,background,Ca3PF3
xgb_magpie,lobo,1,background,Mg3PBr3
xgb_magpie,lobo,1,background,Sr3PCl3
xgb_magpie,lobo,1,background,Sr3PI3
xgb_magpie,lobo,1,background,Ba3SbCl3
xgb_magpie,lobo,1,background,Ca3SbCl3
xgb_magpie,lobo,1,background,Ca3SbF3
xgb_magpie,lobo,1,background,Mg3SbBr3
xgb_magpie,lobo,1,background,Mg3SbCl3
xgb_magpie,lobo,1,background,Mg3SbI3
xgb_magpie,lobo,1,background,Sr3SbCl3
xgb_magpie,lobo,1,background,Sr3SbI3
xgb_magpie,lobo,2,test,Ba3PBr3
xgb_magpie,lobo,2,test,Ba3PCl3
xgb_magpie,lobo,2,test,Ba3PI3
xgb_magpie,lobo,2,test,Ca3PBr3
xgb_magpie,lobo,2,test,Ca3PCl3
xgb_magpie,lobo,2,test,Ca3PF3
xgb_magpie,lobo,2,test,Ca3PI3
xgb_magpie,lobo,2,test,Mg3PBr3
xgb_magpie,lobo,2,test,Mg3PCl3
xgb_magpie,lobo,2,test,Mg3PI3
xgb_magpie,lobo,2,test,Sr3PBr3
xgb_magpie,lobo,2,test,Sr3PCl3
xgb_magpie,lobo,2,test,Sr3PI3
xgb_magpie,lobo,2,background,Ba3AsBr3
xgb_magpie,lobo,2,background,Ba3AsCl3
xgb_magpie,lobo,2,background,Ba3AsI3
xgb_magpie,lobo,2,background,Mg3AsBr3
xgb_magpie,lobo,2,background,Sr3AsCl3
xgb_magpie,lobo,2,background,Sr3AsI3
xgb_magpie,lobo,2,background,Ba3BiBr3
xgb_magpie,lobo,2,background,Ba3BiCl3
xgb_magpie,lobo,2,background,Ca3BiI3
xgb_magpie,lobo,2,background,Mg3BiBr3
xgb_magpie,lobo,2,background,Ba3SbCl3
xgb_magpie,lobo,2,background,Ba3SbI3
xgb_magpie,lobo,2,background,Ca3SbBr3
xgb_magpie,lobo,2,background,Ca3SbF3
xgb_magpie,lobo,2,background,Mg3SbBr3
xgb_magpie,lobo,2,background,Mg3SbCl3
xgb_magpie,lobo,2,background,Mg3SbF3
xgb_magpie,lobo,2,background,Mg3SbI3
xgb_magpie,lobo,2,background,Sr3SbCl3
xgb_magpie,lobo,2,background,Sr3SbI3
xgb_magpie,lobo,3,test,Ba3SbBr3
xgb_magpie,lobo,3,test,Ba3SbCl3
xgb_magpie,lobo,3,test,Ba3SbI3
xgb_magpie,lobo,3,test,Ca3SbBr3
xgb_magpie,lobo,3,test,Ca3SbCl3
xgb_magpie,lobo,3,test,Ca3SbF3
xgb_magpie,lobo,3,test,Mg3SbBr3
xgb_magpie,lobo,3,test,Mg3SbCl3
xgb_magpie,lobo,3,test,Mg3SbF3
xgb_magpie,lobo,3,test,Mg3SbI3
xgb_magpie,lobo,3,test,Sr3SbCl3
xgb_magpie,lobo,3,test,Sr3SbI3
xgb_magpie,lobo,3,background,Ba3AsBr3
xgb_magpie,lobo,3,background,Ba3AsCl3
xgb_magpie,lobo,3,background,Ba3AsI3
xgb_magpie,lobo,3,background,Ca3AsF3
xgb_magpie,lobo,3,background,Mg3AsBr3
xgb_magpie,lobo,3,background,Sr3AsI3
xgb_magpie,lobo,3,background,Ba3BiBr3
xgb_magpie,lobo,3,background,Ba3BiCl3
xgb_magpie,lobo,3,background,Ca3BiI3
xgb_magpie,lobo,3,background,Mg3BiI3
xgb_magpie,lobo,3,background,Ba3PBr3
xgb_magpie,lobo,3,background,Ba3PCl3
xgb_magpie,lobo,3,background,Ba3PI3
xgb_magpie,lobo,3,background,Ca3PCl3
xgb_magpie,lobo,3,background,Ca3PF3
xgb_magpie,lobo,3,background,Mg3PBr3
xgb_magpie,lobo,3,background,Mg3PCl3
xgb_magpie,lobo,3,background,Mg3PI3
xgb_magpie,lobo,3,background,Sr3PBr3
xgb_magpie,lobo,3,background,Sr3PCl3
xgb_magpie,gkf,0,test,Ca3AsF3
xgb_magpie,gkf,0,test,Sr3AsI3
xgb_magpie,gkf,0,test,Ba3BiCl3
xgb_magpie,gkf,0,test,Ba3PBr3
xgb_magpie,gkf,0,test,Mg3PCl3
xgb_magpie,gkf,0,test,Mg3PI3
xgb_magpie,gkf,0,test,Sr3PI3
xgb_magpie,gkf,0,test,Mg3SbF3
xgb_magpie,gkf,0,background,Ba3AsBr3
xgb_magpie,gkf,0,background,Ba3AsCl3
xgb_magpie,gkf,0,background,Ba3AsI3
xgb_magpie,gkf,0,background,Ca3AsBr3
xgb_magpie,gkf,0,background,Mg3AsBr3
xgb_magpie,gkf,0,background,Ba3BiBr3
xgb_magpie,gkf,0,background,Ba3BiI3
xgb_magpie,gkf,0,background,Mg3BiBr3
xgb_magpie,gkf,0,background,Ba3PCl3
xgb_magpie,gkf,0,background,Ca3PCl3
xgb_magpie,gkf,0,background,Ca3PF3
xgb_magpie,gkf,0,background,Ca3PI3
xgb_magpie,gkf,0,background,Sr3PCl3
xgb_magpie,gkf,0,background,Ca3SbBr3
xgb_magpie,gkf,0,background,Ca3SbCl3
xgb_magpie,gkf,0,background,Ca3SbF3
xgb_magpie,gkf,0,background,Mg3SbCl3
xgb_magpie,gkf,0,background,Mg3SbI3
xgb_magpie,gkf,0,background,Sr3SbCl3
xgb_magpie,gkf,0,background,Sr3SbI3
xgb_magpie,gkf,1,test,Ca3AsBr3
xgb_magpie,gkf,1,test,Mg3BiI3
xgb_magpie,gkf,1,test,Ba3PI3
xgb_magpie,gkf,1,test,Ca3PBr3
xgb_magpie,gkf,1,test,Ca3PCl3
xgb_magpie,gkf,1,test,Ca3PF3
xgb_magpie,gkf,1,test,Ba3SbBr3
xgb_magpie,gkf,1,test,Ca3SbBr3
xgb_magpie,gkf,1,background,Ba3AsBr3
xgb_magpie,gkf,1,background,Ba3AsCl3
xgb_magpie,gkf,1,background,Sr3AsCl3
xgb_magpie,gkf,1,background,Ba3BiBr3
xgb_magpie,gkf,1,background,Ba3BiCl3
xgb_magpie,gkf,1,background,Ba3BiI3
xgb_magpie,gkf,1,background,Ca3BiI3
xgb_magpie,gkf,1,background,Mg3BiBr3
xgb_magpie,gkf,1,background,Ba3PCl3
xgb_magpie,gkf,1,background,Ca3PI3
xgb_magpie,gkf,1,background,Mg3PBr3
xgb_magpie,gkf,1,background,Mg3PI3
xgb_magpie,gkf,1,background,Sr3PI3
xgb_magpie,gkf,1,background,Ba3SbCl3
xgb_magpie,gkf,1,background,Ba3SbI3
xgb_magpie,gkf,1,background,Ca3SbF3
xgb_magpie,gkf,1,background,Mg3SbBr3
xgb_magpie,gkf,1,background,Mg3SbCl3
xgb_magpie,gkf,1,background,Mg3SbI3
xgb_magpie,gkf,1,background,Sr3SbI3
xgb_magpie,gkf,2,test,Ba3AsBr3
xgb_magpie,gkf,2,test,Ba3AsCl3
xgb_magpie,gkf,2,test,Sr3AsCl3
xgb_magpie,gkf,2,test,Ba3BiI3
xgb_magpie,gkf,2,test,Mg3PBr3
xgb_magpie,gkf,2,test,Ba3SbI3
xgb_magpie,gkf,2,test,Ca3SbF3
xgb_magpie,gkf,2,test,Sr3SbCl3
xgb_magpie,gkf,2,background,Ba3AsI3
xgb_magpie,gkf,2,background,Ca3AsBr3
xgb_magpie,gkf,2,background,Ca3AsF3
xgb_magpie,gkf,2,background,Ba3BiBr3
xgb_magpie,gkf,2,background,Ba3BiCl3
xgb_magpie,gkf,2,background,Ca3BiI3
xgb_magpie,gkf,2,background,Mg3BiBr3
xgb_magpie,gkf,2,background,Mg3BiI3
xgb_magpie,gkf,2,background,Ba3PCl3
xgb_magpie,gkf,2,background,Ba3PI3
xgb_magpie,gkf,2,background,Ca3PF3
xgb_magpie,gkf,2,background,Ca3PI3
xgb_magpie,gkf,2,background,Sr3PBr3
xgb_magpie,gkf,2,background,Sr3PCl3
xgb_magpie,gkf,2,background,Ba3SbBr3
xgb_magpie,gkf,2,background,Ca3SbBr3
xgb_magpie,gkf,2,background,Ca3SbCl3
xgb_magpie,gkf,2,background,Mg3SbF3
xgb_magpie,gkf,2,background,Mg3SbI3
xgb_magpie,gkf,2,background,Sr3SbI3
xgb_magpie,gkf,3,test,Ba3AsI3
xgb_magpie,gkf,3,test,Ba3BiBr3
xgb_magpie,gkf,3,test,Mg3BiBr3
xgb_magpie,gkf,3,test,Sr3PBr3
xgb_magpie,gkf,3,test,Sr3PCl3
xgb_magpie,gkf,3,test,Ba3SbCl3
xgb_magpie,gkf,3,test,Mg3SbCl3
xgb_magpie,gkf,3,test,Mg3SbI3
xgb_magpie,gkf,3,background,Ba3AsBr3
xgb_magpie,gkf,3,background,Ca3AsBr3
xgb_magpie,gkf,3,background,Mg3AsBr3
xgb_magpie,gkf,3,background,Sr3AsCl3
xgb_magpie,gkf,3,background,Ba3BiI3
xgb_magpie,gkf,3,background,Ca3BiI3
xgb_magpie,gkf,3,background,Ba3PI3
xgb_magpie,gkf,3,background,Ca3PCl3
xgb_magpie,gkf,3,background,Ca3PF3
xgb_magpie,gkf,3,background,Mg3PBr3
xgb_magpie,gkf,3,background,Mg3PCl3
xgb_magpie,gkf,3,background,Sr3PI3
xgb_magpie,gkf,3,background,Ba3SbBr3
xgb_magpie,gkf,3,background,Ba3SbI3
xgb_magpie,gkf,3,background,Ca3SbBr3
xgb_magpie,gkf,3,background,Ca3SbCl3
xgb_magpie,gkf,3,background,Ca3SbF3
xgb_magpie,gkf,3,background,Mg3SbBr3
xgb_magpie,gkf,3,background,Mg3SbF3
xgb_magpie,gkf,3,background,Sr3SbCl3
xgb_magpie,gkf,4,test,Mg3AsBr3
xgb_magpie,gkf,4,test,Ca3BiI3
xgb_magpie,gkf,4,test,Ba3PCl3
xgb_magpie,gkf,4,test,Ca3PI3
xgb_magpie,gkf,4,test,Ca3SbCl3
xgb_magpie,gkf,4,test,Mg3SbBr3
xgb_magpie,gkf,4,test,Sr3SbI3
xgb_magpie,gkf,4,background,Ba3AsCl3
xgb_magpie,gkf,4,background,Ba3AsI3
xgb_magpie,gkf,4,background,Ca3AsF3
xgb_magpie,gkf,4,background,Sr3AsCl3
xgb_magpie,gkf,4,background,Ba3BiCl3
xgb_magpie,gkf,4,background,Ba3BiI3
xgb_magpie,gkf,4,background,Mg3BiI3
xgb_magpie,gkf,4,background,Ba3PBr3
xgb_magpie,gkf,4,background,Ba3PI3
xgb_magpie,gkf,4,background,Ca3PBr3
xgb_magpie,gkf,4,background,Ca3PCl3
xgb_magpie,gkf,4,background,Ca3PF3
xgb_magpie,gkf,4,background,Mg3PBr3
xgb_magpie,gkf,4,background,Mg3PCl3
xgb_magpie,gkf,4,background,Sr3PBr3
xgb_magpie,gkf,4,background,Sr3PCl3
xgb_magpie,gkf,4,background,Ba3SbCl3
xgb_magpie,gkf,4,background,Mg3SbF3
xgb_magpie,gkf,4,background,Mg3SbI3
xgb_magpie,gkf,4,background,Sr3SbCl3
xgb_magpie,gkf,5,test,Ba3AsBr3
xgb_magpie,gkf,5,test,Ca3AsBr3
xgb_magpie,gkf,5,test,Ba3BiCl3
xgb_magpie,gkf,5,test,Mg3BiBr3
xgb_magpie,gkf,5,test,Mg3PI3
xgb_magpie,gkf,5,test,Ba3SbCl3
xgb_magpie,gkf,5,test,Mg3SbBr3
xgb_magpie,gkf,5,test,Mg3SbCl3
xgb_magpie,gkf,5,background,Ba3AsCl3
xgb_magpie,gkf,5,background,Ca3AsF3
xgb_magpie,gkf,5,background,Mg3AsBr3
xgb_magpie,gkf,5,background,Sr3AsCl3
xgb_magpie,gkf,5,background,Ba3BiI3
xgb_magpie,gkf,5,background,Ba3PI3
xgb_magpie,gkf,5,background,Ca3PBr3
xgb_magpie,gkf,5,background,Ca3PCl3
xgb_magpie,gkf,5,background,Mg3PCl3
xgb_magpie,gkf,5,background,Sr3PBr3
xgb_magpie,gkf,5,background,Sr3PCl3
xgb_magpie,gkf,5,background,Sr3PI3
xgb_magpie,gkf,5,background,Ba3SbBr3
xgb_magpie,gkf,5,background,Ba3SbI3
xgb_magpie,gkf,5,background,Ca3SbCl3
xgb_magpie,gkf,5,background,Ca3SbF3
xgb_magpie,gkf,5,background,Mg3SbF3
xgb_magpie,gkf,5,background,Mg3SbI3
xgb_magpie,gkf,5,background,Sr3SbCl3
xgb_magpie,gkf,5,background,Sr3SbI3
xgb_magpie,gkf,6,test,Mg3AsBr3
xgb_magpie,gkf,6,test,Ba3BiI3
xgb_magpie,gkf,6,test,Ca3PBr3
xgb_magpie,gkf,6,test,Ca3PI3
xgb_magpie,gkf,6,test,Mg3PCl3
xgb_magpie,gkf,6,test,Ba3SbBr3
xgb_magpie,gkf,6,test,Ca3SbF3
xgb_magpie,gkf,6,test,Mg3SbI3
xgb_magpie,gkf,6,background,Ba3AsBr3
xgb_magpie,gkf,6,background,Ca3AsBr3
xgb_magpie,gkf,6,background,Sr3AsI3
xgb_magpie,gkf,6,background,Ba3BiBr3
xgb_magpie,gkf,6,background,Ba3BiCl3
xgb_magpie,gkf,6,background,Ca3BiI3
xgb_magpie,gkf,6,background,Mg3BiBr3
xgb_magpie,gkf,6,background,Mg3BiI3
xgb_magpie,gkf,6,background,Ba3PCl3
xgb_magpie,gkf,6,background,Ca3PF3
xgb_magpie,gkf,6,background,Mg3PBr3
xgb_magpie,gkf,6,background,Mg3PI3
xgb_magpie,gkf,6,background,Sr3PI3
xgb_magpie,gkf,6,background,Ba3SbCl3
xgb_magpie,gkf,6,background,Ba3SbI3
xgb_magpie,gkf,6,background,Ca3SbBr3
xgb_magpie,gkf,6,background,Mg3SbCl3
xgb_magpie,gkf,6,background,Mg3SbF3
xgb_magpie,gkf,6,background,Sr3SbCl3
xgb_magpie,gkf,6,background,Sr3SbI3
xgb_magpie,gkf,7,test,Ba3AsI3
xgb_magpie,gkf,7,test,Sr3AsCl3
xgb_magpie,gkf,7,test,Sr3AsI3
xgb_magpie,gkf,7,test,Ba3PCl3
xgb_magpie,gkf,7,test,Ca3PCl3
xgb_magpie,gkf,7,test,Sr3PBr3
xgb_magpie,gkf,7,test,Ba3SbI3
xgb_magpie,gkf,7,test,Sr3SbI3
xgb_magpie,gkf,7,background,Ca3AsBr3
xgb_magpie,gkf,7,background,Ca3AsF3
xgb_magpie,gkf,7,background,Ba3BiCl3
xgb_magpie,gkf,7,background,Ba3BiI3
xgb_magpie,gkf,7,background,Ca3BiI3
xgb_magpie,gkf,7,background,Mg3BiBr3
xgb_magpie,gkf,7,background,Mg3BiI3
xgb_magpie,gkf,7,background,Ba3PBr3
xgb_magpie,gkf,7,background,Ca3PI3
xgb_magpie,gkf,7,background,Mg3PI3
xgb_magpie,gkf,7,background,Sr3PCl3
xgb_magpie,gkf,7,background,Sr3PI3
xgb_magpie,gkf,7,background,Ba3SbBr3
xgb_magpie,gkf,7,background,Ba3SbCl3
xgb_magpie,gkf,7,background,Ca3SbBr3
xgb_magpie,gkf,7,background,Ca3SbF3
xgb_magpie,gkf,7,background,Mg3SbBr3
xgb_magpie,gkf,7,background,Mg3SbCl3
xgb_magpie,gkf,7,background,Mg3SbI3
xgb_magpie,gkf,7,background,Sr3SbCl3
xgb_magpie,gkf,8,test,Ba3AsCl3
xgb_magpie,gkf,8,test,Ca3BiI3
xgb_magpie,gkf,8,test,Mg3PBr3
xgb_magpie,gkf,8,test,Sr3PCl3
xgb_magpie,gkf,8,test,Sr3PI3
xgb_magpie,gkf,8,test,Ca3SbBr3
xgb_magpie,gkf,8,test,Mg3SbF3
xgb_magpie,gkf,8,test,Sr3SbCl3
xgb_magpie,gkf,8,background,Ba3AsI3
xgb_magpie,gkf,8,background,Ca3AsBr3
xgb_magpie,gkf,8,background,Ca3AsF3
xgb_magpie,gkf,8,background,Mg3AsBr3
xgb_magpie,gkf,8,background,Sr3AsCl3
xgb_magpie,gkf,8,background,Sr3AsI3
xgb_magpie,gkf,8,background,Ba3BiI3
xgb_magpie,gkf,8,background,Mg3BiBr3
xgb_magpie,gkf,8,background,Mg3BiI3
xgb_magpie,gkf,8,background,Ba3PBr3
xgb_magpie,gkf,8,background,Ba3PCl3
xgb_magpie,gkf,8,background,Ba3PI3
xgb_magpie,gkf,8,background,Ca3PBr3
xgb_magpie,gkf,8,background,Ca3PCl3
xgb_magpie,gkf,8,background,Ca3PF3
xgb_magpie,gkf,8,background,Sr3PBr3
xgb_magpie,gkf,8,background,Ba3SbBr3
xgb_magpie,gkf,8,background,Ba3SbI3
xgb_magpie,gkf,8,background,Mg3SbCl3
xgb_magpie,gkf,8,background,Sr3SbI3
xgb_magpie,gkf,9,test,Ca3AsF3
xgb_magpie,gkf,9,test,Ba3BiBr3
xgb_magpie,gkf,9,test,Mg3BiI3
xgb_magpie,gkf,9,test,Ba3PBr3
xgb_magpie,gkf,9,test,Ba3PI3
xgb_magpie,gkf,9,test,Ca3PF3
xgb_magpie,gkf,9,test,Ca3SbCl3
xgb_magpie,gkf,9,background,Ba3AsCl3
xgb_magpie,gkf,9,background,Ba3AsI3
xgb_magpie,gkf,9,background,Ca3AsBr3
xgb_magpie,gkf,9,background,Mg3AsBr3
xgb_magpie,gkf,9,background,Sr3AsI3
xgb_magpie,gkf,9,background,Ba3BiCl3
xgb_magpie,gkf,9,background,Ba3BiI3
xgb_magpie,gkf,9,background,Ca3PCl3
xgb_magpie,gkf,9,background,Ca3PI3
xgb_magpie,gkf,9,background,Mg3PCl3
xgb_magpie,gkf,9,background,Sr3PBr3
xgb_magpie,gkf,9,background,Sr3PCl3
xgb_magpie,gkf,9,background,Ba3SbBr3
xgb_magpie,gkf,9,background,Ba3SbCl3
xgb_magpie,gkf,9,background,Ca3SbBr3
xgb_magpie,gkf,9,background,Mg3SbBr3
xgb_magpie,gkf,9,background,Mg3SbCl3
xgb_magpie,gkf,9,background,Mg3SbF3
xgb_magpie,gkf,9,background,Mg3SbI3
xgb_magpie,gkf,9,background,Sr3SbI3
xgb_magpie,gkf,10,test,Ba3AsCl3
xgb_magpie,gkf,10,test,Ba3BiBr3
xgb_magpie,gkf,10,test,Ba3BiCl3
xgb_magpie,gkf,10,test,Ba3BiI3
xgb_magpie,gkf,10,test,Ca3PCl3
xgb_magpie,gkf,10,test,Mg3PCl3
xgb_magpie,gkf,10,test,Ba3SbBr3
xgb_magpie,gkf,10,test,Ba3SbCl3
xgb_magpie,gkf,10,background,Ba3AsBr3
xgb_magpie,gkf,10,background,Ba3AsI3
xgb_magpie,gkf,10,background,Ca3AsF3
xgb_magpie,gkf,10,background,Sr3AsCl3
xgb_magpie,gkf,10,background,Sr3AsI3
xgb_magpie,gkf,10,background,Ca3BiI3
xgb_magpie,gkf,10,background,Mg3BiBr3
xgb_magpie,gkf,10,background,Ba3PBr3
xgb_magpie,gkf,10,background,Ca3PBr3
xgb_magpie,gkf,10,background,Ca3PF3
xgb_magpie,gkf,10,background,Ca3PI3
xgb_magpie,gkf,10,background,Mg3PBr3
xgb_magpie,gkf,10,background,Sr3PBr3
xgb_magpie,gkf,10,background,Sr3PI3
xgb_magpie,gkf,10,background,Ba3SbI3
xgb_magpie,gkf,10,background,Ca3SbCl3
xgb_magpie,gkf,10,background,Ca3SbF3
xgb_magpie,gkf,10,background,Mg3SbCl3
xgb_magpie,gkf,10,background,Mg3SbF3
xgb_magpie,gkf,10,background,Sr3SbCl3
xgb_magpie,gkf,11,test,Ba3AsI3
xgb_magpie,gkf,11,test,Sr3AsCl3
xgb_magpie,gkf,11,test,Sr3AsI3
xgb_magpie,gkf,11,test,Ca3PI3
xgb_magpie,gkf,11,test,Sr3PI3
xgb_magpie,gkf,11,test,Ba3SbI3
xgb_magpie,gkf,11,test,Ca3SbBr3
xgb_magpie,gkf,11,test,Mg3SbBr3
xgb_magpie,gkf,11,background,Ca3AsBr3
xgb_magpie,gkf,11,background,Ca3AsF3
xgb_magpie,gkf,11,background,Mg3AsBr3
xgb_magpie,gkf,11,background,Ba3BiI3
xgb_magpie,gkf,11,background,Ca3BiI3
xgb_magpie,gkf,11,background,Ba3PBr3
xgb_magpie,gkf,11,background,Ba3PI3
xgb_magpie,gkf,11,background,Ca3PBr3
xgb_magpie,gkf,11,background,Ca3PF3
xgb_magpie,gkf,11,background,Mg3PBr3
xgb_magpie,gkf,11,background,Mg3PI3
xgb_magpie,gkf,11,background,Sr3PBr3
xgb_magpie,gkf,11,background,Sr3PCl3
xgb_magpie,gkf,11,background,Ba3SbBr3
xgb_magpie,gkf,11,background,Ba3SbCl3
xgb_magpie,gkf,11,background,Ca3SbCl3
xgb_magpie,gkf,11,background,Mg3SbCl3
xgb_magpie,gkf,11,background,Mg3SbI3
xgb_magpie,gkf,11,background,Sr3SbCl3
xgb_magpie,gkf,11,background,Sr3SbI3
xgb_magpie,gkf,12,test,Ba3AsBr3
xgb_magpie,gkf,12,test,Mg3BiBr3
xgb_magpie,gkf,12,test,Ba3PBr3
xgb_magpie,gkf,12,test,Ba3PI3
xgb_magpie,gkf,12,test,Mg3PBr3
xgb_magpie,gkf,12,test,Ca3SbF3
xgb_magpie,gkf,12,test,Mg3SbI3
xgb_magpie,gkf,12,test,Sr3SbI3
xgb_magpie,gkf,12,background,Ba3AsCl3
xgb_magpie,gkf,12,background,Ba3AsI3
xgb_magpie,gkf,12,background,Ca3AsF3
xgb_magpie,gkf,12,background,Sr3AsCl3
xgb_magpie,gkf,12,background,Ba3BiBr3
xgb_magpie,gkf,12,background,Ba3BiCl3
xgb_magpie,gkf,12,background,Ba3BiI3
xgb_magpie,gkf,12,background,Ca3BiI3
xgb_magpie,gkf,12,background,Mg3BiI3
xgb_magpie,gkf,12,background,Ba3PCl3
xgb_magpie,gkf,12,background,Ca3PF3
xgb_magpie,gkf,12,background,Ca3PI3
xgb_magpie,gkf,12,background,Mg3PCl3
xgb_magpie,gkf,12,background,Mg3PI3
xgb_magpie,gkf,12,background,Sr3PBr3
xgb_magpie,gkf,12,background,Sr3PCl3
xgb_magpie,gkf,12,background,Ba3SbCl3
xgb_magpie,gkf,12,background,Ba3SbI3
xgb_magpie,gkf,12,background,Ca3SbBr3
xgb_magpie,gkf,12,background,Ca3SbCl3
xgb_magpie,gkf,13,test,Ca3AsBr3
xgb_magpie,gkf,13,test,Mg3BiI3
xgb_magpie,gkf,13,test,Ca3PBr3
xgb_magpie,gkf,13,test,Ca3PF3
xgb_magpie,gkf,13,test,Mg3PI3
xgb_magpie,gkf,13,test,Sr3PBr3
xgb_magpie,gkf,13,test,Ca3SbCl3
xgb_magpie,gkf,13,test,Mg3SbCl3
xgb_magpie,gkf,13,background,Ba3AsBr3
xgb_magpie,gkf,13,background,Ba3AsI3
xgb_magpie,gkf,13,background,Ca3AsF3
xgb_magpie,gkf,13,background,Mg3AsBr3
xgb_magpie,gkf,13,background,Ba3BiCl3
xgb_magpie,gkf,13,background,Ba3BiI3
xgb_magpie,gkf,13,background,Mg3BiBr3
xgb_magpie,gkf,13,background,Ba3PBr3
xgb_magpie,gkf,13,background,Ba3PCl3
xgb_magpie,gkf,13,background,Ba3PI3
xgb_magpie,gkf,13,background,Ca3PI3
xgb_magpie,gkf,13,background,Mg3PBr3
xgb_magpie,gkf,13,background,Mg3PCl3
xgb_magpie,gkf,13,background,Sr3PCl3
xgb_magpie,gkf,13,background,Ba3SbBr3
xgb_magpie,gkf,13,background,Ba3SbCl3
xgb_magpie,gkf,13,background,Ca3SbBr3
xgb_magpie,gkf,13,background,Mg3SbF3
xgb_magpie,gkf,13,background,Mg3SbI3
xgb_magpie,gkf,13,background,Sr3SbI3
xgb_magpie,gkf,14,test,Ca3AsF3
xgb_magpie,gkf,14,test,Mg3AsBr3
xgb_magpie,gkf,14,test,Ca3BiI3
xgb_magpie,gkf,14,test,Ba3PCl3
xgb_magpie,gkf,14,test,Sr3PCl3
xgb_magpie,gkf,14,test,Mg3SbF3
xgb_magpie,gkf,14,test,Sr3SbCl3
xgb_magpie,gkf,14,background,Ba3AsBr3
xgb_magpie,gkf,14,background,Ba3AsCl3
xgb_magpie,gkf,14,background,Ca3AsBr3
xgb_magpie,gkf,14,background,Ba3BiBr3
xgb_magpie,gkf,14,background,Ba3BiCl3
xgb_magpie,gkf,14,background,Ba3BiI3
xgb_magpie,gkf,14,background,Mg3BiBr3
xgb_magpie,gkf,14,background,Ba3PBr3
xgb_magpie,gkf,14,background,Ba3PI3
xgb_magpie,gkf,14,background,Ca3PBr3
xgb_magpie,gkf,14,background,Ca3PCl3
xgb_magpie,gkf,14,background,Ca3PF3
xgb_magpie,gkf,14,background,Ca3PI3
xgb_magpie,gkf,14,background,Sr3PBr3
xgb_magpie,gkf,14,background,Ba3SbBr3
xgb_magpie,gkf,14,background,Ba3SbCl3
xgb_magpie,gkf,14,background,Mg3SbBr3
xgb_magpie,gkf,14,background,Mg3SbCl3
xgb_magpie,gkf,14,background,Mg3SbI3
xgb_magpie,gkf,14,background,Sr3SbI3
xgb_magpie,gkf,15,test,Ba3AsCl3
xgb_magpie,gkf,15,test,Ba3BiBr3
xgb_magpie,gkf,15,test,Ba3BiI3
xgb_magpie,gkf,15,test,Mg3BiI3
xgb_magpie,gkf,15,test,Ca3PF3
xgb_magpie,gkf,15,test,Ca3PI3
xgb_magpie,gkf,15,test,Mg3PBr3
xgb_magpie,gkf,15,test,Mg3SbI3
xgb_magpie,gkf,15,background,Ba3AsBr3
xgb_magpie,gkf,15,background,Ba3AsI3
xgb_magpie,gkf,15,background,Ca3AsBr3
xgb_magpie,gkf,15,background,Mg3AsBr3
xgb_magpie,gkf,15,background,Sr3AsCl3
xgb_magpie,gkf,15,background,Sr3AsI3
xgb_magpie,gkf,15,background,Ca3BiI3
xgb_magpie,gkf,15,background,Mg3BiBr3
xgb_magpie,gkf,15,background,Ba3PCl3
xgb_magpie,gkf,15,background,Ba3PI3
xgb_magpie,gkf,15,background,Ca3PBr3
xgb_magpie,gkf,15,background,Ca3PCl3
xgb_magpie,gkf,15,background,Mg3PCl3
xgb_magpie,gkf,15,background,Mg3PI3
xgb_magpie,gkf,15,background,Sr3PBr3
xgb_magpie,gkf,15,background,Sr3PI3
xgb_magpie,gkf,15,background,Ca3SbBr3
xgb_magpie,gkf,15,background,Mg3SbCl3
xgb_magpie,gkf,15,background,Mg3SbF3
xgb_magpie,gkf,15,background,Sr3SbI3
xgb_magpie,gkf,16,test,Ca3AsBr3
xgb_magpie,gkf,16,test,Ca3PCl3
xgb_magpie,gkf,16,test,Sr3PCl3
xgb_magpie,gkf,16,test,Sr3PI3
xgb_magpie,gkf,16,test,Ba3SbBr3
xgb_magpie,gkf,16,test,Ba3SbCl3
xgb_magpie,gkf,16,test,Ca3SbBr3
xgb_magpie,gkf,16,test,Mg3SbBr3
xgb_magpie,gkf,16,background,Ba3AsI3
xgb_magpie,gkf,16,background,Ca3AsF3
xgb_magpie,gkf,16,background,Sr3AsCl3
xgb_magpie,gkf,16,background,Sr3AsI3
xgb_magpie,gkf,16,background,Ba3BiBr3
xgb_magpie,gkf,16,background,Ba3BiCl3
xgb_magpie,gkf,16,background,Ba3BiI3
xgb_magpie,gkf,16,background,Ca3BiI3
xgb_magpie,gkf,16,background,Mg3BiI3
xgb_magpie,gkf,16,background,Ba3PBr3
xgb_magpie,gkf,16,background,Ba3PCl3
xgb_magpie,gkf,16,background,Ba3PI3
xgb_magpie,gkf,16,background,Ca3PBr3
xgb_magpie,gkf,16,background,Mg3PCl3
xgb_magpie,gkf,16,background,Ba3SbI3
xgb_magpie,gkf,16,background,Ca3SbCl3
xgb_magpie,gkf,16,background,Ca3SbF3
xgb_magpie,gkf,16,background,Mg3SbCl3
xgb_magpie,gkf,16,background,Mg3SbF3
xgb_magpie,gkf,16,background,Sr3SbI3
xgb_magpie,gkf,17,test,Ba3AsBr3
xgb_magpie,gkf,17,test,Ca3AsF3
xgb_magpie,gkf,17,test,Ca3BiI3
xgb_magpie,gkf,17,test,Mg3PCl3
xgb_magpie,gkf,17,test,Ca3SbCl3
xgb_magpie,gkf,17,test,Ca3SbF3
xgb_magpie,gkf,17,test,Mg3SbCl3
xgb_magpie,gkf,17,test,Sr3SbCl3
xgb_magpie,gkf,17,background,Ba3AsCl3
xgb_magpie,gkf,17,background,Ba3AsI3
xgb_magpie,gkf,17,background,Sr3AsCl3
xgb_magpie,gkf,17,background,Sr3AsI3
xgb_magpie,gkf,17,background,Ba3BiBr3
xgb_magpie,gkf,17,background,Ba3BiCl3
xgb_magpie,gkf,17,background,Mg3BiBr3
xgb_magpie,gkf,17,background,Ba3PBr3
xgb_magpie,gkf,17,background,Ba3PCl3
xgb_magpie,gkf,17,background,Ca3PBr3
xgb_magpie,gkf,17,background,Ca3PCl3
xgb_magpie,gkf,17,background,Ca3PF3
xgb_magpie,gkf,17,background,Ca3PI3
xgb_magpie,gkf,17,background,Mg3PBr3
xgb_magpie,gkf,17,background,Ba3SbCl3
xgb_magpie,gkf,17,background,Ba3SbI3
xgb_magpie,gkf,17,background,Ca3SbBr3
xgb_magpie,gkf,17,background,Mg3SbBr3
xgb_magpie,gkf,17,background,Mg3SbF3
xgb_magpie,gkf,17,background,Mg3SbI3
xgb_magpie,gkf,18,test,Ba3AsI3
xgb_magpie,gkf,18,test,Mg3AsBr3
xgb_magpie,gkf,18,test,Sr3AsI3
xgb_magpie,gkf,18,test,Ba3BiCl3
xgb_magpie,gkf,18,test,Mg3BiBr3
xgb_magpie,gkf,18,test,Ca3PBr3
xgb_magpie,gkf,18,test,Sr3PBr3
xgb_magpie,gkf,18,test,Mg3SbF3
xgb_magpie,gkf,18,background,Ba3AsBr3
xgb_magpie,gkf,18,background,Ba3AsCl3
xgb_magpie,gkf,18,background,Sr3AsCl3
xgb_magpie,gkf,18,background,Ba3BiBr3
xgb_magpie,gkf,18,background,Ca3BiI3
xgb_magpie,gkf,18,background,Mg3BiI3
xgb_magpie,gkf,18,background,Ba3PCl3
xgb_magpie,gkf,18,background,Ba3PI3
xgb_magpie,gkf,18,background,Ca3PCl3
xgb_magpie,gkf,18,background,Ca3PI3
xgb_magpie,gkf,18,background,Mg3PBr3
xgb_magpie,gkf,18,background,Sr3PCl3
xgb_magpie,gkf,18,background,Sr3PI3
xgb_magpie,gkf,18,background,Ba3SbCl3
xgb_magpie,gkf,18,background,Ca3SbBr3
xgb_magpie,gkf,18,background,Ca3SbCl3
xgb_magpie,gkf,18,background,Mg3SbBr3
xgb_magpie,gkf,18,background,Mg3SbCl3
xgb_magpie,gkf,18,background,Mg3SbI3
xgb_magpie,gkf,18,background,Sr3SbCl3
xgb_magpie,gkf,19,test,Sr3AsCl3
xgb_magpie,gkf,19,test,Ba3PBr3
xgb_magpie,gkf,19,test,Ba3PCl3
xgb_magpie,gkf,19,test,Ba3PI3
xgb_magpie,gkf,19,test,Mg3PI3
xgb_magpie,gkf,19,test,Ba3SbI3
xgb_magpie,gkf,19,test,Sr3SbI3
xgb_magpie,gkf,19,background,Ba3AsBr3
xgb_magpie,gkf,19,background,Ba3AsCl3
xgb_magpie,gkf,19,background,Ba3AsI3
xgb_magpie,gkf,19,background,Ca3AsBr3
xgb_magpie,gkf,19,background,Mg3AsBr3
xgb_magpie,gkf,19,background,Ba3BiI3
xgb_magpie,gkf,19,background,Ca3BiI3
xgb_magpie,gkf,19,background,Mg3BiBr3
xgb_magpie,gkf,19,background,Mg3BiI3
xgb_magpie,gkf,19,background,Ca3PCl3
xgb_magpie,gkf,19,background,Ca3PF3
xgb_magpie,gkf,19,background,Ca3PI3
xgb_magpie,gkf,19,background,Mg3PBr3
xgb_magpie,gkf,19,background,Mg3PCl3
xgb_magpie,gkf,19,background,Sr3PBr3
xgb_magpie,gkf,19,background,Sr3PCl3
xgb_magpie,gkf,19,background,Ba3SbBr3
xgb_magpie,gkf,19,background,Ca3SbF3
xgb_magpie,gkf,19,background,Mg3SbF3
xgb_magpie,gkf,19,background,Mg3SbI3
xgb_magpie,gkf,20,test,Ca3AsF3
xgb_magpie,gkf,20,test,Sr3AsI3
xgb_magpie,gkf,20,test,Ba3BiCl3
xgb_magpie,gkf,20,test,Mg3BiBr3
xgb_magpie,gkf,20,test,Ba3PCl3
xgb_magpie,gkf,20,test,Ca3PBr3
xgb_magpie,gkf,20,test,Sr3PI3
xgb_magpie,gkf,20,test,Sr3SbI3
xgb_magpie,gkf,20,background,Ba3AsCl3
xgb_magpie,gkf,20,background,Ca3AsBr3
xgb_magpie,gkf,20,background,Ba3BiBr3
xgb_magpie,gkf,20,background,Ba3BiI3
xgb_magpie,gkf,20,background,Ca3BiI3
xgb_magpie,gkf,20,background,Ba3PI3
xgb_magpie,gkf,20,background,Ca3PCl3
xgb_magpie,gkf,20,background,Ca3PI3
xgb_magpie,gkf,20,background,Mg3PCl3
xgb_magpie,gkf,20,background,Sr3PBr3
xgb_magpie,gkf,20,background,Sr3PCl3
xgb_magpie,gkf,20,background,Ba3SbBr3
xgb_magpie,gkf,20,background,Ba3SbI3
xgb_magpie,gkf,20,background,Ca3SbBr3
xgb_magpie,gkf,20,background,Ca3SbCl3
xgb_magpie,gkf,20,background,Ca3SbF3
xgb_magpie,gkf,20,background,Mg3SbBr3
xgb_magpie,gkf,20,background,Mg3SbCl3
xgb_magpie,gkf,20,background,Mg3SbF3
xgb_magpie,gkf,20,background,Sr3SbCl3
xgb_magpie,gkf,21,test,Ba3AsI3
xgb_magpie,gkf,21,test,Ba3BiBr3
xgb_magpie,gkf,21,test,Ba3PI3
xgb_magpie,gkf,21,test,Ca3PCl3
xgb_magpie,gkf,21,test,Ca3PF3
xgb_magpie,gkf,21,test,Mg3PBr3
xgb_magpie,gkf,21,test,Mg3SbF3
xgb_magpie,gkf,21,test,Sr3SbCl3
xgb_magpie,gkf,21,background,Ba3AsBr3
xgb_magpie,gkf,21,background,Ba3AsCl3
xgb_magpie,gkf,21,background,Ca3AsF3
xgb_magpie,gkf,21,background,Sr3AsCl3
xgb_magpie,gkf,21,background,Sr3AsI3
xgb_magpie,gkf,21,background,Ba3BiI3
xgb_magpie,gkf,21,background,Mg3BiBr3
xgb_magpie,gkf,21,background,Ba3PBr3
xgb_magpie,gkf,21,background,Ca3PBr3
xgb_magpie,gkf,21,background,Ca3PI3
xgb_magpie,gkf,21,background,Mg3PCl3
xgb_magpie,gkf,21,background,Mg3PI3
xgb_magpie,gkf,21,background,Sr3PBr3
xgb_magpie,gkf,21,background,Sr3PI3
xgb_magpie,gkf,21,background,Ba3SbBr3
xgb_magpie,gkf,21,background,Ba3SbI3
xgb_magpie,gkf,21,background,Ca3SbF3
xgb_magpie,gkf,21,background,Mg3SbCl3
xgb_magpie,gkf,21,background,Mg3SbI3
xgb_magpie,gkf,21,background,Sr3SbI3
xgb_magpie,gkf,22,test,Ba3AsBr3
xgb_magpie,gkf,22,test,Sr3AsCl3
xgb_magpie,gkf,22,test,Ba3BiI3
xgb_magpie,gkf,22,test,Ba3SbCl3
xgb_magpie,gkf,22,test,Ba3SbI3
xgb_magpie,gkf,22,test,Ca3SbBr3
xgb_magpie,gkf,22,test,Ca3SbCl3
xgb_magpie,gkf,22,test,Mg3SbCl3
xgb_magpie,gkf,22,background,Ba3AsI3
xgb_magpie,gkf,22,background,Ca3AsF3
xgb_magpie,gkf,22,background,Ba3BiBr3
xgb_magpie,gkf,22,background,Ba3BiCl3
xgb_magpie,gkf,22,background,Ca3BiI3
xgb_magpie,gkf,22,background,Mg3BiBr3
xgb_magpie,gkf,22,background,Ba3PBr3
xgb_magpie,gkf,22,background,Ca3PBr3
xgb_magpie,gkf,22,background,Ca3PCl3
xgb_magpie,gkf,22,background,Ca3PF3
xgb_magpie,gkf,22,background,Ca3PI3
xgb_magpie,gkf,22,background,Mg3PBr3
xgb_magpie,gkf,22,background,Sr3PBr3
xgb_magpie,gkf,22,background,Sr3PI3
xgb_magpie,gkf,22,background,Ba3SbBr3
xgb_magpie,gkf,22,background,Ca3SbF3
xgb_magpie,gkf,22,background,Mg3SbBr3
xgb_magpie,gkf,22,background,Mg3SbF3
xgb_magpie,gkf,22,background,Mg3SbI3
xgb_magpie,gkf,22,background,Sr3SbCl3
xgb_magpie,gkf,23,test,Ba3AsCl3
xgb_magpie,gkf,23,test,Mg3BiI3
xgb_magpie,gkf,23,test,Ca3PI3
xgb_magpie,gkf,23,test,Mg3PCl3
xgb_magpie,gkf,23,test,Mg3PI3
xgb_magpie,gkf,23,test,Sr3PBr3
xgb_magpie,gkf,23,test,Ba3SbBr3
xgb_magpie,gkf,23,test,Ca3SbF3
xgb_magpie,gkf,23,background,Ca3AsBr3
xgb_magpie,gkf,23,background,Ca3AsF3
xgb_magpie,gkf,23,background,Mg3AsBr3
xgb_magpie,gkf,23,background,Sr3AsCl3
xgb_magpie,gkf,23,background,Sr3AsI3
xgb_magpie,gkf,23,background,Ba3BiBr3
xgb_magpie,gkf,23,background,Ba3BiCl3
xgb_magpie,gkf,23,background,Ca3BiI3
xgb_magpie,gkf,23,background,Mg3BiBr3
xgb_magpie,gkf,23,background,Ba3PBr3
xgb_magpie,gkf,23,background,Ba3PCl3
xgb_magpie,gkf,23,background,Ca3PCl3
xgb_magpie,gkf,23,background,Ca3PF3
xgb_magpie,gkf,23,background,Sr3PI3
xgb_magpie,gkf,23,background,Ba3SbCl3
xgb_magpie,gkf,23,background,Ca3SbCl3
xgb_magpie,gkf,23,background,Mg3SbBr3
xgb_magpie,gkf,23,background,Mg3SbI3
xgb_magpie,gkf,23,background,Sr3SbCl3
xgb_magpie,gkf,23,background,Sr3SbI3
xgb_magpie,gkf,24,test,Ca3AsBr3
xgb_magpie,gkf,24,test,Mg3AsBr3
xgb_magpie,gkf,24,test,Ca3BiI3
xgb_magpie,gkf,24,test,Ba3PBr3
xgb_magpie,gkf,24,test,Sr3PCl3
xgb_magpie,gkf,24,test,Mg3SbBr3
xgb_magpie,gkf,24,test,Mg3SbI3
xgb_magpie,gkf,24,background,Ba3AsBr3
xgb_magpie,gkf,24,background,Ba3AsI3
xgb_magpie,gkf,24,background,Ca3AsF3
xgb_magpie,gkf,24,background,Sr3AsI3
xgb_magpie,gkf,24,background,Mg3BiBr3
xgb_magpie,gkf,24,background,Ba3PCl3
xgb_magpie,gkf,24,background,Ba3PI3
xgb_magpie,gkf,24,background,Ca3PBr3
xgb_magpie,gkf,24,background,Ca3PCl3
xgb_magpie,gkf,24,background,Ca3PF3
xgb_magpie,gkf,24,background,Ca3PI3
xgb_magpie,gkf,24,background,Mg3PCl3
xgb_magpie,gkf,24,background,Mg3PI3
xgb_magpie,gkf,24,background,Sr3PBr3
xgb_magpie,gkf,24,background,Ba3SbBr3
xgb_magpie,gkf,24,background,Ba3SbI3
xgb_magpie,gkf,24,background,Ca3SbBr3
xgb_magpie,gkf,24,background,Ca3SbCl3
xgb_magpie,gkf,24,background,Ca3SbF3
xgb_magpie,gkf,24,background,Mg3SbCl3
xgb_magpie,gkf,25,test,Ca3AsBr3
xgb_magpie,gkf,25,test,Mg3AsBr3
xgb_magpie,gkf,25,test,Ba3PI3
xgb_magpie,gkf,25,test,Ca3PBr3
xgb_magpie,gkf,25,test,Ca3PF3
xgb_magpie,gkf,25,test,Mg3PBr3
xgb_magpie,gkf,25,test,Sr3PCl3
xgb_magpie,gkf,25,test,Sr3SbCl3
xgb_magpie,gkf,25,background,Ba3AsBr3
xgb_magpie,gkf,25,background,Ba3AsI3
xgb_magpie,gkf,25,background,Ca3AsF3
xgb_magpie,gkf,25,background,Sr3AsCl3
xgb_magpie,gkf,25,background,Sr3AsI3
xgb_magpie,gkf,25,background,Ba3BiBr3
xgb_magpie,gkf,25,background,Ba3BiI3
xgb_magpie,gkf,25,background,Mg3BiBr3
xgb_magpie,gkf,25,background,Ba3PBr3
xgb_magpie,gkf,25,background,Ca3PCl3
xgb_magpie,gkf,25,background,Ca3PI3
xgb_magpie,gkf,25,background,Mg3PCl3
xgb_magpie,gkf,25,background,Mg3PI3
xgb_magpie,gkf,25,background,Sr3PI3
xgb_magpie,gkf,25,background,Ba3SbBr3
xgb_magpie,gkf,25,background,Ba3SbCl3
xgb_magpie,gkf,25,background,Ba3SbI3
xgb_magpie,gkf,25,background,Ca3SbF3
xgb_magpie,gkf,25,background,Mg3SbBr3
xgb_magpie,gkf,25,background,Mg3SbI3
xgb_magpie,gkf,26,test,Ca3AsF3
xgb_magpie,gkf,26,test,Ba3BiBr3
xgb_magpie,gkf,26,test,Ba3BiI3
xgb_magpie,gkf,26,test,Ba3PBr3
xgb_magpie,gkf,26,test,Ba3PCl3
xgb_magpie,gkf,26,test,Ba3SbBr3
xgb_magpie,gkf,26,test,Ba3SbCl3
xgb_magpie,gkf,26,test,Ca3SbBr3
xgb_magpie,gkf,26,background,Ba3AsCl3
xgb_magpie,gkf,26,background,Ba3AsI3
xgb_magpie,gkf,26,background,Mg3AsBr3
xgb_magpie,gkf,26,background,Sr3AsI3
xgb_magpie,gkf,26,background,Ba3BiCl3
xgb_magpie,gkf,26,background,Mg3BiBr3
xgb_magpie,gkf,26,background,Mg3BiI3
xgb_magpie,gkf,26,background,Ba3PI3
xgb_magpie,gkf,26,background,Ca3PBr3
xgb_magpie,gkf,26,background,Ca3PI3
xgb_magpie,gkf,26,background,Mg3PBr3
xgb_magpie,gkf,26,background,Mg3PCl3
xgb_magpie,gkf,26,background,Sr3PCl3
xgb_magpie,gkf,26,background,Sr3PI3
xgb_magpie,gkf,26,background,Ca3SbCl3
xgb_magpie,gkf,26,background,Ca3SbF3
xgb_magpie,gkf,26,background,Mg3SbCl3
xgb_magpie,gkf,26,background,Mg3SbI3
xgb_magpie,gkf,26,background,Sr3SbCl3
xgb_magpie,gkf,26,background,Sr3SbI3
xgb_magpie,gkf,27,test,Ba3AsBr3
xgb_magpie,gkf,27,test,Sr3AsI3
xgb_magpie,gkf,27,test,Mg3BiI3
xgb_magpie,gkf,27,test,Ca3PI3
xgb_magpie,gkf,27,test,Mg3PI3
xgb_magpie,gkf,27,test,Ca3SbCl3
xgb_magpie,gkf,27,test,Ca3SbF3
xgb_magpie,gkf,27,test,Mg3SbCl3
xgb_magpie,gkf,27,background,Ba3AsI3
xgb_magpie,gkf,27,background,Mg3AsBr3
xgb_magpie,gkf,27,background,Sr3AsCl3
xgb_magpie,gkf,27,background,Ba3BiCl3
xgb_magpie,gkf,27,background,Ba3BiI3
xgb_magpie,gkf,27,background,Ca3BiI3
xgb_magpie,gkf,27,background,Mg3BiBr3
xgb_magpie,gkf,27,background,Ba3PCl3
xgb_magpie,gkf,27,background,Ba3PI3
xgb_magpie,gkf,27,background,Ca3PBr3
xgb_magpie,gkf,27,background,Ca3PCl3
xgb_magpie,gkf,27,background,Ca3PF3
xgb_magpie,gkf,27,background,Mg3PBr3
xgb_magpie,gkf,27,background,Ba3SbBr3
xgb_magpie,gkf,27,background,Ba3SbCl3
xgb_magpie,gkf,27,background,Ca3SbBr3
xgb_magpie,gkf,27,background,Mg3SbF3
xgb_magpie,gkf,27,background,Mg3SbI3
xgb_magpie,gkf,27,background,Sr3SbCl3
xgb_magpie,gkf,27,background,Sr3SbI3
xgb_magpie,gkf,28,test,Ba3AsI3
xgb_magpie,gkf,28,test,Sr3AsCl3
xgb_magpie,gkf,28,test,Ba3BiCl3
xgb_magpie,gkf,28,test,Ca3PCl3
xgb_magpie,gkf,28,test,Mg3PCl3
xgb_magpie,gkf,28,test,Sr3PBr3
xgb_magpie,gkf,28,test,Mg3SbBr3
xgb_magpie,gkf,28,test,Mg3SbF3
xgb_magpie,gkf,28,background,Ba3AsBr3
xgb_magpie,gkf,28,background,Ba3AsCl3
xgb_magpie,gkf,28,background,Ca3AsBr3
xgb_magpie,gkf,28,background,Ca3AsF3
xgb_magpie,gkf,28,background,Ba3BiBr3
xgb_magpie,gkf,28,background,Ba3BiI3
xgb_magpie,gkf,28,background,Ca3BiI3
xgb_magpie,gkf,28,background,Mg3BiBr3
xgb_magpie,gkf,28,background,Ba3PBr3
xgb_magpie,gkf,28,background,Ba3PCl3
xgb_magpie,gkf,28,background,Ca3PBr3
xgb_magpie,gkf,28,background,Ca3PI3
xgb_magpie,gkf,28,background,Mg3PBr3
xgb_magpie,gkf,28,background,Mg3PI3
xgb_magpie,gkf,28,background,Ba3SbBr3
xgb_magpie,gkf,28,background,Ca3SbCl3
xgb_magpie,gkf,28,background,Ca3SbF3
xgb_magpie,gkf,28,background,Mg3SbCl3
xgb_magpie,gkf,28,background,Mg3SbI3
xgb_magpie,gkf,28,background,Sr3SbI3
xgb_magpie,gkf,29,test,Ba3AsCl3
xgb_magpie,gkf,29,test,Ca3BiI3
xgb_magpie,gkf,29,test,Mg3BiBr3
xgb_magpie,gkf,29,test,Sr3PI3
xgb_magpie,gkf,29,test,Ba3SbI3
xgb_magpie,gkf,29,test,Mg3SbI3
xgb_magpie,gkf,29,test,Sr3SbI3
xgb_magpie,gkf,29,background,Ba3AsBr3
xgb_magpie,gkf,29,background,Ca3AsF3
xgb_magpie,gkf,29,background,Mg3AsBr3
xgb_magpie,gkf,29,background,Sr3AsCl3
xgb_magpie,gkf,29,background,Sr3AsI3
xgb_magpie,gkf,29,background,Ba3BiCl3
xgb_magpie,gkf,29,background,Ba3BiI3
xgb_magpie,gkf,29,background,Mg3BiI3
xgb_magpie,gkf,29,background,Ba3PBr3
xgb_magpie,gkf,29,background,Ba3PCl3
xgb_magpie,gkf,29,background,Ca3PBr3
xgb_magpie,gkf,29,background,Ca3PCl3
xgb_magpie,gkf,29,background,Ca3PI3
xgb_magpie,gkf,29,background,Mg3PBr3
xgb_magpie,gkf,29,background,Mg3PI3
xgb_magpie,gkf,29,background,Sr3PBr3
xgb_magpie,gkf,29,background,Ba3SbCl3
xgb_magpie,gkf,29,background,Ca3SbBr3
xgb_magpie,gkf,29,background,Ca3SbCl3
xgb_magpie,gkf,29,background,Mg3SbCl3
xgb_magpie,gkf,30,test,Ca3AsF3
xgb_magpie,gkf,30,test,Ba3BiCl3
xgb_magpie,gkf,30,test,Ca3BiI3
xgb_magpie,gkf,30,test,Mg3BiI3
xgb_magpie,gkf,30,test,Ca3PCl3
xgb_magpie,gkf,30,test,Sr3PBr3
xgb_magpie,gkf,30,test,Ba3SbBr3
xgb_magpie,gkf,30,test,Mg3SbCl3
xgb_magpie,gkf,30,background,Ba3AsBr3
xgb_magpie,gkf,30,background,Ba3AsI3
xgb_magpie,gkf,30,background,Mg3AsBr3
xgb_magpie,gkf,30,background,Sr3AsCl3
xgb_magpie,gkf,30,background,Ba3BiBr3
xgb_magpie,gkf,30,background,Ba3BiI3
xgb_magpie,gkf,30,background,Mg3BiBr3
xgb_magpie,gkf,30,background,Ba3PCl3
xgb_magpie,gkf,30,background,Ca3PBr3
xgb_magpie,gkf,30,background,Ca3PI3
xgb_magpie,gkf,30,background,Mg3PBr3
xgb_magpie,gkf,30,background,Mg3PCl3
xgb_magpie,gkf,30,background,Mg3PI3
xgb_magpie,gkf,30,background,Sr3PCl3
xgb_magpie,gkf,30,background,Sr3PI3
xgb_magpie,gkf,30,background,Ba3SbCl3
xgb_magpie,gkf,30,background,Ca3SbBr3
xgb_magpie,gkf,30,background,Ca3SbF3
xgb_magpie,gkf,30,background,Sr3SbCl3
xgb_magpie,gkf,30,background,Sr3SbI3
xgb_magpie,gkf,31,test,Ba3AsCl3
xgb_magpie,gkf,31,test,Ca3AsBr3
xgb_magpie,gkf,31,test,Sr3AsI3
xgb_magpie,gkf,31,test,Mg3BiBr3
xgb_magpie,gkf,31,test,Ca3PF3
xgb_magpie,gkf,31,test,Ba3SbI3
xgb_magpie,gkf,31,test,Ca3SbCl3
xgb_magpie,gkf,31,test,Sr3SbI3
xgb_magpie,gkf,31,background,Ba3AsBr3
xgb_magpie,gkf,31,background,Ba3AsI3
xgb_magpie,gkf,31,background,Mg3AsBr3
xgb_magpie,gkf,31,background,Sr3AsCl3
xgb_magpie,gkf,31,background,Ba3BiI3
xgb_magpie,gkf,31,background,Ca3BiI3
xgb_magpie,gkf,31,background,Mg3BiI3
xgb_magpie,gkf,31,background,Ba3PBr3
xgb_magpie,gkf,31,background,Ba3PCl3
xgb_magpie,gkf,31,background,Ca3PBr3
xgb_magpie,gkf,31,background,Ca3PI3
xgb_magpie,gkf,31,background,Mg3PBr3
xgb_magpie,gkf,31,background,Mg3PCl3
xgb_magpie,gkf,31,background,Mg3PI3
xgb_magpie,gkf,31,background,Sr3PBr3
xgb_magpie,gkf,31,background,Sr3PI3
xgb_magpie,gkf,31,background,Ba3SbBr3
xgb_magpie,gkf,31,background,Ca3SbF3
xgb_magpie,gkf,31,background,Mg3SbCl3
xgb_magpie,gkf,31,background,Mg3SbF3
xgb_magpie,gkf,32,test,Ba3AsBr3
xgb_magpie,gkf,32,test,Mg3AsBr3
xgb_magpie,gkf,32,test,Ba3PBr3
xgb_magpie,gkf,32,test,Ba3PCl3
xgb_magpie,gkf,32,test,Sr3PCl3
xgb_magpie,gkf,32,test,Sr3PI3
xgb_magpie,gkf,32,test,Ca3SbF3
xgb_magpie,gkf,32,test,Mg3SbF3
xgb_magpie,gkf,32,background,Ba3AsCl3
xgb_magpie,gkf,32,background,Ba3AsI3
xgb_magpie,gkf,32,background,Ca3AsBr3
xgb_magpie,gkf,32,background,Ca3AsF3
xgb_magpie,gkf,32,background,Sr3AsCl3
xgb_magpie,gkf,32,background,Ba3BiBr3
xgb_magpie,gkf,32,background,Ba3BiI3
xgb_magpie,gkf,32,background,Ca3BiI3
xgb_magpie,gkf,32,background,Mg3BiBr3
xgb_magpie,gkf,32,background,Mg3BiI3
xgb_magpie,gkf,32,background,Ca3PBr3
xgb_magpie,gkf,32,background,Ca3PCl3
xgb_magpie,gkf,32,background,Ca3PF3
xgb_magpie,gkf,32,background,Mg3PBr3
xgb_magpie,gkf,32,background,Mg3PI3
xgb_magpie,gkf,32,background,Ba3SbBr3
xgb_magpie,gkf,32,background,Ba3SbI3
xgb_magpie,gkf,32,background,Ca3SbBr3
xgb_magpie,gkf,32,background,Ca3SbCl3
xgb_magpie,gkf,32,background,Sr3SbI3
xgb_magpie,gkf,33,test,Ba3AsI3
xgb_magpie,gkf,33,test,Ba3BiBr3
xgb_magpie,gkf,33,test,Ca3PI3
xgb_magpie,gkf,33,test,Mg3PBr3
xgb_magpie,gkf,33,test,Mg3PCl3
xgb_magpie,gkf,33,test,Mg3PI3
xgb_magpie,gkf,33,test,Ca3SbBr3
xgb_magpie,gkf,33,test,Mg3SbI3
xgb_magpie,gkf,33,background,Ca3AsBr3
xgb_magpie,gkf,33,background,Ca3AsF3
xgb_magpie,gkf,33,background,Sr3AsCl3
xgb_magpie,gkf,33,background,Ba3BiCl3
xgb_magpie,gkf,33,background,Ca3BiI3
xgb_magpie,gkf,33,background,Mg3BiI3
xgb_magpie,gkf,33,background,Ba3PBr3
xgb_magpie,gkf,33,background,Ba3PCl3
xgb_magpie,gkf,33,background,Ca3PBr3
xgb_magpie,gkf,33,background,Ca3PCl3
xgb_magpie,gkf,33,background,Ca3PF3
xgb_magpie,gkf,33,background,Sr3PBr3
xgb_magpie,gkf,33,background,Ba3SbBr3
xgb_magpie,gkf,33,background,Ba3SbCl3
xgb_magpie,gkf,33,background,Ba3SbI3
xgb_magpie,gkf,33,background,Ca3SbF3
xgb_magpie,gkf,33,background,Mg3SbBr3
xgb_magpie,gkf,33,background,Mg3SbCl3
xgb_magpie,gkf,33,background,Sr3SbCl3
xgb_magpie,gkf,33,background,Sr3SbI3
xgb_magpie,gkf,34,test,Sr3AsCl3
xgb_magpie,gkf,34,test,Ba3BiI3
xgb_magpie,gkf,34,test,Ba3PI3
xgb_magpie,gkf,34,test,Ca3PBr3
xgb_magpie,gkf,34,test,Ba3SbCl3
xgb_magpie,gkf,34,test,Mg3SbBr3
xgb_magpie,gkf,34,test,Sr3SbCl3
xgb_magpie,gkf,34,background,Ba3AsBr3
xgb_magpie,gkf,34,background,Ba3AsCl3
xgb_magpie,gkf,34,background,Ca3AsBr3
xgb_magpie,gkf,34,background,Ca3AsF3
xgb_magpie,gkf,34,background,Mg3AsBr3
xgb_magpie,gkf,34,background,Ba3BiBr3
xgb_magpie,gkf,34,background,Ba3BiCl3
xgb_magpie,gkf,34,background,Ca3BiI3
xgb_magpie,gkf,34,background,Mg3BiBr3
xgb_magpie,gkf,34,background,Ba3PCl3
xgb_magpie,gkf,34,background,Ca3PCl3
xgb_magpie,gkf,34,background,Ca3PF3
xgb_magpie,gkf,34,background,Mg3PBr3
xgb_magpie,gkf,34,background,Mg3PI3
xgb_magpie,gkf,34,background,Ba3SbI3
xgb_magpie,gkf,34,background,Ca3SbF3
xgb_magpie,gkf,34,background,Mg3SbCl3
xgb_magpie,gkf,34,background,Mg3SbF3
xgb_magpie,gkf,34,background,Mg3SbI3
xgb_magpie,gkf,34,background,Sr3SbI3
xgb_magpie,gkf,35,test,Ca3AsBr3
xgb_magpie,gkf,35,test,Ca3AsF3
xgb_magpie,gkf,35,test,Sr3AsI3
xgb_magpie,gkf,35,test,Ca3BiI3
xgb_magpie,gkf,35,test,Ba3PBr3
xgb_magpie,gkf,35,test,Sr3PI3
xgb_magpie,gkf,35,test,Ba3SbBr3
xgb_magpie,gkf,35,test,Ca3SbCl3
xgb_magpie,gkf,35,background,Ba3AsI3
xgb_magpie,gkf,35,background,Mg3AsBr3
xgb_magpie,gkf,35,background,Sr3AsCl3
xgb_magpie,gkf,35,background,Ba3BiBr3
xgb_magpie,gkf,35,background,Ba3BiCl3
xgb_magpie,gkf,35,background,Mg3BiBr3
xgb_magpie,gkf,35,background,Ba3PCl3
xgb_magpie,gkf,35,background,Ba3PI3
xgb_magpie,gkf,35,background,Ca3PBr3
xgb_magpie,gkf,35,background,Ca3PCl3
xgb_magpie,gkf,35,background,Ca3PF3
xgb_magpie,gkf,35,background,Mg3PI3
xgb_magpie,gkf,35,background,Sr3PBr3
xgb_magpie,gkf,35,background,Ba3SbCl3
xgb_magpie,gkf,35,background,Ca3SbBr3
xgb_magpie,gkf,35,background,Ca3SbF3
xgb_magpie,gkf,35,background,Mg3SbBr3
xgb_magpie,gkf,35,background,Mg3SbCl3
xgb_magpie,gkf,35,background,Mg3SbF3
xgb_magpie,gkf,35,background,Sr3SbI3
xgb_magpie,gkf,36,test,Sr3AsCl3
xgb_magpie,gkf,36,test,Ba3BiBr3
xgb_magpie,gkf,36,test,Ba3BiI3
xgb_magpie,gkf,36,test,Mg3BiBr3
xgb_magpie,gkf,36,test,Mg3BiI3
xgb_magpie,gkf,36,test,Ca3PF3
xgb_magpie,gkf,36,test,Sr3PBr3
xgb_magpie,gkf,36,test,Mg3SbBr3
xgb_magpie,gkf,36,background,Ba3AsBr3
xgb_magpie,gkf,36,background,Ba3AsCl3
xgb_magpie,gkf,36,background,Ca3AsBr3
xgb_magpie,gkf,36,background,Mg3AsBr3
xgb_magpie,gkf,36,background,Ba3BiCl3
xgb_magpie,gkf,36,background,Ba3PI3
xgb_magpie,gkf,36,background,Ca3PBr3
xgb_magpie,gkf,36,background,Mg3PBr3
xgb_magpie,gkf,36,background,Mg3PCl3
xgb_magpie,gkf,36,background,Mg3PI3
xgb_magpie,gkf,36,background,Sr3PCl3
xgb_magpie,gkf,36,background,Sr3PI3
xgb_magpie,gkf,36,background,Ba3SbCl3
xgb_magpie,gkf,36,background,Ba3SbI3
xgb_magpie,gkf,36,background,Ca3SbBr3
xgb_magpie,gkf,36,background,Ca3SbCl3
xgb_magpie,gkf,36,background,Ca3SbF3
xgb_magpie,gkf,36,background,Mg3SbI3
xgb_magpie,gkf,36,background,Sr3SbCl3
xgb_magpie,gkf,36,background,Sr3SbI3
xgb_magpie,gkf,37,test,Ba3PCl3
xgb_magpie,gkf,37,test,Ca3PCl3
xgb_magpie,gkf,37,test,Mg3PI3
xgb_magpie,gkf,37,test,Sr3PCl3
xgb_magpie,gkf,37,test,Ba3SbCl3
xgb_magpie,gkf,37,test,Ca3SbBr3
xgb_magpie,gkf,37,test,Ca3SbF3
xgb_magpie,gkf,37,test,Mg3SbF3
xgb_magpie,gkf,37,background,Ba3AsBr3
xgb_magpie,gkf,37,background,Ba3AsCl3
xgb_magpie,gkf,37,background,Ba3AsI3
xgb_magpie,gkf,37,background,Ca3AsF3
xgb_magpie,gkf,37,background,Ba3BiBr3
xgb_magpie,gkf,37,background,Ba3BiCl3
xgb_magpie,gkf,37,background,Ba3BiI3
xgb_magpie,gkf,37,background,Mg3BiBr3
xgb_magpie,gkf,37,background,Ba3PBr3
xgb_magpie,gkf,37,background,Ca3PBr3
xgb_magpie,gkf,37,background,Ca3PF3
xgb_magpie,gkf,37,background,Mg3PBr3
xgb_magpie,gkf,37,background,Mg3PCl3
xgb_magpie,gkf,37,background,Sr3PBr3
xgb_magpie,gkf,37,background,Sr3PI3
xgb_magpie,gkf,37,background,Ba3SbBr3
xgb_magpie,gkf,37,background,Ca3SbCl3
xgb_magpie,gkf,37,background,Mg3SbBr3
xgb_magpie,gkf,37,background,Mg3SbI3
xgb_magpie,gkf,37,background,Sr3SbCl3
xgb_magpie,gkf,38,test,Ba3AsI3
xgb_magpie,gkf,38,test,Mg3AsBr3
xgb_magpie,gkf,38,test,Ba3PI3
xgb_magpie,gkf,38,test,Ca3PI3
xgb_magpie,gkf,38,test,Mg3PCl3
xgb_magpie,gkf,38,test,Mg3SbCl3
xgb_magpie,gkf,38,test,Sr3SbCl3
xgb_magpie,gkf,38,test,Sr3SbI3
xgb_magpie,gkf,38,background,Ca3AsBr3
xgb_magpie,gkf,38,background,Ca3AsF3
xgb_magpie,gkf,38,background,Sr3AsCl3
xgb_magpie,gkf,38,background,Ba3BiBr3
xgb_magpie,gkf,38,background,Ba3BiI3
xgb_magpie,gkf,38,background,Ca3BiI3
xgb_magpie,gkf,38,background,Mg3BiI3
xgb_magpie,gkf,38,background,Ba3PBr3
xgb_magpie,gkf,38,background,Ca3PBr3
xgb_magpie,gkf,38,background,Ca3PCl3
xgb_magpie,gkf,38,background,Ca3PF3
xgb_magpie,gkf,38,background,Mg3PBr3
xgb_magpie,gkf,38,background,Mg3PI3
xgb_magpie,gkf,38,background,Sr3PCl3
xgb_magpie,gkf,38,background,Ba3SbBr3
xgb_magpie,gkf,38,background,Ba3SbCl3
xgb_magpie,gkf,38,background,Ca3SbBr3
xgb_magpie,gkf,38,background,Ca3SbCl3
xgb_magpie,gkf,38,background,Mg3SbF3
xgb_magpie,gkf,38,background,Mg3SbI3
xgb_magpie,gkf,39,test,Ba3AsBr3
xgb_magpie,gkf,39,test,Ba3AsCl3
xgb_magpie,gkf,39,test,Ba3BiCl3
xgb_magpie,gkf,39,test,Ca3PBr3
xgb_magpie,gkf,39,test,Mg3PBr3
xgb_magpie,gkf,39,test,Ba3SbI3
xgb_magpie,gkf,39,test,Mg3SbI3
xgb_magpie,gkf,39,background,Ba3AsI3
xgb_magpie,gkf,39,background,Ca3AsBr3
xgb_magpie,gkf,39,background,Ca3AsF3
xgb_magpie,gkf,39,background,Mg3AsBr3
xgb_magpie,gkf,39,background,Ba3BiBr3
xgb_magpie,gkf,39,background,Ba3BiI3
xgb_magpie,gkf,39,background,Ca3BiI3
xgb_magpie,gkf,39,background,Mg3BiBr3
xgb_magpie,gkf,39,background,Mg3BiI3
xgb_magpie,gkf,39,background,Ba3PBr3
xgb_magpie,gkf,39,background,Ba3PCl3
xgb_magpie,gkf,39,background,Ba3PI3
xgb_magpie,gkf,39,background,Ca3PCl3
xgb_magpie,gkf,39,background,Ca3PF3
xgb_magpie,gkf,39,background,Mg3PI3
xgb_magpie,gkf,39,background,Sr3PI3
xgb_magpie,gkf,39,background,Ba3SbCl3
xgb_magpie,gkf,39,background,Ca3SbBr3
xgb_magpie,gkf,39,background,Mg3SbCl3
xgb_magpie,gkf,39,background,Sr3SbCl3
xgb_magpie,gkf,40,test,Ca3BiI3
xgb_magpie,gkf,40,test,Ba3PI3
xgb_magpie,gkf,40,test,Mg3PBr3
xgb_magpie,gkf,40,test,Mg3PI3
xgb_magpie,gkf,40,test,Sr3PBr3
xgb_magpie,gkf,40,test,Ba3SbBr3
xgb_magpie,gkf,40,test,Ca3SbF3
xgb_magpie,gkf,40,test,Sr3SbCl3
xgb_magpie,gkf,40,background,Ba3AsBr3
xgb_magpie,gkf,40,background,Ba3AsCl3
xgb_magpie,gkf,40,background,Ca3AsBr3
xgb_magpie,gkf,40,background,Ca3AsF3
xgb_magpie,gkf,40,background,Ba3BiCl3
xgb_magpie,gkf,40,background,Ba3BiI3
xgb_magpie,gkf,40,background,Mg3BiBr3
xgb_magpie,gkf,40,background,Mg3BiI3
xgb_magpie,gkf,40,background,Ba3PCl3
xgb_magpie,gkf,40,background,Ca3PCl3
xgb_magpie,gkf,40,background,Ca3PF3
xgb_magpie,gkf,40,background,Ca3PI3
xgb_magpie,gkf,40,background,Sr3PCl3
xgb_magpie,gkf,40,background,Sr3PI3
xgb_magpie,gkf,40,background,Ba3SbI3
xgb_magpie,gkf,40,background,Ca3SbCl3
xgb_magpie,gkf,40,background,Mg3SbBr3
xgb_magpie,gkf,40,background,Mg3SbCl3
xgb_magpie,gkf,40,background,Mg3SbF3
xgb_magpie,gkf,40,background,Mg3SbI3
xgb_magpie,gkf,41,test,Ba3AsCl3
xgb_magpie,gkf,41,test,Mg3AsBr3
xgb_magpie,gkf,41,test,Ba3BiCl3
xgb_magpie,gkf,41,test,Mg3BiI3
xgb_magpie,gkf,41,test,Ca3PF3
xgb_magpie,gkf,41,test,Mg3PCl3
xgb_magpie,gkf,41,test,Ba3SbCl3
xgb_magpie,gkf,41,test,Mg3SbCl3
xgb_magpie,gkf,41,background,Ba3AsBr3
xgb_magpie,gkf,41,background,Ca3AsBr3
xgb_magpie,gkf,41,background,Ca3AsF3
xgb_magpie,gkf,41,background,Sr3AsCl3
xgb_magpie,gkf,41,background,Sr3AsI3
xgb_magpie,gkf,41,background,Ba3BiBr3
xgb_magpie,gkf,41,background,Ba3BiI3
xgb_magpie,gkf,41,background,Ca3BiI3
xgb_magpie,gkf,41,background,Mg3BiBr3
xgb_magpie,gkf,41,background,Ba3PCl3
xgb_magpie,gkf,41,background,Ba3PI3
xgb_magpie,gkf,41,background,Ca3PI3
xgb_magpie,gkf,41,background,Mg3PI3
xgb_magpie,gkf,41,background,Sr3PCl3
xgb_magpie,gkf,41,background,Ba3SbBr3
xgb_magpie,gkf,41,background,Ba3SbI3
xgb_magpie,gkf,41,background,Ca3SbBr3
xgb_magpie,gkf,41,background,Ca3SbF3
xgb_magpie,gkf,41,background,Mg3SbF3
xgb_magpie,gkf,41,background,Mg3SbI3
xgb_magpie,gkf,42,test,Ca3AsBr3
xgb_magpie,gkf,42,test,Sr3AsI3
xgb_magpie,gkf,42,test,Ba3BiI3
xgb_magpie,gkf,42,test,Ca3PI3
xgb_magpie,gkf,42,test,Ba3SbI3
xgb_magpie,gkf,42,test,Mg3SbBr3
xgb_magpie,gkf,42,test,Mg3SbF3
xgb_magpie,gkf,42,test,Mg3SbI3
xgb_magpie,gkf,42,background,Ba3AsBr3
xgb_magpie,gkf,42,background,Ba3AsCl3
xgb_magpie,gkf,42,background,Ba3AsI3
xgb_magpie,gkf,42,background,Mg3AsBr3
xgb_magpie,gkf,42,background,Sr3AsCl3
xgb_magpie,gkf,42,background,Mg3BiBr3
xgb_magpie,gkf,42,background,Ba3PBr3
xgb_magpie,gkf,42,background,Ba3PI3
xgb_magpie,gkf,42,background,Ca3PBr3
xgb_magpie,gkf,42,background,Ca3PCl3
xgb_magpie,gkf,42,background,Ca3PF3
xgb_magpie,gkf,42,background,Mg3PBr3
xgb_magpie,gkf,42,background,Sr3PCl3
xgb_magpie,gkf,42,background,Sr3PI3
xgb_magpie,gkf,42,background,Ba3SbBr3
xgb_magpie,gkf,42,background,Ca3SbBr3
xgb_magpie,gkf,42,background,Ca3SbCl3
xgb_magpie,gkf,42,background,Ca3SbF3
xgb_magpie,gkf,42,background,Mg3SbCl3
xgb_magpie,gkf,42,background,Sr3SbCl3
xgb_magpie,gkf,43,test,Ba3AsBr3
xgb_magpie,gkf,43,test,Ba3AsI3
xgb_magpie,gkf,43,test,Mg3BiBr3
xgb_magpie,gkf,43,test,Ba3PBr3
xgb_magpie,gkf,43,test,Ba3PCl3
xgb_magpie,gkf,43,test,Ca3PCl3
xgb_magpie,gkf,43,test,Ca3SbBr3
xgb_magpie,gkf,43,test,Sr3SbI3
xgb_magpie,gkf,43,background,Ca3AsBr3
xgb_magpie,gkf,43,background,Ca3AsF3
xgb_magpie,gkf,43,background,Mg3AsBr3
xgb_magpie,gkf,43,background,Sr3AsCl3
xgb_magpie,gkf,43,background,Sr3AsI3
xgb_magpie,gkf,43,background,Ba3BiBr3
xgb_magpie,gkf,43,background,Ba3BiCl3
xgb_magpie,gkf,43,background,Ba3BiI3
xgb_magpie,gkf,43,background,Ca3BiI3
xgb_magpie,gkf,43,background,Ba3PI3
xgb_magpie,gkf,43,background,Ca3PBr3
xgb_magpie,gkf,43,background,Ca3PI3
xgb_magpie,gkf,43,background,Sr3PCl3
xgb_magpie,gkf,43,background,Sr3PI3
xgb_magpie,gkf,43,background,Ba3SbBr3
xgb_magpie,gkf,43,background,Ca3SbCl3
xgb_magpie,gkf,43,background,Mg3SbBr3
xgb_magpie,gkf,43,background,Mg3SbF3
xgb_magpie,gkf,43,background,Mg3SbI3
xgb_magpie,gkf,43,background,Sr3SbCl3
xgb_magpie,gkf,44,test,Ca3AsF3
xgb_magpie,gkf,44,test,Sr3AsCl3
xgb_magpie,gkf,44,test,Ba3BiBr3
xgb_magpie,gkf,44,test,Ca3PBr3
xgb_magpie,gkf,44,test,Sr3PCl3
xgb_magpie,gkf,44,test,Sr3PI3
xgb_magpie,gkf,44,test,Ca3SbCl3
xgb_magpie,gkf,44,background,Ba3AsBr3
xgb_magpie,gkf,44,background,Ba3AsCl3
xgb_magpie,gkf,44,background,Ba3AsI3
xgb_magpie,gkf,44,background,Sr3AsI3
xgb_magpie,gkf,44,background,Ca3BiI3
xgb_magpie,gkf,44,background,Mg3BiI3
xgb_magpie,gkf,44,background,Ba3PCl3
xgb_magpie,gkf,44,background,Ba3PI3
xgb_magpie,gkf,44,background,Ca3PCl3
xgb_magpie,gkf,44,background,Ca3PF3
xgb_magpie,gkf,44,background,Mg3PBr3
xgb_magpie,gkf,44,background,Mg3PCl3
xgb_magpie,gkf,44,background,Mg3PI3
xgb_magpie,gkf,44,background,Sr3PBr3
xgb_magpie,gkf,44,background,Ba3SbBr3
xgb_magpie,gkf,44,background,Ba3SbCl3
xgb_magpie,gkf,44,background,Mg3SbBr3
xgb_magpie,gkf,44,background,Mg3SbCl3
xgb_magpie,gkf,44,background,Mg3SbI3
xgb_magpie,gkf,44,background,Sr3SbCl3
xgb_magpie,gkf,45,test,Ca3AsBr3
xgb_magpie,gkf,45,test,Ba3BiBr3
xgb_magpie,gkf,45,test,Ba3BiCl3
xgb_magpie,gkf,45,test,Ba3PBr3
xgb_magpie,gkf,45,test,Ba3PI3
xgb_magpie,gkf,45,test,Mg3PI3
xgb_magpie,gkf,45,test,Ba3SbI3
xgb_magpie,gkf,45,test,Sr3SbI3
xgb_magpie,gkf,45,background,Ca3AsF3
xgb_magpie,gkf,45,background,Sr3AsCl3
xgb_magpie,gkf,45,background,Sr3AsI3
xgb_magpie,gkf,45,background,Ba3BiI3
xgb_magpie,gkf,45,background,Ca3BiI3
xgb_magpie,gkf,45,background,Mg3BiBr3
xgb_magpie,gkf,45,background,Mg3BiI3
xgb_magpie,gkf,45,background,Ca3PCl3
xgb_magpie,gkf,45,background,Ca3PF3
xgb_magpie,gkf,45,background,Mg3PBr3
xgb_magpie,gkf,45,background,Mg3PCl3
xgb_magpie,gkf,45,background,Sr3PBr3
xgb_magpie,gkf,45,background,Sr3PCl3
xgb_magpie,gkf,45,background,Sr3PI3
xgb_magpie,gkf,45,background,Ba3SbBr3
xgb_magpie,gkf,45,background,Ca3SbBr3
xgb_magpie,gkf,45,background,Ca3SbCl3
xgb_magpie,gkf,45,background,Mg3SbBr3
xgb_magpie,gkf,45,background,Mg3SbCl3
xgb_magpie,gkf,45,background,Mg3SbI3
xgb_magpie,gkf,46,test,Ca3PBr3
xgb_magpie,gkf,46,test,Ca3PCl3
xgb_magpie,gkf,46,test,Ca3PI3
xgb_magpie,gkf,46,test,Mg3PCl3
xgb_magpie,gkf,46,test,Sr3PCl3
xgb_magpie,gkf,46,test,Ba3SbCl3
xgb_magpie,gkf,46,test,Mg3SbCl3
xgb_magpie,gkf,46,test,Mg3SbI3
xgb_magpie,gkf,46,background,Ba3AsBr3
xgb_magpie,gkf,46,background,Ba3AsI3
xgb_magpie,gkf,46,background,Ca3AsBr3
xgb_magpie,gkf,46,background,Mg3AsBr3
xgb_magpie,gkf,46,background,Sr3AsCl3
xgb_magpie,gkf,46,background,Sr3AsI3
xgb_magpie,gkf,46,background,Ba3BiBr3
xgb_magpie,gkf,46,background,Ba3BiCl3
xgb_magpie,gkf,46,background,Ba3BiI3
xgb_magpie,gkf,46,background,Ca3BiI3
xgb_magpie,gkf,46,background,Mg3BiBr3
xgb_magpie,gkf,46,background,Mg3BiI3
xgb_magpie,gkf,46,background,Ba3PCl3
xgb_magpie,gkf,46,background,Ba3PI3
xgb_magpie,gkf,46,background,Ca3PF3
xgb_magpie,gkf,46,background,Mg3PI3
xgb_magpie,gkf,46,background,Ba3SbBr3
xgb_magpie,gkf,46,background,Ca3SbBr3
xgb_magpie,gkf,46,background,Ca3SbF3
xgb_magpie,gkf,46,background,Sr3SbCl3
xgb_magpie,gkf,47,test,Ba3AsCl3
xgb_magpie,gkf,47,test,Ca3AsF3
xgb_magpie,gkf,47,test,Ca3BiI3
xgb_magpie,gkf,47,test,Mg3BiI3
xgb_magpie,gkf,47,test,Ba3PCl3
xgb_magpie,gkf,47,test,Mg3PBr3
xgb_magpie,gkf,47,test,Ba3SbBr3
xgb_magpie,gkf,47,test,Ca3SbF3
xgb_magpie,gkf,47,background,Ba3AsBr3
xgb_magpie,gkf,47,background,Ba3AsI3
xgb_magpie,gkf,47,background,Mg3AsBr3
xgb_magpie,gkf,47,background,Sr3AsI3
xgb_magpie,gkf,47,background,Ba3BiBr3
xgb_magpie,gkf,47,background,Ba3BiCl3
xgb_magpie,gkf,47,background,Ba3BiI3
xgb_magpie,gkf,47,background,Ba3PBr3
xgb_magpie,gkf,47,background,Ba3PI3
xgb_magpie,gkf,47,background,Ca3PI3
xgb_magpie,gkf,47,background,Mg3PCl3
xgb_magpie,gkf,47,background,Mg3PI3
xgb_magpie,gkf,47,background,Sr3PBr3
xgb_magpie,gkf,47,background,Sr3PCl3
xgb_magpie,gkf,47,background,Ba3SbCl3
xgb_magpie,gkf,47,background,Ca3SbBr3
xgb_magpie,gkf,47,background,Ca3SbCl3
xgb_magpie,gkf,47,background,Mg3SbBr3
xgb_magpie,gkf,47,background,Mg3SbF3
xgb_magpie,gkf,47,background,Mg3SbI3
xgb_magpie,gkf,48,test,Ba3AsBr3
xgb_magpie,gkf,48,test,Ba3AsI3
xgb_magpie,gkf,48,test,Mg3AsBr3
xgb_magpie,gkf,48,test,Sr3AsI3
xgb_magpie,gkf,48,test,Ca3PF3
xgb_magpie,gkf,48,test,Ca3SbBr3
xgb_magpie,gkf,48,test,Ca3SbCl3
xgb_magpie,gkf,48,test,Sr3SbCl3
xgb_magpie,gkf,48,background,Ba3AsCl3
xgb_magpie,gkf,48,background,Ca3AsF3
xgb_magpie,gkf,48,background,Sr3AsCl3
xgb_magpie,gkf,48,background,Ba3BiBr3
xgb_magpie,gkf,48,background,Ba3BiCl3
xgb_magpie,gkf,48,background,Ba3BiI3
xgb_magpie,gkf,48,background,Ca3BiI3
xgb_magpie,gkf,48,background,Mg3BiBr3
xgb_magpie,gkf,48,background,Mg3BiI3
xgb_magpie,gkf,48,background,Ba3PCl3
xgb_magpie,gkf,48,background,Ba3PI3
xgb_magpie,gkf,48,background,Ca3PCl3
xgb_magpie,gkf,48,background,Mg3PBr3
xgb_magpie,gkf,48,background,Mg3PCl3
xgb_magpie,gkf,48,background,Sr3PCl3
xgb_magpie,gkf,48,background,Ba3SbCl3
xgb_magpie,gkf,48,background,Ba3SbI3
xgb_magpie,gkf,48,background,Ca3SbF3
xgb_magpie,gkf,48,background,Mg3SbBr3
xgb_magpie,gkf,48,background,Mg3SbI3
xgb_magpie,gkf,49,test,Sr3AsCl3
xgb_magpie,gkf,49,test,Ba3BiI3
xgb_magpie,gkf,49,test,Mg3BiBr3
xgb_magpie,gkf,49,test,Sr3PBr3
xgb_magpie,gkf,49,test,Sr3PI3
xgb_magpie,gkf,49,test,Mg3SbBr3
xgb_magpie,gkf,49,test,Mg3SbF3
xgb_magpie,gkf,49,background,Ba3AsBr3
xgb_magpie,gkf,49,background,Ba3AsCl3
xgb_magpie,gkf,49,background,Ba3AsI3
xgb_magpie,gkf,49,background,Ca3AsF3
xgb_magpie,gkf,49,background,Mg3AsBr3
xgb_magpie,gkf,49,background,Ba3BiCl3
xgb_magpie,gkf,49,background,Mg3BiI3
xgb_magpie,gkf,49,background,Ba3PI3
xgb_magpie,gkf,49,background,Ca3PBr3
xgb_magpie,gkf,49,background,Ca3PCl3
xgb_magpie,gkf,49,background,Ca3PF3
xgb_magpie,gkf,49,background,Ca3PI3
xgb_magpie,gkf,49,background,Mg3PI3
xgb_magpie,gkf,49,background,Sr3PCl3
xgb_magpie,gkf,49,background,Ba3SbCl3
xgb_magpie,gkf,49,background,Ba3SbI3
xgb_magpie,gkf,49,background,Ca3SbBr3
xgb_magpie,gkf,49,background,Ca3SbCl3
xgb_magpie,gkf,49,background,Mg3SbCl3
xgb_magpie,gkf,49,background,Sr3SbI3
