dataset,model,split,fold,role,seed,formula
primary,mlp_physics9,lobo,0,test,,Ba3AsBr3
primary,mlp_physics9,lobo,0,test,,Ba3AsCl3
primary,mlp_physics9,lobo,0,test,,Ba3AsI3
primary,mlp_physics9,lobo,0,test,,Ca3AsBr3
primary,mlp_physics9,lobo,0,test,,Ca3AsF3
primary,mlp_physics9,lobo,0,test,,Mg3AsBr3
primary,mlp_physics9,lobo,0,test,,Sr3AsCl3
primary,mlp_physics9,lobo,0,test,,Sr3AsI3
primary,mlp_physics9,lobo,0,inner_val,0,Ca3PF3
primary,mlp_physics9,lobo,0,inner_val,0,Mg3PCl3
primary,mlp_physics9,lobo,0,inner_val,0,Sr3PI3
primary,mlp_physics9,lobo,0,inner_val,0,Ba3SbBr3
primary,mlp_physics9,lobo,0,inner_val,0,Ba3SbI3
primary,mlp_physics9,lobo,0,inner_val,0,Mg3SbBr3
primary,mlp_physics9,lobo,0,inner_val,0,Sr3SbI3
primary,mlp_physics9,lobo,0,inner_val,1,Ba3BiBr3
primary,mlp_physics9,lobo,0,inner_val,1,Ba3BiCl3
primary,mlp_physics9,lobo,0,inner_val,1,Ba3PBr3
primary,mlp_physics9,lobo,0,inner_val,1,Mg3PCl3
primary,mlp_physics9,lobo,0,inner_val,1,Sr3PI3
primary,mlp_physics9,lobo,0,inner_val,1,Ca3SbBr3
primary,mlp_physics9,lobo,0,inner_val,1,Ca3SbCl3
primary,mlp_physics9,lobo,0,inner_val,2,Mg3BiI3
primary,mlp_physics9,lobo,0,inner_val,2,Ca3PCl3
primary,mlp_physics9,lobo,0,inner_val,2,Ca3PF3
primary,mlp_physics9,lobo,0,inner_val,2,Mg3PBr3
primary,mlp_physics9,lobo,0,inner_val,2,Mg3PI3
primary,mlp_physics9,lobo,0,inner_val,2,Ca3SbBr3
primary,mlp_physics9,lobo,0,inner_val,2,Mg3SbF3
primary,mlp_physics9,lobo,0,inner_val,3,Ba3BiBr3
primary,mlp_physics9,lobo,0,inner_val,3,Ba3BiI3
primary,mlp_physics9,lobo,0,inner_val,3,Mg3PCl3
primary,mlp_physics9,lobo,0,inner_val,3,Sr3PBr3
primary,mlp_physics9,lobo,0,inner_val,3,Sr3PCl3
primary,mlp_physics9,lobo,0,inner_val,3,Ca3SbBr3
primary,mlp_physics9,lobo,0,inner_val,3,Mg3SbI3
primary,mlp_physics9,lobo,0,inner_val,4,Mg3BiBr3
primary,mlp_physics9,lobo,0,inner_val,4,Ba3PBr3
primary,mlp_physics9,lobo,0,inner_val,4,Sr3PBr3
primary,mlp_physics9,lobo,0,inner_val,4,Sr3PCl3
primary,mlp_physics9,lobo,0,inner_val,4,Ba3SbBr3
primary,mlp_physics9,lobo,0,inner_val,4,Mg3SbBr3
primary,mlp_physics9,lobo,0,inner_val,4,Sr3SbI3
primary,mlp_physics9,lobo,1,test,,Ba3BiBr3
primary,mlp_physics9,lobo,1,test,,Ba3BiCl3
primary,mlp_physics9,lobo,1,test,,Ba3BiI3
primary,mlp_physics9,lobo,1,test,,Ca3BiI3
primary,mlp_physics9,lobo,1,test,,Mg3BiBr3
primary,mlp_physics9,lobo,1,test,,Mg3BiI3
primary,mlp_physics9,lobo,1,inner_val,0,Ba3AsBr3
primary,mlp_physics9,lobo,1,inner_val,0,Ba3PCl3
primary,mlp_physics9,lobo,1,inner_val,0,Ba3PI3
primary,mlp_physics9,lobo,1,inner_val,0,Ca3PCl3
primary,mlp_physics9,lobo,1,inner_val,0,Mg3PCl3
primary,mlp_physics9,lobo,1,inner_val,0,Ca3SbF3
primary,mlp_physics9,lobo,1,inner_val,0,Sr3SbI3
primary,mlp_physics9,lobo,1,inner_val,1,Sr3AsI3
primary,mlp_physics9,lobo,1,inner_val,1,Ba3PBr3
primary,mlp_physics9,lobo,1,inner_val,1,Ca3PCl3
primary,mlp_physics9,lobo,1,inner_val,1,Sr3PCl3
primary,mlp_physics9,lobo,1,inner_val,1,Mg3SbCl3
primary,mlp_physics9,lobo,1,inner_val,1,Mg3SbI3
primary,mlp_physics9,lobo,1,inner_val,1,Sr3SbI3
primary,mlp_physics9,lobo,1,inner_val,2,Ba3PCl3
primary,mlp_physics9,lobo,1,inner_val,2,Ba3PI3
primary,mlp_physics9,lobo,1,inner_val,2,Ca3PI3
primary,mlp_physics9,lobo,1,inner_val,2,Ba3SbCl3
primary,mlp_physics9,lobo,1,inner_val,2,Ba3SbI3
primary,mlp_physics9,lobo,1,inner_val,2,Mg3SbCl3
primary,mlp_physics9,lobo,1,inner_val,2,Sr3SbI3
primary,mlp_physics9,lobo,1,inner_val,3,Mg3AsBr3
primary,mlp_physics9,lobo,1,inner_val,3,Sr3AsCl3
primary,mlp_physics9,lobo,1,inner_val,3,Sr3AsI3
primary,mlp_physics9,lobo,1,inner_val,3,Sr3PCl3
primary,mlp_physics9,lobo,1,inner_val,3,Ca3SbCl3
primary,mlp_physics9,lobo,1,inner_val,3,Mg3SbCl3
primary,mlp_physics9,lobo,1,inner_val,3,Mg3SbF3
primary,mlp_physics9,lobo,1,inner_val,4,Ba3PBr3
primary,mlp_physics9,lobo,1,inner_val,4,Ba3PI3
primary,mlp_physics9,lobo,1,inner_val,4,Sr3PBr3
primary,mlp_physics9,lobo,1,inner_val,4,Sr3PCl3
primary,mlp_physics9,lobo,1,inner_val,4,Ba3SbBr3
primary,mlp_physics9,lobo,1,inner_val,4,Ca3SbCl3
primary,mlp_physics9,lobo,1,inner_val,4,Mg3SbI3
primary,mlp_physics9,lobo,2,test,,Ba3PBr3
primary,mlp_physics9,lobo,2,test,,Ba3PCl3
primary,mlp_physics9,lobo,2,test,,Ba3PI3
primary,mlp_physics9,lobo,2,test,,Ca3PBr3
primary,mlp_physics9,lobo,2,test,,Ca3PCl3
primary,mlp_physics9,lobo,2,test,,Ca3PF3
primary,mlp_physics9,lobo,2,test,,Ca3PI3
primary,mlp_physics9,lobo,2,test,,Mg3PBr3
primary,mlp_physics9,lobo,2,test,,Mg3PCl3
primary,mlp_physics9,lobo,2,test,,Mg3PI3
primary,mlp_physics9,lobo,2,test,,Sr3PBr3
primary,mlp_physics9,lobo,2,test,,Sr3PCl3
primary,mlp_physics9,lobo,2,test,,Sr3PI3
primary,mlp_physics9,lobo,2,inner_val,0,Ba3AsBr3
primary,mlp_physics9,lobo,2,inner_val,0,Mg3AsBr3
primary,mlp_physics9,lobo,2,inner_val,0,Sr3AsI3
primary,mlp_physics9,lobo,2,inner_val,0,Ca3BiI3
primary,mlp_physics9,lobo,2,inner_val,0,Mg3SbBr3
primary,mlp_physics9,lobo,2,inner_val,0,Sr3SbCl3
primary,mlp_physics9,lobo,2,inner_val,1,Ba3BiI3
primary,mlp_physics9,lobo,2,inner_val,1,Ca3BiI3
primary,mlp_physics9,lobo,2,inner_val,1,Mg3BiI3
primary,mlp_physics9,lobo,2,inner_val,1,Ba3SbCl3
primary,mlp_physics9,lobo,2,inner_val,1,Ca3SbF3
primary,mlp_physics9,lobo,2,inner_val,1,Mg3SbI3
primary,mlp_physics9,lobo,2,inner_val,2,Ca3AsBr3
primary,mlp_physics9,lobo,2,inner_val,2,Mg3BiBr3
primary,mlp_physics9,lobo,2,inner_val,2,Ba3SbBr3
primary,mlp_physics9,lobo,2,inner_val,2,Ba3SbI3
primary,mlp_physics9,lobo,2,inner_val,2,Ca3SbCl3
primary,mlp_physics9,lobo,2,inner_val,2,Sr3SbCl3
primary,mlp_physics9,lobo,2,inner_val,3,Ba3AsCl3
primary,mlp_physics9,lobo,2,inner_val,3,Ba3AsI3
primary,mlp_physics9,lobo,2,inner_val,3,Mg3AsBr3
primary,mlp_physics9,lobo,2,inner_val,3,Ca3BiI3
primary,mlp_physics9,lobo,2,inner_val,3,Mg3BiI3
primary,mlp_physics9,lobo,2,inner_val,3,Ba3SbCl3
primary,mlp_physics9,lobo,2,inner_val,4,Ba3AsI3
primary,mlp_physics9,lobo,2,inner_val,4,Ba3SbCl3
primary,mlp_physics9,lobo,2,inner_val,4,Ba3SbI3
primary,mlp_physics9,lobo,2,inner_val,4,Ca3SbBr3
primary,mlp_physics9,lobo,2,inner_val,4,Ca3SbCl3
primary,mlp_physics9,lobo,2,inner_val,4,Mg3SbF3
primary,mlp_physics9,lobo,3,test,,Ba3SbBr3
primary,mlp_physics9,lobo,3,test,,Ba3SbCl3
primary,mlp_physics9,lobo,3,test,,Ba3SbI3
primary,mlp_physics9,lobo,3,test,,Ca3SbBr3
primary,mlp_physics9,lobo,3,test,,Ca3SbCl3
primary,mlp_physics9,lobo,3,test,,Ca3SbF3
primary,mlp_physics9,lobo,3,test,,Mg3SbBr3
primary,mlp_physics9,lobo,3,test,,Mg3SbCl3
primary,mlp_physics9,lobo,3,test,,Mg3SbF3
primary,mlp_physics9,lobo,3,test,,Mg3SbI3
primary,mlp_physics9,lobo,3,test,,Sr3SbCl3
primary,mlp_physics9,lobo,3,test,,Sr3SbI3
primary,mlp_physics9,lobo,3,inner_val,0,Ba3AsCl3
primary,mlp_physics9,lobo,3,inner_val,0,Ca3AsF3
primary,mlp_physics9,lobo,3,inner_val,0,Ca3PBr3
primary,mlp_physics9,lobo,3,inner_val,0,Mg3PBr3
primary,mlp_physics9,lobo,3,inner_val,0,Mg3PCl3
primary,mlp_physics9,lobo,3,inner_val,0,Mg3PI3
primary,mlp_physics9,lobo,3,inner_val,1,Mg3AsBr3
primary,mlp_physics9,lobo,3,inner_val,1,Sr3AsCl3
primary,mlp_physics9,lobo,3,inner_val,1,Sr3AsI3
primary,mlp_physics9,lobo,3,inner_val,1,Mg3BiBr3
primary,mlp_physics9,lobo,3,inner_val,1,Mg3BiI3
primary,mlp_physics9,lobo,3,inner_val,1,Ba3PBr3
primary,mlp_physics9,lobo,3,inner_val,2,Ba3AsCl3
primary,mlp_physics9,lobo,3,inner_val,2,Ca3BiI3
primary,mlp_physics9,lobo,3,inner_val,2,Ba3PI3
primary,mlp_physics9,lobo,3,inner_val,2,Ca3PBr3
primary,mlp_physics9,lobo,3,inner_val,2,Sr3PBr3
primary,mlp_physics9,lobo,3,inner_val,2,Sr3PI3
primary,mlp_physics9,lobo,3,inner_val,3,Ca3AsF3
primary,mlp_physics9,lobo,3,inner_val,3,Sr3AsCl3
primary,mlp_physics9,lobo,3,inner_val,3,Sr3AsI3
primary,mlp_physics9,lobo,3,inner_val,3,Mg3BiBr3
primary,mlp_physics9,lobo,3,inner_val,3,Ba3PBr3
primary,mlp_physics9,lobo,3,inner_val,3,Sr3PI3
primary,mlp_physics9,lobo,3,inner_val,4,Sr3AsCl3
primary,mlp_physics9,lobo,3,inner_val,4,Sr3AsI3
primary,mlp_physics9,lobo,3,inner_val,4,Ba3BiI3
primary,mlp_physics9,lobo,3,inner_val,4,Ca3PCl3
primary,mlp_physics9,lobo,3,inner_val,4,Ca3PI3
primary,mlp_physics9,lobo,3,inner_val,4,Mg3PI3
primary,mlp_physics9,loao,0,test,,Ba3AsBr3
primary,mlp_physics9,loao,0,test,,Ba3AsCl3
primary,mlp_physics9,loao,0,test,,Ba3AsI3
primary,mlp_physics9,loao,0,test,,Ba3BiBr3
primary,mlp_physics9,loao,0,test,,Ba3BiCl3
primary,mlp_physics9,loao,0,test,,Ba3BiI3
primary,mlp_physics9,loao,0,test,,Ba3PBr3
primary,mlp_physics9,loao,0,test,,Ba3PCl3
primary,mlp_physics9,loao,0,test,,Ba3PI3
primary,mlp_physics9,loao,0,test,,Ba3SbBr3
primary,mlp_physics9,loao,0,test,,Ba3SbCl3
primary,mlp_physics9,loao,0,test,,Ba3SbI3
primary,mlp_physics9,loao,0,inner_val,0,Sr3AsCl3
primary,mlp_physics9,loao,0,inner_val,0,Ca3PI3
primary,mlp_physics9,loao,0,inner_val,0,Sr3PBr3
primary,mlp_physics9,loao,0,inner_val,0,Ca3SbCl3
primary,mlp_physics9,loao,0,inner_val,0,Mg3SbBr3
primary,mlp_physics9,loao,0,inner_val,0,Sr3SbI3
primary,mlp_physics9,loao,0,inner_val,1,Ca3AsBr3
primary,mlp_physics9,loao,0,inner_val,1,Ca3AsF3
primary,mlp_physics9,loao,0,inner_val,1,Ca3PBr3
primary,mlp_physics9,loao,0,inner_val,1,Sr3PI3
primary,mlp_physics9,loao,0,inner_val,1,Mg3SbBr3
primary,mlp_physics9,loao,0,inner_val,1,Mg3SbI3
primary,mlp_physics9,loao,0,inner_val,2,Sr3AsCl3
primary,mlp_physics9,loao,0,inner_val,2,Sr3AsI3
primary,mlp_physics9,loao,0,inner_val,2,Mg3BiI3
primary,mlp_physics9,loao,0,inner_val,2,Sr3PI3
primary,mlp_physics9,loao,0,inner_val,2,Ca3SbBr3
primary,mlp_physics9,loao,0,inner_val,2,Mg3SbF3
primary,mlp_physics9,loao,0,inner_val,3,Ca3AsBr3
primary,mlp_physics9,loao,0,inner_val,3,Ca3BiI3
primary,mlp_physics9,loao,0,inner_val,3,Mg3PBr3
primary,mlp_physics9,loao,0,inner_val,3,Sr3PCl3
primary,mlp_physics9,loao,0,inner_val,3,Ca3SbBr3
primary,mlp_physics9,loao,0,inner_val,3,Sr3SbCl3
primary,mlp_physics9,loao,0,inner_val,4,Ca3PBr3
primary,mlp_physics9,loao,0,inner_val,4,Ca3PI3
primary,mlp_physics9,loao,0,inner_val,4,Mg3PBr3
primary,mlp_physics9,loao,0,inner_val,4,Mg3SbCl3
primary,mlp_physics9,loao,0,inner_val,4,Sr3SbCl3
primary,mlp_physics9,loao,0,inner_val,4,Sr3SbI3
primary,mlp_physics9,loao,1,test,,Ca3AsBr3
primary,mlp_physics9,loao,1,test,,Ca3AsF3
primary,mlp_physics9,loao,1,test,,Ca3BiI3
primary,mlp_physics9,loao,1,test,,Ca3PBr3
primary,mlp_physics9,loao,1,test,,Ca3PCl3
primary,mlp_physics9,loao,1,test,,Ca3PF3
primary,mlp_physics9,loao,1,test,,Ca3PI3
primary,mlp_physics9,loao,1,test,,Ca3SbBr3
primary,mlp_physics9,loao,1,test,,Ca3SbCl3
primary,mlp_physics9,loao,1,test,,Ca3SbF3
primary,mlp_physics9,loao,1,inner_val,0,Ba3AsBr3
primary,mlp_physics9,loao,1,inner_val,0,Ba3BiCl3
primary,mlp_physics9,loao,1,inner_val,0,Ba3BiI3
primary,mlp_physics9,loao,1,inner_val,0,Mg3PI3
primary,mlp_physics9,loao,1,inner_val,0,Sr3PCl3
primary,mlp_physics9,loao,1,inner_val,0,Sr3SbI3
primary,mlp_physics9,loao,1,inner_val,1,Mg3AsBr3
primary,mlp_physics9,loao,1,inner_val,1,Sr3AsCl3
primary,mlp_physics9,loao,1,inner_val,1,Sr3PI3
primary,mlp_physics9,loao,1,inner_val,1,Mg3SbBr3
primary,mlp_physics9,loao,1,inner_val,1,Mg3SbCl3
primary,mlp_physics9,loao,1,inner_val,1,Mg3SbF3
primary,mlp_physics9,loao,1,inner_val,2,Ba3AsI3
primary,mlp_physics9,loao,1,inner_val,2,Ba3BiCl3
primary,mlp_physics9,loao,1,inner_val,2,Mg3PI3
primary,mlp_physics9,loao,1,inner_val,2,Sr3PBr3
primary,mlp_physics9,loao,1,inner_val,2,Sr3PCl3
primary,mlp_physics9,loao,1,inner_val,2,Sr3SbCl3
primary,mlp_physics9,loao,1,inner_val,3,Mg3BiBr3
primary,mlp_physics9,loao,1,inner_val,3,Ba3PBr3
primary,mlp_physics9,loao,1,inner_val,3,Sr3PBr3
primary,mlp_physics9,loao,1,inner_val,3,Ba3SbCl3
primary,mlp_physics9,loao,1,inner_val,3,Mg3SbCl3
primary,mlp_physics9,loao,1,inner_val,3,Mg3SbI3
primary,mlp_physics9,loao,1,inner_val,4,Ba3BiI3
primary,mlp_physics9,loao,1,inner_val,4,Ba3PBr3
primary,mlp_physics9,loao,1,inner_val,4,Ba3PI3
primary,mlp_physics9,loao,1,inner_val,4,Sr3PCl3
primary,mlp_physics9,loao,1,inner_val,4,Sr3PI3
primary,mlp_physics9,loao,1,inner_val,4,Ba3SbI3
primary,mlp_physics9,loao,2,test,,Mg3AsBr3
primary,mlp_physics9,loao,2,test,,Mg3BiBr3
primary,mlp_physics9,loao,2,test,,Mg3BiI3
primary,mlp_physics9,loao,2,test,,Mg3PBr3
primary,mlp_physics9,loao,2,test,,Mg3PCl3
primary,mlp_physics9,loao,2,test,,Mg3PI3
primary,mlp_physics9,loao,2,test,,Mg3SbBr3
primary,mlp_physics9,loao,2,test,,Mg3SbCl3
primary,mlp_physics9,loao,2,test,,Mg3SbF3
primary,mlp_physics9,loao,2,test,,Mg3SbI3
primary,mlp_physics9,loao,2,inner_val,0,Ba3AsBr3
primary,mlp_physics9,loao,2,inner_val,0,Ca3AsF3
primary,mlp_physics9,loao,2,inner_val,0,Ba3BiBr3
primary,mlp_physics9,loao,2,inner_val,0,Sr3PCl3
primary,mlp_physics9,loao,2,inner_val,0,Ba3SbCl3
primary,mlp_physics9,loao,2,inner_val,0,Sr3SbI3
primary,mlp_physics9,loao,2,inner_val,1,Ba3AsBr3
primary,mlp_physics9,loao,2,inner_val,1,Ba3BiI3
primary,mlp_physics9,loao,2,inner_val,1,Ca3PF3
primary,mlp_physics9,loao,2,inner_val,1,Ca3PI3
primary,mlp_physics9,loao,2,inner_val,1,Sr3PBr3
primary,mlp_physics9,loao,2,inner_val,1,Ca3SbCl3
primary,mlp_physics9,loao,2,inner_val,2,Ca3AsF3
primary,mlp_physics9,loao,2,inner_val,2,Ba3PBr3
primary,mlp_physics9,loao,2,inner_val,2,Ba3PI3
primary,mlp_physics9,loao,2,inner_val,2,Ca3PF3
primary,mlp_physics9,loao,2,inner_val,2,Sr3PBr3
primary,mlp_physics9,loao,2,inner_val,2,Ba3SbBr3
primary,mlp_physics9,loao,2,inner_val,3,Ba3AsCl3
primary,mlp_physics9,loao,2,inner_val,3,Ba3AsI3
primary,mlp_physics9,loao,2,inner_val,3,Ca3AsBr3
primary,mlp_physics9,loao,2,inner_val,3,Ba3PCl3
primary,mlp_physics9,loao,2,inner_val,3,Ca3PI3
primary,mlp_physics9,loao,2,inner_val,3,Ca3SbBr3
primary,mlp_physics9,loao,2,inner_val,4,Ba3AsI3
primary,mlp_physics9,loao,2,inner_val,4,Sr3AsI3
primary,mlp_physics9,loao,2,inner_val,4,Ca3BiI3
primary,mlp_physics9,loao,2,inner_val,4,Ba3PCl3
primary,mlp_physics9,loao,2,inner_val,4,Ba3PI3
primary,mlp_physics9,loao,2,inner_val,4,Sr3PCl3
primary,mlp_physics9,loao,3,test,,Sr3AsCl3
primary,mlp_physics9,loao,3,test,,Sr3AsI3
primary,mlp_physics9,loao,3,test,,Sr3PBr3
primary,mlp_physics9,loao,3,test,,Sr3PCl3
primary,mlp_physics9,loao,3,test,,Sr3PI3
primary,mlp_physics9,loao,3,test,,Sr3SbCl3
primary,mlp_physics9,loao,3,test,,Sr3SbI3
primary,mlp_physics9,loao,3,inner_val,0,Ba3AsCl3
primary,mlp_physics9,loao,3,inner_val,0,Ca3BiI3
primary,mlp_physics9,loao,3,inner_val,0,Mg3PBr3
primary,mlp_physics9,loao,3,inner_val,0,Mg3PCl3
primary,mlp_physics9,loao,3,inner_val,0,Mg3PI3
primary,mlp_physics9,loao,3,inner_val,0,Ca3SbBr3
primary,mlp_physics9,loao,3,inner_val,0,Ca3SbF3
primary,mlp_physics9,loao,3,inner_val,1,Ba3AsBr3
primary,mlp_physics9,loao,3,inner_val,1,Mg3BiBr3
primary,mlp_physics9,loao,3,inner_val,1,Mg3BiI3
primary,mlp_physics9,loao,3,inner_val,1,Ba3PBr3
primary,mlp_physics9,loao,3,inner_val,1,Ca3PF3
primary,mlp_physics9,loao,3,inner_val,1,Ca3SbBr3
primary,mlp_physics9,loao,3,inner_val,1,Mg3SbF3
primary,mlp_physics9,loao,3,inner_val,2,Ba3AsBr3
primary,mlp_physics9,loao,3,inner_val,2,Ba3AsCl3
primary,mlp_physics9,loao,3,inner_val,2,Ca3AsBr3
primary,mlp_physics9,loao,3,inner_val,2,Ba3PBr3
primary,mlp_physics9,loao,3,inner_val,2,Ba3PI3
primary,mlp_physics9,loao,3,inner_val,2,Ba3SbI3
primary,mlp_physics9,loao,3,inner_val,2,Ca3SbCl3
primary,mlp_physics9,loao,3,inner_val,3,Ca3AsF3
primary,mlp_physics9,loao,3,inner_val,3,Ba3BiI3
primary,mlp_physics9,loao,3,inner_val,3,Ca3PBr3
primary,mlp_physics9,loao,3,inner_val,3,Ca3PCl3
primary,mlp_physics9,loao,3,inner_val,3,Mg3PCl3
primary,mlp_physics9,loao,3,inner_val,3,Ba3SbCl3
primary,mlp_physics9,loao,3,inner_val,3,Mg3SbI3
primary,mlp_physics9,loao,3,inner_val,4,Ca3AsF3
primary,mlp_physics9,loao,3,inner_val,4,Mg3AsBr3
primary,mlp_physics9,loao,3,inner_val,4,Mg3BiI3
primary,mlp_physics9,loao,3,inner_val,4,Mg3PBr3
primary,mlp_physics9,loao,3,inner_val,4,Mg3PI3
primary,mlp_physics9,loao,3,inner_val,4,Ca3SbBr3
primary,mlp_physics9,loao,3,inner_val,4,Mg3SbBr3
primary,mlp_physics9,gkf,0,test,,Ca3AsF3
primary,mlp_physics9,gkf,0,test,,Sr3AsI3
primary,mlp_physics9,gkf,0,test,,Ba3BiCl3
primary,mlp_physics9,gkf,0,test,,Ba3PBr3
primary,mlp_physics9,gkf,0,test,,Mg3PCl3
primary,mlp_physics9,gkf,0,test,,Mg3PI3
primary,mlp_physics9,gkf,0,test,,Sr3PI3
primary,mlp_physics9,gkf,0,test,,Mg3SbF3
primary,mlp_physics9,gkf,0,inner_val,0,Mg3BiBr3
primary,mlp_physics9,gkf,0,inner_val,0,Ba3PI3
primary,mlp_physics9,gkf,0,inner_val,0,Ca3PBr3
primary,mlp_physics9,gkf,0,inner_val,0,Mg3PBr3
primary,mlp_physics9,gkf,0,inner_val,0,Sr3PCl3
primary,mlp_physics9,gkf,0,inner_val,0,Ba3SbCl3
primary,mlp_physics9,gkf,0,inner_val,0,Sr3SbI3
primary,mlp_physics9,gkf,0,inner_val,1,Ba3AsBr3
primary,mlp_physics9,gkf,0,inner_val,1,Ba3AsCl3
primary,mlp_physics9,gkf,0,inner_val,1,Ba3BiBr3
primary,mlp_physics9,gkf,0,inner_val,1,Mg3BiBr3
primary,mlp_physics9,gkf,0,inner_val,1,Ca3PF3
primary,mlp_physics9,gkf,0,inner_val,1,Ca3PI3
primary,mlp_physics9,gkf,0,inner_val,1,Sr3PCl3
primary,mlp_physics9,gkf,0,inner_val,2,Mg3AsBr3
primary,mlp_physics9,gkf,0,inner_val,2,Ca3BiI3
primary,mlp_physics9,gkf,0,inner_val,2,Mg3BiI3
primary,mlp_physics9,gkf,0,inner_val,2,Ca3PBr3
primary,mlp_physics9,gkf,0,inner_val,2,Ca3PF3
primary,mlp_physics9,gkf,0,inner_val,2,Ca3SbF3
primary,mlp_physics9,gkf,0,inner_val,2,Mg3SbCl3
primary,mlp_physics9,gkf,0,inner_val,3,Ba3AsBr3
primary,mlp_physics9,gkf,0,inner_val,3,Ba3AsI3
primary,mlp_physics9,gkf,0,inner_val,3,Sr3AsCl3
primary,mlp_physics9,gkf,0,inner_val,3,Mg3BiBr3
primary,mlp_physics9,gkf,0,inner_val,3,Ca3PF3
primary,mlp_physics9,gkf,0,inner_val,3,Sr3PBr3
primary,mlp_physics9,gkf,0,inner_val,3,Mg3SbI3
primary,mlp_physics9,gkf,0,inner_val,4,Sr3AsCl3
primary,mlp_physics9,gkf,0,inner_val,4,Ba3BiBr3
primary,mlp_physics9,gkf,0,inner_val,4,Ba3PI3
primary,mlp_physics9,gkf,0,inner_val,4,Mg3PBr3
primary,mlp_physics9,gkf,0,inner_val,4,Sr3PBr3
primary,mlp_physics9,gkf,0,inner_val,4,Ca3SbCl3
primary,mlp_physics9,gkf,0,inner_val,4,Sr3SbI3
primary,mlp_physics9,gkf,1,test,,Ca3AsBr3
primary,mlp_physics9,gkf,1,test,,Mg3BiI3
primary,mlp_physics9,gkf,1,test,,Ba3PI3
primary,mlp_physics9,gkf,1,test,,Ca3PBr3
primary,mlp_physics9,gkf,1,test,,Ca3PCl3
primary,mlp_physics9,gkf,1,test,,Ca3PF3
primary,mlp_physics9,gkf,1,test,,Ba3SbBr3
primary,mlp_physics9,gkf,1,test,,Ca3SbBr3
primary,mlp_physics9,gkf,1,inner_val,0,Ba3AsBr3
primary,mlp_physics9,gkf,1,inner_val,0,Sr3AsI3
primary,mlp_physics9,gkf,1,inner_val,0,Ba3BiCl3
primary,mlp_physics9,gkf,1,inner_val,0,Ba3BiI3
primary,mlp_physics9,gkf,1,inner_val,0,Ca3PI3
primary,mlp_physics9,gkf,1,inner_val,0,Sr3PI3
primary,mlp_physics9,gkf,1,inner_val,0,Sr3SbI3
primary,mlp_physics9,gkf,1,inner_val,1,Ba3BiBr3
primary,mlp_physics9,gkf,1,inner_val,1,Mg3BiBr3
primary,mlp_physics9,gkf,1,inner_val,1,Sr3PBr3
primary,mlp_physics9,gkf,1,inner_val,1,Mg3SbBr3
primary,mlp_physics9,gkf,1,inner_val,1,Mg3SbF3
primary,mlp_physics9,gkf,1,inner_val,1,Mg3SbI3
primary,mlp_physics9,gkf,1,inner_val,1,Sr3SbCl3
primary,mlp_physics9,gkf,1,inner_val,2,Ba3AsBr3
primary,mlp_physics9,gkf,1,inner_val,2,Ba3AsI3
primary,mlp_physics9,gkf,1,inner_val,2,Sr3AsI3
primary,mlp_physics9,gkf,1,inner_val,2,Ba3BiCl3
primary,mlp_physics9,gkf,1,inner_val,2,Sr3PBr3
primary,mlp_physics9,gkf,1,inner_val,2,Ba3SbCl3
primary,mlp_physics9,gkf,1,inner_val,2,Mg3SbF3
primary,mlp_physics9,gkf,1,inner_val,3,Ca3AsF3
primary,mlp_physics9,gkf,1,inner_val,3,Ba3PBr3
primary,mlp_physics9,gkf,1,inner_val,3,Sr3PBr3
primary,mlp_physics9,gkf,1,inner_val,3,Ca3SbF3
primary,mlp_physics9,gkf,1,inner_val,3,Mg3SbCl3
primary,mlp_physics9,gkf,1,inner_val,3,Mg3SbF3
primary,mlp_physics9,gkf,1,inner_val,3,Sr3SbCl3
primary,mlp_physics9,gkf,1,inner_val,4,Ba3BiBr3
primary,mlp_physics9,gkf,1,inner_val,4,Ba3BiI3
primary,mlp_physics9,gkf,1,inner_val,4,Ca3BiI3
primary,mlp_physics9,gkf,1,inner_val,4,Ba3PBr3
primary,mlp_physics9,gkf,1,inner_val,4,Sr3PCl3
primary,mlp_physics9,gkf,1,inner_val,4,Ba3SbCl3
primary,mlp_physics9,gkf,1,inner_val,4,Mg3SbI3
primary,mlp_physics9,gkf,2,test,,Ba3AsBr3
primary,mlp_physics9,gkf,2,test,,Ba3AsCl3
primary,mlp_physics9,gkf,2,test,,Sr3AsCl3
primary,mlp_physics9,gkf,2,test,,Ba3BiI3
primary,mlp_physics9,gkf,2,test,,Mg3PBr3
primary,mlp_physics9,gkf,2,test,,Ba3SbI3
primary,mlp_physics9,gkf,2,test,,Ca3SbF3
primary,mlp_physics9,gkf,2,test,,Sr3SbCl3
primary,mlp_physics9,gkf,2,inner_val,0,Ba3AsI3
primary,mlp_physics9,gkf,2,inner_val,0,Ba3PBr3
primary,mlp_physics9,gkf,2,inner_val,0,Ca3PI3
primary,mlp_physics9,gkf,2,inner_val,0,Sr3PCl3
primary,mlp_physics9,gkf,2,inner_val,0,Sr3PI3
primary,mlp_physics9,gkf,2,inner_val,0,Ca3SbBr3
primary,mlp_physics9,gkf,2,inner_val,0,Mg3SbI3
primary,mlp_physics9,gkf,2,inner_val,1,Ba3AsI3
primary,mlp_physics9,gkf,2,inner_val,1,Ca3AsBr3
primary,mlp_physics9,gkf,2,inner_val,1,Mg3AsBr3
primary,mlp_physics9,gkf,2,inner_val,1,Mg3BiI3
primary,mlp_physics9,gkf,2,inner_val,1,Mg3PI3
primary,mlp_physics9,gkf,2,inner_val,1,Mg3SbF3
primary,mlp_physics9,gkf,2,inner_val,1,Mg3SbI3
primary,mlp_physics9,gkf,2,inner_val,2,Ba3AsI3
primary,mlp_physics9,gkf,2,inner_val,2,Ca3AsF3
primary,mlp_physics9,gkf,2,inner_val,2,Mg3BiBr3
primary,mlp_physics9,gkf,2,inner_val,2,Ca3PF3
primary,mlp_physics9,gkf,2,inner_val,2,Sr3PCl3
primary,mlp_physics9,gkf,2,inner_val,2,Ba3SbBr3
primary,mlp_physics9,gkf,2,inner_val,2,Sr3SbI3
primary,mlp_physics9,gkf,2,inner_val,3,Sr3AsI3
primary,mlp_physics9,gkf,2,inner_val,3,Ba3BiBr3
primary,mlp_physics9,gkf,2,inner_val,3,Ba3BiCl3
primary,mlp_physics9,gkf,2,inner_val,3,Mg3BiI3
primary,mlp_physics9,gkf,2,inner_val,3,Ca3PCl3
primary,mlp_physics9,gkf,2,inner_val,3,Mg3PCl3
primary,mlp_physics9,gkf,2,inner_val,3,Ba3SbCl3
primary,mlp_physics9,gkf,2,inner_val,4,Ca3AsBr3
primary,mlp_physics9,gkf,2,inner_val,4,Sr3AsI3
primary,mlp_physics9,gkf,2,inner_val,4,Ba3BiCl3
primary,mlp_physics9,gkf,2,inner_val,4,Mg3BiBr3
primary,mlp_physics9,gkf,2,inner_val,4,Ca3PF3
primary,mlp_physics9,gkf,2,inner_val,4,Ba3SbCl3
primary,mlp_physics9,gkf,2,inner_val,4,Mg3SbI3
primary,mlp_physics9,gkf,3,test,,Ba3AsI3
primary,mlp_physics9,gkf,3,test,,Ba3BiBr3
primary,mlp_physics9,gkf,3,test,,Mg3BiBr3
primary,mlp_physics9,gkf,3,test,,Sr3PBr3
primary,mlp_physics9,gkf,3,test,,Sr3PCl3
primary,mlp_physics9,gkf,3,test,,Ba3SbCl3
primary,mlp_physics9,gkf,3,test,,Mg3SbCl3
primary,mlp_physics9,gkf,3,test,,Mg3SbI3
primary,mlp_physics9,gkf,3,inner_val,0,Ba3AsCl3
primary,mlp_physics9,gkf,3,inner_val,0,Mg3AsBr3
primary,mlp_physics9,gkf,3,inner_val,0,Sr3AsCl3
primary,mlp_physics9,gkf,3,inner_val,0,Sr3AsI3
primary,mlp_physics9,gkf,3,inner_val,0,Ca3PF3
primary,mlp_physics9,gkf,3,inner_val,0,Mg3PBr3
primary,mlp_physics9,gkf,3,inner_val,0,Mg3SbF3
primary,mlp_physics9,gkf,3,inner_val,1,Ba3AsBr3
primary,mlp_physics9,gkf,3,inner_val,1,Mg3AsBr3
primary,mlp_physics9,gkf,3,inner_val,1,Ba3PI3
primary,mlp_physics9,gkf,3,inner_val,1,Mg3PI3
primary,mlp_physics9,gkf,3,inner_val,1,Ca3SbCl3
primary,mlp_physics9,gkf,3,inner_val,1,Mg3SbBr3
primary,mlp_physics9,gkf,3,inner_val,1,Sr3SbCl3
primary,mlp_physics9,gkf,3,inner_val,2,Ba3AsBr3
primary,mlp_physics9,gkf,3,inner_val,2,Ba3AsCl3
primary,mlp_physics9,gkf,3,inner_val,2,Ca3BiI3
primary,mlp_physics9,gkf,3,inner_val,2,Mg3BiI3
primary,mlp_physics9,gkf,3,inner_val,2,Ba3PI3
primary,mlp_physics9,gkf,3,inner_val,2,Ca3PBr3
primary,mlp_physics9,gkf,3,inner_val,2,Ba3SbI3
primary,mlp_physics9,gkf,3,inner_val,3,Ca3AsF3
primary,mlp_physics9,gkf,3,inner_val,3,Sr3AsI3
primary,mlp_physics9,gkf,3,inner_val,3,Ba3PI3
primary,mlp_physics9,gkf,3,inner_val,3,Ca3PCl3
primary,mlp_physics9,gkf,3,inner_val,3,Ca3PI3
primary,mlp_physics9,gkf,3,inner_val,3,Sr3PI3
primary,mlp_physics9,gkf,3,inner_val,3,Sr3SbI3
primary,mlp_physics9,gkf,3,inner_val,4,Sr3AsI3
primary,mlp_physics9,gkf,3,inner_val,4,Ca3PCl3
primary,mlp_physics9,gkf,3,inner_val,4,Mg3PBr3
primary,mlp_physics9,gkf,3,inner_val,4,Mg3PI3
primary,mlp_physics9,gkf,3,inner_val,4,Ca3SbCl3
primary,mlp_physics9,gkf,3,inner_val,4,Mg3SbBr3
primary,mlp_physics9,gkf,3,inner_val,4,Mg3SbF3
primary,mlp_physics9,gkf,4,test,,Mg3AsBr3
primary,mlp_physics9,gkf,4,test,,Ca3BiI3
primary,mlp_physics9,gkf,4,test,,Ba3PCl3
primary,mlp_physics9,gkf,4,test,,Ca3PI3
primary,mlp_physics9,gkf,4,test,,Ca3SbCl3
primary,mlp_physics9,gkf,4,test,,Mg3SbBr3
primary,mlp_physics9,gkf,4,test,,Sr3SbI3
primary,mlp_physics9,gkf,4,inner_val,0,Ba3AsCl3
primary,mlp_physics9,gkf,4,inner_val,0,Ca3AsF3
primary,mlp_physics9,gkf,4,inner_val,0,Mg3PI3
primary,mlp_physics9,gkf,4,inner_val,0,Sr3PCl3
primary,mlp_physics9,gkf,4,inner_val,0,Ca3SbBr3
primary,mlp_physics9,gkf,4,inner_val,0,Mg3SbF3
primary,mlp_physics9,gkf,4,inner_val,0,Sr3SbCl3
primary,mlp_physics9,gkf,4,inner_val,1,Ba3AsCl3
primary,mlp_physics9,gkf,4,inner_val,1,Ba3BiI3
primary,mlp_physics9,gkf,4,inner_val,1,Ca3PBr3
primary,mlp_physics9,gkf,4,inner_val,1,Sr3PBr3
primary,mlp_physics9,gkf,4,inner_val,1,Sr3PI3
primary,mlp_physics9,gkf,4,inner_val,1,Ca3SbBr3
primary,mlp_physics9,gkf,4,inner_val,1,Mg3SbF3
primary,mlp_physics9,gkf,4,inner_val,2,Sr3AsCl3
primary,mlp_physics9,gkf,4,inner_val,2,Sr3AsI3
primary,mlp_physics9,gkf,4,inner_val,2,Mg3BiBr3
primary,mlp_physics9,gkf,4,inner_val,2,Mg3BiI3
primary,mlp_physics9,gkf,4,inner_val,2,Sr3PI3
primary,mlp_physics9,gkf,4,inner_val,2,Ba3SbCl3
primary,mlp_physics9,gkf,4,inner_val,2,Ba3SbI3
primary,mlp_physics9,gkf,4,inner_val,3,Ba3AsBr3
primary,mlp_physics9,gkf,4,inner_val,3,Sr3AsCl3
primary,mlp_physics9,gkf,4,inner_val,3,Ba3BiBr3
primary,mlp_physics9,gkf,4,inner_val,3,Ba3BiCl3
primary,mlp_physics9,gkf,4,inner_val,3,Sr3PBr3
primary,mlp_physics9,gkf,4,inner_val,3,Sr3PCl3
primary,mlp_physics9,gkf,4,inner_val,3,Ba3SbBr3
primary,mlp_physics9,gkf,4,inner_val,4,Mg3BiI3
primary,mlp_physics9,gkf,4,inner_val,4,Ba3PBr3
primary,mlp_physics9,gkf,4,inner_val,4,Ca3PF3
primary,mlp_physics9,gkf,4,inner_val,4,Sr3PCl3
primary,mlp_physics9,gkf,4,inner_val,4,Ba3SbCl3
primary,mlp_physics9,gkf,4,inner_val,4,Mg3SbF3
primary,mlp_physics9,gkf,4,inner_val,4,Mg3SbI3
primary,mlp_physics9,gkf,5,test,,Ba3AsBr3
primary,mlp_physics9,gkf,5,test,,Ca3AsBr3
primary,mlp_physics9,gkf,5,test,,Ba3BiCl3
primary,mlp_physics9,gkf,5,test,,Mg3BiBr3
primary,mlp_physics9,gkf,5,test,,Mg3PI3
primary,mlp_physics9,gkf,5,test,,Ba3SbCl3
primary,mlp_physics9,gkf,5,test,,Mg3SbBr3
primary,mlp_physics9,gkf,5,test,,Mg3SbCl3
primary,mlp_physics9,gkf,5,inner_val,0,Ba3AsI3
primary,mlp_physics9,gkf,5,inner_val,0,Sr3AsI3
primary,mlp_physics9,gkf,5,inner_val,0,Mg3BiI3
primary,mlp_physics9,gkf,5,inner_val,0,Ca3PBr3
primary,mlp_physics9,gkf,5,inner_val,0,Ba3SbI3
primary,mlp_physics9,gkf,5,inner_val,0,Mg3SbI3
primary,mlp_physics9,gkf,5,inner_val,0,Sr3SbI3
primary,mlp_physics9,gkf,5,inner_val,1,Ba3AsI3
primary,mlp_physics9,gkf,5,inner_val,1,Ca3BiI3
primary,mlp_physics9,gkf,5,inner_val,1,Ba3PBr3
primary,mlp_physics9,gkf,5,inner_val,1,Ba3PI3
primary,mlp_physics9,gkf,5,inner_val,1,Ca3PCl3
primary,mlp_physics9,gkf,5,inner_val,1,Sr3PCl3
primary,mlp_physics9,gkf,5,inner_val,1,Ba3SbBr3
primary,mlp_physics9,gkf,5,inner_val,2,Ba3BiBr3
primary,mlp_physics9,gkf,5,inner_val,2,Ba3BiI3
primary,mlp_physics9,gkf,5,inner_val,2,Ca3BiI3
primary,mlp_physics9,gkf,5,inner_val,2,Mg3BiI3
primary,mlp_physics9,gkf,5,inner_val,2,Ba3SbBr3
primary,mlp_physics9,gkf,5,inner_val,2,Ba3SbI3
primary,mlp_physics9,gkf,5,inner_val,2,Sr3SbI3
primary,mlp_physics9,gkf,5,inner_val,3,Ba3AsI3
primary,mlp_physics9,gkf,5,inner_val,3,Sr3AsCl3
primary,mlp_physics9,gkf,5,inner_val,3,Sr3AsI3
primary,mlp_physics9,gkf,5,inner_val,3,Ba3BiBr3
primary,mlp_physics9,gkf,5,inner_val,3,Ca3PF3
primary,mlp_physics9,gkf,5,inner_val,3,Ba3SbI3
primary,mlp_physics9,gkf,5,inner_val,3,Mg3SbF3
primary,mlp_physics9,gkf,5,inner_val,4,Ba3BiBr3
primary,mlp_physics9,gkf,5,inner_val,4,Ca3BiI3
primary,mlp_physics9,gkf,5,inner_val,4,Mg3BiI3
primary,mlp_physics9,gkf,5,inner_val,4,Ca3PCl3
primary,mlp_physics9,gkf,5,inner_val,4,Mg3PCl3
primary,mlp_physics9,gkf,5,inner_val,4,Ba3SbI3
primary,mlp_physics9,gkf,5,inner_val,4,Sr3SbCl3
primary,mlp_physics9,gkf,6,test,,Mg3AsBr3
primary,mlp_physics9,gkf,6,test,,Ba3BiI3
primary,mlp_physics9,gkf,6,test,,Ca3PBr3
primary,mlp_physics9,gkf,6,test,,Ca3PI3
primary,mlp_physics9,gkf,6,test,,Mg3PCl3
primary,mlp_physics9,gkf,6,test,,Ba3SbBr3
primary,mlp_physics9,gkf,6,test,,Ca3SbF3
primary,mlp_physics9,gkf,6,test,,Mg3SbI3
primary,mlp_physics9,gkf,6,inner_val,0,Ba3AsCl3
primary,mlp_physics9,gkf,6,inner_val,0,Mg3BiI3
primary,mlp_physics9,gkf,6,inner_val,0,Ba3PBr3
primary,mlp_physics9,gkf,6,inner_val,0,Ba3PCl3
primary,mlp_physics9,gkf,6,inner_val,0,Mg3PI3
primary,mlp_physics9,gkf,6,inner_val,0,Ca3SbBr3
primary,mlp_physics9,gkf,6,inner_val,0,Mg3SbBr3
primary,mlp_physics9,gkf,6,inner_val,1,Sr3AsI3
primary,mlp_physics9,gkf,6,inner_val,1,Mg3BiBr3
primary,mlp_physics9,gkf,6,inner_val,1,Ba3PCl3
primary,mlp_physics9,gkf,6,inner_val,1,Ca3PF3
primary,mlp_physics9,gkf,6,inner_val,1,Ba3SbI3
primary,mlp_physics9,gkf,6,inner_val,1,Ca3SbCl3
primary,mlp_physics9,gkf,6,inner_val,1,Sr3SbI3
primary,mlp_physics9,gkf,6,inner_val,2,Ca3AsF3
primary,mlp_physics9,gkf,6,inner_val,2,Ca3BiI3
primary,mlp_physics9,gkf,6,inner_val,2,Ba3PBr3
primary,mlp_physics9,gkf,6,inner_val,2,Ca3PCl3
primary,mlp_physics9,gkf,6,inner_val,2,Ba3SbI3
primary,mlp_physics9,gkf,6,inner_val,2,Ca3SbBr3
primary,mlp_physics9,gkf,6,inner_val,2,Sr3SbI3
primary,mlp_physics9,gkf,6,inner_val,3,Ba3AsBr3
primary,mlp_physics9,gkf,6,inner_val,3,Ba3AsCl3
primary,mlp_physics9,gkf,6,inner_val,3,Sr3AsI3
primary,mlp_physics9,gkf,6,inner_val,3,Ca3BiI3
primary,mlp_physics9,gkf,6,inner_val,3,Mg3BiBr3
primary,mlp_physics9,gkf,6,inner_val,3,Ba3PCl3
primary,mlp_physics9,gkf,6,inner_val,3,Ca3PF3
primary,mlp_physics9,gkf,6,inner_val,4,Ba3AsI3
primary,mlp_physics9,gkf,6,inner_val,4,Ca3AsBr3
primary,mlp_physics9,gkf,6,inner_val,4,Sr3AsCl3
primary,mlp_physics9,gkf,6,inner_val,4,Ba3PBr3
primary,mlp_physics9,gkf,6,inner_val,4,Ba3PI3
primary,mlp_physics9,gkf,6,inner_val,4,Mg3PI3
primary,mlp_physics9,gkf,6,inner_val,4,Sr3SbCl3
primary,mlp_physics9,gkf,7,test,,Ba3AsI3
primary,mlp_physics9,gkf,7,test,,Sr3AsCl3
primary,mlp_physics9,gkf,7,test,,Sr3AsI3
primary,mlp_physics9,gkf,7,test,,Ba3PCl3
primary,mlp_physics9,gkf,7,test,,Ca3PCl3
primary,mlp_physics9,gkf,7,test,,Sr3PBr3
primary,mlp_physics9,gkf,7,test,,Ba3SbI3
primary,mlp_physics9,gkf,7,test,,Sr3SbI3
primary,mlp_physics9,gkf,7,inner_val,0,Ba3AsBr3
primary,mlp_physics9,gkf,7,inner_val,0,Ba3PBr3
primary,mlp_physics9,gkf,7,inner_val,0,Ba3PI3
primary,mlp_physics9,gkf,7,inner_val,0,Ca3PI3
primary,mlp_physics9,gkf,7,inner_val,0,Sr3PI3
primary,mlp_physics9,gkf,7,inner_val,0,Mg3SbCl3
primary,mlp_physics9,gkf,7,inner_val,0,Sr3SbCl3
primary,mlp_physics9,gkf,7,inner_val,1,Ca3AsF3
primary,mlp_physics9,gkf,7,inner_val,1,Mg3AsBr3
primary,mlp_physics9,gkf,7,inner_val,1,Ba3BiCl3
primary,mlp_physics9,gkf,7,inner_val,1,Mg3BiBr3
primary,mlp_physics9,gkf,7,inner_val,1,Ca3PI3
primary,mlp_physics9,gkf,7,inner_val,1,Mg3PCl3
primary,mlp_physics9,gkf,7,inner_val,1,Sr3PCl3
primary,mlp_physics9,gkf,7,inner_val,2,Ba3AsBr3
primary,mlp_physics9,gkf,7,inner_val,2,Mg3AsBr3
primary,mlp_physics9,gkf,7,inner_val,2,Mg3BiBr3
primary,mlp_physics9,gkf,7,inner_val,2,Mg3PI3
primary,mlp_physics9,gkf,7,inner_val,2,Mg3SbCl3
primary,mlp_physics9,gkf,7,inner_val,2,Mg3SbI3
primary,mlp_physics9,gkf,7,inner_val,2,Sr3SbCl3
primary,mlp_physics9,gkf,7,inner_val,3,Ca3AsF3
primary,mlp_physics9,gkf,7,inner_val,3,Ba3BiI3
primary,mlp_physics9,gkf,7,inner_val,3,Ba3PI3
primary,mlp_physics9,gkf,7,inner_val,3,Ca3PF3
primary,mlp_physics9,gkf,7,inner_val,3,Mg3PBr3
primary,mlp_physics9,gkf,7,inner_val,3,Mg3SbBr3
primary,mlp_physics9,gkf,7,inner_val,3,Mg3SbCl3
primary,mlp_physics9,gkf,7,inner_val,4,Ca3AsBr3
primary,mlp_physics9,gkf,7,inner_val,4,Ba3BiBr3
primary,mlp_physics9,gkf,7,inner_val,4,Ba3BiI3
primary,mlp_physics9,gkf,7,inner_val,4,Mg3BiI3
primary,mlp_physics9,gkf,7,inner_val,4,Ba3PBr3
primary,mlp_physics9,gkf,7,inner_val,4,Ba3PI3
primary,mlp_physics9,gkf,7,inner_val,4,Ca3SbBr3
primary,mlp_physics9,gkf,8,test,,Ba3AsCl3
primary,mlp_physics9,gkf,8,test,,Ca3BiI3
primary,mlp_physics9,gkf,8,test,,Mg3PBr3
primary,mlp_physics9,gkf,8,test,,Sr3PCl3
primary,mlp_physics9,gkf,8,test,,Sr3PI3
primary,mlp_physics9,gkf,8,test,,Ca3SbBr3
primary,mlp_physics9,gkf,8,test,,Mg3SbF3
primary,mlp_physics9,gkf,8,test,,Sr3SbCl3
primary,mlp_physics9,gkf,8,inner_val,0,Ba3AsI3
primary,mlp_physics9,gkf,8,inner_val,0,Ca3AsF3
primary,mlp_physics9,gkf,8,inner_val,0,Ba3BiI3
primary,mlp_physics9,gkf,8,inner_val,0,Ca3PCl3
primary,mlp_physics9,gkf,8,inner_val,0,Ca3PF3
primary,mlp_physics9,gkf,8,inner_val,0,Ca3PI3
primary,mlp_physics9,gkf,8,inner_val,0,Ca3SbF3
primary,mlp_physics9,gkf,8,inner_val,1,Ca3PBr3
primary,mlp_physics9,gkf,8,inner_val,1,Ca3PCl3
primary,mlp_physics9,gkf,8,inner_val,1,Sr3PBr3
primary,mlp_physics9,gkf,8,inner_val,1,Mg3SbBr3
primary,mlp_physics9,gkf,8,inner_val,1,Mg3SbCl3
primary,mlp_physics9,gkf,8,inner_val,1,Mg3SbI3
primary,mlp_physics9,gkf,8,inner_val,1,Sr3SbI3
primary,mlp_physics9,gkf,8,inner_val,2,Ca3AsBr3
primary,mlp_physics9,gkf,8,inner_val,2,Ca3AsF3
primary,mlp_physics9,gkf,8,inner_val,2,Sr3AsCl3
primary,mlp_physics9,gkf,8,inner_val,2,Mg3BiI3
primary,mlp_physics9,gkf,8,inner_val,2,Ba3PCl3
primary,mlp_physics9,gkf,8,inner_val,2,Ba3SbBr3
primary,mlp_physics9,gkf,8,inner_val,2,Ba3SbI3
primary,mlp_physics9,gkf,8,inner_val,3,Mg3AsBr3
primary,mlp_physics9,gkf,8,inner_val,3,Ba3BiBr3
primary,mlp_physics9,gkf,8,inner_val,3,Ba3PI3
primary,mlp_physics9,gkf,8,inner_val,3,Ca3PI3
primary,mlp_physics9,gkf,8,inner_val,3,Sr3PBr3
primary,mlp_physics9,gkf,8,inner_val,3,Ca3SbCl3
primary,mlp_physics9,gkf,8,inner_val,3,Ca3SbF3
primary,mlp_physics9,gkf,8,inner_val,4,Sr3AsCl3
primary,mlp_physics9,gkf,8,inner_val,4,Ba3BiI3
primary,mlp_physics9,gkf,8,inner_val,4,Mg3BiBr3
primary,mlp_physics9,gkf,8,inner_val,4,Ba3PI3
primary,mlp_physics9,gkf,8,inner_val,4,Ba3SbBr3
primary,mlp_physics9,gkf,8,inner_val,4,Mg3SbCl3
primary,mlp_physics9,gkf,8,inner_val,4,Sr3SbI3
primary,mlp_physics9,gkf,9,test,,Ca3AsF3
primary,mlp_physics9,gkf,9,test,,Ba3BiBr3
primary,mlp_physics9,gkf,9,test,,Mg3BiI3
primary,mlp_physics9,gkf,9,test,,Ba3PBr3
primary,mlp_physics9,gkf,9,test,,Ba3PI3
primary,mlp_physics9,gkf,9,test,,Ca3PF3
primary,mlp_physics9,gkf,9,test,,Ca3SbCl3
primary,mlp_physics9,gkf,9,inner_val,0,Ba3AsCl3
primary,mlp_physics9,gkf,9,inner_val,0,Mg3AsBr3
primary,mlp_physics9,gkf,9,inner_val,0,Sr3PBr3
primary,mlp_physics9,gkf,9,inner_val,0,Ba3SbBr3
primary,mlp_physics9,gkf,9,inner_val,0,Ba3SbCl3
primary,mlp_physics9,gkf,9,inner_val,0,Ba3SbI3
primary,mlp_physics9,gkf,9,inner_val,0,Sr3SbCl3
primary,mlp_physics9,gkf,9,inner_val,1,Mg3AsBr3
primary,mlp_physics9,gkf,9,inner_val,1,Ba3BiCl3
primary,mlp_physics9,gkf,9,inner_val,1,Ba3PCl3
primary,mlp_physics9,gkf,9,inner_val,1,Ca3PBr3
primary,mlp_physics9,gkf,9,inner_val,1,Mg3PI3
primary,mlp_physics9,gkf,9,inner_val,1,Ca3SbBr3
primary,mlp_physics9,gkf,9,inner_val,1,Sr3SbCl3
primary,mlp_physics9,gkf,9,inner_val,2,Ca3AsBr3
primary,mlp_physics9,gkf,9,inner_val,2,Sr3AsCl3
primary,mlp_physics9,gkf,9,inner_val,2,Ca3BiI3
primary,mlp_physics9,gkf,9,inner_val,2,Ba3PCl3
primary,mlp_physics9,gkf,9,inner_val,2,Mg3PBr3
primary,mlp_physics9,gkf,9,inner_val,2,Ba3SbCl3
primary,mlp_physics9,gkf,9,inner_val,2,Ca3SbBr3
primary,mlp_physics9,gkf,9,inner_val,3,Ba3AsBr3
primary,mlp_physics9,gkf,9,inner_val,3,Ba3AsI3
primary,mlp_physics9,gkf,9,inner_val,3,Sr3AsCl3
primary,mlp_physics9,gkf,9,inner_val,3,Ba3BiCl3
primary,mlp_physics9,gkf,9,inner_val,3,Ba3PCl3
primary,mlp_physics9,gkf,9,inner_val,3,Mg3PBr3
primary,mlp_physics9,gkf,9,inner_val,3,Ba3SbBr3
primary,mlp_physics9,gkf,9,inner_val,4,Ca3PI3
primary,mlp_physics9,gkf,9,inner_val,4,Mg3PCl3
primary,mlp_physics9,gkf,9,inner_val,4,Mg3PI3
primary,mlp_physics9,gkf,9,inner_val,4,Mg3SbBr3
primary,mlp_physics9,gkf,9,inner_val,4,Mg3SbF3
primary,mlp_physics9,gkf,9,inner_val,4,Sr3SbCl3
primary,mlp_physics9,gkf,9,inner_val,4,Sr3SbI3
primary,mlp_physics9,gkf,10,test,,Ba3AsCl3
primary,mlp_physics9,gkf,10,test,,Ba3BiBr3
primary,mlp_physics9,gkf,10,test,,Ba3BiCl3
primary,mlp_physics9,gkf,10,test,,Ba3BiI3
primary,mlp_physics9,gkf,10,test,,Ca3PCl3
primary,mlp_physics9,gkf,10,test,,Mg3PCl3
primary,mlp_physics9,gkf,10,test,,Ba3SbBr3
primary,mlp_physics9,gkf,10,test,,Ba3SbCl3
primary,mlp_physics9,gkf,10,inner_val,0,Ba3AsI3
primary,mlp_physics9,gkf,10,inner_val,0,Ba3PI3
primary,mlp_physics9,gkf,10,inner_val,0,Mg3PI3
primary,mlp_physics9,gkf,10,inner_val,0,Sr3PBr3
primary,mlp_physics9,gkf,10,inner_val,0,Sr3PCl3
primary,mlp_physics9,gkf,10,inner_val,0,Ca3SbF3
primary,mlp_physics9,gkf,10,inner_val,0,Mg3SbBr3
primary,mlp_physics9,gkf,10,inner_val,1,Ba3AsBr3
primary,mlp_physics9,gkf,10,inner_val,1,Mg3BiBr3
primary,mlp_physics9,gkf,10,inner_val,1,Ba3PBr3
primary,mlp_physics9,gkf,10,inner_val,1,Ca3SbBr3
primary,mlp_physics9,gkf,10,inner_val,1,Ca3SbF3
primary,mlp_physics9,gkf,10,inner_val,1,Mg3SbCl3
primary,mlp_physics9,gkf,10,inner_val,1,Mg3SbF3
primary,mlp_physics9,gkf,10,inner_val,2,Sr3AsI3
primary,mlp_physics9,gkf,10,inner_val,2,Ba3PI3
primary,mlp_physics9,gkf,10,inner_val,2,Ca3PBr3
primary,mlp_physics9,gkf,10,inner_val,2,Ca3PF3
primary,mlp_physics9,gkf,10,inner_val,2,Mg3PBr3
primary,mlp_physics9,gkf,10,inner_val,2,Sr3PI3
primary,mlp_physics9,gkf,10,inner_val,2,Sr3SbI3
primary,mlp_physics9,gkf,10,inner_val,3,Sr3AsI3
primary,mlp_physics9,gkf,10,inner_val,3,Ba3PCl3
primary,mlp_physics9,gkf,10,inner_val,3,Ca3PI3
primary,mlp_physics9,gkf,10,inner_val,3,Mg3PBr3
primary,mlp_physics9,gkf,10,inner_val,3,Sr3PCl3
primary,mlp_physics9,gkf,10,inner_val,3,Sr3SbCl3
primary,mlp_physics9,gkf,10,inner_val,3,Sr3SbI3
primary,mlp_physics9,gkf,10,inner_val,4,Ba3AsBr3
primary,mlp_physics9,gkf,10,inner_val,4,Mg3AsBr3
primary,mlp_physics9,gkf,10,inner_val,4,Sr3AsCl3
primary,mlp_physics9,gkf,10,inner_val,4,Sr3AsI3
primary,mlp_physics9,gkf,10,inner_val,4,Ba3PI3
primary,mlp_physics9,gkf,10,inner_val,4,Ca3PBr3
primary,mlp_physics9,gkf,10,inner_val,4,Mg3SbCl3
primary,mlp_physics9,gkf,11,test,,Ba3AsI3
primary,mlp_physics9,gkf,11,test,,Sr3AsCl3
primary,mlp_physics9,gkf,11,test,,Sr3AsI3
primary,mlp_physics9,gkf,11,test,,Ca3PI3
primary,mlp_physics9,gkf,11,test,,Sr3PI3
primary,mlp_physics9,gkf,11,test,,Ba3SbI3
primary,mlp_physics9,gkf,11,test,,Ca3SbBr3
primary,mlp_physics9,gkf,11,test,,Mg3SbBr3
primary,mlp_physics9,gkf,11,inner_val,0,Ba3AsBr3
primary,mlp_physics9,gkf,11,inner_val,0,Mg3BiI3
primary,mlp_physics9,gkf,11,inner_val,0,Ba3PBr3
primary,mlp_physics9,gkf,11,inner_val,0,Ca3PBr3
primary,mlp_physics9,gkf,11,inner_val,0,Ca3PF3
primary,mlp_physics9,gkf,11,inner_val,0,Mg3PBr3
primary,mlp_physics9,gkf,11,inner_val,0,Ba3SbBr3
primary,mlp_physics9,gkf,11,inner_val,1,Ca3BiI3
primary,mlp_physics9,gkf,11,inner_val,1,Ba3PBr3
primary,mlp_physics9,gkf,11,inner_val,1,Ba3PCl3
primary,mlp_physics9,gkf,11,inner_val,1,Ba3PI3
primary,mlp_physics9,gkf,11,inner_val,1,Ca3PF3
primary,mlp_physics9,gkf,11,inner_val,1,Mg3PCl3
primary,mlp_physics9,gkf,11,inner_val,1,Sr3PCl3
primary,mlp_physics9,gkf,11,inner_val,2,Ba3AsCl3
primary,mlp_physics9,gkf,11,inner_val,2,Ca3AsBr3
primary,mlp_physics9,gkf,11,inner_val,2,Ba3BiI3
primary,mlp_physics9,gkf,11,inner_val,2,Mg3BiI3
primary,mlp_physics9,gkf,11,inner_val,2,Ca3PF3
primary,mlp_physics9,gkf,11,inner_val,2,Mg3SbF3
primary,mlp_physics9,gkf,11,inner_val,2,Sr3SbCl3
primary,mlp_physics9,gkf,11,inner_val,3,Ba3AsCl3
primary,mlp_physics9,gkf,11,inner_val,3,Ba3BiBr3
primary,mlp_physics9,gkf,11,inner_val,3,Ba3BiCl3
primary,mlp_physics9,gkf,11,inner_val,3,Ba3PBr3
primary,mlp_physics9,gkf,11,inner_val,3,Sr3PCl3
primary,mlp_physics9,gkf,11,inner_val,3,Mg3SbF3
primary,mlp_physics9,gkf,11,inner_val,3,Sr3SbI3
primary,mlp_physics9,gkf,11,inner_val,4,Ba3AsBr3
primary,mlp_physics9,gkf,11,inner_val,4,Mg3AsBr3
primary,mlp_physics9,gkf,11,inner_val,4,Ca3PF3
primary,mlp_physics9,gkf,11,inner_val,4,Mg3PBr3
primary,mlp_physics9,gkf,11,inner_val,4,Sr3PCl3
primary,mlp_physics9,gkf,11,inner_val,4,Ca3SbF3
primary,mlp_physics9,gkf,11,inner_val,4,Mg3SbF3
primary,mlp_physics9,gkf,12,test,,Ba3AsBr3
primary,mlp_physics9,gkf,12,test,,Mg3BiBr3
primary,mlp_physics9,gkf,12,test,,Ba3PBr3
primary,mlp_physics9,gkf,12,test,,Ba3PI3
primary,mlp_physics9,gkf,12,test,,Mg3PBr3
primary,mlp_physics9,gkf,12,test,,Ca3SbF3
primary,mlp_physics9,gkf,12,test,,Mg3SbI3
primary,mlp_physics9,gkf,12,test,,Sr3SbI3
primary,mlp_physics9,gkf,12,inner_val,0,Ca3AsF3
primary,mlp_physics9,gkf,12,inner_val,0,Ba3BiBr3
primary,mlp_physics9,gkf,12,inner_val,0,Ba3BiI3
primary,mlp_physics9,gkf,12,inner_val,0,Ca3PBr3
primary,mlp_physics9,gkf,12,inner_val,0,Ca3PF3
primary,mlp_physics9,gkf,12,inner_val,0,Ba3SbBr3
primary,mlp_physics9,gkf,12,inner_val,0,Sr3SbCl3
primary,mlp_physics9,gkf,12,inner_val,1,Ba3AsCl3
primary,mlp_physics9,gkf,12,inner_val,1,Ca3AsF3
primary,mlp_physics9,gkf,12,inner_val,1,Mg3AsBr3
primary,mlp_physics9,gkf,12,inner_val,1,Sr3AsCl3
primary,mlp_physics9,gkf,12,inner_val,1,Ba3BiI3
primary,mlp_physics9,gkf,12,inner_val,1,Ca3SbCl3
primary,mlp_physics9,gkf,12,inner_val,1,Mg3SbBr3
primary,mlp_physics9,gkf,12,inner_val,2,Ca3AsBr3
primary,mlp_physics9,gkf,12,inner_val,2,Sr3AsCl3
primary,mlp_physics9,gkf,12,inner_val,2,Sr3AsI3
primary,mlp_physics9,gkf,12,inner_val,2,Ba3BiCl3
primary,mlp_physics9,gkf,12,inner_val,2,Ca3PCl3
primary,mlp_physics9,gkf,12,inner_val,2,Ca3PI3
primary,mlp_physics9,gkf,12,inner_val,2,Ca3SbBr3
primary,mlp_physics9,gkf,12,inner_val,3,Ca3AsF3
primary,mlp_physics9,gkf,12,inner_val,3,Mg3AsBr3
primary,mlp_physics9,gkf,12,inner_val,3,Sr3AsCl3
primary,mlp_physics9,gkf,12,inner_val,3,Sr3PCl3
primary,mlp_physics9,gkf,12,inner_val,3,Ba3SbBr3
primary,mlp_physics9,gkf,12,inner_val,3,Mg3SbBr3
primary,mlp_physics9,gkf,12,inner_val,3,Sr3SbCl3
primary,mlp_physics9,gkf,12,inner_val,4,Ba3AsCl3
primary,mlp_physics9,gkf,12,inner_val,4,Ba3AsI3
primary,mlp_physics9,gkf,12,inner_val,4,Ba3BiCl3
primary,mlp_physics9,gkf,12,inner_val,4,Mg3PCl3
primary,mlp_physics9,gkf,12,inner_val,4,Sr3PI3
primary,mlp_physics9,gkf,12,inner_val,4,Ba3SbBr3
primary,mlp_physics9,gkf,12,inner_val,4,Ca3SbCl3
primary,mlp_physics9,gkf,13,test,,Ca3AsBr3
primary,mlp_physics9,gkf,13,test,,Mg3BiI3
primary,mlp_physics9,gkf,13,test,,Ca3PBr3
primary,mlp_physics9,gkf,13,test,,Ca3PF3
primary,mlp_physics9,gkf,13,test,,Mg3PI3
primary,mlp_physics9,gkf,13,test,,Sr3PBr3
primary,mlp_physics9,gkf,13,test,,Ca3SbCl3
primary,mlp_physics9,gkf,13,test,,Mg3SbCl3
primary,mlp_physics9,gkf,13,inner_val,0,Ba3AsCl3
primary,mlp_physics9,gkf,13,inner_val,0,Mg3AsBr3
primary,mlp_physics9,gkf,13,inner_val,0,Mg3BiBr3
primary,mlp_physics9,gkf,13,inner_val,0,Mg3PCl3
primary,mlp_physics9,gkf,13,inner_val,0,Ba3SbBr3
primary,mlp_physics9,gkf,13,inner_val,0,Ba3SbCl3
primary,mlp_physics9,gkf,13,inner_val,0,Ca3SbF3
primary,mlp_physics9,gkf,13,inner_val,1,Ba3AsBr3
primary,mlp_physics9,gkf,13,inner_val,1,Ba3AsCl3
primary,mlp_physics9,gkf,13,inner_val,1,Sr3AsCl3
primary,mlp_physics9,gkf,13,inner_val,1,Mg3BiBr3
primary,mlp_physics9,gkf,13,inner_val,1,Ca3SbBr3
primary,mlp_physics9,gkf,13,inner_val,1,Mg3SbBr3
primary,mlp_physics9,gkf,13,inner_val,1,Sr3SbI3
primary,mlp_physics9,gkf,13,inner_val,2,Ba3AsBr3
primary,mlp_physics9,gkf,13,inner_val,2,Ba3AsCl3
primary,mlp_physics9,gkf,13,inner_val,2,Ba3AsI3
primary,mlp_physics9,gkf,13,inner_val,2,Mg3AsBr3
primary,mlp_physics9,gkf,13,inner_val,2,Ba3BiI3
primary,mlp_physics9,gkf,13,inner_val,2,Ba3PBr3
primary,mlp_physics9,gkf,13,inner_val,2,Sr3SbCl3
primary,mlp_physics9,gkf,13,inner_val,3,Mg3AsBr3
primary,mlp_physics9,gkf,13,inner_val,3,Ba3BiI3
primary,mlp_physics9,gkf,13,inner_val,3,Mg3PBr3
primary,mlp_physics9,gkf,13,inner_val,3,Mg3PCl3
primary,mlp_physics9,gkf,13,inner_val,3,Sr3PCl3
primary,mlp_physics9,gkf,13,inner_val,3,Ca3SbBr3
primary,mlp_physics9,gkf,13,inner_val,3,Ca3SbF3
primary,mlp_physics9,gkf,13,inner_val,4,Ba3AsCl3
primary,mlp_physics9,gkf,13,inner_val,4,Mg3AsBr3
primary,mlp_physics9,gkf,13,inner_val,4,Ba3BiCl3
primary,mlp_physics9,gkf,13,inner_val,4,Mg3BiBr3
primary,mlp_physics9,gkf,13,inner_val,4,Ba3PBr3
primary,mlp_physics9,gkf,13,inner_val,4,Mg3SbF3
primary,mlp_physics9,gkf,13,inner_val,4,Sr3SbI3
primary,mlp_physics9,gkf,14,test,,Ca3AsF3
primary,mlp_physics9,gkf,14,test,,Mg3AsBr3
primary,mlp_physics9,gkf,14,test,,Ca3BiI3
primary,mlp_physics9,gkf,14,test,,Ba3PCl3
primary,mlp_physics9,gkf,14,test,,Sr3PCl3
primary,mlp_physics9,gkf,14,test,,Mg3SbF3
primary,mlp_physics9,gkf,14,test,,Sr3SbCl3
primary,mlp_physics9,gkf,14,inner_val,0,Ba3AsBr3
primary,mlp_physics9,gkf,14,inner_val,0,Ba3AsI3
primary,mlp_physics9,gkf,14,inner_val,0,Ba3BiI3
primary,mlp_physics9,gkf,14,inner_val,0,Ca3PI3
primary,mlp_physics9,gkf,14,inner_val,0,Mg3PI3
primary,mlp_physics9,gkf,14,inner_val,0,Ba3SbBr3
primary,mlp_physics9,gkf,14,inner_val,0,Ca3SbF3
primary,mlp_physics9,gkf,14,inner_val,1,Ba3AsCl3
primary,mlp_physics9,gkf,14,inner_val,1,Ba3BiI3
primary,mlp_physics9,gkf,14,inner_val,1,Mg3BiBr3
primary,mlp_physics9,gkf,14,inner_val,1,Ca3PCl3
primary,mlp_physics9,gkf,14,inner_val,1,Sr3PBr3
primary,mlp_physics9,gkf,14,inner_val,1,Ba3SbI3
primary,mlp_physics9,gkf,14,inner_val,1,Ca3SbCl3
primary,mlp_physics9,gkf,14,inner_val,2,Ba3AsI3
primary,mlp_physics9,gkf,14,inner_val,2,Ca3PF3
primary,mlp_physics9,gkf,14,inner_val,2,Mg3PCl3
primary,mlp_physics9,gkf,14,inner_val,2,Mg3PI3
primary,mlp_physics9,gkf,14,inner_val,2,Ba3SbI3
primary,mlp_physics9,gkf,14,inner_val,2,Ca3SbBr3
primary,mlp_physics9,gkf,14,inner_val,2,Ca3SbCl3
primary,mlp_physics9,gkf,14,inner_val,3,Ca3AsBr3
primary,mlp_physics9,gkf,14,inner_val,3,Sr3AsCl3
primary,mlp_physics9,gkf,14,inner_val,3,Sr3AsI3
primary,mlp_physics9,gkf,14,inner_val,3,Ca3PCl3
primary,mlp_physics9,gkf,14,inner_val,3,Mg3PCl3
primary,mlp_physics9,gkf,14,inner_val,3,Sr3PBr3
primary,mlp_physics9,gkf,14,inner_val,3,Ba3SbBr3
primary,mlp_physics9,gkf,14,inner_val,4,Ba3AsBr3
primary,mlp_physics9,gkf,14,inner_val,4,Ca3AsBr3
primary,mlp_physics9,gkf,14,inner_val,4,Ba3BiCl3
primary,mlp_physics9,gkf,14,inner_val,4,Ba3SbBr3
primary,mlp_physics9,gkf,14,inner_val,4,Ba3SbI3
primary,mlp_physics9,gkf,14,inner_val,4,Mg3SbBr3
primary,mlp_physics9,gkf,14,inner_val,4,Mg3SbI3
primary,mlp_physics9,gkf,15,test,,Ba3AsCl3
primary,mlp_physics9,gkf,15,test,,Ba3BiBr3
primary,mlp_physics9,gkf,15,test,,Ba3BiI3
primary,mlp_physics9,gkf,15,test,,Mg3BiI3
primary,mlp_physics9,gkf,15,test,,Ca3PF3
primary,mlp_physics9,gkf,15,test,,Ca3PI3
primary,mlp_physics9,gkf,15,test,,Mg3PBr3
primary,mlp_physics9,gkf,15,test,,Mg3SbI3
primary,mlp_physics9,gkf,15,inner_val,0,Ba3AsI3
primary,mlp_physics9,gkf,15,inner_val,0,Ba3BiCl3
primary,mlp_physics9,gkf,15,inner_val,0,Ca3PCl3
primary,mlp_physics9,gkf,15,inner_val,0,Ca3SbCl3
primary,mlp_physics9,gkf,15,inner_val,0,Mg3SbBr3
primary,mlp_physics9,gkf,15,inner_val,0,Mg3SbCl3
primary,mlp_physics9,gkf,15,inner_val,0,Sr3SbI3
primary,mlp_physics9,gkf,15,inner_val,1,Ba3BiCl3
primary,mlp_physics9,gkf,15,inner_val,1,Mg3BiBr3
primary,mlp_physics9,gkf,15,inner_val,1,Ba3PBr3
primary,mlp_physics9,gkf,15,inner_val,1,Sr3PI3
primary,mlp_physics9,gkf,15,inner_val,1,Ba3SbCl3
primary,mlp_physics9,gkf,15,inner_val,1,Ca3SbBr3
primary,mlp_physics9,gkf,15,inner_val,1,Mg3SbBr3
primary,mlp_physics9,gkf,15,inner_val,2,Mg3BiBr3
primary,mlp_physics9,gkf,15,inner_val,2,Ba3PCl3
primary,mlp_physics9,gkf,15,inner_val,2,Ba3PI3
primary,mlp_physics9,gkf,15,inner_val,2,Mg3PCl3
primary,mlp_physics9,gkf,15,inner_val,2,Mg3PI3
primary,mlp_physics9,gkf,15,inner_val,2,Ba3SbBr3
primary,mlp_physics9,gkf,15,inner_val,2,Ba3SbI3
primary,mlp_physics9,gkf,15,inner_val,3,Ca3AsBr3
primary,mlp_physics9,gkf,15,inner_val,3,Sr3AsCl3
primary,mlp_physics9,gkf,15,inner_val,3,Mg3BiBr3
primary,mlp_physics9,gkf,15,inner_val,3,Ca3PBr3
primary,mlp_physics9,gkf,15,inner_val,3,Ba3SbCl3
primary,mlp_physics9,gkf,15,inner_val,3,Ba3SbI3
primary,mlp_physics9,gkf,15,inner_val,3,Ca3SbF3
primary,mlp_physics9,gkf,15,inner_val,4,Ca3AsBr3
primary,mlp_physics9,gkf,15,inner_val,4,Ba3BiCl3
primary,mlp_physics9,gkf,15,inner_val,4,Mg3BiBr3
primary,mlp_physics9,gkf,15,inner_val,4,Sr3PBr3
primary,mlp_physics9,gkf,15,inner_val,4,Sr3PI3
primary,mlp_physics9,gkf,15,inner_val,4,Mg3SbBr3
primary,mlp_physics9,gkf,15,inner_val,4,Sr3SbCl3
primary,mlp_physics9,gkf,16,test,,Ca3AsBr3
primary,mlp_physics9,gkf,16,test,,Ca3PCl3
primary,mlp_physics9,gkf,16,test,,Sr3PCl3
primary,mlp_physics9,gkf,16,test,,Sr3PI3
primary,mlp_physics9,gkf,16,test,,Ba3SbBr3
primary,mlp_physics9,gkf,16,test,,Ba3SbCl3
primary,mlp_physics9,gkf,16,test,,Ca3SbBr3
primary,mlp_physics9,gkf,16,test,,Mg3SbBr3
primary,mlp_physics9,gkf,16,inner_val,0,Sr3AsCl3
primary,mlp_physics9,gkf,16,inner_val,0,Ca3BiI3
primary,mlp_physics9,gkf,16,inner_val,0,Ca3PI3
primary,mlp_physics9,gkf,16,inner_val,0,Sr3PBr3
primary,mlp_physics9,gkf,16,inner_val,0,Mg3SbF3
primary,mlp_physics9,gkf,16,inner_val,0,Mg3SbI3
primary,mlp_physics9,gkf,16,inner_val,0,Sr3SbI3
primary,mlp_physics9,gkf,16,inner_val,1,Ba3AsBr3
primary,mlp_physics9,gkf,16,inner_val,1,Sr3AsCl3
primary,mlp_physics9,gkf,16,inner_val,1,Ba3BiCl3
primary,mlp_physics9,gkf,16,inner_val,1,Ba3BiI3
primary,mlp_physics9,gkf,16,inner_val,1,Ba3PBr3
primary,mlp_physics9,gkf,16,inner_val,1,Mg3PCl3
primary,mlp_physics9,gkf,16,inner_val,1,Sr3PBr3
primary,mlp_physics9,gkf,16,inner_val,2,Ba3AsBr3
primary,mlp_physics9,gkf,16,inner_val,2,Sr3AsCl3
primary,mlp_physics9,gkf,16,inner_val,2,Ba3BiI3
primary,mlp_physics9,gkf,16,inner_val,2,Mg3BiBr3
primary,mlp_physics9,gkf,16,inner_val,2,Ca3PF3
primary,mlp_physics9,gkf,16,inner_val,2,Mg3PCl3
primary,mlp_physics9,gkf,16,inner_val,2,Mg3SbI3
primary,mlp_physics9,gkf,16,inner_val,3,Ba3AsBr3
primary,mlp_physics9,gkf,16,inner_val,3,Ba3AsI3
primary,mlp_physics9,gkf,16,inner_val,3,Ba3BiI3
primary,mlp_physics9,gkf,16,inner_val,3,Ba3PCl3
primary,mlp_physics9,gkf,16,inner_val,3,Ca3PI3
primary,mlp_physics9,gkf,16,inner_val,3,Mg3SbF3
primary,mlp_physics9,gkf,16,inner_val,3,Mg3SbI3
primary,mlp_physics9,gkf,16,inner_val,4,Ba3AsI3
primary,mlp_physics9,gkf,16,inner_val,4,Sr3AsI3
primary,mlp_physics9,gkf,16,inner_val,4,Mg3BiBr3
primary,mlp_physics9,gkf,16,inner_val,4,Ba3PI3
primary,mlp_physics9,gkf,16,inner_val,4,Ca3PF3
primary,mlp_physics9,gkf,16,inner_val,4,Ba3SbI3
primary,mlp_physics9,gkf,16,inner_val,4,Sr3SbI3
primary,mlp_physics9,gkf,17,test,,Ba3AsBr3
primary,mlp_physics9,gkf,17,test,,Ca3AsF3
primary,mlp_physics9,gkf,17,test,,Ca3BiI3
primary,mlp_physics9,gkf,17,test,,Mg3PCl3
primary,mlp_physics9,gkf,17,test,,Ca3SbCl3
primary,mlp_physics9,gkf,17,test,,Ca3SbF3
primary,mlp_physics9,gkf,17,test,,Mg3SbCl3
primary,mlp_physics9,gkf,17,test,,Sr3SbCl3
primary,mlp_physics9,gkf,17,inner_val,0,Ba3AsI3
primary,mlp_physics9,gkf,17,inner_val,0,Ba3BiCl3
primary,mlp_physics9,gkf,17,inner_val,0,Mg3BiI3
primary,mlp_physics9,gkf,17,inner_val,0,Mg3PBr3
primary,mlp_physics9,gkf,17,inner_val,0,Sr3PCl3
primary,mlp_physics9,gkf,17,inner_val,0,Ba3SbCl3
primary,mlp_physics9,gkf,17,inner_val,0,Mg3SbBr3
primary,mlp_physics9,gkf,17,inner_val,1,Ba3AsCl3
primary,mlp_physics9,gkf,17,inner_val,1,Ba3AsI3
primary,mlp_physics9,gkf,17,inner_val,1,Ba3PCl3
primary,mlp_physics9,gkf,17,inner_val,1,Sr3PCl3
primary,mlp_physics9,gkf,17,inner_val,1,Ba3SbBr3
primary,mlp_physics9,gkf,17,inner_val,1,Ca3SbBr3
primary,mlp_physics9,gkf,17,inner_val,1,Sr3SbI3
primary,mlp_physics9,gkf,17,inner_val,2,Ba3AsCl3
primary,mlp_physics9,gkf,17,inner_val,2,Sr3AsCl3
primary,mlp_physics9,gkf,17,inner_val,2,Ba3BiI3
primary,mlp_physics9,gkf,17,inner_val,2,Ba3PCl3
primary,mlp_physics9,gkf,17,inner_val,2,Ca3PI3
primary,mlp_physics9,gkf,17,inner_val,2,Sr3PCl3
primary,mlp_physics9,gkf,17,inner_val,2,Sr3PI3
primary,mlp_physics9,gkf,17,inner_val,3,Ba3AsCl3
primary,mlp_physics9,gkf,17,inner_val,3,Ba3AsI3
primary,mlp_physics9,gkf,17,inner_val,3,Ca3PCl3
primary,mlp_physics9,gkf,17,inner_val,3,Ca3PF3
primary,mlp_physics9,gkf,17,inner_val,3,Ba3SbBr3
primary,mlp_physics9,gkf,17,inner_val,3,Mg3SbI3
primary,mlp_physics9,gkf,17,inner_val,3,Sr3SbI3
primary,mlp_physics9,gkf,17,inner_val,4,Mg3BiI3
primary,mlp_physics9,gkf,17,inner_val,4,Ba3PI3
primary,mlp_physics9,gkf,17,inner_val,4,Mg3PBr3
primary,mlp_physics9,gkf,17,inner_val,4,Ba3SbBr3
primary,mlp_physics9,gkf,17,inner_val,4,Ca3SbBr3
primary,mlp_physics9,gkf,17,inner_val,4,Mg3SbBr3
primary,mlp_physics9,gkf,17,inner_val,4,Mg3SbI3
primary,mlp_physics9,gkf,18,test,,Ba3AsI3
primary,mlp_physics9,gkf,18,test,,Mg3AsBr3
primary,mlp_physics9,gkf,18,test,,Sr3AsI3
primary,mlp_physics9,gkf,18,test,,Ba3BiCl3
primary,mlp_physics9,gkf,18,test,,Mg3BiBr3
primary,mlp_physics9,gkf,18,test,,Ca3PBr3
primary,mlp_physics9,gkf,18,test,,Sr3PBr3
primary,mlp_physics9,gkf,18,test,,Mg3SbF3
primary,mlp_physics9,gkf,18,inner_val,0,Ca3AsF3
primary,mlp_physics9,gkf,18,inner_val,0,Ca3BiI3
primary,mlp_physics9,gkf,18,inner_val,0,Ca3PCl3
primary,mlp_physics9,gkf,18,inner_val,0,Mg3PBr3
primary,mlp_physics9,gkf,18,inner_val,0,Sr3PI3
primary,mlp_physics9,gkf,18,inner_val,0,Ba3SbI3
primary,mlp_physics9,gkf,18,inner_val,0,Mg3SbBr3
primary,mlp_physics9,gkf,18,inner_val,1,Ba3AsBr3
primary,mlp_physics9,gkf,18,inner_val,1,Ba3AsCl3
primary,mlp_physics9,gkf,18,inner_val,1,Ca3AsF3
primary,mlp_physics9,gkf,18,inner_val,1,Mg3BiI3
primary,mlp_physics9,gkf,18,inner_val,1,Ba3PBr3
primary,mlp_physics9,gkf,18,inner_val,1,Mg3PBr3
primary,mlp_physics9,gkf,18,inner_val,1,Ba3SbBr3
primary,mlp_physics9,gkf,18,inner_val,2,Sr3AsCl3
primary,mlp_physics9,gkf,18,inner_val,2,Mg3BiI3
primary,mlp_physics9,gkf,18,inner_val,2,Mg3PCl3
primary,mlp_physics9,gkf,18,inner_val,2,Sr3PCl3
primary,mlp_physics9,gkf,18,inner_val,2,Ba3SbBr3
primary,mlp_physics9,gkf,18,inner_val,2,Ca3SbBr3
primary,mlp_physics9,gkf,18,inner_val,2,Ca3SbCl3
primary,mlp_physics9,gkf,18,inner_val,3,Ba3AsCl3
primary,mlp_physics9,gkf,18,inner_val,3,Sr3AsCl3
primary,mlp_physics9,gkf,18,inner_val,3,Mg3PCl3
primary,mlp_physics9,gkf,18,inner_val,3,Sr3PI3
primary,mlp_physics9,gkf,18,inner_val,3,Ba3SbCl3
primary,mlp_physics9,gkf,18,inner_val,3,Mg3SbBr3
primary,mlp_physics9,gkf,18,inner_val,3,Sr3SbCl3
primary,mlp_physics9,gkf,18,inner_val,4,Ca3AsF3
primary,mlp_physics9,gkf,18,inner_val,4,Mg3BiI3
primary,mlp_physics9,gkf,18,inner_val,4,Ba3PI3
primary,mlp_physics9,gkf,18,inner_val,4,Sr3PCl3
primary,mlp_physics9,gkf,18,inner_val,4,Ba3SbBr3
primary,mlp_physics9,gkf,18,inner_val,4,Ca3SbF3
primary,mlp_physics9,gkf,18,inner_val,4,Mg3SbBr3
primary,mlp_physics9,gkf,19,test,,Sr3AsCl3
primary,mlp_physics9,gkf,19,test,,Ba3PBr3
primary,mlp_physics9,gkf,19,test,,Ba3PCl3
primary,mlp_physics9,gkf,19,test,,Ba3PI3
primary,mlp_physics9,gkf,19,test,,Mg3PI3
primary,mlp_physics9,gkf,19,test,,Ba3SbI3
primary,mlp_physics9,gkf,19,test,,Sr3SbI3
primary,mlp_physics9,gkf,19,inner_val,0,Ca3AsBr3
primary,mlp_physics9,gkf,19,inner_val,0,Ba3BiI3
primary,mlp_physics9,gkf,19,inner_val,0,Ca3PF3
primary,mlp_physics9,gkf,19,inner_val,0,Sr3PCl3
primary,mlp_physics9,gkf,19,inner_val,0,Sr3PI3
primary,mlp_physics9,gkf,19,inner_val,0,Ca3SbBr3
primary,mlp_physics9,gkf,19,inner_val,0,Sr3SbCl3
primary,mlp_physics9,gkf,19,inner_val,1,Ba3AsCl3
primary,mlp_physics9,gkf,19,inner_val,1,Ca3AsBr3
primary,mlp_physics9,gkf,19,inner_val,1,Ca3AsF3
primary,mlp_physics9,gkf,19,inner_val,1,Ca3PCl3
primary,mlp_physics9,gkf,19,inner_val,1,Ba3SbCl3
primary,mlp_physics9,gkf,19,inner_val,1,Ca3SbF3
primary,mlp_physics9,gkf,19,inner_val,1,Mg3SbCl3
primary,mlp_physics9,gkf,19,inner_val,2,Ba3AsI3
primary,mlp_physics9,gkf,19,inner_val,2,Ba3BiBr3
primary,mlp_physics9,gkf,19,inner_val,2,Ba3BiI3
primary,mlp_physics9,gkf,19,inner_val,2,Ca3PBr3
primary,mlp_physics9,gkf,19,inner_val,2,Mg3PBr3
primary,mlp_physics9,gkf,19,inner_val,2,Ba3SbCl3
primary,mlp_physics9,gkf,19,inner_val,2,Sr3SbCl3
primary,mlp_physics9,gkf,19,inner_val,3,Ba3AsCl3
primary,mlp_physics9,gkf,19,inner_val,3,Ba3AsI3
primary,mlp_physics9,gkf,19,inner_val,3,Ba3BiI3
primary,mlp_physics9,gkf,19,inner_val,3,Ca3BiI3
primary,mlp_physics9,gkf,19,inner_val,3,Ca3PI3
primary,mlp_physics9,gkf,19,inner_val,3,Ca3SbF3
primary,mlp_physics9,gkf,19,inner_val,3,Sr3SbCl3
primary,mlp_physics9,gkf,19,inner_val,4,Ba3AsI3
primary,mlp_physics9,gkf,19,inner_val,4,Mg3BiI3
primary,mlp_physics9,gkf,19,inner_val,4,Mg3PBr3
primary,mlp_physics9,gkf,19,inner_val,4,Mg3PCl3
primary,mlp_physics9,gkf,19,inner_val,4,Sr3PI3
primary,mlp_physics9,gkf,19,inner_val,4,Ba3SbCl3
primary,mlp_physics9,gkf,19,inner_val,4,Mg3SbCl3
primary,mlp_physics9,gkf,20,test,,Ca3AsF3
primary,mlp_physics9,gkf,20,test,,Sr3AsI3
primary,mlp_physics9,gkf,20,test,,Ba3BiCl3
primary,mlp_physics9,gkf,20,test,,Mg3BiBr3
primary,mlp_physics9,gkf,20,test,,Ba3PCl3
primary,mlp_physics9,gkf,20,test,,Ca3PBr3
primary,mlp_physics9,gkf,20,test,,Sr3PI3
primary,mlp_physics9,gkf,20,test,,Sr3SbI3
primary,mlp_physics9,gkf,20,inner_val,0,Mg3AsBr3
primary,mlp_physics9,gkf,20,inner_val,0,Sr3AsCl3
primary,mlp_physics9,gkf,20,inner_val,0,Ba3BiBr3
primary,mlp_physics9,gkf,20,inner_val,0,Ca3PI3
primary,mlp_physics9,gkf,20,inner_val,0,Mg3PBr3
primary,mlp_physics9,gkf,20,inner_val,0,Ca3SbBr3
primary,mlp_physics9,gkf,20,inner_val,0,Mg3SbBr3
primary,mlp_physics9,gkf,20,inner_val,1,Mg3AsBr3
primary,mlp_physics9,gkf,20,inner_val,1,Mg3BiI3
primary,mlp_physics9,gkf,20,inner_val,1,Ba3PBr3
primary,mlp_physics9,gkf,20,inner_val,1,Sr3PBr3
primary,mlp_physics9,gkf,20,inner_val,1,Ba3SbI3
primary,mlp_physics9,gkf,20,inner_val,1,Ca3SbF3
primary,mlp_physics9,gkf,20,inner_val,1,Mg3SbBr3
primary,mlp_physics9,gkf,20,inner_val,2,Ba3AsI3
primary,mlp_physics9,gkf,20,inner_val,2,Ca3BiI3
primary,mlp_physics9,gkf,20,inner_val,2,Ca3PCl3
primary,mlp_physics9,gkf,20,inner_val,2,Ba3SbBr3
primary,mlp_physics9,gkf,20,inner_val,2,Ca3SbBr3
primary,mlp_physics9,gkf,20,inner_val,2,Mg3SbF3
primary,mlp_physics9,gkf,20,inner_val,2,Mg3SbI3
primary,mlp_physics9,gkf,20,inner_val,3,Sr3AsCl3
primary,mlp_physics9,gkf,20,inner_val,3,Ba3PBr3
primary,mlp_physics9,gkf,20,inner_val,3,Ba3SbBr3
primary,mlp_physics9,gkf,20,inner_val,3,Ba3SbCl3
primary,mlp_physics9,gkf,20,inner_val,3,Ba3SbI3
primary,mlp_physics9,gkf,20,inner_val,3,Ca3SbCl3
primary,mlp_physics9,gkf,20,inner_val,3,Mg3SbI3
primary,mlp_physics9,gkf,20,inner_val,4,Ba3AsI3
primary,mlp_physics9,gkf,20,inner_val,4,Ca3AsBr3
primary,mlp_physics9,gkf,20,inner_val,4,Ba3BiI3
primary,mlp_physics9,gkf,20,inner_val,4,Ca3PCl3
primary,mlp_physics9,gkf,20,inner_val,4,Ca3PF3
primary,mlp_physics9,gkf,20,inner_val,4,Mg3PCl3
primary,mlp_physics9,gkf,20,inner_val,4,Ca3SbF3
primary,mlp_physics9,gkf,21,test,,Ba3AsI3
primary,mlp_physics9,gkf,21,test,,Ba3BiBr3
primary,mlp_physics9,gkf,21,test,,Ba3PI3
primary,mlp_physics9,gkf,21,test,,Ca3PCl3
primary,mlp_physics9,gkf,21,test,,Ca3PF3
primary,mlp_physics9,gkf,21,test,,Mg3PBr3
primary,mlp_physics9,gkf,21,test,,Mg3SbF3
primary,mlp_physics9,gkf,21,test,,Sr3SbCl3
primary,mlp_physics9,gkf,21,inner_val,0,Ba3AsBr3
primary,mlp_physics9,gkf,21,inner_val,0,Ba3AsCl3
primary,mlp_physics9,gkf,21,inner_val,0,Mg3AsBr3
primary,mlp_physics9,gkf,21,inner_val,0,Mg3PCl3
primary,mlp_physics9,gkf,21,inner_val,0,Mg3PI3
primary,mlp_physics9,gkf,21,inner_val,0,Ba3SbI3
primary,mlp_physics9,gkf,21,inner_val,0,Sr3SbI3
primary,mlp_physics9,gkf,21,inner_val,1,Ca3AsF3
primary,mlp_physics9,gkf,21,inner_val,1,Ca3BiI3
primary,mlp_physics9,gkf,21,inner_val,1,Ba3PBr3
primary,mlp_physics9,gkf,21,inner_val,1,Ba3SbBr3
primary,mlp_physics9,gkf,21,inner_val,1,Ca3SbF3
primary,mlp_physics9,gkf,21,inner_val,1,Mg3SbCl3
primary,mlp_physics9,gkf,21,inner_val,1,Mg3SbI3
primary,mlp_physics9,gkf,21,inner_val,2,Ca3AsF3
primary,mlp_physics9,gkf,21,inner_val,2,Sr3AsCl3
primary,mlp_physics9,gkf,21,inner_val,2,Ca3BiI3
primary,mlp_physics9,gkf,21,inner_val,2,Ca3PI3
primary,mlp_physics9,gkf,21,inner_val,2,Ca3SbCl3
primary,mlp_physics9,gkf,21,inner_val,2,Mg3SbCl3
primary,mlp_physics9,gkf,21,inner_val,2,Sr3SbI3
primary,mlp_physics9,gkf,21,inner_val,3,Ba3AsCl3
primary,mlp_physics9,gkf,21,inner_val,3,Ba3PCl3
primary,mlp_physics9,gkf,21,inner_val,3,Ca3PBr3
primary,mlp_physics9,gkf,21,inner_val,3,Ca3PI3
primary,mlp_physics9,gkf,21,inner_val,3,Mg3PCl3
primary,mlp_physics9,gkf,21,inner_val,3,Ca3SbF3
primary,mlp_physics9,gkf,21,inner_val,3,Mg3SbCl3
primary,mlp_physics9,gkf,21,inner_val,4,Mg3AsBr3
primary,mlp_physics9,gkf,21,inner_val,4,Sr3AsCl3
primary,mlp_physics9,gkf,21,inner_val,4,Ca3BiI3
primary,mlp_physics9,gkf,21,inner_val,4,Ba3PBr3
primary,mlp_physics9,gkf,21,inner_val,4,Sr3PI3
primary,mlp_physics9,gkf,21,inner_val,4,Ca3SbCl3
primary,mlp_physics9,gkf,21,inner_val,4,Sr3SbI3
primary,mlp_physics9,gkf,22,test,,Ba3AsBr3
primary,mlp_physics9,gkf,22,test,,Sr3AsCl3
primary,mlp_physics9,gkf,22,test,,Ba3BiI3
primary,mlp_physics9,gkf,22,test,,Ba3SbCl3
primary,mlp_physics9,gkf,22,test,,Ba3SbI3
primary,mlp_physics9,gkf,22,test,,Ca3SbBr3
primary,mlp_physics9,gkf,22,test,,Ca3SbCl3
primary,mlp_physics9,gkf,22,test,,Mg3SbCl3
primary,mlp_physics9,gkf,22,inner_val,0,Ba3AsCl3
primary,mlp_physics9,gkf,22,inner_val,0,Ca3AsBr3
primary,mlp_physics9,gkf,22,inner_val,0,Mg3BiBr3
primary,mlp_physics9,gkf,22,inner_val,0,Ca3PBr3
primary,mlp_physics9,gkf,22,inner_val,0,Sr3PBr3
primary,mlp_physics9,gkf,22,inner_val,0,Sr3PI3
primary,mlp_physics9,gkf,22,inner_val,0,Ba3SbBr3
primary,mlp_physics9,gkf,22,inner_val,1,Mg3AsBr3
primary,mlp_physics9,gkf,22,inner_val,1,Ca3BiI3
primary,mlp_physics9,gkf,22,inner_val,1,Mg3BiBr3
primary,mlp_physics9,gkf,22,inner_val,1,Mg3PBr3
primary,mlp_physics9,gkf,22,inner_val,1,Sr3PCl3
primary,mlp_physics9,gkf,22,inner_val,1,Mg3SbBr3
primary,mlp_physics9,gkf,22,inner_val,1,Mg3SbF3
primary,mlp_physics9,gkf,22,inner_val,2,Ba3AsI3
primary,mlp_physics9,gkf,22,inner_val,2,Ca3AsBr3
primary,mlp_physics9,gkf,22,inner_val,2,Ba3BiBr3
primary,mlp_physics9,gkf,22,inner_val,2,Ba3BiCl3
primary,mlp_physics9,gkf,22,inner_val,2,Mg3PBr3
primary,mlp_physics9,gkf,22,inner_val,2,Mg3PI3
primary,mlp_physics9,gkf,22,inner_val,2,Sr3PCl3
primary,mlp_physics9,gkf,22,inner_val,3,Ba3PBr3
primary,mlp_physics9,gkf,22,inner_val,3,Ba3PI3
primary,mlp_physics9,gkf,22,inner_val,3,Ca3PF3
primary,mlp_physics9,gkf,22,inner_val,3,Mg3PBr3
primary,mlp_physics9,gkf,22,inner_val,3,Mg3PCl3
primary,mlp_physics9,gkf,22,inner_val,3,Sr3PCl3
primary,mlp_physics9,gkf,22,inner_val,3,Mg3SbI3
primary,mlp_physics9,gkf,22,inner_val,4,Ca3AsF3
primary,mlp_physics9,gkf,22,inner_val,4,Ba3BiCl3
primary,mlp_physics9,gkf,22,inner_val,4,Ba3PI3
primary,mlp_physics9,gkf,22,inner_val,4,Ca3PF3
primary,mlp_physics9,gkf,22,inner_val,4,Sr3PBr3
primary,mlp_physics9,gkf,22,inner_val,4,Mg3SbF3
primary,mlp_physics9,gkf,22,inner_val,4,Sr3SbI3
primary,mlp_physics9,gkf,23,test,,Ba3AsCl3
primary,mlp_physics9,gkf,23,test,,Mg3BiI3
primary,mlp_physics9,gkf,23,test,,Ca3PI3
primary,mlp_physics9,gkf,23,test,,Mg3PCl3
primary,mlp_physics9,gkf,23,test,,Mg3PI3
primary,mlp_physics9,gkf,23,test,,Sr3PBr3
primary,mlp_physics9,gkf,23,test,,Ba3SbBr3
primary,mlp_physics9,gkf,23,test,,Ca3SbF3
primary,mlp_physics9,gkf,23,inner_val,0,Ba3PBr3
primary,mlp_physics9,gkf,23,inner_val,0,Ba3PCl3
primary,mlp_physics9,gkf,23,inner_val,0,Ba3PI3
primary,mlp_physics9,gkf,23,inner_val,0,Sr3PCl3
primary,mlp_physics9,gkf,23,inner_val,0,Ba3SbCl3
primary,mlp_physics9,gkf,23,inner_val,0,Ca3SbCl3
primary,mlp_physics9,gkf,23,inner_val,0,Mg3SbCl3
primary,mlp_physics9,gkf,23,inner_val,1,Sr3AsCl3
primary,mlp_physics9,gkf,23,inner_val,1,Ba3BiI3
primary,mlp_physics9,gkf,23,inner_val,1,Ba3PI3
primary,mlp_physics9,gkf,23,inner_val,1,Mg3PBr3
primary,mlp_physics9,gkf,23,inner_val,1,Ba3SbCl3
primary,mlp_physics9,gkf,23,inner_val,1,Ba3SbI3
primary,mlp_physics9,gkf,23,inner_val,1,Sr3SbCl3
primary,mlp_physics9,gkf,23,inner_val,2,Ba3AsBr3
primary,mlp_physics9,gkf,23,inner_val,2,Mg3AsBr3
primary,mlp_physics9,gkf,23,inner_val,2,Ba3BiBr3
primary,mlp_physics9,gkf,23,inner_val,2,Ba3PCl3
primary,mlp_physics9,gkf,23,inner_val,2,Ca3PCl3
primary,mlp_physics9,gkf,23,inner_val,2,Ba3SbCl3
primary,mlp_physics9,gkf,23,inner_val,2,Ba3SbI3
primary,mlp_physics9,gkf,23,inner_val,3,Ca3AsBr3
primary,mlp_physics9,gkf,23,inner_val,3,Mg3AsBr3
primary,mlp_physics9,gkf,23,inner_val,3,Ca3BiI3
primary,mlp_physics9,gkf,23,inner_val,3,Mg3PBr3
primary,mlp_physics9,gkf,23,inner_val,3,Sr3PI3
primary,mlp_physics9,gkf,23,inner_val,3,Ca3SbCl3
primary,mlp_physics9,gkf,23,inner_val,3,Sr3SbCl3
primary,mlp_physics9,gkf,23,inner_val,4,Ba3AsBr3
primary,mlp_physics9,gkf,23,inner_val,4,Ca3AsBr3
primary,mlp_physics9,gkf,23,inner_val,4,Mg3AsBr3
primary,mlp_physics9,gkf,23,inner_val,4,Ca3BiI3
primary,mlp_physics9,gkf,23,inner_val,4,Ca3PF3
primary,mlp_physics9,gkf,23,inner_val,4,Ba3SbI3
primary,mlp_physics9,gkf,23,inner_val,4,Sr3SbI3
primary,mlp_physics9,gkf,24,test,,Ca3AsBr3
primary,mlp_physics9,gkf,24,test,,Mg3AsBr3
primary,mlp_physics9,gkf,24,test,,Ca3BiI3
primary,mlp_physics9,gkf,24,test,,Ba3PBr3
primary,mlp_physics9,gkf,24,test,,Sr3PCl3
primary,mlp_physics9,gkf,24,test,,Mg3SbBr3
primary,mlp_physics9,gkf,24,test,,Mg3SbI3
primary,mlp_physics9,gkf,24,inner_val,0,Ca3AsF3
primary,mlp_physics9,gkf,24,inner_val,0,Sr3AsCl3
primary,mlp_physics9,gkf,24,inner_val,0,Ba3PI3
primary,mlp_physics9,gkf,24,inner_val,0,Ba3SbBr3
primary,mlp_physics9,gkf,24,inner_val,0,Ba3SbCl3
primary,mlp_physics9,gkf,24,inner_val,0,Mg3SbF3
primary,mlp_physics9,gkf,24,inner_val,0,Sr3SbCl3
primary,mlp_physics9,gkf,24,inner_val,1,Ba3AsCl3
primary,mlp_physics9,gkf,24,inner_val,1,Sr3AsI3
primary,mlp_physics9,gkf,24,inner_val,1,Ba3BiI3
primary,mlp_physics9,gkf,24,inner_val,1,Ba3PI3
primary,mlp_physics9,gkf,24,inner_val,1,Ca3PBr3
primary,mlp_physics9,gkf,24,inner_val,1,Ba3SbI3
primary,mlp_physics9,gkf,24,inner_val,1,Sr3SbI3
primary,mlp_physics9,gkf,24,inner_val,2,Ca3AsF3
primary,mlp_physics9,gkf,24,inner_val,2,Ba3BiI3
primary,mlp_physics9,gkf,24,inner_val,2,Mg3BiBr3
primary,mlp_physics9,gkf,24,inner_val,2,Mg3PI3
primary,mlp_physics9,gkf,24,inner_val,2,Sr3PBr3
primary,mlp_physics9,gkf,24,inner_val,2,Sr3PI3
primary,mlp_physics9,gkf,24,inner_val,2,Ba3SbBr3
primary,mlp_physics9,gkf,24,inner_val,3,Sr3AsCl3
primary,mlp_physics9,gkf,24,inner_val,3,Ba3BiBr3
primary,mlp_physics9,gkf,24,inner_val,3,Ba3BiI3
primary,mlp_physics9,gkf,24,inner_val,3,Ba3PCl3
primary,mlp_physics9,gkf,24,inner_val,3,Ba3PI3
primary,mlp_physics9,gkf,24,inner_val,3,Sr3PBr3
primary,mlp_physics9,gkf,24,inner_val,3,Ba3SbI3
primary,mlp_physics9,gkf,24,inner_val,4,Ca3AsF3
primary,mlp_physics9,gkf,24,inner_val,4,Sr3AsI3
primary,mlp_physics9,gkf,24,inner_val,4,Mg3BiI3
primary,mlp_physics9,gkf,24,inner_val,4,Ba3PI3
primary,mlp_physics9,gkf,24,inner_val,4,Mg3PCl3
primary,mlp_physics9,gkf,24,inner_val,4,Ca3SbCl3
primary,mlp_physics9,gkf,24,inner_val,4,Mg3SbCl3
primary,mlp_physics9,gkf,25,test,,Ca3AsBr3
primary,mlp_physics9,gkf,25,test,,Mg3AsBr3
primary,mlp_physics9,gkf,25,test,,Ba3PI3
primary,mlp_physics9,gkf,25,test,,Ca3PBr3
primary,mlp_physics9,gkf,25,test,,Ca3PF3
primary,mlp_physics9,gkf,25,test,,Mg3PBr3
primary,mlp_physics9,gkf,25,test,,Sr3PCl3
primary,mlp_physics9,gkf,25,test,,Sr3SbCl3
primary,mlp_physics9,gkf,25,inner_val,0,Ba3AsBr3
primary,mlp_physics9,gkf,25,inner_val,0,Mg3PCl3
primary,mlp_physics9,gkf,25,inner_val,0,Mg3PI3
primary,mlp_physics9,gkf,25,inner_val,0,Ba3SbBr3
primary,mlp_physics9,gkf,25,inner_val,0,Ba3SbI3
primary,mlp_physics9,gkf,25,inner_val,0,Ca3SbF3
primary,mlp_physics9,gkf,25,inner_val,0,Mg3SbCl3
primary,mlp_physics9,gkf,25,inner_val,1,Ba3BiCl3
primary,mlp_physics9,gkf,25,inner_val,1,Ca3PCl3
primary,mlp_physics9,gkf,25,inner_val,1,Ba3SbBr3
primary,mlp_physics9,gkf,25,inner_val,1,Ba3SbI3
primary,mlp_physics9,gkf,25,inner_val,1,Ca3SbF3
primary,mlp_physics9,gkf,25,inner_val,1,Mg3SbBr3
primary,mlp_physics9,gkf,25,inner_val,1,Sr3SbI3
primary,mlp_physics9,gkf,25,inner_val,2,Ba3AsCl3
primary,mlp_physics9,gkf,25,inner_val,2,Ca3AsF3
primary,mlp_physics9,gkf,25,inner_val,2,Mg3BiBr3
primary,mlp_physics9,gkf,25,inner_val,2,Ba3PBr3
primary,mlp_physics9,gkf,25,inner_val,2,Ba3SbBr3
primary,mlp_physics9,gkf,25,inner_val,2,Ca3SbCl3
primary,mlp_physics9,gkf,25,inner_val,2,Ca3SbF3
primary,mlp_physics9,gkf,25,inner_val,3,Ba3AsI3
primary,mlp_physics9,gkf,25,inner_val,3,Sr3AsI3
primary,mlp_physics9,gkf,25,inner_val,3,Ba3BiBr3
primary,mlp_physics9,gkf,25,inner_val,3,Mg3BiBr3
primary,mlp_physics9,gkf,25,inner_val,3,Ca3PCl3
primary,mlp_physics9,gkf,25,inner_val,3,Sr3PBr3
primary,mlp_physics9,gkf,25,inner_val,3,Sr3PI3
primary,mlp_physics9,gkf,25,inner_val,4,Sr3AsCl3
primary,mlp_physics9,gkf,25,inner_val,4,Ca3BiI3
primary,mlp_physics9,gkf,25,inner_val,4,Mg3BiI3
primary,mlp_physics9,gkf,25,inner_val,4,Sr3PBr3
primary,mlp_physics9,gkf,25,inner_val,4,Ca3SbCl3
primary,mlp_physics9,gkf,25,inner_val,4,Mg3SbI3
primary,mlp_physics9,gkf,25,inner_val,4,Sr3SbI3
primary,mlp_physics9,gkf,26,test,,Ca3AsF3
primary,mlp_physics9,gkf,26,test,,Ba3BiBr3
primary,mlp_physics9,gkf,26,test,,Ba3BiI3
primary,mlp_physics9,gkf,26,test,,Ba3PBr3
primary,mlp_physics9,gkf,26,test,,Ba3PCl3
primary,mlp_physics9,gkf,26,test,,Ba3SbBr3
primary,mlp_physics9,gkf,26,test,,Ba3SbCl3
primary,mlp_physics9,gkf,26,test,,Ca3SbBr3
primary,mlp_physics9,gkf,26,inner_val,0,Ba3AsBr3
primary,mlp_physics9,gkf,26,inner_val,0,Ba3AsI3
primary,mlp_physics9,gkf,26,inner_val,0,Sr3AsCl3
primary,mlp_physics9,gkf,26,inner_val,0,Ca3PF3
primary,mlp_physics9,gkf,26,inner_val,0,Sr3PBr3
primary,mlp_physics9,gkf,26,inner_val,0,Mg3SbI3
primary,mlp_physics9,gkf,26,inner_val,0,Sr3SbI3
primary,mlp_physics9,gkf,26,inner_val,1,Ba3AsCl3
primary,mlp_physics9,gkf,26,inner_val,1,Ca3AsBr3
primary,mlp_physics9,gkf,26,inner_val,1,Mg3AsBr3
primary,mlp_physics9,gkf,26,inner_val,1,Mg3BiI3
primary,mlp_physics9,gkf,26,inner_val,1,Ba3PI3
primary,mlp_physics9,gkf,26,inner_val,1,Mg3PI3
primary,mlp_physics9,gkf,26,inner_val,1,Mg3SbCl3
primary,mlp_physics9,gkf,26,inner_val,2,Ba3AsI3
primary,mlp_physics9,gkf,26,inner_val,2,Mg3AsBr3
primary,mlp_physics9,gkf,26,inner_val,2,Sr3AsI3
primary,mlp_physics9,gkf,26,inner_val,2,Ca3PF3
primary,mlp_physics9,gkf,26,inner_val,2,Ba3SbI3
primary,mlp_physics9,gkf,26,inner_val,2,Ca3SbCl3
primary,mlp_physics9,gkf,26,inner_val,2,Mg3SbBr3
primary,mlp_physics9,gkf,26,inner_val,3,Ba3BiCl3
primary,mlp_physics9,gkf,26,inner_val,3,Ca3PBr3
primary,mlp_physics9,gkf,26,inner_val,3,Ca3PI3
primary,mlp_physics9,gkf,26,inner_val,3,Mg3PI3
primary,mlp_physics9,gkf,26,inner_val,3,Sr3PBr3
primary,mlp_physics9,gkf,26,inner_val,3,Sr3PCl3
primary,mlp_physics9,gkf,26,inner_val,3,Mg3SbCl3
primary,mlp_physics9,gkf,26,inner_val,4,Mg3AsBr3
primary,mlp_physics9,gkf,26,inner_val,4,Ca3PCl3
primary,mlp_physics9,gkf,26,inner_val,4,Mg3PBr3
primary,mlp_physics9,gkf,26,inner_val,4,Mg3PCl3
primary,mlp_physics9,gkf,26,inner_val,4,Sr3PCl3
primary,mlp_physics9,gkf,26,inner_val,4,Mg3SbCl3
primary,mlp_physics9,gkf,26,inner_val,4,Sr3SbI3
primary,mlp_physics9,gkf,27,test,,Ba3AsBr3
primary,mlp_physics9,gkf,27,test,,Sr3AsI3
primary,mlp_physics9,gkf,27,test,,Mg3BiI3
primary,mlp_physics9,gkf,27,test,,Ca3PI3
primary,mlp_physics9,gkf,27,test,,Mg3PI3
primary,mlp_physics9,gkf,27,test,,Ca3SbCl3
primary,mlp_physics9,gkf,27,test,,Ca3SbF3
primary,mlp_physics9,gkf,27,test,,Mg3SbCl3
primary,mlp_physics9,gkf,27,inner_val,0,Sr3AsCl3
primary,mlp_physics9,gkf,27,inner_val,0,Ba3BiCl3
primary,mlp_physics9,gkf,27,inner_val,0,Ba3PBr3
primary,mlp_physics9,gkf,27,inner_val,0,Ba3PCl3
primary,mlp_physics9,gkf,27,inner_val,0,Ca3PBr3
primary,mlp_physics9,gkf,27,inner_val,0,Sr3PBr3
primary,mlp_physics9,gkf,27,inner_val,0,Ba3SbI3
primary,mlp_physics9,gkf,27,inner_val,1,Sr3AsCl3
primary,mlp_physics9,gkf,27,inner_val,1,Ba3BiBr3
primary,mlp_physics9,gkf,27,inner_val,1,Ba3PBr3
primary,mlp_physics9,gkf,27,inner_val,1,Ca3PBr3
primary,mlp_physics9,gkf,27,inner_val,1,Sr3PBr3
primary,mlp_physics9,gkf,27,inner_val,1,Ba3SbCl3
primary,mlp_physics9,gkf,27,inner_val,1,Mg3SbF3
primary,mlp_physics9,gkf,27,inner_val,2,Ba3BiBr3
primary,mlp_physics9,gkf,27,inner_val,2,Ca3BiI3
primary,mlp_physics9,gkf,27,inner_val,2,Mg3BiBr3
primary,mlp_physics9,gkf,27,inner_val,2,Ba3PBr3
primary,mlp_physics9,gkf,27,inner_val,2,Sr3PBr3
primary,mlp_physics9,gkf,27,inner_val,2,Sr3PI3
primary,mlp_physics9,gkf,27,inner_val,2,Ca3SbBr3
primary,mlp_physics9,gkf,27,inner_val,3,Ba3AsCl3
primary,mlp_physics9,gkf,27,inner_val,3,Ca3AsBr3
primary,mlp_physics9,gkf,27,inner_val,3,Mg3BiBr3
primary,mlp_physics9,gkf,27,inner_val,3,Ba3PBr3
primary,mlp_physics9,gkf,27,inner_val,3,Ba3PI3
primary,mlp_physics9,gkf,27,inner_val,3,Ca3PCl3
primary,mlp_physics9,gkf,27,inner_val,3,Ca3PF3
primary,mlp_physics9,gkf,27,inner_val,4,Ca3AsBr3
primary,mlp_physics9,gkf,27,inner_val,4,Ba3BiCl3
primary,mlp_physics9,gkf,27,inner_val,4,Ba3PI3
primary,mlp_physics9,gkf,27,inner_val,4,Ba3SbCl3
primary,mlp_physics9,gkf,27,inner_val,4,Ba3SbI3
primary,mlp_physics9,gkf,27,inner_val,4,Mg3SbF3
primary,mlp_physics9,gkf,27,inner_val,4,Sr3SbCl3
primary,mlp_physics9,gkf,28,test,,Ba3AsI3
primary,mlp_physics9,gkf,28,test,,Sr3AsCl3
primary,mlp_physics9,gkf,28,test,,Ba3BiCl3
primary,mlp_physics9,gkf,28,test,,Ca3PCl3
primary,mlp_physics9,gkf,28,test,,Mg3PCl3
primary,mlp_physics9,gkf,28,test,,Sr3PBr3
primary,mlp_physics9,gkf,28,test,,Mg3SbBr3
primary,mlp_physics9,gkf,28,test,,Mg3SbF3
primary,mlp_physics9,gkf,28,inner_val,0,Sr3AsI3
primary,mlp_physics9,gkf,28,inner_val,0,Ba3BiBr3
primary,mlp_physics9,gkf,28,inner_val,0,Ba3PI3
primary,mlp_physics9,gkf,28,inner_val,0,Ca3PI3
primary,mlp_physics9,gkf,28,inner_val,0,Mg3PI3
primary,mlp_physics9,gkf,28,inner_val,0,Ba3SbBr3
primary,mlp_physics9,gkf,28,inner_val,0,Mg3SbI3
primary,mlp_physics9,gkf,28,inner_val,1,Ca3AsBr3
primary,mlp_physics9,gkf,28,inner_val,1,Mg3BiI3
primary,mlp_physics9,gkf,28,inner_val,1,Ca3PI3
primary,mlp_physics9,gkf,28,inner_val,1,Ba3SbI3
primary,mlp_physics9,gkf,28,inner_val,1,Ca3SbBr3
primary,mlp_physics9,gkf,28,inner_val,1,Mg3SbCl3
primary,mlp_physics9,gkf,28,inner_val,1,Sr3SbI3
primary,mlp_physics9,gkf,28,inner_val,2,Ca3AsF3
primary,mlp_physics9,gkf,28,inner_val,2,Mg3AsBr3
primary,mlp_physics9,gkf,28,inner_val,2,Ba3BiBr3
primary,mlp_physics9,gkf,28,inner_val,2,Mg3BiI3
primary,mlp_physics9,gkf,28,inner_val,2,Ba3PCl3
primary,mlp_physics9,gkf,28,inner_val,2,Ba3SbBr3
primary,mlp_physics9,gkf,28,inner_val,2,Sr3SbCl3
primary,mlp_physics9,gkf,28,inner_val,3,Ba3AsBr3
primary,mlp_physics9,gkf,28,inner_val,3,Ba3AsCl3
primary,mlp_physics9,gkf,28,inner_val,3,Ca3AsBr3
primary,mlp_physics9,gkf,28,inner_val,3,Mg3PI3
primary,mlp_physics9,gkf,28,inner_val,3,Ba3SbCl3
primary,mlp_physics9,gkf,28,inner_val,3,Ca3SbF3
primary,mlp_physics9,gkf,28,inner_val,3,Sr3SbCl3
primary,mlp_physics9,gkf,28,inner_val,4,Ca3AsBr3
primary,mlp_physics9,gkf,28,inner_val,4,Ca3BiI3
primary,mlp_physics9,gkf,28,inner_val,4,Ba3PCl3
primary,mlp_physics9,gkf,28,inner_val,4,Ca3PF3
primary,mlp_physics9,gkf,28,inner_val,4,Sr3PI3
primary,mlp_physics9,gkf,28,inner_val,4,Ba3SbI3
primary,mlp_physics9,gkf,28,inner_val,4,Ca3SbBr3
primary,mlp_physics9,gkf,29,test,,Ba3AsCl3
primary,mlp_physics9,gkf,29,test,,Ca3BiI3
primary,mlp_physics9,gkf,29,test,,Mg3BiBr3
primary,mlp_physics9,gkf,29,test,,Sr3PI3
primary,mlp_physics9,gkf,29,test,,Ba3SbI3
primary,mlp_physics9,gkf,29,test,,Mg3SbI3
primary,mlp_physics9,gkf,29,test,,Sr3SbI3
primary,mlp_physics9,gkf,29,inner_val,0,Ba3AsBr3
primary,mlp_physics9,gkf,29,inner_val,0,Sr3AsCl3
primary,mlp_physics9,gkf,29,inner_val,0,Ba3PBr3
primary,mlp_physics9,gkf,29,inner_val,0,Ca3PCl3
primary,mlp_physics9,gkf,29,inner_val,0,Mg3PI3
primary,mlp_physics9,gkf,29,inner_val,0,Ba3SbBr3
primary,mlp_physics9,gkf,29,inner_val,0,Mg3SbBr3
primary,mlp_physics9,gkf,29,inner_val,1,Ca3AsBr3
primary,mlp_physics9,gkf,29,inner_val,1,Ba3BiBr3
primary,mlp_physics9,gkf,29,inner_val,1,Ba3PI3
primary,mlp_physics9,gkf,29,inner_val,1,Ca3PBr3
primary,mlp_physics9,gkf,29,inner_val,1,Mg3PCl3
primary,mlp_physics9,gkf,29,inner_val,1,Sr3PBr3
primary,mlp_physics9,gkf,29,inner_val,1,Mg3SbBr3
primary,mlp_physics9,gkf,29,inner_val,2,Ca3AsBr3
primary,mlp_physics9,gkf,29,inner_val,2,Sr3AsI3
primary,mlp_physics9,gkf,29,inner_val,2,Ba3BiBr3
primary,mlp_physics9,gkf,29,inner_val,2,Ca3PCl3
primary,mlp_physics9,gkf,29,inner_val,2,Ca3PI3
primary,mlp_physics9,gkf,29,inner_val,2,Sr3PBr3
primary,mlp_physics9,gkf,29,inner_val,2,Ba3SbBr3
primary,mlp_physics9,gkf,29,inner_val,3,Ba3PBr3
primary,mlp_physics9,gkf,29,inner_val,3,Ca3PI3
primary,mlp_physics9,gkf,29,inner_val,3,Mg3PCl3
primary,mlp_physics9,gkf,29,inner_val,3,Ba3SbBr3
primary,mlp_physics9,gkf,29,inner_val,3,Ca3SbBr3
primary,mlp_physics9,gkf,29,inner_val,3,Ca3SbF3
primary,mlp_physics9,gkf,29,inner_val,3,Mg3SbBr3
primary,mlp_physics9,gkf,29,inner_val,4,Ba3BiI3
primary,mlp_physics9,gkf,29,inner_val,4,Ba3PI3
primary,mlp_physics9,gkf,29,inner_val,4,Ca3PI3
primary,mlp_physics9,gkf,29,inner_val,4,Mg3PI3
primary,mlp_physics9,gkf,29,inner_val,4,Sr3PBr3
primary,mlp_physics9,gkf,29,inner_val,4,Ca3SbF3
primary,mlp_physics9,gkf,29,inner_val,4,Sr3SbCl3
primary,mlp_physics9,gkf,30,test,,Ca3AsF3
primary,mlp_physics9,gkf,30,test,,Ba3BiCl3
primary,mlp_physics9,gkf,30,test,,Ca3BiI3
primary,mlp_physics9,gkf,30,test,,Mg3BiI3
primary,mlp_physics9,gkf,30,test,,Ca3PCl3
primary,mlp_physics9,gkf,30,test,,Sr3PBr3
primary,mlp_physics9,gkf,30,test,,Ba3SbBr3
primary,mlp_physics9,gkf,30,test,,Mg3SbCl3
primary,mlp_physics9,gkf,30,inner_val,0,Ba3AsBr3
primary,mlp_physics9,gkf,30,inner_val,0,Mg3AsBr3
primary,mlp_physics9,gkf,30,inner_val,0,Sr3AsI3
primary,mlp_physics9,gkf,30,inner_val,0,Ba3BiBr3
primary,mlp_physics9,gkf,30,inner_val,0,Sr3PCl3
primary,mlp_physics9,gkf,30,inner_val,0,Mg3SbI3
primary,mlp_physics9,gkf,30,inner_val,0,Sr3SbCl3
primary,mlp_physics9,gkf,30,inner_val,1,Ba3AsBr3
primary,mlp_physics9,gkf,30,inner_val,1,Mg3AsBr3
primary,mlp_physics9,gkf,30,inner_val,1,Ca3PF3
primary,mlp_physics9,gkf,30,inner_val,1,Mg3PBr3
primary,mlp_physics9,gkf,30,inner_val,1,Mg3PI3
primary,mlp_physics9,gkf,30,inner_val,1,Ca3SbBr3
primary,mlp_physics9,gkf,30,inner_val,1,Sr3SbCl3
primary,mlp_physics9,gkf,30,inner_val,2,Ca3AsBr3
primary,mlp_physics9,gkf,30,inner_val,2,Ba3BiBr3
primary,mlp_physics9,gkf,30,inner_val,2,Mg3BiBr3
primary,mlp_physics9,gkf,30,inner_val,2,Ba3PBr3
primary,mlp_physics9,gkf,30,inner_val,2,Ca3PF3
primary,mlp_physics9,gkf,30,inner_val,2,Mg3PCl3
primary,mlp_physics9,gkf,30,inner_val,2,Ca3SbBr3
primary,mlp_physics9,gkf,30,inner_val,3,Ba3AsI3
primary,mlp_physics9,gkf,30,inner_val,3,Ca3AsBr3
primary,mlp_physics9,gkf,30,inner_val,3,Ba3BiBr3
primary,mlp_physics9,gkf,30,inner_val,3,Ba3BiI3
primary,mlp_physics9,gkf,30,inner_val,3,Mg3PBr3
primary,mlp_physics9,gkf,30,inner_val,3,Mg3PI3
primary,mlp_physics9,gkf,30,inner_val,3,Sr3PCl3
primary,mlp_physics9,gkf,30,inner_val,4,Ca3PBr3
primary,mlp_physics9,gkf,30,inner_val,4,Mg3PBr3
primary,mlp_physics9,gkf,30,inner_val,4,Ba3SbCl3
primary,mlp_physics9,gkf,30,inner_val,4,Ba3SbI3
primary,mlp_physics9,gkf,30,inner_val,4,Mg3SbBr3
primary,mlp_physics9,gkf,30,inner_val,4,Mg3SbF3
primary,mlp_physics9,gkf,30,inner_val,4,Mg3SbI3
primary,mlp_physics9,gkf,31,test,,Ba3AsCl3
primary,mlp_physics9,gkf,31,test,,Ca3AsBr3
primary,mlp_physics9,gkf,31,test,,Sr3AsI3
primary,mlp_physics9,gkf,31,test,,Mg3BiBr3
primary,mlp_physics9,gkf,31,test,,Ca3PF3
primary,mlp_physics9,gkf,31,test,,Ba3SbI3
primary,mlp_physics9,gkf,31,test,,Ca3SbCl3
primary,mlp_physics9,gkf,31,test,,Sr3SbI3
primary,mlp_physics9,gkf,31,inner_val,0,Ca3AsF3
primary,mlp_physics9,gkf,31,inner_val,0,Sr3AsCl3
primary,mlp_physics9,gkf,31,inner_val,0,Ba3PCl3
primary,mlp_physics9,gkf,31,inner_val,0,Ca3PI3
primary,mlp_physics9,gkf,31,inner_val,0,Sr3PI3
primary,mlp_physics9,gkf,31,inner_val,0,Ca3SbBr3
primary,mlp_physics9,gkf,31,inner_val,0,Mg3SbI3
primary,mlp_physics9,gkf,31,inner_val,1,Ba3AsBr3
primary,mlp_physics9,gkf,31,inner_val,1,Ba3BiBr3
primary,mlp_physics9,gkf,31,inner_val,1,Mg3BiI3
primary,mlp_physics9,gkf,31,inner_val,1,Ba3PI3
primary,mlp_physics9,gkf,31,inner_val,1,Sr3PCl3
primary,mlp_physics9,gkf,31,inner_val,1,Sr3PI3
primary,mlp_physics9,gkf,31,inner_val,1,Mg3SbI3
primary,mlp_physics9,gkf,31,inner_val,2,Sr3AsCl3
primary,mlp_physics9,gkf,31,inner_val,2,Ba3BiCl3
primary,mlp_physics9,gkf,31,inner_val,2,Mg3BiI3
primary,mlp_physics9,gkf,31,inner_val,2,Ba3PBr3
primary,mlp_physics9,gkf,31,inner_val,2,Mg3PBr3
primary,mlp_physics9,gkf,31,inner_val,2,Mg3PCl3
primary,mlp_physics9,gkf,31,inner_val,2,Mg3SbBr3
primary,mlp_physics9,gkf,31,inner_val,3,Mg3AsBr3
primary,mlp_physics9,gkf,31,inner_val,3,Ba3BiBr3
primary,mlp_physics9,gkf,31,inner_val,3,Ba3PI3
primary,mlp_physics9,gkf,31,inner_val,3,Ca3PBr3
primary,mlp_physics9,gkf,31,inner_val,3,Mg3PI3
primary,mlp_physics9,gkf,31,inner_val,3,Sr3PCl3
primary,mlp_physics9,gkf,31,inner_val,3,Mg3SbCl3
primary,mlp_physics9,gkf,31,inner_val,4,Ba3AsBr3
primary,mlp_physics9,gkf,31,inner_val,4,Ba3AsI3
primary,mlp_physics9,gkf,31,inner_val,4,Mg3AsBr3
primary,mlp_physics9,gkf,31,inner_val,4,Ba3BiCl3
primary,mlp_physics9,gkf,31,inner_val,4,Ca3BiI3
primary,mlp_physics9,gkf,31,inner_val,4,Ca3PI3
primary,mlp_physics9,gkf,31,inner_val,4,Sr3PBr3
primary,mlp_physics9,gkf,32,test,,Ba3AsBr3
primary,mlp_physics9,gkf,32,test,,Mg3AsBr3
primary,mlp_physics9,gkf,32,test,,Ba3PBr3
primary,mlp_physics9,gkf,32,test,,Ba3PCl3
primary,mlp_physics9,gkf,32,test,,Sr3PCl3
primary,mlp_physics9,gkf,32,test,,Sr3PI3
primary,mlp_physics9,gkf,32,test,,Ca3SbF3
primary,mlp_physics9,gkf,32,test,,Mg3SbF3
primary,mlp_physics9,gkf,32,inner_val,0,Ba3AsCl3
primary,mlp_physics9,gkf,32,inner_val,0,Ca3AsF3
primary,mlp_physics9,gkf,32,inner_val,0,Ba3BiCl3
primary,mlp_physics9,gkf,32,inner_val,0,Ca3PF3
primary,mlp_physics9,gkf,32,inner_val,0,Sr3PBr3
primary,mlp_physics9,gkf,32,inner_val,0,Ca3SbBr3
primary,mlp_physics9,gkf,32,inner_val,0,Sr3SbCl3
primary,mlp_physics9,gkf,32,inner_val,1,Ba3AsCl3
primary,mlp_physics9,gkf,32,inner_val,1,Ca3AsF3
primary,mlp_physics9,gkf,32,inner_val,1,Ba3BiCl3
primary,mlp_physics9,gkf,32,inner_val,1,Ba3BiI3
primary,mlp_physics9,gkf,32,inner_val,1,Ba3PI3
primary,mlp_physics9,gkf,32,inner_val,1,Mg3PI3
primary,mlp_physics9,gkf,32,inner_val,1,Ca3SbBr3
primary,mlp_physics9,gkf,32,inner_val,2,Ba3AsI3
primary,mlp_physics9,gkf,32,inner_val,2,Ba3BiI3
primary,mlp_physics9,gkf,32,inner_val,2,Ca3PBr3
primary,mlp_physics9,gkf,32,inner_val,2,Mg3PCl3
primary,mlp_physics9,gkf,32,inner_val,2,Ba3SbBr3
primary,mlp_physics9,gkf,32,inner_val,2,Ca3SbCl3
primary,mlp_physics9,gkf,32,inner_val,2,Sr3SbI3
primary,mlp_physics9,gkf,32,inner_val,3,Ca3AsBr3
primary,mlp_physics9,gkf,32,inner_val,3,Sr3AsCl3
primary,mlp_physics9,gkf,32,inner_val,3,Ba3BiI3
primary,mlp_physics9,gkf,32,inner_val,3,Ca3BiI3
primary,mlp_physics9,gkf,32,inner_val,3,Mg3BiI3
primary,mlp_physics9,gkf,32,inner_val,3,Mg3PBr3
primary,mlp_physics9,gkf,32,inner_val,3,Mg3SbI3
primary,mlp_physics9,gkf,32,inner_val,4,Ba3AsCl3
primary,mlp_physics9,gkf,32,inner_val,4,Ba3AsI3
primary,mlp_physics9,gkf,32,inner_val,4,Ba3BiCl3
primary,mlp_physics9,gkf,32,inner_val,4,Mg3BiBr3
primary,mlp_physics9,gkf,32,inner_val,4,Ca3PI3
primary,mlp_physics9,gkf,32,inner_val,4,Mg3PCl3
primary,mlp_physics9,gkf,32,inner_val,4,Sr3SbCl3
primary,mlp_physics9,gkf,33,test,,Ba3AsI3
primary,mlp_physics9,gkf,33,test,,Ba3BiBr3
primary,mlp_physics9,gkf,33,test,,Ca3PI3
primary,mlp_physics9,gkf,33,test,,Mg3PBr3
primary,mlp_physics9,gkf,33,test,,Mg3PCl3
primary,mlp_physics9,gkf,33,test,,Mg3PI3
primary,mlp_physics9,gkf,33,test,,Ca3SbBr3
primary,mlp_physics9,gkf,33,test,,Mg3SbI3
primary,mlp_physics9,gkf,33,inner_val,0,Ba3BiI3
primary,mlp_physics9,gkf,33,inner_val,0,Ca3BiI3
primary,mlp_physics9,gkf,33,inner_val,0,Ba3PI3
primary,mlp_physics9,gkf,33,inner_val,0,Ca3PBr3
primary,mlp_physics9,gkf,33,inner_val,0,Ca3SbCl3
primary,mlp_physics9,gkf,33,inner_val,0,Ca3SbF3
primary,mlp_physics9,gkf,33,inner_val,0,Mg3SbF3
primary,mlp_physics9,gkf,33,inner_val,1,Ba3AsCl3
primary,mlp_physics9,gkf,33,inner_val,1,Ca3AsBr3
primary,mlp_physics9,gkf,33,inner_val,1,Ca3AsF3
primary,mlp_physics9,gkf,33,inner_val,1,Sr3AsCl3
primary,mlp_physics9,gkf,33,inner_val,1,Ba3BiCl3
primary,mlp_physics9,gkf,33,inner_val,1,Mg3BiBr3
primary,mlp_physics9,gkf,33,inner_val,1,Ca3PBr3
primary,mlp_physics9,gkf,33,inner_val,2,Mg3BiBr3
primary,mlp_physics9,gkf,33,inner_val,2,Mg3BiI3
primary,mlp_physics9,gkf,33,inner_val,2,Ba3PBr3
primary,mlp_physics9,gkf,33,inner_val,2,Sr3PBr3
primary,mlp_physics9,gkf,33,inner_val,2,Ca3SbCl3
primary,mlp_physics9,gkf,33,inner_val,2,Mg3SbBr3
primary,mlp_physics9,gkf,33,inner_val,2,Sr3SbCl3
primary,mlp_physics9,gkf,33,inner_val,3,Ba3AsBr3
primary,mlp_physics9,gkf,33,inner_val,3,Ca3AsBr3
primary,mlp_physics9,gkf,33,inner_val,3,Mg3BiBr3
primary,mlp_physics9,gkf,33,inner_val,3,Ba3PI3
primary,mlp_physics9,gkf,33,inner_val,3,Ba3SbI3
primary,mlp_physics9,gkf,33,inner_val,3,Mg3SbBr3
primary,mlp_physics9,gkf,33,inner_val,3,Sr3SbI3
primary,mlp_physics9,gkf,33,inner_val,4,Ca3AsBr3
primary,mlp_physics9,gkf,33,inner_val,4,Ba3BiCl3
primary,mlp_physics9,gkf,33,inner_val,4,Ca3BiI3
primary,mlp_physics9,gkf,33,inner_val,4,Mg3BiBr3
primary,mlp_physics9,gkf,33,inner_val,4,Sr3PI3
primary,mlp_physics9,gkf,33,inner_val,4,Ba3SbI3
primary,mlp_physics9,gkf,33,inner_val,4,Mg3SbCl3
primary,mlp_physics9,gkf,34,test,,Sr3AsCl3
primary,mlp_physics9,gkf,34,test,,Ba3BiI3
primary,mlp_physics9,gkf,34,test,,Ba3PI3
primary,mlp_physics9,gkf,34,test,,Ca3PBr3
primary,mlp_physics9,gkf,34,test,,Ba3SbCl3
primary,mlp_physics9,gkf,34,test,,Mg3SbBr3
primary,mlp_physics9,gkf,34,test,,Sr3SbCl3
primary,mlp_physics9,gkf,34,inner_val,0,Ba3AsI3
primary,mlp_physics9,gkf,34,inner_val,0,Ca3AsF3
primary,mlp_physics9,gkf,34,inner_val,0,Ba3BiCl3
primary,mlp_physics9,gkf,34,inner_val,0,Ca3BiI3
primary,mlp_physics9,gkf,34,inner_val,0,Ca3PF3
primary,mlp_physics9,gkf,34,inner_val,0,Ba3SbBr3
primary,mlp_physics9,gkf,34,inner_val,0,Ca3SbF3
primary,mlp_physics9,gkf,34,inner_val,1,Sr3AsI3
primary,mlp_physics9,gkf,34,inner_val,1,Ba3BiBr3
primary,mlp_physics9,gkf,34,inner_val,1,Ba3BiCl3
primary,mlp_physics9,gkf,34,inner_val,1,Mg3BiBr3
primary,mlp_physics9,gkf,34,inner_val,1,Mg3PCl3
primary,mlp_physics9,gkf,34,inner_val,1,Sr3PBr3
primary,mlp_physics9,gkf,34,inner_val,1,Ba3SbI3
primary,mlp_physics9,gkf,34,inner_val,2,Sr3AsI3
primary,mlp_physics9,gkf,34,inner_val,2,Ba3PCl3
primary,mlp_physics9,gkf,34,inner_val,2,Ca3PI3
primary,mlp_physics9,gkf,34,inner_val,2,Mg3PCl3
primary,mlp_physics9,gkf,34,inner_val,2,Ba3SbBr3
primary,mlp_physics9,gkf,34,inner_val,2,Mg3SbCl3
primary,mlp_physics9,gkf,34,inner_val,2,Sr3SbI3
primary,mlp_physics9,gkf,34,inner_val,3,Ba3AsCl3
primary,mlp_physics9,gkf,34,inner_val,3,Ca3AsF3
primary,mlp_physics9,gkf,34,inner_val,3,Mg3AsBr3
primary,mlp_physics9,gkf,34,inner_val,3,Ba3BiBr3
primary,mlp_physics9,gkf,34,inner_val,3,Ba3PCl3
primary,mlp_physics9,gkf,34,inner_val,3,Ba3SbBr3
primary,mlp_physics9,gkf,34,inner_val,3,Mg3SbF3
primary,mlp_physics9,gkf,34,inner_val,4,Ba3AsI3
primary,mlp_physics9,gkf,34,inner_val,4,Mg3BiI3
primary,mlp_physics9,gkf,34,inner_val,4,Mg3PBr3
primary,mlp_physics9,gkf,34,inner_val,4,Mg3PCl3
primary,mlp_physics9,gkf,34,inner_val,4,Mg3PI3
primary,mlp_physics9,gkf,34,inner_val,4,Sr3PI3
primary,mlp_physics9,gkf,34,inner_val,4,Sr3SbI3
primary,mlp_physics9,gkf,35,test,,Ca3AsBr3
primary,mlp_physics9,gkf,35,test,,Ca3AsF3
primary,mlp_physics9,gkf,35,test,,Sr3AsI3
primary,mlp_physics9,gkf,35,test,,Ca3BiI3
primary,mlp_physics9,gkf,35,test,,Ba3PBr3
primary,mlp_physics9,gkf,35,test,,Sr3PI3
primary,mlp_physics9,gkf,35,test,,Ba3SbBr3
primary,mlp_physics9,gkf,35,test,,Ca3SbCl3
primary,mlp_physics9,gkf,35,inner_val,0,Mg3AsBr3
primary,mlp_physics9,gkf,35,inner_val,0,Ba3BiI3
primary,mlp_physics9,gkf,35,inner_val,0,Ba3PCl3
primary,mlp_physics9,gkf,35,inner_val,0,Ca3PCl3
primary,mlp_physics9,gkf,35,inner_val,0,Ca3PF3
primary,mlp_physics9,gkf,35,inner_val,0,Sr3PCl3
primary,mlp_physics9,gkf,35,inner_val,0,Sr3SbI3
primary,mlp_physics9,gkf,35,inner_val,1,Ba3AsI3
primary,mlp_physics9,gkf,35,inner_val,1,Ba3BiCl3
primary,mlp_physics9,gkf,35,inner_val,1,Ba3BiI3
primary,mlp_physics9,gkf,35,inner_val,1,Mg3BiI3
primary,mlp_physics9,gkf,35,inner_val,1,Ca3PBr3
primary,mlp_physics9,gkf,35,inner_val,1,Sr3PBr3
primary,mlp_physics9,gkf,35,inner_val,1,Mg3SbBr3
primary,mlp_physics9,gkf,35,inner_val,2,Ba3AsCl3
primary,mlp_physics9,gkf,35,inner_val,2,Ba3AsI3
primary,mlp_physics9,gkf,35,inner_val,2,Sr3AsCl3
primary,mlp_physics9,gkf,35,inner_val,2,Ba3BiI3
primary,mlp_physics9,gkf,35,inner_val,2,Ba3PCl3
primary,mlp_physics9,gkf,35,inner_val,2,Ba3SbI3
primary,mlp_physics9,gkf,35,inner_val,2,Mg3SbCl3
primary,mlp_physics9,gkf,35,inner_val,3,Ba3AsCl3
primary,mlp_physics9,gkf,35,inner_val,3,Mg3BiI3
primary,mlp_physics9,gkf,35,inner_val,3,Sr3PCl3
primary,mlp_physics9,gkf,35,inner_val,3,Ba3SbI3
primary,mlp_physics9,gkf,35,inner_val,3,Mg3SbF3
primary,mlp_physics9,gkf,35,inner_val,3,Sr3SbCl3
primary,mlp_physics9,gkf,35,inner_val,3,Sr3SbI3
primary,mlp_physics9,gkf,35,inner_val,4,Ba3BiBr3
primary,mlp_physics9,gkf,35,inner_val,4,Ca3PCl3
primary,mlp_physics9,gkf,35,inner_val,4,Mg3PI3
primary,mlp_physics9,gkf,35,inner_val,4,Sr3PCl3
primary,mlp_physics9,gkf,35,inner_val,4,Mg3SbBr3
primary,mlp_physics9,gkf,35,inner_val,4,Mg3SbF3
primary,mlp_physics9,gkf,35,inner_val,4,Sr3SbI3
primary,mlp_physics9,gkf,36,test,,Sr3AsCl3
primary,mlp_physics9,gkf,36,test,,Ba3BiBr3
primary,mlp_physics9,gkf,36,test,,Ba3BiI3
primary,mlp_physics9,gkf,36,test,,Mg3BiBr3
primary,mlp_physics9,gkf,36,test,,Mg3BiI3
primary,mlp_physics9,gkf,36,test,,Ca3PF3
primary,mlp_physics9,gkf,36,test,,Sr3PBr3
primary,mlp_physics9,gkf,36,test,,Mg3SbBr3
primary,mlp_physics9,gkf,36,inner_val,0,Ba3AsBr3
primary,mlp_physics9,gkf,36,inner_val,0,Ba3BiCl3
primary,mlp_physics9,gkf,36,inner_val,0,Ca3PBr3
primary,mlp_physics9,gkf,36,inner_val,0,Mg3PCl3
primary,mlp_physics9,gkf,36,inner_val,0,Sr3PI3
primary,mlp_physics9,gkf,36,inner_val,0,Ca3SbBr3
primary,mlp_physics9,gkf,36,inner_val,0,Ca3SbF3
primary,mlp_physics9,gkf,36,inner_val,1,Ca3PCl3
primary,mlp_physics9,gkf,36,inner_val,1,Sr3PCl3
primary,mlp_physics9,gkf,36,inner_val,1,Ba3SbCl3
primary,mlp_physics9,gkf,36,inner_val,1,Ca3SbBr3
primary,mlp_physics9,gkf,36,inner_val,1,Ca3SbF3
primary,mlp_physics9,gkf,36,inner_val,1,Mg3SbCl3
primary,mlp_physics9,gkf,36,inner_val,1,Sr3SbI3
primary,mlp_physics9,gkf,36,inner_val,2,Ba3AsCl3
primary,mlp_physics9,gkf,36,inner_val,2,Sr3AsI3
primary,mlp_physics9,gkf,36,inner_val,2,Ba3PBr3
primary,mlp_physics9,gkf,36,inner_val,2,Ba3SbBr3
primary,mlp_physics9,gkf,36,inner_val,2,Ba3SbI3
primary,mlp_physics9,gkf,36,inner_val,2,Ca3SbBr3
primary,mlp_physics9,gkf,36,inner_val,2,Sr3SbCl3
primary,mlp_physics9,gkf,36,inner_val,3,Ba3AsCl3
primary,mlp_physics9,gkf,36,inner_val,3,Ba3AsI3
primary,mlp_physics9,gkf,36,inner_val,3,Ca3AsBr3
primary,mlp_physics9,gkf,36,inner_val,3,Ba3PCl3
primary,mlp_physics9,gkf,36,inner_val,3,Ca3PCl3
primary,mlp_physics9,gkf,36,inner_val,3,Sr3PCl3
primary,mlp_physics9,gkf,36,inner_val,3,Mg3SbF3
primary,mlp_physics9,gkf,36,inner_val,4,Ba3AsI3
primary,mlp_physics9,gkf,36,inner_val,4,Ca3AsBr3
primary,mlp_physics9,gkf,36,inner_val,4,Ca3AsF3
primary,mlp_physics9,gkf,36,inner_val,4,Ca3PBr3
primary,mlp_physics9,gkf,36,inner_val,4,Ca3PI3
primary,mlp_physics9,gkf,36,inner_val,4,Ba3SbBr3
primary,mlp_physics9,gkf,36,inner_val,4,Ca3SbF3
primary,mlp_physics9,gkf,37,test,,Ba3PCl3
primary,mlp_physics9,gkf,37,test,,Ca3PCl3
primary,mlp_physics9,gkf,37,test,,Mg3PI3
primary,mlp_physics9,gkf,37,test,,Sr3PCl3
primary,mlp_physics9,gkf,37,test,,Ba3SbCl3
primary,mlp_physics9,gkf,37,test,,Ca3SbBr3
primary,mlp_physics9,gkf,37,test,,Ca3SbF3
primary,mlp_physics9,gkf,37,test,,Mg3SbF3
primary,mlp_physics9,gkf,37,inner_val,0,Ba3AsBr3
primary,mlp_physics9,gkf,37,inner_val,0,Ba3AsI3
primary,mlp_physics9,gkf,37,inner_val,0,Mg3AsBr3
primary,mlp_physics9,gkf,37,inner_val,0,Ba3BiBr3
primary,mlp_physics9,gkf,37,inner_val,0,Ba3PBr3
primary,mlp_physics9,gkf,37,inner_val,0,Ba3PI3
primary,mlp_physics9,gkf,37,inner_val,0,Mg3SbI3
primary,mlp_physics9,gkf,37,inner_val,1,Ba3AsI3
primary,mlp_physics9,gkf,37,inner_val,1,Mg3AsBr3
primary,mlp_physics9,gkf,37,inner_val,1,Ba3BiBr3
primary,mlp_physics9,gkf,37,inner_val,1,Mg3BiI3
primary,mlp_physics9,gkf,37,inner_val,1,Ca3PI3
primary,mlp_physics9,gkf,37,inner_val,1,Mg3PBr3
primary,mlp_physics9,gkf,37,inner_val,1,Ba3SbBr3
primary,mlp_physics9,gkf,37,inner_val,2,Ba3AsI3
primary,mlp_physics9,gkf,37,inner_val,2,Sr3AsCl3
primary,mlp_physics9,gkf,37,inner_val,2,Ba3BiBr3
primary,mlp_physics9,gkf,37,inner_val,2,Mg3BiI3
primary,mlp_physics9,gkf,37,inner_val,2,Ba3SbBr3
primary,mlp_physics9,gkf,37,inner_val,2,Ba3SbI3
primary,mlp_physics9,gkf,37,inner_val,2,Sr3SbI3
primary,mlp_physics9,gkf,37,inner_val,3,Ca3AsBr3
primary,mlp_physics9,gkf,37,inner_val,3,Sr3AsCl3
primary,mlp_physics9,gkf,37,inner_val,3,Ba3BiI3
primary,mlp_physics9,gkf,37,inner_val,3,Mg3BiI3
primary,mlp_physics9,gkf,37,inner_val,3,Ca3PBr3
primary,mlp_physics9,gkf,37,inner_val,3,Ca3PI3
primary,mlp_physics9,gkf,37,inner_val,3,Mg3SbBr3
primary,mlp_physics9,gkf,37,inner_val,4,Sr3AsCl3
primary,mlp_physics9,gkf,37,inner_val,4,Ba3BiBr3
primary,mlp_physics9,gkf,37,inner_val,4,Mg3BiI3
primary,mlp_physics9,gkf,37,inner_val,4,Ca3PBr3
primary,mlp_physics9,gkf,37,inner_val,4,Mg3PCl3
primary,mlp_physics9,gkf,37,inner_val,4,Ca3SbCl3
primary,mlp_physics9,gkf,37,inner_val,4,Sr3SbCl3
primary,mlp_physics9,gkf,38,test,,Ba3AsI3
primary,mlp_physics9,gkf,38,test,,Mg3AsBr3
primary,mlp_physics9,gkf,38,test,,Ba3PI3
primary,mlp_physics9,gkf,38,test,,Ca3PI3
primary,mlp_physics9,gkf,38,test,,Mg3PCl3
primary,mlp_physics9,gkf,38,test,,Mg3SbCl3
primary,mlp_physics9,gkf,38,test,,Sr3SbCl3
primary,mlp_physics9,gkf,38,test,,Sr3SbI3
primary,mlp_physics9,gkf,38,inner_val,0,Ba3AsCl3
primary,mlp_physics9,gkf,38,inner_val,0,Sr3AsI3
primary,mlp_physics9,gkf,38,inner_val,0,Ba3BiBr3
primary,mlp_physics9,gkf,38,inner_val,0,Ba3PCl3
primary,mlp_physics9,gkf,38,inner_val,0,Mg3PI3
primary,mlp_physics9,gkf,38,inner_val,0,Sr3PI3
primary,mlp_physics9,gkf,38,inner_val,0,Ca3SbF3
primary,mlp_physics9,gkf,38,inner_val,1,Sr3AsCl3
primary,mlp_physics9,gkf,38,inner_val,1,Ca3BiI3
primary,mlp_physics9,gkf,38,inner_val,1,Mg3BiBr3
primary,mlp_physics9,gkf,38,inner_val,1,Mg3BiI3
primary,mlp_physics9,gkf,38,inner_val,1,Ca3PBr3
primary,mlp_physics9,gkf,38,inner_val,1,Ca3SbBr3
primary,mlp_physics9,gkf,38,inner_val,1,Ca3SbCl3
primary,mlp_physics9,gkf,38,inner_val,2,Ba3AsCl3
primary,mlp_physics9,gkf,38,inner_val,2,Sr3AsI3
primary,mlp_physics9,gkf,38,inner_val,2,Ba3BiBr3
primary,mlp_physics9,gkf,38,inner_val,2,Ba3BiCl3
primary,mlp_physics9,gkf,38,inner_val,2,Ba3PBr3
primary,mlp_physics9,gkf,38,inner_val,2,Mg3PBr3
primary,mlp_physics9,gkf,38,inner_val,2,Ba3SbBr3
primary,mlp_physics9,gkf,38,inner_val,3,Ca3AsF3
primary,mlp_physics9,gkf,38,inner_val,3,Sr3AsCl3
primary,mlp_physics9,gkf,38,inner_val,3,Ba3BiBr3
primary,mlp_physics9,gkf,38,inner_val,3,Ba3BiCl3
primary,mlp_physics9,gkf,38,inner_val,3,Ba3SbI3
primary,mlp_physics9,gkf,38,inner_val,3,Ca3SbBr3
primary,mlp_physics9,gkf,38,inner_val,3,Ca3SbF3
primary,mlp_physics9,gkf,38,inner_val,4,Mg3BiBr3
primary,mlp_physics9,gkf,38,inner_val,4,Mg3BiI3
primary,mlp_physics9,gkf,38,inner_val,4,Ba3PCl3
primary,mlp_physics9,gkf,38,inner_val,4,Mg3PI3
primary,mlp_physics9,gkf,38,inner_val,4,Sr3PBr3
primary,mlp_physics9,gkf,38,inner_val,4,Sr3PI3
primary,mlp_physics9,gkf,38,inner_val,4,Mg3SbI3
primary,mlp_physics9,gkf,39,test,,Ba3AsBr3
primary,mlp_physics9,gkf,39,test,,Ba3AsCl3
primary,mlp_physics9,gkf,39,test,,Ba3BiCl3
primary,mlp_physics9,gkf,39,test,,Ca3PBr3
primary,mlp_physics9,gkf,39,test,,Mg3PBr3
primary,mlp_physics9,gkf,39,test,,Ba3SbI3
primary,mlp_physics9,gkf,39,test,,Mg3SbI3
primary,mlp_physics9,gkf,39,inner_val,0,Sr3AsCl3
primary,mlp_physics9,gkf,39,inner_val,0,Ba3BiI3
primary,mlp_physics9,gkf,39,inner_val,0,Mg3PI3
primary,mlp_physics9,gkf,39,inner_val,0,Ba3SbBr3
primary,mlp_physics9,gkf,39,inner_val,0,Ba3SbCl3
primary,mlp_physics9,gkf,39,inner_val,0,Sr3SbCl3
primary,mlp_physics9,gkf,39,inner_val,0,Sr3SbI3
primary,mlp_physics9,gkf,39,inner_val,1,Ba3AsI3
primary,mlp_physics9,gkf,39,inner_val,1,Ba3PCl3
primary,mlp_physics9,gkf,39,inner_val,1,Ca3PCl3
primary,mlp_physics9,gkf,39,inner_val,1,Sr3PI3
primary,mlp_physics9,gkf,39,inner_val,1,Ba3SbCl3
primary,mlp_physics9,gkf,39,inner_val,1,Ca3SbCl3
primary,mlp_physics9,gkf,39,inner_val,1,Sr3SbI3
primary,mlp_physics9,gkf,39,inner_val,2,Mg3PCl3
primary,mlp_physics9,gkf,39,inner_val,2,Sr3PBr3
primary,mlp_physics9,gkf,39,inner_val,2,Ba3SbCl3
primary,mlp_physics9,gkf,39,inner_val,2,Ca3SbBr3
primary,mlp_physics9,gkf,39,inner_val,2,Ca3SbCl3
primary,mlp_physics9,gkf,39,inner_val,2,Mg3SbF3
primary,mlp_physics9,gkf,39,inner_val,2,Sr3SbCl3
primary,mlp_physics9,gkf,39,inner_val,3,Ba3BiBr3
primary,mlp_physics9,gkf,39,inner_val,3,Ba3PI3
primary,mlp_physics9,gkf,39,inner_val,3,Ca3PI3
primary,mlp_physics9,gkf,39,inner_val,3,Sr3PBr3
primary,mlp_physics9,gkf,39,inner_val,3,Sr3PCl3
primary,mlp_physics9,gkf,39,inner_val,3,Ca3SbCl3
primary,mlp_physics9,gkf,39,inner_val,3,Mg3SbCl3
primary,mlp_physics9,gkf,39,inner_val,4,Sr3AsI3
primary,mlp_physics9,gkf,39,inner_val,4,Ba3PI3
primary,mlp_physics9,gkf,39,inner_val,4,Ca3SbCl3
primary,mlp_physics9,gkf,39,inner_val,4,Mg3SbBr3
primary,mlp_physics9,gkf,39,inner_val,4,Mg3SbF3
primary,mlp_physics9,gkf,39,inner_val,4,Sr3SbCl3
primary,mlp_physics9,gkf,39,inner_val,4,Sr3SbI3
primary,mlp_physics9,gkf,40,test,,Ca3BiI3
primary,mlp_physics9,gkf,40,test,,Ba3PI3
primary,mlp_physics9,gkf,40,test,,Mg3PBr3
primary,mlp_physics9,gkf,40,test,,Mg3PI3
primary,mlp_physics9,gkf,40,test,,Sr3PBr3
primary,mlp_physics9,gkf,40,test,,Ba3SbBr3
primary,mlp_physics9,gkf,40,test,,Ca3SbF3
primary,mlp_physics9,gkf,40,test,,Sr3SbCl3
primary,mlp_physics9,gkf,40,inner_val,0,Ba3AsBr3
primary,mlp_physics9,gkf,40,inner_val,0,Ba3AsCl3
primary,mlp_physics9,gkf,40,inner_val,0,Ca3PBr3
primary,mlp_physics9,gkf,40,inner_val,0,Ca3PCl3
primary,mlp_physics9,gkf,40,inner_val,0,Sr3PCl3
primary,mlp_physics9,gkf,40,inner_val,0,Mg3SbI3
primary,mlp_physics9,gkf,40,inner_val,0,Sr3SbI3
primary,mlp_physics9,gkf,40,inner_val,1,Ba3AsBr3
primary,mlp_physics9,gkf,40,inner_val,1,Ba3AsI3
primary,mlp_physics9,gkf,40,inner_val,1,Mg3AsBr3
primary,mlp_physics9,gkf,40,inner_val,1,Sr3AsCl3
primary,mlp_physics9,gkf,40,inner_val,1,Ca3PCl3
primary,mlp_physics9,gkf,40,inner_val,1,Sr3PI3
primary,mlp_physics9,gkf,40,inner_val,1,Ba3SbI3
primary,mlp_physics9,gkf,40,inner_val,2,Ca3AsBr3
primary,mlp_physics9,gkf,40,inner_val,2,Ca3AsF3
primary,mlp_physics9,gkf,40,inner_val,2,Mg3AsBr3
primary,mlp_physics9,gkf,40,inner_val,2,Ba3BiI3
primary,mlp_physics9,gkf,40,inner_val,2,Ca3PBr3
primary,mlp_physics9,gkf,40,inner_val,2,Ca3SbCl3
primary,mlp_physics9,gkf,40,inner_val,2,Sr3SbI3
primary,mlp_physics9,gkf,40,inner_val,3,Ca3AsBr3
primary,mlp_physics9,gkf,40,inner_val,3,Mg3BiI3
primary,mlp_physics9,gkf,40,inner_val,3,Ca3PF3
primary,mlp_physics9,gkf,40,inner_val,3,Sr3PI3
primary,mlp_physics9,gkf,40,inner_val,3,Ba3SbCl3
primary,mlp_physics9,gkf,40,inner_val,3,Mg3SbF3
primary,mlp_physics9,gkf,40,inner_val,3,Sr3SbI3
primary,mlp_physics9,gkf,40,inner_val,4,Ba3AsBr3
primary,mlp_physics9,gkf,40,inner_val,4,Ba3AsCl3
primary,mlp_physics9,gkf,40,inner_val,4,Ba3AsI3
primary,mlp_physics9,gkf,40,inner_val,4,Ca3AsBr3
primary,mlp_physics9,gkf,40,inner_val,4,Sr3AsI3
primary,mlp_physics9,gkf,40,inner_val,4,Ca3PI3
primary,mlp_physics9,gkf,40,inner_val,4,Mg3SbI3
primary,mlp_physics9,gkf,41,test,,Ba3AsCl3
primary,mlp_physics9,gkf,41,test,,Mg3AsBr3
primary,mlp_physics9,gkf,41,test,,Ba3BiCl3
primary,mlp_physics9,gkf,41,test,,Mg3BiI3
primary,mlp_physics9,gkf,41,test,,Ca3PF3
primary,mlp_physics9,gkf,41,test,,Mg3PCl3
primary,mlp_physics9,gkf,41,test,,Ba3SbCl3
primary,mlp_physics9,gkf,41,test,,Mg3SbCl3
primary,mlp_physics9,gkf,41,inner_val,0,Ca3AsBr3
primary,mlp_physics9,gkf,41,inner_val,0,Ba3BiI3
primary,mlp_physics9,gkf,41,inner_val,0,Mg3BiBr3
primary,mlp_physics9,gkf,41,inner_val,0,Sr3PCl3
primary,mlp_physics9,gkf,41,inner_val,0,Ba3SbBr3
primary,mlp_physics9,gkf,41,inner_val,0,Mg3SbBr3
primary,mlp_physics9,gkf,41,inner_val,0,Sr3SbCl3
primary,mlp_physics9,gkf,41,inner_val,1,Ba3AsBr3
primary,mlp_physics9,gkf,41,inner_val,1,Ba3AsI3
primary,mlp_physics9,gkf,41,inner_val,1,Ba3BiI3
primary,mlp_physics9,gkf,41,inner_val,1,Ca3PI3
primary,mlp_physics9,gkf,41,inner_val,1,Sr3PI3
primary,mlp_physics9,gkf,41,inner_val,1,Sr3SbCl3
primary,mlp_physics9,gkf,41,inner_val,1,Sr3SbI3
primary,mlp_physics9,gkf,41,inner_val,2,Ca3AsF3
primary,mlp_physics9,gkf,41,inner_val,2,Ba3BiI3
primary,mlp_physics9,gkf,41,inner_val,2,Ba3PCl3
primary,mlp_physics9,gkf,41,inner_val,2,Ba3SbBr3
primary,mlp_physics9,gkf,41,inner_val,2,Ca3SbBr3
primary,mlp_physics9,gkf,41,inner_val,2,Mg3SbI3
primary,mlp_physics9,gkf,41,inner_val,2,Sr3SbCl3
primary,mlp_physics9,gkf,41,inner_val,3,Ba3AsI3
primary,mlp_physics9,gkf,41,inner_val,3,Ba3BiI3
primary,mlp_physics9,gkf,41,inner_val,3,Mg3BiBr3
primary,mlp_physics9,gkf,41,inner_val,3,Ca3PI3
primary,mlp_physics9,gkf,41,inner_val,3,Ba3SbI3
primary,mlp_physics9,gkf,41,inner_val,3,Mg3SbF3
primary,mlp_physics9,gkf,41,inner_val,3,Mg3SbI3
primary,mlp_physics9,gkf,41,inner_val,4,Ba3BiBr3
primary,mlp_physics9,gkf,41,inner_val,4,Ba3BiI3
primary,mlp_physics9,gkf,41,inner_val,4,Ca3PBr3
primary,mlp_physics9,gkf,41,inner_val,4,Mg3PBr3
primary,mlp_physics9,gkf,41,inner_val,4,Mg3PI3
primary,mlp_physics9,gkf,41,inner_val,4,Ca3SbCl3
primary,mlp_physics9,gkf,41,inner_val,4,Sr3SbI3
primary,mlp_physics9,gkf,42,test,,Ca3AsBr3
primary,mlp_physics9,gkf,42,test,,Sr3AsI3
primary,mlp_physics9,gkf,42,test,,Ba3BiI3
primary,mlp_physics9,gkf,42,test,,Ca3PI3
primary,mlp_physics9,gkf,42,test,,Ba3SbI3
primary,mlp_physics9,gkf,42,test,,Mg3SbBr3
primary,mlp_physics9,gkf,42,test,,Mg3SbF3
primary,mlp_physics9,gkf,42,test,,Mg3SbI3
primary,mlp_physics9,gkf,42,inner_val,0,Ba3AsCl3
primary,mlp_physics9,gkf,42,inner_val,0,Ca3BiI3
primary,mlp_physics9,gkf,42,inner_val,0,Ba3PBr3
primary,mlp_physics9,gkf,42,inner_val,0,Sr3PI3
primary,mlp_physics9,gkf,42,inner_val,0,Ca3SbBr3
primary,mlp_physics9,gkf,42,inner_val,0,Ca3SbCl3
primary,mlp_physics9,gkf,42,inner_val,0,Mg3SbCl3
primary,mlp_physics9,gkf,42,inner_val,1,Ba3AsI3
primary,mlp_physics9,gkf,42,inner_val,1,Mg3AsBr3
primary,mlp_physics9,gkf,42,inner_val,1,Mg3BiBr3
primary,mlp_physics9,gkf,42,inner_val,1,Ba3PCl3
primary,mlp_physics9,gkf,42,inner_val,1,Ca3PF3
primary,mlp_physics9,gkf,42,inner_val,1,Mg3SbCl3
primary,mlp_physics9,gkf,42,inner_val,1,Sr3SbI3
primary,mlp_physics9,gkf,42,inner_val,2,Ba3AsCl3
primary,mlp_physics9,gkf,42,inner_val,2,Mg3BiBr3
primary,mlp_physics9,gkf,42,inner_val,2,Ca3PBr3
primary,mlp_physics9,gkf,42,inner_val,2,Ca3PCl3
primary,mlp_physics9,gkf,42,inner_val,2,Mg3PI3
primary,mlp_physics9,gkf,42,inner_val,2,Sr3PCl3
primary,mlp_physics9,gkf,42,inner_val,2,Sr3PI3
primary,mlp_physics9,gkf,42,inner_val,3,Ca3AsF3
primary,mlp_physics9,gkf,42,inner_val,3,Ca3BiI3
primary,mlp_physics9,gkf,42,inner_val,3,Mg3PBr3
primary,mlp_physics9,gkf,42,inner_val,3,Mg3PI3
primary,mlp_physics9,gkf,42,inner_val,3,Sr3PI3
primary,mlp_physics9,gkf,42,inner_val,3,Ba3SbCl3
primary,mlp_physics9,gkf,42,inner_val,3,Ca3SbF3
primary,mlp_physics9,gkf,42,inner_val,4,Ca3PCl3
primary,mlp_physics9,gkf,42,inner_val,4,Mg3PBr3
primary,mlp_physics9,gkf,42,inner_val,4,Ba3SbCl3
primary,mlp_physics9,gkf,42,inner_val,4,Ca3SbBr3
primary,mlp_physics9,gkf,42,inner_val,4,Ca3SbCl3
primary,mlp_physics9,gkf,42,inner_val,4,Ca3SbF3
primary,mlp_physics9,gkf,42,inner_val,4,Sr3SbI3
primary,mlp_physics9,gkf,43,test,,Ba3AsBr3
primary,mlp_physics9,gkf,43,test,,Ba3AsI3
primary,mlp_physics9,gkf,43,test,,Mg3BiBr3
primary,mlp_physics9,gkf,43,test,,Ba3PBr3
primary,mlp_physics9,gkf,43,test,,Ba3PCl3
primary,mlp_physics9,gkf,43,test,,Ca3PCl3
primary,mlp_physics9,gkf,43,test,,Ca3SbBr3
primary,mlp_physics9,gkf,43,test,,Sr3SbI3
primary,mlp_physics9,gkf,43,inner_val,0,Ba3AsCl3
primary,mlp_physics9,gkf,43,inner_val,0,Ca3AsBr3
primary,mlp_physics9,gkf,43,inner_val,0,Ba3BiBr3
primary,mlp_physics9,gkf,43,inner_val,0,Mg3BiI3
primary,mlp_physics9,gkf,43,inner_val,0,Ca3PBr3
primary,mlp_physics9,gkf,43,inner_val,0,Ba3SbI3
primary,mlp_physics9,gkf,43,inner_val,0,Mg3SbBr3
primary,mlp_physics9,gkf,43,inner_val,1,Ca3AsBr3
primary,mlp_physics9,gkf,43,inner_val,1,Ba3BiBr3
primary,mlp_physics9,gkf,43,inner_val,1,Ca3BiI3
primary,mlp_physics9,gkf,43,inner_val,1,Ca3PF3
primary,mlp_physics9,gkf,43,inner_val,1,Sr3PI3
primary,mlp_physics9,gkf,43,inner_val,1,Ba3SbI3
primary,mlp_physics9,gkf,43,inner_val,1,Mg3SbI3
primary,mlp_physics9,gkf,43,inner_val,2,Ba3AsCl3
primary,mlp_physics9,gkf,43,inner_val,2,Ca3AsBr3
primary,mlp_physics9,gkf,43,inner_val,2,Ba3BiCl3
primary,mlp_physics9,gkf,43,inner_val,2,Ba3BiI3
primary,mlp_physics9,gkf,43,inner_val,2,Mg3BiI3
primary,mlp_physics9,gkf,43,inner_val,2,Ca3PF3
primary,mlp_physics9,gkf,43,inner_val,2,Mg3SbCl3
primary,mlp_physics9,gkf,43,inner_val,3,Sr3AsCl3
primary,mlp_physics9,gkf,43,inner_val,3,Sr3AsI3
primary,mlp_physics9,gkf,43,inner_val,3,Ba3BiCl3
primary,mlp_physics9,gkf,43,inner_val,3,Ca3PBr3
primary,mlp_physics9,gkf,43,inner_val,3,Ca3PF3
primary,mlp_physics9,gkf,43,inner_val,3,Sr3PI3
primary,mlp_physics9,gkf,43,inner_val,3,Sr3SbCl3
primary,mlp_physics9,gkf,43,inner_val,4,Ca3AsBr3
primary,mlp_physics9,gkf,43,inner_val,4,Mg3AsBr3
primary,mlp_physics9,gkf,43,inner_val,4,Ba3BiBr3
primary,mlp_physics9,gkf,43,inner_val,4,Ba3BiCl3
primary,mlp_physics9,gkf,43,inner_val,4,Mg3BiI3
primary,mlp_physics9,gkf,43,inner_val,4,Ca3PF3
primary,mlp_physics9,gkf,43,inner_val,4,Sr3PI3
primary,mlp_physics9,gkf,44,test,,Ca3AsF3
primary,mlp_physics9,gkf,44,test,,Sr3AsCl3
primary,mlp_physics9,gkf,44,test,,Ba3BiBr3
primary,mlp_physics9,gkf,44,test,,Ca3PBr3
primary,mlp_physics9,gkf,44,test,,Sr3PCl3
primary,mlp_physics9,gkf,44,test,,Sr3PI3
primary,mlp_physics9,gkf,44,test,,Ca3SbCl3
primary,mlp_physics9,gkf,44,inner_val,0,Ba3AsBr3
primary,mlp_physics9,gkf,44,inner_val,0,Mg3AsBr3
primary,mlp_physics9,gkf,44,inner_val,0,Sr3AsI3
primary,mlp_physics9,gkf,44,inner_val,0,Mg3BiBr3
primary,mlp_physics9,gkf,44,inner_val,0,Mg3PI3
primary,mlp_physics9,gkf,44,inner_val,0,Ca3SbF3
primary,mlp_physics9,gkf,44,inner_val,0,Mg3SbCl3
primary,mlp_physics9,gkf,44,inner_val,1,Ca3BiI3
primary,mlp_physics9,gkf,44,inner_val,1,Mg3BiI3
primary,mlp_physics9,gkf,44,inner_val,1,Ba3PI3
primary,mlp_physics9,gkf,44,inner_val,1,Ca3PI3
primary,mlp_physics9,gkf,44,inner_val,1,Mg3PI3
primary,mlp_physics9,gkf,44,inner_val,1,Ba3SbBr3
primary,mlp_physics9,gkf,44,inner_val,1,Sr3SbCl3
primary,mlp_physics9,gkf,44,inner_val,2,Mg3BiBr3
primary,mlp_physics9,gkf,44,inner_val,2,Mg3BiI3
primary,mlp_physics9,gkf,44,inner_val,2,Ba3PBr3
primary,mlp_physics9,gkf,44,inner_val,2,Ba3PCl3
primary,mlp_physics9,gkf,44,inner_val,2,Ca3PCl3
primary,mlp_physics9,gkf,44,inner_val,2,Ba3SbCl3
primary,mlp_physics9,gkf,44,inner_val,2,Sr3SbCl3
primary,mlp_physics9,gkf,44,inner_val,3,Ca3AsBr3
primary,mlp_physics9,gkf,44,inner_val,3,Ba3BiI3
primary,mlp_physics9,gkf,44,inner_val,3,Mg3BiBr3
primary,mlp_physics9,gkf,44,inner_val,3,Mg3PCl3
primary,mlp_physics9,gkf,44,inner_val,3,Ca3SbF3
primary,mlp_physics9,gkf,44,inner_val,3,Mg3SbBr3
primary,mlp_physics9,gkf,44,inner_val,3,Mg3SbCl3
primary,mlp_physics9,gkf,44,inner_val,4,Mg3AsBr3
primary,mlp_physics9,gkf,44,inner_val,4,Ba3BiCl3
primary,mlp_physics9,gkf,44,inner_val,4,Mg3BiBr3
primary,mlp_physics9,gkf,44,inner_val,4,Ca3PI3
primary,mlp_physics9,gkf,44,inner_val,4,Ca3SbF3
primary,mlp_physics9,gkf,44,inner_val,4,Mg3SbBr3
primary,mlp_physics9,gkf,44,inner_val,4,Mg3SbCl3
primary,mlp_physics9,gkf,45,test,,Ca3AsBr3
primary,mlp_physics9,gkf,45,test,,Ba3BiBr3
primary,mlp_physics9,gkf,45,test,,Ba3BiCl3
primary,mlp_physics9,gkf,45,test,,Ba3PBr3
primary,mlp_physics9,gkf,45,test,,Ba3PI3
primary,mlp_physics9,gkf,45,test,,Mg3PI3
primary,mlp_physics9,gkf,45,test,,Ba3SbI3
primary,mlp_physics9,gkf,45,test,,Sr3SbI3
primary,mlp_physics9,gkf,45,inner_val,0,Ba3AsBr3
primary,mlp_physics9,gkf,45,inner_val,0,Mg3BiI3
primary,mlp_physics9,gkf,45,inner_val,0,Mg3PBr3
primary,mlp_physics9,gkf,45,inner_val,0,Sr3PBr3
primary,mlp_physics9,gkf,45,inner_val,0,Sr3PCl3
primary,mlp_physics9,gkf,45,inner_val,0,Mg3SbI3
primary,mlp_physics9,gkf,45,inner_val,0,Sr3SbCl3
primary,mlp_physics9,gkf,45,inner_val,1,Mg3BiBr3
primary,mlp_physics9,gkf,45,inner_val,1,Mg3BiI3
primary,mlp_physics9,gkf,45,inner_val,1,Ba3PCl3
primary,mlp_physics9,gkf,45,inner_val,1,Ca3PCl3
primary,mlp_physics9,gkf,45,inner_val,1,Mg3PCl3
primary,mlp_physics9,gkf,45,inner_val,1,Sr3PCl3
primary,mlp_physics9,gkf,45,inner_val,1,Ca3SbCl3
primary,mlp_physics9,gkf,45,inner_val,2,Mg3AsBr3
primary,mlp_physics9,gkf,45,inner_val,2,Sr3AsI3
primary,mlp_physics9,gkf,45,inner_val,2,Ca3BiI3
primary,mlp_physics9,gkf,45,inner_val,2,Ba3PCl3
primary,mlp_physics9,gkf,45,inner_val,2,Ca3PF3
primary,mlp_physics9,gkf,45,inner_val,2,Ca3PI3
primary,mlp_physics9,gkf,45,inner_val,2,Ca3SbCl3
primary,mlp_physics9,gkf,45,inner_val,3,Sr3AsI3
primary,mlp_physics9,gkf,45,inner_val,3,Ca3PBr3
primary,mlp_physics9,gkf,45,inner_val,3,Ca3PCl3
primary,mlp_physics9,gkf,45,inner_val,3,Mg3PBr3
primary,mlp_physics9,gkf,45,inner_val,3,Sr3PCl3
primary,mlp_physics9,gkf,45,inner_val,3,Sr3PI3
primary,mlp_physics9,gkf,45,inner_val,3,Ba3SbBr3
primary,mlp_physics9,gkf,45,inner_val,4,Sr3AsCl3
primary,mlp_physics9,gkf,45,inner_val,4,Sr3AsI3
primary,mlp_physics9,gkf,45,inner_val,4,Mg3BiI3
primary,mlp_physics9,gkf,45,inner_val,4,Ba3PCl3
primary,mlp_physics9,gkf,45,inner_val,4,Ca3PI3
primary,mlp_physics9,gkf,45,inner_val,4,Ca3SbBr3
primary,mlp_physics9,gkf,45,inner_val,4,Sr3SbCl3
primary,mlp_physics9,gkf,46,test,,Ca3PBr3
primary,mlp_physics9,gkf,46,test,,Ca3PCl3
primary,mlp_physics9,gkf,46,test,,Ca3PI3
primary,mlp_physics9,gkf,46,test,,Mg3PCl3
primary,mlp_physics9,gkf,46,test,,Sr3PCl3
primary,mlp_physics9,gkf,46,test,,Ba3SbCl3
primary,mlp_physics9,gkf,46,test,,Mg3SbCl3
primary,mlp_physics9,gkf,46,test,,Mg3SbI3
primary,mlp_physics9,gkf,46,inner_val,0,Ca3AsF3
primary,mlp_physics9,gkf,46,inner_val,0,Ba3BiI3
primary,mlp_physics9,gkf,46,inner_val,0,Mg3BiBr3
primary,mlp_physics9,gkf,46,inner_val,0,Ba3PBr3
primary,mlp_physics9,gkf,46,inner_val,0,Mg3PBr3
primary,mlp_physics9,gkf,46,inner_val,0,Ba3SbI3
primary,mlp_physics9,gkf,46,inner_val,0,Mg3SbF3
primary,mlp_physics9,gkf,46,inner_val,1,Ba3AsBr3
primary,mlp_physics9,gkf,46,inner_val,1,Ba3AsCl3
primary,mlp_physics9,gkf,46,inner_val,1,Ba3AsI3
primary,mlp_physics9,gkf,46,inner_val,1,Sr3AsI3
primary,mlp_physics9,gkf,46,inner_val,1,Mg3BiBr3
primary,mlp_physics9,gkf,46,inner_val,1,Ca3SbCl3
primary,mlp_physics9,gkf,46,inner_val,1,Sr3SbCl3
primary,mlp_physics9,gkf,46,inner_val,2,Mg3BiI3
primary,mlp_physics9,gkf,46,inner_val,2,Ba3PCl3
primary,mlp_physics9,gkf,46,inner_val,2,Sr3PI3
primary,mlp_physics9,gkf,46,inner_val,2,Ba3SbBr3
primary,mlp_physics9,gkf,46,inner_val,2,Ba3SbI3
primary,mlp_physics9,gkf,46,inner_val,2,Mg3SbBr3
primary,mlp_physics9,gkf,46,inner_val,2,Sr3SbI3
primary,mlp_physics9,gkf,46,inner_val,3,Sr3AsI3
primary,mlp_physics9,gkf,46,inner_val,3,Ba3BiCl3
primary,mlp_physics9,gkf,46,inner_val,3,Mg3BiBr3
primary,mlp_physics9,gkf,46,inner_val,3,Mg3PBr3
primary,mlp_physics9,gkf,46,inner_val,3,Ba3SbBr3
primary,mlp_physics9,gkf,46,inner_val,3,Ca3SbBr3
primary,mlp_physics9,gkf,46,inner_val,3,Ca3SbF3
primary,mlp_physics9,gkf,46,inner_val,4,Ba3AsBr3
primary,mlp_physics9,gkf,46,inner_val,4,Ba3AsI3
primary,mlp_physics9,gkf,46,inner_val,4,Ca3AsBr3
primary,mlp_physics9,gkf,46,inner_val,4,Ca3AsF3
primary,mlp_physics9,gkf,46,inner_val,4,Ba3BiBr3
primary,mlp_physics9,gkf,46,inner_val,4,Ca3BiI3
primary,mlp_physics9,gkf,46,inner_val,4,Mg3PBr3
primary,mlp_physics9,gkf,47,test,,Ba3AsCl3
primary,mlp_physics9,gkf,47,test,,Ca3AsF3
primary,mlp_physics9,gkf,47,test,,Ca3BiI3
primary,mlp_physics9,gkf,47,test,,Mg3BiI3
primary,mlp_physics9,gkf,47,test,,Ba3PCl3
primary,mlp_physics9,gkf,47,test,,Mg3PBr3
primary,mlp_physics9,gkf,47,test,,Ba3SbBr3
primary,mlp_physics9,gkf,47,test,,Ca3SbF3
primary,mlp_physics9,gkf,47,inner_val,0,Mg3AsBr3
primary,mlp_physics9,gkf,47,inner_val,0,Ba3BiBr3
primary,mlp_physics9,gkf,47,inner_val,0,Ba3BiCl3
primary,mlp_physics9,gkf,47,inner_val,0,Ca3PCl3
primary,mlp_physics9,gkf,47,inner_val,0,Ca3PF3
primary,mlp_physics9,gkf,47,inner_val,0,Mg3SbBr3
primary,mlp_physics9,gkf,47,inner_val,0,Sr3SbI3
primary,mlp_physics9,gkf,47,inner_val,1,Ca3AsBr3
primary,mlp_physics9,gkf,47,inner_val,1,Sr3AsI3
primary,mlp_physics9,gkf,47,inner_val,1,Ca3PBr3
primary,mlp_physics9,gkf,47,inner_val,1,Mg3PI3
primary,mlp_physics9,gkf,47,inner_val,1,Sr3PCl3
primary,mlp_physics9,gkf,47,inner_val,1,Sr3PI3
primary,mlp_physics9,gkf,47,inner_val,1,Mg3SbF3
primary,mlp_physics9,gkf,47,inner_val,2,Ba3AsBr3
primary,mlp_physics9,gkf,47,inner_val,2,Ca3AsBr3
primary,mlp_physics9,gkf,47,inner_val,2,Ba3BiI3
primary,mlp_physics9,gkf,47,inner_val,2,Ba3PI3
primary,mlp_physics9,gkf,47,inner_val,2,Ba3SbCl3
primary,mlp_physics9,gkf,47,inner_val,2,Mg3SbF3
primary,mlp_physics9,gkf,47,inner_val,2,Mg3SbI3
primary,mlp_physics9,gkf,47,inner_val,3,Ba3AsI3
primary,mlp_physics9,gkf,47,inner_val,3,Sr3AsCl3
primary,mlp_physics9,gkf,47,inner_val,3,Mg3BiBr3
primary,mlp_physics9,gkf,47,inner_val,3,Ba3PI3
primary,mlp_physics9,gkf,47,inner_val,3,Ca3SbCl3
primary,mlp_physics9,gkf,47,inner_val,3,Mg3SbBr3
primary,mlp_physics9,gkf,47,inner_val,3,Mg3SbI3
primary,mlp_physics9,gkf,47,inner_val,4,Sr3AsCl3
primary,mlp_physics9,gkf,47,inner_val,4,Ba3BiCl3
primary,mlp_physics9,gkf,47,inner_val,4,Ba3PBr3
primary,mlp_physics9,gkf,47,inner_val,4,Ca3PI3
primary,mlp_physics9,gkf,47,inner_val,4,Ca3SbCl3
primary,mlp_physics9,gkf,47,inner_val,4,Mg3SbBr3
primary,mlp_physics9,gkf,47,inner_val,4,Sr3SbCl3
primary,mlp_physics9,gkf,48,test,,Ba3AsBr3
primary,mlp_physics9,gkf,48,test,,Ba3AsI3
primary,mlp_physics9,gkf,48,test,,Mg3AsBr3
primary,mlp_physics9,gkf,48,test,,Sr3AsI3
primary,mlp_physics9,gkf,48,test,,Ca3PF3
primary,mlp_physics9,gkf,48,test,,Ca3SbBr3
primary,mlp_physics9,gkf,48,test,,Ca3SbCl3
primary,mlp_physics9,gkf,48,test,,Sr3SbCl3
primary,mlp_physics9,gkf,48,inner_val,0,Ba3AsCl3
primary,mlp_physics9,gkf,48,inner_val,0,Sr3AsCl3
primary,mlp_physics9,gkf,48,inner_val,0,Mg3PBr3
primary,mlp_physics9,gkf,48,inner_val,0,Sr3PCl3
primary,mlp_physics9,gkf,48,inner_val,0,Mg3SbBr3
primary,mlp_physics9,gkf,48,inner_val,0,Mg3SbF3
primary,mlp_physics9,gkf,48,inner_val,0,Mg3SbI3
primary,mlp_physics9,gkf,48,inner_val,1,Ca3AsF3
primary,mlp_physics9,gkf,48,inner_val,1,Ba3PCl3
primary,mlp_physics9,gkf,48,inner_val,1,Ca3PCl3
primary,mlp_physics9,gkf,48,inner_val,1,Sr3PCl3
primary,mlp_physics9,gkf,48,inner_val,1,Ba3SbCl3
primary,mlp_physics9,gkf,48,inner_val,1,Ca3SbF3
primary,mlp_physics9,gkf,48,inner_val,1,Mg3SbF3
primary,mlp_physics9,gkf,48,inner_val,2,Ca3BiI3
primary,mlp_physics9,gkf,48,inner_val,2,Mg3BiBr3
primary,mlp_physics9,gkf,48,inner_val,2,Ba3PBr3
primary,mlp_physics9,gkf,48,inner_val,2,Mg3PBr3
primary,mlp_physics9,gkf,48,inner_val,2,Mg3PI3
primary,mlp_physics9,gkf,48,inner_val,2,Ba3SbCl3
primary,mlp_physics9,gkf,48,inner_val,2,Ba3SbI3
primary,mlp_physics9,gkf,48,inner_val,3,Sr3AsCl3
primary,mlp_physics9,gkf,48,inner_val,3,Mg3BiI3
primary,mlp_physics9,gkf,48,inner_val,3,Ba3PBr3
primary,mlp_physics9,gkf,48,inner_val,3,Mg3PBr3
primary,mlp_physics9,gkf,48,inner_val,3,Sr3PBr3
primary,mlp_physics9,gkf,48,inner_val,3,Sr3PI3
primary,mlp_physics9,gkf,48,inner_val,3,Ba3SbCl3
primary,mlp_physics9,gkf,48,inner_val,4,Ba3BiBr3
primary,mlp_physics9,gkf,48,inner_val,4,Ba3PBr3
primary,mlp_physics9,gkf,48,inner_val,4,Ba3PCl3
primary,mlp_physics9,gkf,48,inner_val,4,Sr3PCl3
primary,mlp_physics9,gkf,48,inner_val,4,Ba3SbBr3
primary,mlp_physics9,gkf,48,inner_val,4,Ba3SbCl3
primary,mlp_physics9,gkf,48,inner_val,4,Mg3SbF3
primary,mlp_physics9,gkf,49,test,,Sr3AsCl3
primary,mlp_physics9,gkf,49,test,,Ba3BiI3
primary,mlp_physics9,gkf,49,test,,Mg3BiBr3
primary,mlp_physics9,gkf,49,test,,Sr3PBr3
primary,mlp_physics9,gkf,49,test,,Sr3PI3
primary,mlp_physics9,gkf,49,test,,Mg3SbBr3
primary,mlp_physics9,gkf,49,test,,Mg3SbF3
primary,mlp_physics9,gkf,49,inner_val,0,Ba3AsCl3
primary,mlp_physics9,gkf,49,inner_val,0,Ba3AsI3
primary,mlp_physics9,gkf,49,inner_val,0,Ba3BiBr3
primary,mlp_physics9,gkf,49,inner_val,0,Ca3PCl3
primary,mlp_physics9,gkf,49,inner_val,0,Ca3PI3
primary,mlp_physics9,gkf,49,inner_val,0,Ba3SbI3
primary,mlp_physics9,gkf,49,inner_val,0,Sr3SbCl3
primary,mlp_physics9,gkf,49,inner_val,1,Ba3AsCl3
primary,mlp_physics9,gkf,49,inner_val,1,Ca3AsBr3
primary,mlp_physics9,gkf,49,inner_val,1,Ba3PCl3
primary,mlp_physics9,gkf,49,inner_val,1,Ca3PBr3
primary,mlp_physics9,gkf,49,inner_val,1,Ca3PI3
primary,mlp_physics9,gkf,49,inner_val,1,Mg3PBr3
primary,mlp_physics9,gkf,49,inner_val,1,Ba3SbCl3
primary,mlp_physics9,gkf,49,inner_val,2,Ba3AsBr3
primary,mlp_physics9,gkf,49,inner_val,2,Mg3AsBr3
primary,mlp_physics9,gkf,49,inner_val,2,Sr3AsI3
primary,mlp_physics9,gkf,49,inner_val,2,Ba3PCl3
primary,mlp_physics9,gkf,49,inner_val,2,Ba3PI3
primary,mlp_physics9,gkf,49,inner_val,2,Ca3PF3
primary,mlp_physics9,gkf,49,inner_val,2,Mg3SbCl3
primary,mlp_physics9,gkf,49,inner_val,3,Ba3BiBr3
primary,mlp_physics9,gkf,49,inner_val,3,Mg3BiI3
primary,mlp_physics9,gkf,49,inner_val,3,Ca3PBr3
primary,mlp_physics9,gkf,49,inner_val,3,Ca3PCl3
primary,mlp_physics9,gkf,49,inner_val,3,Ba3SbCl3
primary,mlp_physics9,gkf,49,inner_val,3,Ca3SbBr3
primary,mlp_physics9,gkf,49,inner_val,3,Mg3SbCl3
primary,mlp_physics9,gkf,49,inner_val,4,Ba3AsBr3
primary,mlp_physics9,gkf,49,inner_val,4,Ca3AsF3
primary,mlp_physics9,gkf,49,inner_val,4,Ba3BiBr3
primary,mlp_physics9,gkf,49,inner_val,4,Ba3PCl3
primary,mlp_physics9,gkf,49,inner_val,4,Ca3PF3
primary,mlp_physics9,gkf,49,inner_val,4,Ba3SbBr3
primary,mlp_physics9,gkf,49,inner_val,4,Ba3SbI3
primary,mlp_physics9,loo,0,test,,Ba3AsBr3
primary,mlp_physics9,loo,0,inner_val,0,Ca3AsF3
primary,mlp_physics9,loo,0,inner_val,0,Ba3PCl3
primary,mlp_physics9,loo,0,inner_val,0,Ca3PBr3
primary,mlp_physics9,loo,0,inner_val,0,Sr3PI3
primary,mlp_physics9,loo,0,inner_val,0,Ba3SbBr3
primary,mlp_physics9,loo,0,inner_val,0,Ca3SbCl3
primary,mlp_physics9,loo,0,inner_val,0,Mg3SbCl3
primary,mlp_physics9,loo,0,inner_val,0,Sr3SbI3
primary,mlp_physics9,loo,0,inner_val,1,Ba3BiBr3
primary,mlp_physics9,loo,0,inner_val,1,Ba3BiI3
primary,mlp_physics9,loo,0,inner_val,1,Ba3PBr3
primary,mlp_physics9,loo,0,inner_val,1,Ca3PCl3
primary,mlp_physics9,loo,0,inner_val,1,Ca3PF3
primary,mlp_physics9,loo,0,inner_val,1,Ca3PI3
primary,mlp_physics9,loo,0,inner_val,1,Ca3SbF3
primary,mlp_physics9,loo,0,inner_val,1,Mg3SbF3
primary,mlp_physics9,loo,0,inner_val,2,Ca3AsBr3
primary,mlp_physics9,loo,0,inner_val,2,Mg3BiI3
primary,mlp_physics9,loo,0,inner_val,2,Ca3PBr3
primary,mlp_physics9,loo,0,inner_val,2,Ca3PCl3
primary,mlp_physics9,loo,0,inner_val,2,Mg3PCl3
primary,mlp_physics9,loo,0,inner_val,2,Sr3PBr3
primary,mlp_physics9,loo,0,inner_val,2,Ca3SbF3
primary,mlp_physics9,loo,0,inner_val,2,Mg3SbCl3
primary,mlp_physics9,loo,0,inner_val,3,Sr3AsI3
primary,mlp_physics9,loo,0,inner_val,3,Ba3BiBr3
primary,mlp_physics9,loo,0,inner_val,3,Ca3PI3
primary,mlp_physics9,loo,0,inner_val,3,Sr3PCl3
primary,mlp_physics9,loo,0,inner_val,3,Sr3PI3
primary,mlp_physics9,loo,0,inner_val,3,Ba3SbBr3
primary,mlp_physics9,loo,0,inner_val,3,Ca3SbBr3
primary,mlp_physics9,loo,0,inner_val,3,Mg3SbF3
primary,mlp_physics9,loo,0,inner_val,4,Ca3BiI3
primary,mlp_physics9,loo,0,inner_val,4,Ca3PBr3
primary,mlp_physics9,loo,0,inner_val,4,Ca3PI3
primary,mlp_physics9,loo,0,inner_val,4,Mg3PBr3
primary,mlp_physics9,loo,0,inner_val,4,Mg3PI3
primary,mlp_physics9,loo,0,inner_val,4,Sr3PCl3
primary,mlp_physics9,loo,0,inner_val,4,Ca3SbCl3
primary,mlp_physics9,loo,0,inner_val,4,Sr3SbCl3
primary,mlp_physics9,loo,1,test,,Ba3AsCl3
primary,mlp_physics9,loo,1,inner_val,0,Ba3AsBr3
primary,mlp_physics9,loo,1,inner_val,0,Mg3AsBr3
primary,mlp_physics9,loo,1,inner_val,0,Ba3BiI3
primary,mlp_physics9,loo,1,inner_val,0,Mg3BiBr3
primary,mlp_physics9,loo,1,inner_val,0,Mg3PBr3
primary,mlp_physics9,loo,1,inner_val,0,Sr3PCl3
primary,mlp_physics9,loo,1,inner_val,0,Mg3SbF3
primary,mlp_physics9,loo,1,inner_val,0,Sr3SbI3
primary,mlp_physics9,loo,1,inner_val,1,Ca3AsF3
primary,mlp_physics9,loo,1,inner_val,1,Sr3AsCl3
primary,mlp_physics9,loo,1,inner_val,1,Sr3AsI3
primary,mlp_physics9,loo,1,inner_val,1,Ca3PCl3
primary,mlp_physics9,loo,1,inner_val,1,Ca3PF3
primary,mlp_physics9,loo,1,inner_val,1,Ca3PI3
primary,mlp_physics9,loo,1,inner_val,1,Sr3PI3
primary,mlp_physics9,loo,1,inner_val,1,Mg3SbF3
primary,mlp_physics9,loo,1,inner_val,2,Ba3BiI3
primary,mlp_physics9,loo,1,inner_val,2,Ba3PBr3
primary,mlp_physics9,loo,1,inner_val,2,Ba3PI3
primary,mlp_physics9,loo,1,inner_val,2,Ca3PBr3
primary,mlp_physics9,loo,1,inner_val,2,Ba3SbBr3
primary,mlp_physics9,loo,1,inner_val,2,Ca3SbF3
primary,mlp_physics9,loo,1,inner_val,2,Mg3SbBr3
primary,mlp_physics9,loo,1,inner_val,2,Sr3SbI3
primary,mlp_physics9,loo,1,inner_val,3,Ca3AsF3
primary,mlp_physics9,loo,1,inner_val,3,Mg3AsBr3
primary,mlp_physics9,loo,1,inner_val,3,Sr3AsCl3
primary,mlp_physics9,loo,1,inner_val,3,Sr3AsI3
primary,mlp_physics9,loo,1,inner_val,3,Ca3PCl3
primary,mlp_physics9,loo,1,inner_val,3,Mg3PI3
primary,mlp_physics9,loo,1,inner_val,3,Sr3PBr3
primary,mlp_physics9,loo,1,inner_val,3,Ca3SbBr3
primary,mlp_physics9,loo,1,inner_val,4,Ba3BiCl3
primary,mlp_physics9,loo,1,inner_val,4,Mg3BiI3
primary,mlp_physics9,loo,1,inner_val,4,Ba3PBr3
primary,mlp_physics9,loo,1,inner_val,4,Mg3PCl3
primary,mlp_physics9,loo,1,inner_val,4,Sr3PCl3
primary,mlp_physics9,loo,1,inner_val,4,Ca3SbBr3
primary,mlp_physics9,loo,1,inner_val,4,Mg3SbBr3
primary,mlp_physics9,loo,1,inner_val,4,Sr3SbI3
primary,mlp_physics9,loo,2,test,,Ba3AsI3
primary,mlp_physics9,loo,2,inner_val,0,Ba3AsBr3
primary,mlp_physics9,loo,2,inner_val,0,Ba3BiCl3
primary,mlp_physics9,loo,2,inner_val,0,Ca3BiI3
primary,mlp_physics9,loo,2,inner_val,0,Ca3PCl3
primary,mlp_physics9,loo,2,inner_val,0,Sr3PCl3
primary,mlp_physics9,loo,2,inner_val,0,Ba3SbBr3
primary,mlp_physics9,loo,2,inner_val,0,Ba3SbCl3
primary,mlp_physics9,loo,2,inner_val,0,Sr3SbI3
primary,mlp_physics9,loo,2,inner_val,1,Ca3AsBr3
primary,mlp_physics9,loo,2,inner_val,1,Mg3AsBr3
primary,mlp_physics9,loo,2,inner_val,1,Mg3PBr3
primary,mlp_physics9,loo,2,inner_val,1,Mg3PCl3
primary,mlp_physics9,loo,2,inner_val,1,Sr3PBr3
primary,mlp_physics9,loo,2,inner_val,1,Ba3SbBr3
primary,mlp_physics9,loo,2,inner_val,1,Mg3SbBr3
primary,mlp_physics9,loo,2,inner_val,1,Sr3SbI3
primary,mlp_physics9,loo,2,inner_val,2,Ba3BiBr3
primary,mlp_physics9,loo,2,inner_val,2,Ca3BiI3
primary,mlp_physics9,loo,2,inner_val,2,Mg3BiBr3
primary,mlp_physics9,loo,2,inner_val,2,Ba3PCl3
primary,mlp_physics9,loo,2,inner_val,2,Ba3PI3
primary,mlp_physics9,loo,2,inner_val,2,Ca3PI3
primary,mlp_physics9,loo,2,inner_val,2,Mg3PCl3
primary,mlp_physics9,loo,2,inner_val,2,Ca3SbCl3
primary,mlp_physics9,loo,2,inner_val,3,Ca3AsF3
primary,mlp_physics9,loo,2,inner_val,3,Ba3BiBr3
primary,mlp_physics9,loo,2,inner_val,3,Ba3BiCl3
primary,mlp_physics9,loo,2,inner_val,3,Mg3PCl3
primary,mlp_physics9,loo,2,inner_val,3,Mg3PI3
primary,mlp_physics9,loo,2,inner_val,3,Sr3PCl3
primary,mlp_physics9,loo,2,inner_val,3,Ca3SbCl3
primary,mlp_physics9,loo,2,inner_val,3,Mg3SbCl3
primary,mlp_physics9,loo,2,inner_val,4,Ca3AsBr3
primary,mlp_physics9,loo,2,inner_val,4,Sr3AsI3
primary,mlp_physics9,loo,2,inner_val,4,Ca3BiI3
primary,mlp_physics9,loo,2,inner_val,4,Ca3PBr3
primary,mlp_physics9,loo,2,inner_val,4,Mg3PI3
primary,mlp_physics9,loo,2,inner_val,4,Sr3PBr3
primary,mlp_physics9,loo,2,inner_val,4,Ba3SbBr3
primary,mlp_physics9,loo,2,inner_val,4,Ba3SbI3
primary,mlp_physics9,loo,3,test,,Ba3BiBr3
primary,mlp_physics9,loo,3,inner_val,0,Ba3AsCl3
primary,mlp_physics9,loo,3,inner_val,0,Ba3AsI3
primary,mlp_physics9,loo,3,inner_val,0,Ca3AsBr3
primary,mlp_physics9,loo,3,inner_val,0,Mg3PBr3
primary,mlp_physics9,loo,3,inner_val,0,Sr3PBr3
primary,mlp_physics9,loo,3,inner_val,0,Sr3PI3
primary,mlp_physics9,loo,3,inner_val,0,Ca3SbCl3
primary,mlp_physics9,loo,3,inner_val,0,Ca3SbF3
primary,mlp_physics9,loo,3,inner_val,1,Ba3AsBr3
primary,mlp_physics9,loo,3,inner_val,1,Ca3AsBr3
primary,mlp_physics9,loo,3,inner_val,1,Sr3AsI3
primary,mlp_physics9,loo,3,inner_val,1,Mg3BiI3
primary,mlp_physics9,loo,3,inner_val,1,Ba3PCl3
primary,mlp_physics9,loo,3,inner_val,1,Mg3PI3
primary,mlp_physics9,loo,3,inner_val,1,Sr3PI3
primary,mlp_physics9,loo,3,inner_val,1,Ba3SbBr3
primary,mlp_physics9,loo,3,inner_val,2,Ba3AsBr3
primary,mlp_physics9,loo,3,inner_val,2,Ba3AsCl3
primary,mlp_physics9,loo,3,inner_val,2,Ca3AsF3
primary,mlp_physics9,loo,3,inner_val,2,Sr3AsI3
primary,mlp_physics9,loo,3,inner_val,2,Ba3BiCl3
primary,mlp_physics9,loo,3,inner_val,2,Ba3PI3
primary,mlp_physics9,loo,3,inner_val,2,Sr3PCl3
primary,mlp_physics9,loo,3,inner_val,2,Ba3SbBr3
primary,mlp_physics9,loo,3,inner_val,3,Ca3BiI3
primary,mlp_physics9,loo,3,inner_val,3,Mg3BiBr3
primary,mlp_physics9,loo,3,inner_val,3,Ba3PCl3
primary,mlp_physics9,loo,3,inner_val,3,Ca3PF3
primary,mlp_physics9,loo,3,inner_val,3,Mg3PCl3
primary,mlp_physics9,loo,3,inner_val,3,Sr3PI3
primary,mlp_physics9,loo,3,inner_val,3,Ba3SbCl3
primary,mlp_physics9,loo,3,inner_val,3,Sr3SbCl3
primary,mlp_physics9,loo,3,inner_val,4,Ba3AsBr3
primary,mlp_physics9,loo,3,inner_val,4,Ca3AsF3
primary,mlp_physics9,loo,3,inner_val,4,Mg3PBr3
primary,mlp_physics9,loo,3,inner_val,4,Ca3SbCl3
primary,mlp_physics9,loo,3,inner_val,4,Ca3SbF3
primary,mlp_physics9,loo,3,inner_val,4,Mg3SbF3
primary,mlp_physics9,loo,3,inner_val,4,Mg3SbI3
primary,mlp_physics9,loo,3,inner_val,4,Sr3SbCl3
primary,mlp_physics9,loo,4,test,,Ba3BiCl3
primary,mlp_physics9,loo,4,inner_val,0,Ba3AsCl3
primary,mlp_physics9,loo,4,inner_val,0,Ca3AsF3
primary,mlp_physics9,loo,4,inner_val,0,Ca3BiI3
primary,mlp_physics9,loo,4,inner_val,0,Ca3PF3
primary,mlp_physics9,loo,4,inner_val,0,Ba3SbBr3
primary,mlp_physics9,loo,4,inner_val,0,Mg3SbBr3
primary,mlp_physics9,loo,4,inner_val,0,Sr3SbCl3
primary,mlp_physics9,loo,4,inner_val,0,Sr3SbI3
primary,mlp_physics9,loo,4,inner_val,1,Mg3AsBr3
primary,mlp_physics9,loo,4,inner_val,1,Mg3BiBr3
primary,mlp_physics9,loo,4,inner_val,1,Ba3PBr3
primary,mlp_physics9,loo,4,inner_val,1,Ca3PCl3
primary,mlp_physics9,loo,4,inner_val,1,Ca3PF3
primary,mlp_physics9,loo,4,inner_val,1,Sr3PCl3
primary,mlp_physics9,loo,4,inner_val,1,Ba3SbCl3
primary,mlp_physics9,loo,4,inner_val,1,Ca3SbBr3
primary,mlp_physics9,loo,4,inner_val,2,Ba3AsI3
primary,mlp_physics9,loo,4,inner_val,2,Ca3PBr3
primary,mlp_physics9,loo,4,inner_val,2,Sr3PBr3
primary,mlp_physics9,loo,4,inner_val,2,Ba3SbCl3
primary,mlp_physics9,loo,4,inner_val,2,Ca3SbBr3
primary,mlp_physics9,loo,4,inner_val,2,Ca3SbCl3
primary,mlp_physics9,loo,4,inner_val,2,Sr3SbCl3
primary,mlp_physics9,loo,4,inner_val,2,Sr3SbI3
primary,mlp_physics9,loo,4,inner_val,3,Ba3AsBr3
primary,mlp_physics9,loo,4,inner_val,3,Sr3AsI3
primary,mlp_physics9,loo,4,inner_val,3,Ba3PBr3
primary,mlp_physics9,loo,4,inner_val,3,Ba3PCl3
primary,mlp_physics9,loo,4,inner_val,3,Ba3SbI3
primary,mlp_physics9,loo,4,inner_val,3,Ca3SbBr3
primary,mlp_physics9,loo,4,inner_val,3,Mg3SbF3
primary,mlp_physics9,loo,4,inner_val,3,Mg3SbI3
primary,mlp_physics9,loo,4,inner_val,4,Ca3AsF3
primary,mlp_physics9,loo,4,inner_val,4,Ba3PBr3
primary,mlp_physics9,loo,4,inner_val,4,Ca3PCl3
primary,mlp_physics9,loo,4,inner_val,4,Ca3PI3
primary,mlp_physics9,loo,4,inner_val,4,Mg3PCl3
primary,mlp_physics9,loo,4,inner_val,4,Sr3PCl3
primary,mlp_physics9,loo,4,inner_val,4,Ba3SbCl3
primary,mlp_physics9,loo,4,inner_val,4,Sr3SbI3
primary,mlp_physics9,loo,5,test,,Ba3BiI3
primary,mlp_physics9,loo,5,inner_val,0,Ba3AsCl3
primary,mlp_physics9,loo,5,inner_val,0,Ba3AsI3
primary,mlp_physics9,loo,5,inner_val,0,Sr3AsCl3
primary,mlp_physics9,loo,5,inner_val,0,Ba3BiCl3
primary,mlp_physics9,loo,5,inner_val,0,Ca3PI3
primary,mlp_physics9,loo,5,inner_val,0,Mg3PI3
primary,mlp_physics9,loo,5,inner_val,0,Mg3SbBr3
primary,mlp_physics9,loo,5,inner_val,0,Sr3SbI3
primary,mlp_physics9,loo,5,inner_val,1,Ca3AsF3
primary,mlp_physics9,loo,5,inner_val,1,Ba3BiCl3
primary,mlp_physics9,loo,5,inner_val,1,Ba3PCl3
primary,mlp_physics9,loo,5,inner_val,1,Ba3PI3
primary,mlp_physics9,loo,5,inner_val,1,Mg3PI3
primary,mlp_physics9,loo,5,inner_val,1,Ca3SbBr3
primary,mlp_physics9,loo,5,inner_val,1,Ca3SbF3
primary,mlp_physics9,loo,5,inner_val,1,Sr3SbI3
primary,mlp_physics9,loo,5,inner_val,2,Ba3AsBr3
primary,mlp_physics9,loo,5,inner_val,2,Ca3AsF3
primary,mlp_physics9,loo,5,inner_val,2,Ba3BiBr3
primary,mlp_physics9,loo,5,inner_val,2,Ba3PI3
primary,mlp_physics9,loo,5,inner_val,2,Mg3PI3
primary,mlp_physics9,loo,5,inner_val,2,Ba3SbI3
primary,mlp_physics9,loo,5,inner_val,2,Ca3SbBr3
primary,mlp_physics9,loo,5,inner_val,2,Ca3SbF3
primary,mlp_physics9,loo,5,inner_val,3,Ba3AsI3
primary,mlp_physics9,loo,5,inner_val,3,Ba3BiBr3
primary,mlp_physics9,loo,5,inner_val,3,Ba3BiCl3
primary,mlp_physics9,loo,5,inner_val,3,Mg3BiBr3
primary,mlp_physics9,loo,5,inner_val,3,Mg3BiI3
primary,mlp_physics9,loo,5,inner_val,3,Sr3PBr3
primary,mlp_physics9,loo,5,inner_val,3,Ba3SbCl3
primary,mlp_physics9,loo,5,inner_val,3,Ca3SbBr3
primary,mlp_physics9,loo,5,inner_val,4,Ca3AsF3
primary,mlp_physics9,loo,5,inner_val,4,Ba3PBr3
primary,mlp_physics9,loo,5,inner_val,4,Ca3PI3
primary,mlp_physics9,loo,5,inner_val,4,Mg3PCl3
primary,mlp_physics9,loo,5,inner_val,4,Sr3PCl3
primary,mlp_physics9,loo,5,inner_val,4,Sr3PI3
primary,mlp_physics9,loo,5,inner_val,4,Ba3SbBr3
primary,mlp_physics9,loo,5,inner_val,4,Mg3SbI3
primary,mlp_physics9,loo,6,test,,Ba3PBr3
primary,mlp_physics9,loo,6,inner_val,0,Ba3AsCl3
primary,mlp_physics9,loo,6,inner_val,0,Ba3AsI3
primary,mlp_physics9,loo,6,inner_val,0,Ca3AsBr3
primary,mlp_physics9,loo,6,inner_val,0,Ba3BiI3
primary,mlp_physics9,loo,6,inner_val,0,Ca3BiI3
primary,mlp_physics9,loo,6,inner_val,0,Ba3PCl3
primary,mlp_physics9,loo,6,inner_val,0,Mg3SbBr3
primary,mlp_physics9,loo,6,inner_val,0,Mg3SbI3
primary,mlp_physics9,loo,6,inner_val,1,Mg3AsBr3
primary,mlp_physics9,loo,6,inner_val,1,Sr3AsCl3
primary,mlp_physics9,loo,6,inner_val,1,Sr3AsI3
primary,mlp_physics9,loo,6,inner_val,1,Mg3PBr3
primary,mlp_physics9,loo,6,inner_val,1,Mg3PCl3
primary,mlp_physics9,loo,6,inner_val,1,Ba3SbCl3
primary,mlp_physics9,loo,6,inner_val,1,Ba3SbI3
primary,mlp_physics9,loo,6,inner_val,1,Ca3SbCl3
primary,mlp_physics9,loo,6,inner_val,2,Ba3AsCl3
primary,mlp_physics9,loo,6,inner_val,2,Ba3BiI3
primary,mlp_physics9,loo,6,inner_val,2,Ba3PCl3
primary,mlp_physics9,loo,6,inner_val,2,Ca3PF3
primary,mlp_physics9,loo,6,inner_val,2,Mg3PI3
primary,mlp_physics9,loo,6,inner_val,2,Ba3SbCl3
primary,mlp_physics9,loo,6,inner_val,2,Ca3SbF3
primary,mlp_physics9,loo,6,inner_val,2,Sr3SbI3
primary,mlp_physics9,loo,6,inner_val,3,Ba3AsCl3
primary,mlp_physics9,loo,6,inner_val,3,Ca3AsF3
primary,mlp_physics9,loo,6,inner_val,3,Ba3BiBr3
primary,mlp_physics9,loo,6,inner_val,3,Ba3BiI3
primary,mlp_physics9,loo,6,inner_val,3,Mg3BiI3
primary,mlp_physics9,loo,6,inner_val,3,Mg3PCl3
primary,mlp_physics9,loo,6,inner_val,3,Ca3SbCl3
primary,mlp_physics9,loo,6,inner_val,3,Mg3SbCl3
primary,mlp_physics9,loo,6,inner_val,4,Ba3AsI3
primary,mlp_physics9,loo,6,inner_val,4,Sr3AsI3
primary,mlp_physics9,loo,6,inner_val,4,Ba3BiI3
primary,mlp_physics9,loo,6,inner_val,4,Mg3BiBr3
primary,mlp_physics9,loo,6,inner_val,4,Mg3BiI3
primary,mlp_physics9,loo,6,inner_val,4,Ca3PBr3
primary,mlp_physics9,loo,6,inner_val,4,Ba3SbCl3
primary,mlp_physics9,loo,6,inner_val,4,Ca3SbBr3
primary,mlp_physics9,loo,7,test,,Ba3PCl3
primary,mlp_physics9,loo,7,inner_val,0,Ba3AsBr3
primary,mlp_physics9,loo,7,inner_val,0,Sr3AsI3
primary,mlp_physics9,loo,7,inner_val,0,Ba3PBr3
primary,mlp_physics9,loo,7,inner_val,0,Mg3PBr3
primary,mlp_physics9,loo,7,inner_val,0,Mg3PCl3
primary,mlp_physics9,loo,7,inner_val,0,Sr3PCl3
primary,mlp_physics9,loo,7,inner_val,0,Ba3SbCl3
primary,mlp_physics9,loo,7,inner_val,0,Sr3SbI3
primary,mlp_physics9,loo,7,inner_val,1,Sr3AsI3
primary,mlp_physics9,loo,7,inner_val,1,Ba3BiBr3
primary,mlp_physics9,loo,7,inner_val,1,Mg3BiBr3
primary,mlp_physics9,loo,7,inner_val,1,Mg3BiI3
primary,mlp_physics9,loo,7,inner_val,1,Ba3SbCl3
primary,mlp_physics9,loo,7,inner_val,1,Ca3SbCl3
primary,mlp_physics9,loo,7,inner_val,1,Sr3SbCl3
primary,mlp_physics9,loo,7,inner_val,1,Sr3SbI3
primary,mlp_physics9,loo,7,inner_val,2,Ca3AsBr3
primary,mlp_physics9,loo,7,inner_val,2,Mg3AsBr3
primary,mlp_physics9,loo,7,inner_val,2,Sr3AsCl3
primary,mlp_physics9,loo,7,inner_val,2,Ba3BiBr3
primary,mlp_physics9,loo,7,inner_val,2,Sr3PBr3
primary,mlp_physics9,loo,7,inner_val,2,Sr3PCl3
primary,mlp_physics9,loo,7,inner_val,2,Ca3SbF3
primary,mlp_physics9,loo,7,inner_val,2,Sr3SbCl3
primary,mlp_physics9,loo,7,inner_val,3,Ca3AsBr3
primary,mlp_physics9,loo,7,inner_val,3,Sr3AsI3
primary,mlp_physics9,loo,7,inner_val,3,Ba3PBr3
primary,mlp_physics9,loo,7,inner_val,3,Mg3PCl3
primary,mlp_physics9,loo,7,inner_val,3,Mg3PI3
primary,mlp_physics9,loo,7,inner_val,3,Sr3PCl3
primary,mlp_physics9,loo,7,inner_val,3,Mg3SbCl3
primary,mlp_physics9,loo,7,inner_val,3,Sr3SbCl3
primary,mlp_physics9,loo,7,inner_val,4,Ba3AsI3
primary,mlp_physics9,loo,7,inner_val,4,Ba3BiCl3
primary,mlp_physics9,loo,7,inner_val,4,Ba3BiI3
primary,mlp_physics9,loo,7,inner_val,4,Ca3PCl3
primary,mlp_physics9,loo,7,inner_val,4,Sr3PI3
primary,mlp_physics9,loo,7,inner_val,4,Ba3SbBr3
primary,mlp_physics9,loo,7,inner_val,4,Ba3SbCl3
primary,mlp_physics9,loo,7,inner_val,4,Ca3SbF3
primary,mlp_physics9,loo,8,test,,Ba3PI3
primary,mlp_physics9,loo,8,inner_val,0,Ca3AsF3
primary,mlp_physics9,loo,8,inner_val,0,Ba3BiCl3
primary,mlp_physics9,loo,8,inner_val,0,Ca3BiI3
primary,mlp_physics9,loo,8,inner_val,0,Mg3PBr3
primary,mlp_physics9,loo,8,inner_val,0,Mg3PI3
primary,mlp_physics9,loo,8,inner_val,0,Sr3PBr3
primary,mlp_physics9,loo,8,inner_val,0,Sr3PCl3
primary,mlp_physics9,loo,8,inner_val,0,Ca3SbF3
primary,mlp_physics9,loo,8,inner_val,1,Sr3AsCl3
primary,mlp_physics9,loo,8,inner_val,1,Ba3BiCl3
primary,mlp_physics9,loo,8,inner_val,1,Mg3BiBr3
primary,mlp_physics9,loo,8,inner_val,1,Mg3PBr3
primary,mlp_physics9,loo,8,inner_val,1,Sr3PI3
primary,mlp_physics9,loo,8,inner_val,1,Ba3SbCl3
primary,mlp_physics9,loo,8,inner_val,1,Ba3SbI3
primary,mlp_physics9,loo,8,inner_val,1,Ca3SbCl3
primary,mlp_physics9,loo,8,inner_val,2,Ba3BiBr3
primary,mlp_physics9,loo,8,inner_val,2,Ca3BiI3
primary,mlp_physics9,loo,8,inner_val,2,Mg3BiBr3
primary,mlp_physics9,loo,8,inner_val,2,Ba3PBr3
primary,mlp_physics9,loo,8,inner_val,2,Mg3PBr3
primary,mlp_physics9,loo,8,inner_val,2,Ca3SbF3
primary,mlp_physics9,loo,8,inner_val,2,Mg3SbCl3
primary,mlp_physics9,loo,8,inner_val,2,Mg3SbF3
primary,mlp_physics9,loo,8,inner_val,3,Ba3AsI3
primary,mlp_physics9,loo,8,inner_val,3,Ca3PCl3
primary,mlp_physics9,loo,8,inner_val,3,Ca3PF3
primary,mlp_physics9,loo,8,inner_val,3,Mg3PBr3
primary,mlp_physics9,loo,8,inner_val,3,Sr3PBr3
primary,mlp_physics9,loo,8,inner_val,3,Ca3SbCl3
primary,mlp_physics9,loo,8,inner_val,3,Mg3SbCl3
primary,mlp_physics9,loo,8,inner_val,3,Sr3SbI3
primary,mlp_physics9,loo,8,inner_val,4,Ba3AsI3
primary,mlp_physics9,loo,8,inner_val,4,Sr3AsI3
primary,mlp_physics9,loo,8,inner_val,4,Ba3BiCl3
primary,mlp_physics9,loo,8,inner_val,4,Ba3PCl3
primary,mlp_physics9,loo,8,inner_val,4,Ca3PCl3
primary,mlp_physics9,loo,8,inner_val,4,Sr3PI3
primary,mlp_physics9,loo,8,inner_val,4,Mg3SbBr3
primary,mlp_physics9,loo,8,inner_val,4,Mg3SbI3
primary,mlp_physics9,loo,9,test,,Ba3SbBr3
primary,mlp_physics9,loo,9,inner_val,0,Ca3AsF3
primary,mlp_physics9,loo,9,inner_val,0,Ba3BiBr3
primary,mlp_physics9,loo,9,inner_val,0,Ba3BiCl3
primary,mlp_physics9,loo,9,inner_val,0,Ba3PCl3
primary,mlp_physics9,loo,9,inner_val,0,Ba3PI3
primary,mlp_physics9,loo,9,inner_val,0,Mg3PCl3
primary,mlp_physics9,loo,9,inner_val,0,Mg3SbBr3
primary,mlp_physics9,loo,9,inner_val,0,Mg3SbCl3
primary,mlp_physics9,loo,9,inner_val,1,Ba3BiBr3
primary,mlp_physics9,loo,9,inner_val,1,Ba3BiI3
primary,mlp_physics9,loo,9,inner_val,1,Ca3BiI3
primary,mlp_physics9,loo,9,inner_val,1,Ca3PBr3
primary,mlp_physics9,loo,9,inner_val,1,Ba3SbI3
primary,mlp_physics9,loo,9,inner_val,1,Ca3SbF3
primary,mlp_physics9,loo,9,inner_val,1,Mg3SbF3
primary,mlp_physics9,loo,9,inner_val,1,Sr3SbCl3
primary,mlp_physics9,loo,9,inner_val,2,Ba3BiI3
primary,mlp_physics9,loo,9,inner_val,2,Mg3BiBr3
primary,mlp_physics9,loo,9,inner_val,2,Ba3PCl3
primary,mlp_physics9,loo,9,inner_val,2,Sr3PBr3
primary,mlp_physics9,loo,9,inner_val,2,Ba3SbCl3
primary,mlp_physics9,loo,9,inner_val,2,Mg3SbCl3
primary,mlp_physics9,loo,9,inner_val,2,Mg3SbF3
primary,mlp_physics9,loo,9,inner_val,2,Mg3SbI3
primary,mlp_physics9,loo,9,inner_val,3,Ba3AsBr3
primary,mlp_physics9,loo,9,inner_val,3,Ba3AsI3
primary,mlp_physics9,loo,9,inner_val,3,Mg3AsBr3
primary,mlp_physics9,loo,9,inner_val,3,Sr3AsI3
primary,mlp_physics9,loo,9,inner_val,3,Ba3BiI3
primary,mlp_physics9,loo,9,inner_val,3,Ba3PBr3
primary,mlp_physics9,loo,9,inner_val,3,Ca3PBr3
primary,mlp_physics9,loo,9,inner_val,3,Mg3PBr3
primary,mlp_physics9,loo,9,inner_val,4,Mg3AsBr3
primary,mlp_physics9,loo,9,inner_val,4,Ca3BiI3
primary,mlp_physics9,loo,9,inner_val,4,Mg3BiBr3
primary,mlp_physics9,loo,9,inner_val,4,Mg3BiI3
primary,mlp_physics9,loo,9,inner_val,4,Ba3PCl3
primary,mlp_physics9,loo,9,inner_val,4,Mg3PBr3
primary,mlp_physics9,loo,9,inner_val,4,Ca3SbBr3
primary,mlp_physics9,loo,9,inner_val,4,Sr3SbI3
primary,mlp_physics9,loo,10,test,,Ba3SbCl3
primary,mlp_physics9,loo,10,inner_val,0,Ba3AsCl3
primary,mlp_physics9,loo,10,inner_val,0,Ca3AsF3
primary,mlp_physics9,loo,10,inner_val,0,Ba3BiCl3
primary,mlp_physics9,loo,10,inner_val,0,Ca3PF3
primary,mlp_physics9,loo,10,inner_val,0,Mg3PCl3
primary,mlp_physics9,loo,10,inner_val,0,Sr3PCl3
primary,mlp_physics9,loo,10,inner_val,0,Ca3SbF3
primary,mlp_physics9,loo,10,inner_val,0,Sr3SbI3
primary,mlp_physics9,loo,10,inner_val,1,Ba3AsCl3
primary,mlp_physics9,loo,10,inner_val,1,Ba3AsI3
primary,mlp_physics9,loo,10,inner_val,1,Ca3AsF3
primary,mlp_physics9,loo,10,inner_val,1,Mg3BiI3
primary,mlp_physics9,loo,10,inner_val,1,Ca3PBr3
primary,mlp_physics9,loo,10,inner_val,1,Mg3PBr3
primary,mlp_physics9,loo,10,inner_val,1,Mg3SbBr3
primary,mlp_physics9,loo,10,inner_val,1,Mg3SbI3
primary,mlp_physics9,loo,10,inner_val,2,Ba3AsI3
primary,mlp_physics9,loo,10,inner_val,2,Ca3AsBr3
primary,mlp_physics9,loo,10,inner_val,2,Sr3AsCl3
primary,mlp_physics9,loo,10,inner_val,2,Ba3PBr3
primary,mlp_physics9,loo,10,inner_val,2,Ca3PBr3
primary,mlp_physics9,loo,10,inner_val,2,Mg3PBr3
primary,mlp_physics9,loo,10,inner_val,2,Sr3SbCl3
primary,mlp_physics9,loo,10,inner_val,2,Sr3SbI3
primary,mlp_physics9,loo,10,inner_val,3,Ba3AsCl3
primary,mlp_physics9,loo,10,inner_val,3,Ba3AsI3
primary,mlp_physics9,loo,10,inner_val,3,Mg3AsBr3
primary,mlp_physics9,loo,10,inner_val,3,Ca3PI3
primary,mlp_physics9,loo,10,inner_val,3,Mg3PCl3
primary,mlp_physics9,loo,10,inner_val,3,Mg3PI3
primary,mlp_physics9,loo,10,inner_val,3,Sr3PI3
primary,mlp_physics9,loo,10,inner_val,3,Mg3SbF3
primary,mlp_physics9,loo,10,inner_val,4,Mg3AsBr3
primary,mlp_physics9,loo,10,inner_val,4,Ca3PF3
primary,mlp_physics9,loo,10,inner_val,4,Mg3PBr3
primary,mlp_physics9,loo,10,inner_val,4,Mg3PCl3
primary,mlp_physics9,loo,10,inner_val,4,Sr3PCl3
primary,mlp_physics9,loo,10,inner_val,4,Sr3PI3
primary,mlp_physics9,loo,10,inner_val,4,Mg3SbI3
primary,mlp_physics9,loo,10,inner_val,4,Sr3SbCl3
primary,mlp_physics9,loo,11,test,,Ba3SbI3
primary,mlp_physics9,loo,11,inner_val,0,Sr3AsCl3
primary,mlp_physics9,loo,11,inner_val,0,Ba3BiI3
primary,mlp_physics9,loo,11,inner_val,0,Ba3PCl3
primary,mlp_physics9,loo,11,inner_val,0,Ba3PI3
primary,mlp_physics9,loo,11,inner_val,0,Ca3PI3
primary,mlp_physics9,loo,11,inner_val,0,Mg3PBr3
primary,mlp_physics9,loo,11,inner_val,0,Sr3PBr3
primary,mlp_physics9,loo,11,inner_val,0,Ba3SbBr3
primary,mlp_physics9,loo,11,inner_val,1,Ca3AsBr3
primary,mlp_physics9,loo,11,inner_val,1,Ca3AsF3
primary,mlp_physics9,loo,11,inner_val,1,Mg3BiBr3
primary,mlp_physics9,loo,11,inner_val,1,Mg3BiI3
primary,mlp_physics9,loo,11,inner_val,1,Ba3PCl3
primary,mlp_physics9,loo,11,inner_val,1,Mg3PBr3
primary,mlp_physics9,loo,11,inner_val,1,Sr3PBr3
primary,mlp_physics9,loo,11,inner_val,1,Ca3SbBr3
primary,mlp_physics9,loo,11,inner_val,2,Mg3AsBr3
primary,mlp_physics9,loo,11,inner_val,2,Sr3AsCl3
primary,mlp_physics9,loo,11,inner_val,2,Ca3PBr3
primary,mlp_physics9,loo,11,inner_val,2,Ca3PCl3
primary,mlp_physics9,loo,11,inner_val,2,Mg3PBr3
primary,mlp_physics9,loo,11,inner_val,2,Mg3PCl3
primary,mlp_physics9,loo,11,inner_val,2,Ba3SbCl3
primary,mlp_physics9,loo,11,inner_val,2,Mg3SbCl3
primary,mlp_physics9,loo,11,inner_val,3,Ba3AsCl3
primary,mlp_physics9,loo,11,inner_val,3,Sr3AsCl3
primary,mlp_physics9,loo,11,inner_val,3,Sr3AsI3
primary,mlp_physics9,loo,11,inner_val,3,Ba3BiBr3
primary,mlp_physics9,loo,11,inner_val,3,Mg3SbCl3
primary,mlp_physics9,loo,11,inner_val,3,Mg3SbF3
primary,mlp_physics9,loo,11,inner_val,3,Sr3SbCl3
primary,mlp_physics9,loo,11,inner_val,3,Sr3SbI3
primary,mlp_physics9,loo,11,inner_val,4,Ba3AsBr3
primary,mlp_physics9,loo,11,inner_val,4,Mg3AsBr3
primary,mlp_physics9,loo,11,inner_val,4,Mg3BiBr3
primary,mlp_physics9,loo,11,inner_val,4,Ca3PCl3
primary,mlp_physics9,loo,11,inner_val,4,Ca3PF3
primary,mlp_physics9,loo,11,inner_val,4,Mg3PCl3
primary,mlp_physics9,loo,11,inner_val,4,Mg3SbF3
primary,mlp_physics9,loo,11,inner_val,4,Sr3SbI3
primary,mlp_physics9,loo,12,test,,Ca3AsBr3
primary,mlp_physics9,loo,12,inner_val,0,Ba3AsCl3
primary,mlp_physics9,loo,12,inner_val,0,Ba3BiCl3
primary,mlp_physics9,loo,12,inner_val,0,Ca3PBr3
primary,mlp_physics9,loo,12,inner_val,0,Ca3PF3
primary,mlp_physics9,loo,12,inner_val,0,Ba3SbCl3
primary,mlp_physics9,loo,12,inner_val,0,Mg3SbF3
primary,mlp_physics9,loo,12,inner_val,0,Mg3SbI3
primary,mlp_physics9,loo,12,inner_val,0,Sr3SbI3
primary,mlp_physics9,loo,12,inner_val,1,Ba3AsBr3
primary,mlp_physics9,loo,12,inner_val,1,Ba3AsI3
primary,mlp_physics9,loo,12,inner_val,1,Ca3PF3
primary,mlp_physics9,loo,12,inner_val,1,Ca3PI3
primary,mlp_physics9,loo,12,inner_val,1,Mg3PI3
primary,mlp_physics9,loo,12,inner_val,1,Sr3PI3
primary,mlp_physics9,loo,12,inner_val,1,Mg3SbCl3
primary,mlp_physics9,loo,12,inner_val,1,Sr3SbI3
primary,mlp_physics9,loo,12,inner_val,2,Ba3BiBr3
primary,mlp_physics9,loo,12,inner_val,2,Ca3BiI3
primary,mlp_physics9,loo,12,inner_val,2,Ca3PF3
primary,mlp_physics9,loo,12,inner_val,2,Ca3PI3
primary,mlp_physics9,loo,12,inner_val,2,Sr3PBr3
primary,mlp_physics9,loo,12,inner_val,2,Ba3SbBr3
primary,mlp_physics9,loo,12,inner_val,2,Ca3SbBr3
primary,mlp_physics9,loo,12,inner_val,2,Ca3SbF3
primary,mlp_physics9,loo,12,inner_val,3,Ca3AsF3
primary,mlp_physics9,loo,12,inner_val,3,Sr3AsI3
primary,mlp_physics9,loo,12,inner_val,3,Ba3PI3
primary,mlp_physics9,loo,12,inner_val,3,Ca3PI3
primary,mlp_physics9,loo,12,inner_val,3,Mg3PCl3
primary,mlp_physics9,loo,12,inner_val,3,Sr3PI3
primary,mlp_physics9,loo,12,inner_val,3,Ca3SbCl3
primary,mlp_physics9,loo,12,inner_val,3,Sr3SbI3
primary,mlp_physics9,loo,12,inner_val,4,Mg3AsBr3
primary,mlp_physics9,loo,12,inner_val,4,Ba3BiCl3
primary,mlp_physics9,loo,12,inner_val,4,Ca3BiI3
primary,mlp_physics9,loo,12,inner_val,4,Ba3PI3
primary,mlp_physics9,loo,12,inner_val,4,Ca3PBr3
primary,mlp_physics9,loo,12,inner_val,4,Mg3PCl3
primary,mlp_physics9,loo,12,inner_val,4,Sr3PCl3
primary,mlp_physics9,loo,12,inner_val,4,Mg3SbF3
primary,mlp_physics9,loo,13,test,,Ca3AsF3
primary,mlp_physics9,loo,13,inner_val,0,Ba3AsCl3
primary,mlp_physics9,loo,13,inner_val,0,Sr3AsI3
primary,mlp_physics9,loo,13,inner_val,0,Ba3PBr3
primary,mlp_physics9,loo,13,inner_val,0,Mg3PBr3
primary,mlp_physics9,loo,13,inner_val,0,Mg3PCl3
primary,mlp_physics9,loo,13,inner_val,0,Mg3PI3
primary,mlp_physics9,loo,13,inner_val,0,Ba3SbBr3
primary,mlp_physics9,loo,13,inner_val,0,Ca3SbBr3
primary,mlp_physics9,loo,13,inner_val,1,Ba3AsBr3
primary,mlp_physics9,loo,13,inner_val,1,Ba3AsCl3
primary,mlp_physics9,loo,13,inner_val,1,Sr3AsCl3
primary,mlp_physics9,loo,13,inner_val,1,Ca3PI3
primary,mlp_physics9,loo,13,inner_val,1,Mg3PBr3
primary,mlp_physics9,loo,13,inner_val,1,Ca3SbBr3
primary,mlp_physics9,loo,13,inner_val,1,Ca3SbCl3
primary,mlp_physics9,loo,13,inner_val,1,Ca3SbF3
primary,mlp_physics9,loo,13,inner_val,2,Ba3AsCl3
primary,mlp_physics9,loo,13,inner_val,2,Sr3AsCl3
primary,mlp_physics9,loo,13,inner_val,2,Ba3BiBr3
primary,mlp_physics9,loo,13,inner_val,2,Ba3BiI3
primary,mlp_physics9,loo,13,inner_val,2,Ba3PBr3
primary,mlp_physics9,loo,13,inner_val,2,Ca3PBr3
primary,mlp_physics9,loo,13,inner_val,2,Ba3SbBr3
primary,mlp_physics9,loo,13,inner_val,2,Mg3SbI3
primary,mlp_physics9,loo,13,inner_val,3,Sr3AsCl3
primary,mlp_physics9,loo,13,inner_val,3,Ba3BiI3
primary,mlp_physics9,loo,13,inner_val,3,Ca3PCl3
primary,mlp_physics9,loo,13,inner_val,3,Ca3PF3
primary,mlp_physics9,loo,13,inner_val,3,Mg3PBr3
primary,mlp_physics9,loo,13,inner_val,3,Mg3PI3
primary,mlp_physics9,loo,13,inner_val,3,Sr3PCl3
primary,mlp_physics9,loo,13,inner_val,3,Mg3SbF3
primary,mlp_physics9,loo,13,inner_val,4,Ba3PBr3
primary,mlp_physics9,loo,13,inner_val,4,Ca3PI3
primary,mlp_physics9,loo,13,inner_val,4,Mg3PCl3
primary,mlp_physics9,loo,13,inner_val,4,Sr3PCl3
primary,mlp_physics9,loo,13,inner_val,4,Ba3SbCl3
primary,mlp_physics9,loo,13,inner_val,4,Ca3SbBr3
primary,mlp_physics9,loo,13,inner_val,4,Ca3SbCl3
primary,mlp_physics9,loo,13,inner_val,4,Sr3SbCl3
primary,mlp_physics9,loo,14,test,,Ca3BiI3
primary,mlp_physics9,loo,14,inner_val,0,Ba3AsCl3
primary,mlp_physics9,loo,14,inner_val,0,Ba3AsI3
primary,mlp_physics9,loo,14,inner_val,0,Sr3AsCl3
primary,mlp_physics9,loo,14,inner_val,0,Mg3BiI3
primary,mlp_physics9,loo,14,inner_val,0,Ba3PI3
primary,mlp_physics9,loo,14,inner_val,0,Ba3SbI3
primary,mlp_physics9,loo,14,inner_val,0,Mg3SbF3
primary,mlp_physics9,loo,14,inner_val,0,Sr3SbI3
primary,mlp_physics9,loo,14,inner_val,1,Ba3BiCl3
primary,mlp_physics9,loo,14,inner_val,1,Ba3BiI3
primary,mlp_physics9,loo,14,inner_val,1,Mg3BiBr3
primary,mlp_physics9,loo,14,inner_val,1,Ca3PI3
primary,mlp_physics9,loo,14,inner_val,1,Mg3PBr3
primary,mlp_physics9,loo,14,inner_val,1,Ba3SbCl3
primary,mlp_physics9,loo,14,inner_val,1,Ca3SbF3
primary,mlp_physics9,loo,14,inner_val,1,Mg3SbI3
primary,mlp_physics9,loo,14,inner_val,2,Ba3AsBr3
primary,mlp_physics9,loo,14,inner_val,2,Ca3PBr3
primary,mlp_physics9,loo,14,inner_val,2,Mg3PBr3
primary,mlp_physics9,loo,14,inner_val,2,Mg3PI3
primary,mlp_physics9,loo,14,inner_val,2,Ba3SbCl3
primary,mlp_physics9,loo,14,inner_val,2,Ca3SbBr3
primary,mlp_physics9,loo,14,inner_val,2,Mg3SbF3
primary,mlp_physics9,loo,14,inner_val,2,Mg3SbI3
primary,mlp_physics9,loo,14,inner_val,3,Ba3AsBr3
primary,mlp_physics9,loo,14,inner_val,3,Ca3AsF3
primary,mlp_physics9,loo,14,inner_val,3,Sr3AsI3
primary,mlp_physics9,loo,14,inner_val,3,Ba3PI3
primary,mlp_physics9,loo,14,inner_val,3,Mg3PBr3
primary,mlp_physics9,loo,14,inner_val,3,Ba3SbI3
primary,mlp_physics9,loo,14,inner_val,3,Ca3SbF3
primary,mlp_physics9,loo,14,inner_val,3,Mg3SbCl3
primary,mlp_physics9,loo,14,inner_val,4,Ca3AsBr3
primary,mlp_physics9,loo,14,inner_val,4,Ca3PF3
primary,mlp_physics9,loo,14,inner_val,4,Ca3PI3
primary,mlp_physics9,loo,14,inner_val,4,Ba3SbCl3
primary,mlp_physics9,loo,14,inner_val,4,Ba3SbI3
primary,mlp_physics9,loo,14,inner_val,4,Ca3SbBr3
primary,mlp_physics9,loo,14,inner_val,4,Ca3SbF3
primary,mlp_physics9,loo,14,inner_val,4,Sr3SbCl3
primary,mlp_physics9,loo,15,test,,Ca3PBr3
primary,mlp_physics9,loo,15,inner_val,0,Ca3AsF3
primary,mlp_physics9,loo,15,inner_val,0,Sr3AsCl3
primary,mlp_physics9,loo,15,inner_val,0,Ca3PCl3
primary,mlp_physics9,loo,15,inner_val,0,Sr3PCl3
primary,mlp_physics9,loo,15,inner_val,0,Sr3PI3
primary,mlp_physics9,loo,15,inner_val,0,Ba3SbBr3
primary,mlp_physics9,loo,15,inner_val,0,Ba3SbI3
primary,mlp_physics9,loo,15,inner_val,0,Ca3SbBr3
primary,mlp_physics9,loo,15,inner_val,1,Ba3AsI3
primary,mlp_physics9,loo,15,inner_val,1,Ca3AsBr3
primary,mlp_physics9,loo,15,inner_val,1,Mg3BiI3
primary,mlp_physics9,loo,15,inner_val,1,Ba3PCl3
primary,mlp_physics9,loo,15,inner_val,1,Sr3PCl3
primary,mlp_physics9,loo,15,inner_val,1,Ba3SbI3
primary,mlp_physics9,loo,15,inner_val,1,Ca3SbBr3
primary,mlp_physics9,loo,15,inner_val,1,Sr3SbI3
primary,mlp_physics9,loo,15,inner_val,2,Mg3BiBr3
primary,mlp_physics9,loo,15,inner_val,2,Ba3PBr3
primary,mlp_physics9,loo,15,inner_val,2,Ba3PI3
primary,mlp_physics9,loo,15,inner_val,2,Sr3PI3
primary,mlp_physics9,loo,15,inner_val,2,Ba3SbCl3
primary,mlp_physics9,loo,15,inner_val,2,Ca3SbBr3
primary,mlp_physics9,loo,15,inner_val,2,Ca3SbF3
primary,mlp_physics9,loo,15,inner_val,2,Mg3SbF3
primary,mlp_physics9,loo,15,inner_val,3,Ba3AsBr3
primary,mlp_physics9,loo,15,inner_val,3,Mg3BiI3
primary,mlp_physics9,loo,15,inner_val,3,Ba3PI3
primary,mlp_physics9,loo,15,inner_val,3,Sr3PBr3
primary,mlp_physics9,loo,15,inner_val,3,Ba3SbCl3
primary,mlp_physics9,loo,15,inner_val,3,Ca3SbCl3
primary,mlp_physics9,loo,15,inner_val,3,Ca3SbF3
primary,mlp_physics9,loo,15,inner_val,3,Sr3SbI3
primary,mlp_physics9,loo,15,inner_val,4,Ba3AsI3
primary,mlp_physics9,loo,15,inner_val,4,Ca3AsF3
primary,mlp_physics9,loo,15,inner_val,4,Ca3PI3
primary,mlp_physics9,loo,15,inner_val,4,Sr3PI3
primary,mlp_physics9,loo,15,inner_val,4,Ba3SbBr3
primary,mlp_physics9,loo,15,inner_val,4,Ba3SbCl3
primary,mlp_physics9,loo,15,inner_val,4,Mg3SbBr3
primary,mlp_physics9,loo,15,inner_val,4,Mg3SbI3
primary,mlp_physics9,loo,16,test,,Ca3PCl3
primary,mlp_physics9,loo,16,inner_val,0,Ba3AsBr3
primary,mlp_physics9,loo,16,inner_val,0,Ba3AsI3
primary,mlp_physics9,loo,16,inner_val,0,Ba3BiI3
primary,mlp_physics9,loo,16,inner_val,0,Ba3PBr3
primary,mlp_physics9,loo,16,inner_val,0,Ba3PI3
primary,mlp_physics9,loo,16,inner_val,0,Ca3PF3
primary,mlp_physics9,loo,16,inner_val,0,Sr3PI3
primary,mlp_physics9,loo,16,inner_val,0,Mg3SbF3
primary,mlp_physics9,loo,16,inner_val,1,Ba3AsBr3
primary,mlp_physics9,loo,16,inner_val,1,Ba3AsCl3
primary,mlp_physics9,loo,16,inner_val,1,Ca3AsBr3
primary,mlp_physics9,loo,16,inner_val,1,Mg3AsBr3
primary,mlp_physics9,loo,16,inner_val,1,Ba3BiCl3
primary,mlp_physics9,loo,16,inner_val,1,Ba3PBr3
primary,mlp_physics9,loo,16,inner_val,1,Mg3SbI3
primary,mlp_physics9,loo,16,inner_val,1,Sr3SbCl3
primary,mlp_physics9,loo,16,inner_val,2,Ba3AsBr3
primary,mlp_physics9,loo,16,inner_val,2,Ba3BiI3
primary,mlp_physics9,loo,16,inner_val,2,Ba3PBr3
primary,mlp_physics9,loo,16,inner_val,2,Sr3PCl3
primary,mlp_physics9,loo,16,inner_val,2,Sr3PI3
primary,mlp_physics9,loo,16,inner_val,2,Ba3SbI3
primary,mlp_physics9,loo,16,inner_val,2,Ca3SbF3
primary,mlp_physics9,loo,16,inner_val,2,Mg3SbCl3
primary,mlp_physics9,loo,16,inner_val,3,Ba3AsBr3
primary,mlp_physics9,loo,16,inner_val,3,Sr3AsCl3
primary,mlp_physics9,loo,16,inner_val,3,Sr3AsI3
primary,mlp_physics9,loo,16,inner_val,3,Mg3BiBr3
primary,mlp_physics9,loo,16,inner_val,3,Mg3BiI3
primary,mlp_physics9,loo,16,inner_val,3,Sr3PBr3
primary,mlp_physics9,loo,16,inner_val,3,Ba3SbBr3
primary,mlp_physics9,loo,16,inner_val,3,Mg3SbF3
primary,mlp_physics9,loo,16,inner_val,4,Ba3AsI3
primary,mlp_physics9,loo,16,inner_val,4,Ca3AsF3
primary,mlp_physics9,loo,16,inner_val,4,Ca3PBr3
primary,mlp_physics9,loo,16,inner_val,4,Ca3PI3
primary,mlp_physics9,loo,16,inner_val,4,Sr3PCl3
primary,mlp_physics9,loo,16,inner_val,4,Ca3SbBr3
primary,mlp_physics9,loo,16,inner_val,4,Mg3SbF3
primary,mlp_physics9,loo,16,inner_val,4,Sr3SbI3
primary,mlp_physics9,loo,17,test,,Ca3PF3
primary,mlp_physics9,loo,17,inner_val,0,Ba3AsCl3
primary,mlp_physics9,loo,17,inner_val,0,Ba3BiBr3
primary,mlp_physics9,loo,17,inner_val,0,Mg3BiI3
primary,mlp_physics9,loo,17,inner_val,0,Ba3PI3
primary,mlp_physics9,loo,17,inner_val,0,Sr3PBr3
primary,mlp_physics9,loo,17,inner_val,0,Sr3PI3
primary,mlp_physics9,loo,17,inner_val,0,Ba3SbBr3
primary,mlp_physics9,loo,17,inner_val,0,Mg3SbCl3
primary,mlp_physics9,loo,17,inner_val,1,Ba3AsBr3
primary,mlp_physics9,loo,17,inner_val,1,Ba3AsCl3
primary,mlp_physics9,loo,17,inner_val,1,Sr3AsI3
primary,mlp_physics9,loo,17,inner_val,1,Mg3BiBr3
primary,mlp_physics9,loo,17,inner_val,1,Mg3BiI3
primary,mlp_physics9,loo,17,inner_val,1,Ba3PBr3
primary,mlp_physics9,loo,17,inner_val,1,Ca3PBr3
primary,mlp_physics9,loo,17,inner_val,1,Sr3SbI3
primary,mlp_physics9,loo,17,inner_val,2,Ba3BiCl3
primary,mlp_physics9,loo,17,inner_val,2,Ba3PI3
primary,mlp_physics9,loo,17,inner_val,2,Mg3PBr3
primary,mlp_physics9,loo,17,inner_val,2,Sr3PCl3
primary,mlp_physics9,loo,17,inner_val,2,Ba3SbBr3
primary,mlp_physics9,loo,17,inner_val,2,Ba3SbI3
primary,mlp_physics9,loo,17,inner_val,2,Ca3SbF3
primary,mlp_physics9,loo,17,inner_val,2,Mg3SbCl3
primary,mlp_physics9,loo,17,inner_val,3,Ba3AsCl3
primary,mlp_physics9,loo,17,inner_val,3,Ca3AsF3
primary,mlp_physics9,loo,17,inner_val,3,Ba3PI3
primary,mlp_physics9,loo,17,inner_val,3,Ca3PI3
primary,mlp_physics9,loo,17,inner_val,3,Mg3PBr3
primary,mlp_physics9,loo,17,inner_val,3,Mg3PI3
primary,mlp_physics9,loo,17,inner_val,3,Ba3SbI3
primary,mlp_physics9,loo,17,inner_val,3,Sr3SbI3
primary,mlp_physics9,loo,17,inner_val,4,Ba3AsI3
primary,mlp_physics9,loo,17,inner_val,4,Mg3BiBr3
primary,mlp_physics9,loo,17,inner_val,4,Mg3BiI3
primary,mlp_physics9,loo,17,inner_val,4,Ba3PI3
primary,mlp_physics9,loo,17,inner_val,4,Sr3PI3
primary,mlp_physics9,loo,17,inner_val,4,Mg3SbF3
primary,mlp_physics9,loo,17,inner_val,4,Sr3SbCl3
primary,mlp_physics9,loo,17,inner_val,4,Sr3SbI3
primary,mlp_physics9,loo,18,test,,Ca3PI3
primary,mlp_physics9,loo,18,inner_val,0,Ba3AsCl3
primary,mlp_physics9,loo,18,inner_val,0,Ba3PI3
primary,mlp_physics9,loo,18,inner_val,0,Ca3PCl3
primary,mlp_physics9,loo,18,inner_val,0,Mg3PCl3
primary,mlp_physics9,loo,18,inner_val,0,Sr3PI3
primary,mlp_physics9,loo,18,inner_val,0,Ca3SbBr3
primary,mlp_physics9,loo,18,inner_val,0,Mg3SbBr3
primary,mlp_physics9,loo,18,inner_val,0,Sr3SbI3
primary,mlp_physics9,loo,18,inner_val,1,Ca3AsBr3
primary,mlp_physics9,loo,18,inner_val,1,Mg3AsBr3
primary,mlp_physics9,loo,18,inner_val,1,Sr3AsI3
primary,mlp_physics9,loo,18,inner_val,1,Ba3BiCl3
primary,mlp_physics9,loo,18,inner_val,1,Ba3PCl3
primary,mlp_physics9,loo,18,inner_val,1,Ba3SbI3
primary,mlp_physics9,loo,18,inner_val,1,Ca3SbF3
primary,mlp_physics9,loo,18,inner_val,1,Sr3SbCl3
primary,mlp_physics9,loo,18,inner_val,2,Mg3AsBr3
primary,mlp_physics9,loo,18,inner_val,2,Mg3BiBr3
primary,mlp_physics9,loo,18,inner_val,2,Ba3PCl3
primary,mlp_physics9,loo,18,inner_val,2,Ca3PCl3
primary,mlp_physics9,loo,18,inner_val,2,Mg3PCl3
primary,mlp_physics9,loo,18,inner_val,2,Mg3PI3
primary,mlp_physics9,loo,18,inner_val,2,Ba3SbBr3
primary,mlp_physics9,loo,18,inner_val,2,Mg3SbF3
primary,mlp_physics9,loo,18,inner_val,3,Ba3AsCl3
primary,mlp_physics9,loo,18,inner_val,3,Ba3PBr3
primary,mlp_physics9,loo,18,inner_val,3,Mg3PBr3
primary,mlp_physics9,loo,18,inner_val,3,Sr3PBr3
primary,mlp_physics9,loo,18,inner_val,3,Ca3SbBr3
primary,mlp_physics9,loo,18,inner_val,3,Ca3SbF3
primary,mlp_physics9,loo,18,inner_val,3,Sr3SbCl3
primary,mlp_physics9,loo,18,inner_val,3,Sr3SbI3
primary,mlp_physics9,loo,18,inner_val,4,Ba3PBr3
primary,mlp_physics9,loo,18,inner_val,4,Ca3PCl3
primary,mlp_physics9,loo,18,inner_val,4,Ba3SbI3
primary,mlp_physics9,loo,18,inner_val,4,Mg3SbBr3
primary,mlp_physics9,loo,18,inner_val,4,Mg3SbF3
primary,mlp_physics9,loo,18,inner_val,4,Mg3SbI3
primary,mlp_physics9,loo,18,inner_val,4,Sr3SbCl3
primary,mlp_physics9,loo,18,inner_val,4,Sr3SbI3
primary,mlp_physics9,loo,19,test,,Ca3SbBr3
primary,mlp_physics9,loo,19,inner_val,0,Sr3AsI3
primary,mlp_physics9,loo,19,inner_val,0,Ba3PI3
primary,mlp_physics9,loo,19,inner_val,0,Ca3PCl3
primary,mlp_physics9,loo,19,inner_val,0,Ca3PF3
primary,mlp_physics9,loo,19,inner_val,0,Ca3PI3
primary,mlp_physics9,loo,19,inner_val,0,Mg3PI3
primary,mlp_physics9,loo,19,inner_val,0,Ca3SbCl3
primary,mlp_physics9,loo,19,inner_val,0,Sr3SbI3
primary,mlp_physics9,loo,19,inner_val,1,Ba3AsCl3
primary,mlp_physics9,loo,19,inner_val,1,Sr3AsI3
primary,mlp_physics9,loo,19,inner_val,1,Mg3BiI3
primary,mlp_physics9,loo,19,inner_val,1,Ba3PCl3
primary,mlp_physics9,loo,19,inner_val,1,Ba3PI3
primary,mlp_physics9,loo,19,inner_val,1,Ca3PF3
primary,mlp_physics9,loo,19,inner_val,1,Sr3PCl3
primary,mlp_physics9,loo,19,inner_val,1,Ba3SbBr3
primary,mlp_physics9,loo,19,inner_val,2,Ba3AsBr3
primary,mlp_physics9,loo,19,inner_val,2,Ba3BiI3
primary,mlp_physics9,loo,19,inner_val,2,Mg3BiI3
primary,mlp_physics9,loo,19,inner_val,2,Ba3PI3
primary,mlp_physics9,loo,19,inner_val,2,Sr3PCl3
primary,mlp_physics9,loo,19,inner_val,2,Ba3SbBr3
primary,mlp_physics9,loo,19,inner_val,2,Ba3SbI3
primary,mlp_physics9,loo,19,inner_val,2,Ca3SbF3
primary,mlp_physics9,loo,19,inner_val,3,Ba3AsI3
primary,mlp_physics9,loo,19,inner_val,3,Sr3AsCl3
primary,mlp_physics9,loo,19,inner_val,3,Sr3AsI3
primary,mlp_physics9,loo,19,inner_val,3,Ba3BiI3
primary,mlp_physics9,loo,19,inner_val,3,Mg3BiBr3
primary,mlp_physics9,loo,19,inner_val,3,Ca3PI3
primary,mlp_physics9,loo,19,inner_val,3,Mg3PI3
primary,mlp_physics9,loo,19,inner_val,3,Mg3SbF3
primary,mlp_physics9,loo,19,inner_val,4,Ba3AsI3
primary,mlp_physics9,loo,19,inner_val,4,Ca3AsBr3
primary,mlp_physics9,loo,19,inner_val,4,Ba3PCl3
primary,mlp_physics9,loo,19,inner_val,4,Mg3PBr3
primary,mlp_physics9,loo,19,inner_val,4,Ba3SbBr3
primary,mlp_physics9,loo,19,inner_val,4,Mg3SbF3
primary,mlp_physics9,loo,19,inner_val,4,Mg3SbI3
primary,mlp_physics9,loo,19,inner_val,4,Sr3SbCl3
primary,mlp_physics9,loo,20,test,,Ca3SbCl3
primary,mlp_physics9,loo,20,inner_val,0,Ba3AsBr3
primary,mlp_physics9,loo,20,inner_val,0,Ba3BiBr3
primary,mlp_physics9,loo,20,inner_val,0,Mg3BiI3
primary,mlp_physics9,loo,20,inner_val,0,Ca3PI3
primary,mlp_physics9,loo,20,inner_val,0,Mg3PCl3
primary,mlp_physics9,loo,20,inner_val,0,Sr3PCl3
primary,mlp_physics9,loo,20,inner_val,0,Ba3SbBr3
primary,mlp_physics9,loo,20,inner_val,0,Mg3SbBr3
primary,mlp_physics9,loo,20,inner_val,1,Ba3AsBr3
primary,mlp_physics9,loo,20,inner_val,1,Ba3BiI3
primary,mlp_physics9,loo,20,inner_val,1,Mg3BiI3
primary,mlp_physics9,loo,20,inner_val,1,Mg3PCl3
primary,mlp_physics9,loo,20,inner_val,1,Sr3PI3
primary,mlp_physics9,loo,20,inner_val,1,Ca3SbBr3
primary,mlp_physics9,loo,20,inner_val,1,Mg3SbF3
primary,mlp_physics9,loo,20,inner_val,1,Sr3SbCl3
primary,mlp_physics9,loo,20,inner_val,2,Ba3AsBr3
primary,mlp_physics9,loo,20,inner_val,2,Ba3AsI3
primary,mlp_physics9,loo,20,inner_val,2,Ba3PI3
primary,mlp_physics9,loo,20,inner_val,2,Mg3PBr3
primary,mlp_physics9,loo,20,inner_val,2,Sr3PCl3
primary,mlp_physics9,loo,20,inner_val,2,Sr3PI3
primary,mlp_physics9,loo,20,inner_val,2,Mg3SbF3
primary,mlp_physics9,loo,20,inner_val,2,Mg3SbI3
primary,mlp_physics9,loo,20,inner_val,3,Ca3AsBr3
primary,mlp_physics9,loo,20,inner_val,3,Sr3AsI3
primary,mlp_physics9,loo,20,inner_val,3,Ba3BiI3
primary,mlp_physics9,loo,20,inner_val,3,Ba3PCl3
primary,mlp_physics9,loo,20,inner_val,3,Ba3PI3
primary,mlp_physics9,loo,20,inner_val,3,Sr3PBr3
primary,mlp_physics9,loo,20,inner_val,3,Sr3PCl3
primary,mlp_physics9,loo,20,inner_val,3,Sr3SbCl3
primary,mlp_physics9,loo,20,inner_val,4,Ba3AsI3
primary,mlp_physics9,loo,20,inner_val,4,Mg3AsBr3
primary,mlp_physics9,loo,20,inner_val,4,Ba3BiCl3
primary,mlp_physics9,loo,20,inner_val,4,Ca3PCl3
primary,mlp_physics9,loo,20,inner_val,4,Ca3PF3
primary,mlp_physics9,loo,20,inner_val,4,Ca3PI3
primary,mlp_physics9,loo,20,inner_val,4,Ca3SbF3
primary,mlp_physics9,loo,20,inner_val,4,Mg3SbF3
primary,mlp_physics9,loo,21,test,,Ca3SbF3
primary,mlp_physics9,loo,21,inner_val,0,Ba3AsBr3
primary,mlp_physics9,loo,21,inner_val,0,Ba3AsCl3
primary,mlp_physics9,loo,21,inner_val,0,Mg3BiBr3
primary,mlp_physics9,loo,21,inner_val,0,Ca3SbCl3
primary,mlp_physics9,loo,21,inner_val,0,Mg3SbCl3
primary,mlp_physics9,loo,21,inner_val,0,Mg3SbF3
primary,mlp_physics9,loo,21,inner_val,0,Mg3SbI3
primary,mlp_physics9,loo,21,inner_val,0,Sr3SbCl3
primary,mlp_physics9,loo,21,inner_val,1,Ca3AsF3
primary,mlp_physics9,loo,21,inner_val,1,Mg3AsBr3
primary,mlp_physics9,loo,21,inner_val,1,Sr3AsI3
primary,mlp_physics9,loo,21,inner_val,1,Ba3BiCl3
primary,mlp_physics9,loo,21,inner_val,1,Ca3BiI3
primary,mlp_physics9,loo,21,inner_val,1,Ca3PCl3
primary,mlp_physics9,loo,21,inner_val,1,Mg3PCl3
primary,mlp_physics9,loo,21,inner_val,1,Ba3SbCl3
primary,mlp_physics9,loo,21,inner_val,2,Ba3AsCl3
primary,mlp_physics9,loo,21,inner_val,2,Sr3AsCl3
primary,mlp_physics9,loo,21,inner_val,2,Ba3PI3
primary,mlp_physics9,loo,21,inner_val,2,Ca3PBr3
primary,mlp_physics9,loo,21,inner_val,2,Ca3SbBr3
primary,mlp_physics9,loo,21,inner_val,2,Ca3SbCl3
primary,mlp_physics9,loo,21,inner_val,2,Mg3SbI3
primary,mlp_physics9,loo,21,inner_val,2,Sr3SbCl3
primary,mlp_physics9,loo,21,inner_val,3,Ba3AsBr3
primary,mlp_physics9,loo,21,inner_val,3,Ba3AsCl3
primary,mlp_physics9,loo,21,inner_val,3,Ca3AsF3
primary,mlp_physics9,loo,21,inner_val,3,Ba3BiI3
primary,mlp_physics9,loo,21,inner_val,3,Ca3PF3
primary,mlp_physics9,loo,21,inner_val,3,Sr3PBr3
primary,mlp_physics9,loo,21,inner_val,3,Mg3SbBr3
primary,mlp_physics9,loo,21,inner_val,3,Mg3SbCl3
primary,mlp_physics9,loo,21,inner_val,4,Ca3AsF3
primary,mlp_physics9,loo,21,inner_val,4,Ba3BiCl3
primary,mlp_physics9,loo,21,inner_val,4,Ca3PBr3
primary,mlp_physics9,loo,21,inner_val,4,Ca3PF3
primary,mlp_physics9,loo,21,inner_val,4,Mg3PCl3
primary,mlp_physics9,loo,21,inner_val,4,Ba3SbBr3
primary,mlp_physics9,loo,21,inner_val,4,Ba3SbI3
primary,mlp_physics9,loo,21,inner_val,4,Ca3SbCl3
primary,mlp_physics9,loo,22,test,,Mg3AsBr3
primary,mlp_physics9,loo,22,inner_val,0,Ba3AsBr3
primary,mlp_physics9,loo,22,inner_val,0,Mg3BiBr3
primary,mlp_physics9,loo,22,inner_val,0,Ba3PI3
primary,mlp_physics9,loo,22,inner_val,0,Mg3PI3
primary,mlp_physics9,loo,22,inner_val,0,Sr3PBr3
primary,mlp_physics9,loo,22,inner_val,0,Ba3SbI3
primary,mlp_physics9,loo,22,inner_val,0,Mg3SbF3
primary,mlp_physics9,loo,22,inner_val,0,Mg3SbI3
primary,mlp_physics9,loo,22,inner_val,1,Ba3AsBr3
primary,mlp_physics9,loo,22,inner_val,1,Ca3AsBr3
primary,mlp_physics9,loo,22,inner_val,1,Ba3BiBr3
primary,mlp_physics9,loo,22,inner_val,1,Mg3BiBr3
primary,mlp_physics9,loo,22,inner_val,1,Mg3PCl3
primary,mlp_physics9,loo,22,inner_val,1,Mg3PI3
primary,mlp_physics9,loo,22,inner_val,1,Sr3PBr3
primary,mlp_physics9,loo,22,inner_val,1,Mg3SbF3
primary,mlp_physics9,loo,22,inner_val,2,Ba3AsI3
primary,mlp_physics9,loo,22,inner_val,2,Ba3BiBr3
primary,mlp_physics9,loo,22,inner_val,2,Mg3BiBr3
primary,mlp_physics9,loo,22,inner_val,2,Ba3PI3
primary,mlp_physics9,loo,22,inner_val,2,Ca3PCl3
primary,mlp_physics9,loo,22,inner_val,2,Ca3PF3
primary,mlp_physics9,loo,22,inner_val,2,Ca3SbBr3
primary,mlp_physics9,loo,22,inner_val,2,Mg3SbI3
primary,mlp_physics9,loo,22,inner_val,3,Sr3AsI3
primary,mlp_physics9,loo,22,inner_val,3,Ba3BiCl3
primary,mlp_physics9,loo,22,inner_val,3,Ca3BiI3
primary,mlp_physics9,loo,22,inner_val,3,Ba3PBr3
primary,mlp_physics9,loo,22,inner_val,3,Ba3PCl3
primary,mlp_physics9,loo,22,inner_val,3,Ca3PBr3
primary,mlp_physics9,loo,22,inner_val,3,Sr3PBr3
primary,mlp_physics9,loo,22,inner_val,3,Mg3SbBr3
primary,mlp_physics9,loo,22,inner_val,4,Sr3AsI3
primary,mlp_physics9,loo,22,inner_val,4,Ba3PBr3
primary,mlp_physics9,loo,22,inner_val,4,Mg3PBr3
primary,mlp_physics9,loo,22,inner_val,4,Mg3PCl3
primary,mlp_physics9,loo,22,inner_val,4,Sr3PBr3
primary,mlp_physics9,loo,22,inner_val,4,Sr3PI3
primary,mlp_physics9,loo,22,inner_val,4,Ca3SbCl3
primary,mlp_physics9,loo,22,inner_val,4,Mg3SbI3
primary,mlp_physics9,loo,23,test,,Mg3BiBr3
primary,mlp_physics9,loo,23,inner_val,0,Ba3AsI3
primary,mlp_physics9,loo,23,inner_val,0,Ba3BiI3
primary,mlp_physics9,loo,23,inner_val,0,Ca3BiI3
primary,mlp_physics9,loo,23,inner_val,0,Ba3PI3
primary,mlp_physics9,loo,23,inner_val,0,Mg3PCl3
primary,mlp_physics9,loo,23,inner_val,0,Sr3PI3
primary,mlp_physics9,loo,23,inner_val,0,Ba3SbI3
primary,mlp_physics9,loo,23,inner_val,0,Mg3SbF3
primary,mlp_physics9,loo,23,inner_val,1,Mg3AsBr3
primary,mlp_physics9,loo,23,inner_val,1,Ba3BiCl3
primary,mlp_physics9,loo,23,inner_val,1,Ca3BiI3
primary,mlp_physics9,loo,23,inner_val,1,Ba3PCl3
primary,mlp_physics9,loo,23,inner_val,1,Ba3PI3
primary,mlp_physics9,loo,23,inner_val,1,Mg3PCl3
primary,mlp_physics9,loo,23,inner_val,1,Ba3SbBr3
primary,mlp_physics9,loo,23,inner_val,1,Mg3SbI3
primary,mlp_physics9,loo,23,inner_val,2,Ba3AsI3
primary,mlp_physics9,loo,23,inner_val,2,Mg3AsBr3
primary,mlp_physics9,loo,23,inner_val,2,Ca3BiI3
primary,mlp_physics9,loo,23,inner_val,2,Ba3PI3
primary,mlp_physics9,loo,23,inner_val,2,Ca3PI3
primary,mlp_physics9,loo,23,inner_val,2,Sr3PI3
primary,mlp_physics9,loo,23,inner_val,2,Ba3SbI3
primary,mlp_physics9,loo,23,inner_val,2,Mg3SbI3
primary,mlp_physics9,loo,23,inner_val,3,Ba3AsI3
primary,mlp_physics9,loo,23,inner_val,3,Sr3AsCl3
primary,mlp_physics9,loo,23,inner_val,3,Ba3BiI3
primary,mlp_physics9,loo,23,inner_val,3,Ca3PCl3
primary,mlp_physics9,loo,23,inner_val,3,Mg3PCl3
primary,mlp_physics9,loo,23,inner_val,3,Mg3PI3
primary,mlp_physics9,loo,23,inner_val,3,Ba3SbCl3
primary,mlp_physics9,loo,23,inner_val,3,Mg3SbF3
primary,mlp_physics9,loo,23,inner_val,4,Ba3AsBr3
primary,mlp_physics9,loo,23,inner_val,4,Sr3AsCl3
primary,mlp_physics9,loo,23,inner_val,4,Ba3BiCl3
primary,mlp_physics9,loo,23,inner_val,4,Mg3BiI3
primary,mlp_physics9,loo,23,inner_val,4,Sr3PCl3
primary,mlp_physics9,loo,23,inner_val,4,Ba3SbBr3
primary,mlp_physics9,loo,23,inner_val,4,Mg3SbBr3
primary,mlp_physics9,loo,23,inner_val,4,Mg3SbF3
primary,mlp_physics9,loo,24,test,,Mg3BiI3
primary,mlp_physics9,loo,24,inner_val,0,Sr3AsCl3
primary,mlp_physics9,loo,24,inner_val,0,Ba3PBr3
primary,mlp_physics9,loo,24,inner_val,0,Ba3PI3
primary,mlp_physics9,loo,24,inner_val,0,Ca3PBr3
primary,mlp_physics9,loo,24,inner_val,0,Ba3SbBr3
primary,mlp_physics9,loo,24,inner_val,0,Ba3SbI3
primary,mlp_physics9,loo,24,inner_val,0,Mg3SbF3
primary,mlp_physics9,loo,24,inner_val,0,Sr3SbCl3
primary,mlp_physics9,loo,24,inner_val,1,Ba3AsBr3
primary,mlp_physics9,loo,24,inner_val,1,Ca3AsBr3
primary,mlp_physics9,loo,24,inner_val,1,Sr3AsCl3
primary,mlp_physics9,loo,24,inner_val,1,Ba3BiI3
primary,mlp_physics9,loo,24,inner_val,1,Ba3SbCl3
primary,mlp_physics9,loo,24,inner_val,1,Mg3SbBr3
primary,mlp_physics9,loo,24,inner_val,1,Mg3SbF3
primary,mlp_physics9,loo,24,inner_val,1,Sr3SbI3
primary,mlp_physics9,loo,24,inner_val,2,Mg3AsBr3
primary,mlp_physics9,loo,24,inner_val,2,Ba3PI3
primary,mlp_physics9,loo,24,inner_val,2,Ca3PI3
primary,mlp_physics9,loo,24,inner_val,2,Mg3PBr3
primary,mlp_physics9,loo,24,inner_val,2,Ba3SbCl3
primary,mlp_physics9,loo,24,inner_val,2,Ba3SbI3
primary,mlp_physics9,loo,24,inner_val,2,Ca3SbCl3
primary,mlp_physics9,loo,24,inner_val,2,Mg3SbCl3
primary,mlp_physics9,loo,24,inner_val,3,Ba3AsCl3
primary,mlp_physics9,loo,24,inner_val,3,Sr3AsCl3
primary,mlp_physics9,loo,24,inner_val,3,Ba3BiBr3
primary,mlp_physics9,loo,24,inner_val,3,Ba3BiCl3
primary,mlp_physics9,loo,24,inner_val,3,Ba3PBr3
primary,mlp_physics9,loo,24,inner_val,3,Ba3PCl3
primary,mlp_physics9,loo,24,inner_val,3,Mg3PI3
primary,mlp_physics9,loo,24,inner_val,3,Ca3SbCl3
primary,mlp_physics9,loo,24,inner_val,4,Ca3AsF3
primary,mlp_physics9,loo,24,inner_val,4,Ba3BiCl3
primary,mlp_physics9,loo,24,inner_val,4,Ca3PBr3
primary,mlp_physics9,loo,24,inner_val,4,Ca3PI3
primary,mlp_physics9,loo,24,inner_val,4,Mg3PCl3
primary,mlp_physics9,loo,24,inner_val,4,Mg3PI3
primary,mlp_physics9,loo,24,inner_val,4,Ba3SbI3
primary,mlp_physics9,loo,24,inner_val,4,Mg3SbF3
primary,mlp_physics9,loo,25,test,,Mg3PBr3
primary,mlp_physics9,loo,25,inner_val,0,Ba3AsBr3
primary,mlp_physics9,loo,25,inner_val,0,Ba3AsI3
primary,mlp_physics9,loo,25,inner_val,0,Sr3AsCl3
primary,mlp_physics9,loo,25,inner_val,0,Ba3BiCl3
primary,mlp_physics9,loo,25,inner_val,0,Ba3PCl3
primary,mlp_physics9,loo,25,inner_val,0,Mg3PCl3
primary,mlp_physics9,loo,25,inner_val,0,Ba3SbCl3
primary,mlp_physics9,loo,25,inner_val,0,Sr3SbI3
primary,mlp_physics9,loo,25,inner_val,1,Ba3BiCl3
primary,mlp_physics9,loo,25,inner_val,1,Mg3BiI3
primary,mlp_physics9,loo,25,inner_val,1,Ba3PCl3
primary,mlp_physics9,loo,25,inner_val,1,Mg3PCl3
primary,mlp_physics9,loo,25,inner_val,1,Sr3PBr3
primary,mlp_physics9,loo,25,inner_val,1,Ba3SbBr3
primary,mlp_physics9,loo,25,inner_val,1,Ca3SbCl3
primary,mlp_physics9,loo,25,inner_val,1,Ca3SbF3
primary,mlp_physics9,loo,25,inner_val,2,Ba3AsCl3
primary,mlp_physics9,loo,25,inner_val,2,Mg3BiBr3
primary,mlp_physics9,loo,25,inner_val,2,Ba3PBr3
primary,mlp_physics9,loo,25,inner_val,2,Ba3PI3
primary,mlp_physics9,loo,25,inner_val,2,Ca3PCl3
primary,mlp_physics9,loo,25,inner_val,2,Ca3PF3
primary,mlp_physics9,loo,25,inner_val,2,Mg3PCl3
primary,mlp_physics9,loo,25,inner_val,2,Mg3PI3
primary,mlp_physics9,loo,25,inner_val,3,Ca3AsF3
primary,mlp_physics9,loo,25,inner_val,3,Ba3BiBr3
primary,mlp_physics9,loo,25,inner_val,3,Ba3PCl3
primary,mlp_physics9,loo,25,inner_val,3,Sr3PI3
primary,mlp_physics9,loo,25,inner_val,3,Mg3SbCl3
primary,mlp_physics9,loo,25,inner_val,3,Mg3SbF3
primary,mlp_physics9,loo,25,inner_val,3,Mg3SbI3
primary,mlp_physics9,loo,25,inner_val,3,Sr3SbCl3
primary,mlp_physics9,loo,25,inner_val,4,Ca3AsBr3
primary,mlp_physics9,loo,25,inner_val,4,Sr3AsCl3
primary,mlp_physics9,loo,25,inner_val,4,Ca3PBr3
primary,mlp_physics9,loo,25,inner_val,4,Sr3PCl3
primary,mlp_physics9,loo,25,inner_val,4,Sr3PI3
primary,mlp_physics9,loo,25,inner_val,4,Ca3SbCl3
primary,mlp_physics9,loo,25,inner_val,4,Ca3SbF3
primary,mlp_physics9,loo,25,inner_val,4,Mg3SbI3
primary,mlp_physics9,loo,26,test,,Mg3PCl3
primary,mlp_physics9,loo,26,inner_val,0,Ca3AsBr3
primary,mlp_physics9,loo,26,inner_val,0,Sr3AsCl3
primary,mlp_physics9,loo,26,inner_val,0,Mg3BiBr3
primary,mlp_physics9,loo,26,inner_val,0,Mg3PI3
primary,mlp_physics9,loo,26,inner_val,0,Sr3PBr3
primary,mlp_physics9,loo,26,inner_val,0,Ba3SbI3
primary,mlp_physics9,loo,26,inner_val,0,Ca3SbF3
primary,mlp_physics9,loo,26,inner_val,0,Sr3SbCl3
primary,mlp_physics9,loo,26,inner_val,1,Ba3AsCl3
primary,mlp_physics9,loo,26,inner_val,1,Sr3AsCl3
primary,mlp_physics9,loo,26,inner_val,1,Mg3BiBr3
primary,mlp_physics9,loo,26,inner_val,1,Mg3BiI3
primary,mlp_physics9,loo,26,inner_val,1,Ca3PCl3
primary,mlp_physics9,loo,26,inner_val,1,Ba3SbCl3
primary,mlp_physics9,loo,26,inner_val,1,Mg3SbCl3
primary,mlp_physics9,loo,26,inner_val,1,Sr3SbCl3
primary,mlp_physics9,loo,26,inner_val,2,Ca3AsBr3
primary,mlp_physics9,loo,26,inner_val,2,Ba3BiI3
primary,mlp_physics9,loo,26,inner_val,2,Ca3BiI3
primary,mlp_physics9,loo,26,inner_val,2,Ca3PBr3
primary,mlp_physics9,loo,26,inner_val,2,Sr3PBr3
primary,mlp_physics9,loo,26,inner_val,2,Sr3PCl3
primary,mlp_physics9,loo,26,inner_val,2,Ba3SbCl3
primary,mlp_physics9,loo,26,inner_val,2,Sr3SbCl3
primary,mlp_physics9,loo,26,inner_val,3,Ba3AsI3
primary,mlp_physics9,loo,26,inner_val,3,Ca3AsF3
primary,mlp_physics9,loo,26,inner_val,3,Sr3AsCl3
primary,mlp_physics9,loo,26,inner_val,3,Ba3BiBr3
primary,mlp_physics9,loo,26,inner_val,3,Ba3PCl3
primary,mlp_physics9,loo,26,inner_val,3,Ba3PI3
primary,mlp_physics9,loo,26,inner_val,3,Ca3PI3
primary,mlp_physics9,loo,26,inner_val,3,Ba3SbI3
primary,mlp_physics9,loo,26,inner_val,4,Mg3BiBr3
primary,mlp_physics9,loo,26,inner_val,4,Mg3BiI3
primary,mlp_physics9,loo,26,inner_val,4,Ba3PI3
primary,mlp_physics9,loo,26,inner_val,4,Ca3PI3
primary,mlp_physics9,loo,26,inner_val,4,Ba3SbCl3
primary,mlp_physics9,loo,26,inner_val,4,Ca3SbBr3
primary,mlp_physics9,loo,26,inner_val,4,Mg3SbF3
primary,mlp_physics9,loo,26,inner_val,4,Sr3SbCl3
primary,mlp_physics9,loo,27,test,,Mg3PI3
primary,mlp_physics9,loo,27,inner_val,0,Ba3BiBr3
primary,mlp_physics9,loo,27,inner_val,0,Mg3BiI3
primary,mlp_physics9,loo,27,inner_val,0,Ba3PBr3
primary,mlp_physics9,loo,27,inner_val,0,Mg3PBr3
primary,mlp_physics9,loo,27,inner_val,0,Sr3PBr3
primary,mlp_physics9,loo,27,inner_val,0,Ca3SbBr3
primary,mlp_physics9,loo,27,inner_val,0,Ca3SbF3
primary,mlp_physics9,loo,27,inner_val,0,Sr3SbI3
primary,mlp_physics9,loo,27,inner_val,1,Ba3BiBr3
primary,mlp_physics9,loo,27,inner_val,1,Ba3BiCl3
primary,mlp_physics9,loo,27,inner_val,1,Ba3BiI3
primary,mlp_physics9,loo,27,inner_val,1,Ca3PF3
primary,mlp_physics9,loo,27,inner_val,1,Mg3PBr3
primary,mlp_physics9,loo,27,inner_val,1,Mg3PCl3
primary,mlp_physics9,loo,27,inner_val,1,Ca3SbF3
primary,mlp_physics9,loo,27,inner_val,1,Mg3SbI3
primary,mlp_physics9,loo,27,inner_val,2,Ba3AsI3
primary,mlp_physics9,loo,27,inner_val,2,Ba3BiI3
primary,mlp_physics9,loo,27,inner_val,2,Ca3PCl3
primary,mlp_physics9,loo,27,inner_val,2,Mg3PCl3
primary,mlp_physics9,loo,27,inner_val,2,Ba3SbCl3
primary,mlp_physics9,loo,27,inner_val,2,Mg3SbBr3
primary,mlp_physics9,loo,27,inner_val,2,Mg3SbF3
primary,mlp_physics9,loo,27,inner_val,2,Sr3SbCl3
primary,mlp_physics9,loo,27,inner_val,3,Ba3AsBr3
primary,mlp_physics9,loo,27,inner_val,3,Ba3AsI3
primary,mlp_physics9,loo,27,inner_val,3,Ca3AsBr3
primary,mlp_physics9,loo,27,inner_val,3,Ba3PCl3
primary,mlp_physics9,loo,27,inner_val,3,Ca3PCl3
primary,mlp_physics9,loo,27,inner_val,3,Ca3SbBr3
primary,mlp_physics9,loo,27,inner_val,3,Mg3SbBr3
primary,mlp_physics9,loo,27,inner_val,3,Mg3SbI3
primary,mlp_physics9,loo,27,inner_val,4,Ca3AsBr3
primary,mlp_physics9,loo,27,inner_val,4,Ca3AsF3
primary,mlp_physics9,loo,27,inner_val,4,Mg3AsBr3
primary,mlp_physics9,loo,27,inner_val,4,Ca3BiI3
primary,mlp_physics9,loo,27,inner_val,4,Mg3BiBr3
primary,mlp_physics9,loo,27,inner_val,4,Ba3SbI3
primary,mlp_physics9,loo,27,inner_val,4,Mg3SbCl3
primary,mlp_physics9,loo,27,inner_val,4,Mg3SbF3
primary,mlp_physics9,loo,28,test,,Mg3SbBr3
primary,mlp_physics9,loo,28,inner_val,0,Ba3BiCl3
primary,mlp_physics9,loo,28,inner_val,0,Ca3PCl3
primary,mlp_physics9,loo,28,inner_val,0,Ca3PI3
primary,mlp_physics9,loo,28,inner_val,0,Sr3PCl3
primary,mlp_physics9,loo,28,inner_val,0,Sr3PI3
primary,mlp_physics9,loo,28,inner_val,0,Ba3SbCl3
primary,mlp_physics9,loo,28,inner_val,0,Ca3SbCl3
primary,mlp_physics9,loo,28,inner_val,0,Mg3SbCl3
primary,mlp_physics9,loo,28,inner_val,1,Ca3AsF3
primary,mlp_physics9,loo,28,inner_val,1,Sr3AsI3
primary,mlp_physics9,loo,28,inner_val,1,Ba3BiCl3
primary,mlp_physics9,loo,28,inner_val,1,Mg3PI3
primary,mlp_physics9,loo,28,inner_val,1,Ba3SbBr3
primary,mlp_physics9,loo,28,inner_val,1,Ba3SbCl3
primary,mlp_physics9,loo,28,inner_val,1,Mg3SbCl3
primary,mlp_physics9,loo,28,inner_val,1,Sr3SbI3
primary,mlp_physics9,loo,28,inner_val,2,Ba3AsBr3
primary,mlp_physics9,loo,28,inner_val,2,Ba3AsI3
primary,mlp_physics9,loo,28,inner_val,2,Ca3AsF3
primary,mlp_physics9,loo,28,inner_val,2,Ba3BiI3
primary,mlp_physics9,loo,28,inner_val,2,Mg3BiBr3
primary,mlp_physics9,loo,28,inner_val,2,Ba3PCl3
primary,mlp_physics9,loo,28,inner_val,2,Mg3PBr3
primary,mlp_physics9,loo,28,inner_val,2,Ba3SbI3
primary,mlp_physics9,loo,28,inner_val,3,Ba3AsCl3
primary,mlp_physics9,loo,28,inner_val,3,Mg3AsBr3
primary,mlp_physics9,loo,28,inner_val,3,Ba3PI3
primary,mlp_physics9,loo,28,inner_val,3,Ca3PI3
primary,mlp_physics9,loo,28,inner_val,3,Ba3SbCl3
primary,mlp_physics9,loo,28,inner_val,3,Ba3SbI3
primary,mlp_physics9,loo,28,inner_val,3,Ca3SbF3
primary,mlp_physics9,loo,28,inner_val,3,Sr3SbCl3
primary,mlp_physics9,loo,28,inner_val,4,Ca3AsF3
primary,mlp_physics9,loo,28,inner_val,4,Ba3BiI3
primary,mlp_physics9,loo,28,inner_val,4,Ca3PBr3
primary,mlp_physics9,loo,28,inner_val,4,Mg3PI3
primary,mlp_physics9,loo,28,inner_val,4,Sr3PBr3
primary,mlp_physics9,loo,28,inner_val,4,Ba3SbCl3
primary,mlp_physics9,loo,28,inner_val,4,Ca3SbCl3
primary,mlp_physics9,loo,28,inner_val,4,Sr3SbI3
primary,mlp_physics9,loo,29,test,,Mg3SbCl3
primary,mlp_physics9,loo,29,inner_val,0,Ba3AsBr3
primary,mlp_physics9,loo,29,inner_val,0,Mg3AsBr3
primary,mlp_physics9,loo,29,inner_val,0,Ba3BiI3
primary,mlp_physics9,loo,29,inner_val,0,Mg3BiBr3
primary,mlp_physics9,loo,29,inner_val,0,Mg3PCl3
primary,mlp_physics9,loo,29,inner_val,0,Sr3PBr3
primary,mlp_physics9,loo,29,inner_val,0,Sr3PCl3
primary,mlp_physics9,loo,29,inner_val,0,Ba3SbCl3
primary,mlp_physics9,loo,29,inner_val,1,Ca3AsBr3
primary,mlp_physics9,loo,29,inner_val,1,Mg3AsBr3
primary,mlp_physics9,loo,29,inner_val,1,Ca3BiI3
primary,mlp_physics9,loo,29,inner_val,1,Ca3PCl3
primary,mlp_physics9,loo,29,inner_val,1,Ca3PI3
primary,mlp_physics9,loo,29,inner_val,1,Sr3PI3
primary,mlp_physics9,loo,29,inner_val,1,Ba3SbI3
primary,mlp_physics9,loo,29,inner_val,1,Ca3SbF3
primary,mlp_physics9,loo,29,inner_val,2,Ba3AsI3
primary,mlp_physics9,loo,29,inner_val,2,Ca3AsF3
primary,mlp_physics9,loo,29,inner_val,2,Mg3AsBr3
primary,mlp_physics9,loo,29,inner_val,2,Ba3PI3
primary,mlp_physics9,loo,29,inner_val,2,Ca3PBr3
primary,mlp_physics9,loo,29,inner_val,2,Ca3PI3
primary,mlp_physics9,loo,29,inner_val,2,Ba3SbCl3
primary,mlp_physics9,loo,29,inner_val,2,Sr3SbI3
primary,mlp_physics9,loo,29,inner_val,3,Ca3AsF3
primary,mlp_physics9,loo,29,inner_val,3,Sr3AsCl3
primary,mlp_physics9,loo,29,inner_val,3,Ba3BiCl3
primary,mlp_physics9,loo,29,inner_val,3,Ca3PI3
primary,mlp_physics9,loo,29,inner_val,3,Mg3PBr3
primary,mlp_physics9,loo,29,inner_val,3,Mg3PCl3
primary,mlp_physics9,loo,29,inner_val,3,Mg3PI3
primary,mlp_physics9,loo,29,inner_val,3,Ca3SbCl3
primary,mlp_physics9,loo,29,inner_val,4,Ca3AsF3
primary,mlp_physics9,loo,29,inner_val,4,Sr3AsI3
primary,mlp_physics9,loo,29,inner_val,4,Ca3BiI3
primary,mlp_physics9,loo,29,inner_val,4,Ca3PBr3
primary,mlp_physics9,loo,29,inner_val,4,Sr3PCl3
primary,mlp_physics9,loo,29,inner_val,4,Ba3SbCl3
primary,mlp_physics9,loo,29,inner_val,4,Mg3SbBr3
primary,mlp_physics9,loo,29,inner_val,4,Mg3SbI3
primary,mlp_physics9,loo,30,test,,Mg3SbF3
primary,mlp_physics9,loo,30,inner_val,0,Ba3BiCl3
primary,mlp_physics9,loo,30,inner_val,0,Ca3BiI3
primary,mlp_physics9,loo,30,inner_val,0,Ba3PBr3
primary,mlp_physics9,loo,30,inner_val,0,Ca3PCl3
primary,mlp_physics9,loo,30,inner_val,0,Ca3PI3
primary,mlp_physics9,loo,30,inner_val,0,Mg3PCl3
primary,mlp_physics9,loo,30,inner_val,0,Sr3PCl3
primary,mlp_physics9,loo,30,inner_val,0,Ca3SbBr3
primary,mlp_physics9,loo,30,inner_val,1,Ba3AsBr3
primary,mlp_physics9,loo,30,inner_val,1,Sr3AsCl3
primary,mlp_physics9,loo,30,inner_val,1,Ca3BiI3
primary,mlp_physics9,loo,30,inner_val,1,Ca3PCl3
primary,mlp_physics9,loo,30,inner_val,1,Mg3PBr3
primary,mlp_physics9,loo,30,inner_val,1,Ba3SbI3
primary,mlp_physics9,loo,30,inner_val,1,Ca3SbCl3
primary,mlp_physics9,loo,30,inner_val,1,Mg3SbBr3
primary,mlp_physics9,loo,30,inner_val,2,Ba3AsBr3
primary,mlp_physics9,loo,30,inner_val,2,Mg3AsBr3
primary,mlp_physics9,loo,30,inner_val,2,Sr3AsI3
primary,mlp_physics9,loo,30,inner_val,2,Ba3BiBr3
primary,mlp_physics9,loo,30,inner_val,2,Ba3BiCl3
primary,mlp_physics9,loo,30,inner_val,2,Ba3SbBr3
primary,mlp_physics9,loo,30,inner_val,2,Ba3SbI3
primary,mlp_physics9,loo,30,inner_val,2,Sr3SbCl3
primary,mlp_physics9,loo,30,inner_val,3,Ba3AsI3
primary,mlp_physics9,loo,30,inner_val,3,Sr3AsCl3
primary,mlp_physics9,loo,30,inner_val,3,Ba3BiCl3
primary,mlp_physics9,loo,30,inner_val,3,Mg3PI3
primary,mlp_physics9,loo,30,inner_val,3,Ba3SbCl3
primary,mlp_physics9,loo,30,inner_val,3,Ca3SbBr3
primary,mlp_physics9,loo,30,inner_val,3,Mg3SbCl3
primary,mlp_physics9,loo,30,inner_val,3,Sr3SbI3
primary,mlp_physics9,loo,30,inner_val,4,Ba3AsI3
primary,mlp_physics9,loo,30,inner_val,4,Mg3AsBr3
primary,mlp_physics9,loo,30,inner_val,4,Sr3AsCl3
primary,mlp_physics9,loo,30,inner_val,4,Ca3PBr3
primary,mlp_physics9,loo,30,inner_val,4,Ba3SbBr3
primary,mlp_physics9,loo,30,inner_val,4,Ca3SbF3
primary,mlp_physics9,loo,30,inner_val,4,Mg3SbCl3
primary,mlp_physics9,loo,30,inner_val,4,Mg3SbI3
primary,mlp_physics9,loo,31,test,,Mg3SbI3
primary,mlp_physics9,loo,31,inner_val,0,Ca3BiI3
primary,mlp_physics9,loo,31,inner_val,0,Mg3BiI3
primary,mlp_physics9,loo,31,inner_val,0,Ba3PBr3
primary,mlp_physics9,loo,31,inner_val,0,Ca3PI3
primary,mlp_physics9,loo,31,inner_val,0,Ba3SbCl3
primary,mlp_physics9,loo,31,inner_val,0,Ba3SbI3
primary,mlp_physics9,loo,31,inner_val,0,Ca3SbCl3
primary,mlp_physics9,loo,31,inner_val,0,Mg3SbF3
primary,mlp_physics9,loo,31,inner_val,1,Ba3AsBr3
primary,mlp_physics9,loo,31,inner_val,1,Ba3AsI3
primary,mlp_physics9,loo,31,inner_val,1,Ba3BiCl3
primary,mlp_physics9,loo,31,inner_val,1,Ba3PI3
primary,mlp_physics9,loo,31,inner_val,1,Ca3PI3
primary,mlp_physics9,loo,31,inner_val,1,Mg3PCl3
primary,mlp_physics9,loo,31,inner_val,1,Sr3PI3
primary,mlp_physics9,loo,31,inner_val,1,Mg3SbCl3
primary,mlp_physics9,loo,31,inner_val,2,Ca3AsBr3
primary,mlp_physics9,loo,31,inner_val,2,Sr3AsI3
primary,mlp_physics9,loo,31,inner_val,2,Ba3BiBr3
primary,mlp_physics9,loo,31,inner_val,2,Ba3BiI3
primary,mlp_physics9,loo,31,inner_val,2,Mg3BiBr3
primary,mlp_physics9,loo,31,inner_val,2,Mg3PI3
primary,mlp_physics9,loo,31,inner_val,2,Sr3PI3
primary,mlp_physics9,loo,31,inner_val,2,Ca3SbBr3
primary,mlp_physics9,loo,31,inner_val,3,Ba3AsBr3
primary,mlp_physics9,loo,31,inner_val,3,Ca3AsBr3
primary,mlp_physics9,loo,31,inner_val,3,Ca3AsF3
primary,mlp_physics9,loo,31,inner_val,3,Mg3BiBr3
primary,mlp_physics9,loo,31,inner_val,3,Ba3PCl3
primary,mlp_physics9,loo,31,inner_val,3,Ca3PBr3
primary,mlp_physics9,loo,31,inner_val,3,Mg3SbF3
primary,mlp_physics9,loo,31,inner_val,3,Sr3SbCl3
primary,mlp_physics9,loo,31,inner_val,4,Ba3AsBr3
primary,mlp_physics9,loo,31,inner_val,4,Ba3BiBr3
primary,mlp_physics9,loo,31,inner_val,4,Ba3BiI3
primary,mlp_physics9,loo,31,inner_val,4,Mg3BiBr3
primary,mlp_physics9,loo,31,inner_val,4,Mg3BiI3
primary,mlp_physics9,loo,31,inner_val,4,Ca3PBr3
primary,mlp_physics9,loo,31,inner_val,4,Ca3PI3
primary,mlp_physics9,loo,31,inner_val,4,Ba3SbI3
primary,mlp_physics9,loo,32,test,,Sr3AsCl3
primary,mlp_physics9,loo,32,inner_val,0,Ba3AsBr3
primary,mlp_physics9,loo,32,inner_val,0,Ba3AsI3
primary,mlp_physics9,loo,32,inner_val,0,Ba3BiBr3
primary,mlp_physics9,loo,32,inner_val,0,Ca3BiI3
primary,mlp_physics9,loo,32,inner_val,0,Mg3BiI3
primary,mlp_physics9,loo,32,inner_val,0,Ca3PCl3
primary,mlp_physics9,loo,32,inner_val,0,Sr3PI3
primary,mlp_physics9,loo,32,inner_val,0,Mg3SbCl3
primary,mlp_physics9,loo,32,inner_val,1,Mg3AsBr3
primary,mlp_physics9,loo,32,inner_val,1,Ba3BiBr3
primary,mlp_physics9,loo,32,inner_val,1,Ba3BiI3
primary,mlp_physics9,loo,32,inner_val,1,Mg3PCl3
primary,mlp_physics9,loo,32,inner_val,1,Ca3SbBr3
primary,mlp_physics9,loo,32,inner_val,1,Mg3SbCl3
primary,mlp_physics9,loo,32,inner_val,1,Mg3SbF3
primary,mlp_physics9,loo,32,inner_val,1,Mg3SbI3
primary,mlp_physics9,loo,32,inner_val,2,Ba3AsCl3
primary,mlp_physics9,loo,32,inner_val,2,Mg3AsBr3
primary,mlp_physics9,loo,32,inner_val,2,Ba3BiBr3
primary,mlp_physics9,loo,32,inner_val,2,Ba3BiCl3
primary,mlp_physics9,loo,32,inner_val,2,Mg3BiI3
primary,mlp_physics9,loo,32,inner_val,2,Mg3PCl3
primary,mlp_physics9,loo,32,inner_val,2,Ca3SbF3
primary,mlp_physics9,loo,32,inner_val,2,Mg3SbCl3
primary,mlp_physics9,loo,32,inner_val,3,Ba3AsBr3
primary,mlp_physics9,loo,32,inner_val,3,Ba3BiCl3
primary,mlp_physics9,loo,32,inner_val,3,Mg3PBr3
primary,mlp_physics9,loo,32,inner_val,3,Mg3PCl3
primary,mlp_physics9,loo,32,inner_val,3,Sr3PBr3
primary,mlp_physics9,loo,32,inner_val,3,Ba3SbBr3
primary,mlp_physics9,loo,32,inner_val,3,Mg3SbBr3
primary,mlp_physics9,loo,32,inner_val,3,Mg3SbCl3
primary,mlp_physics9,loo,32,inner_val,4,Ba3AsBr3
primary,mlp_physics9,loo,32,inner_val,4,Ba3BiBr3
primary,mlp_physics9,loo,32,inner_val,4,Ca3PBr3
primary,mlp_physics9,loo,32,inner_val,4,Mg3PBr3
primary,mlp_physics9,loo,32,inner_val,4,Ba3SbBr3
primary,mlp_physics9,loo,32,inner_val,4,Mg3SbCl3
primary,mlp_physics9,loo,32,inner_val,4,Sr3SbCl3
primary,mlp_physics9,loo,32,inner_val,4,Sr3SbI3
primary,mlp_physics9,loo,33,test,,Sr3AsI3
primary,mlp_physics9,loo,33,inner_val,0,Ca3AsBr3
primary,mlp_physics9,loo,33,inner_val,0,Ca3AsF3
primary,mlp_physics9,loo,33,inner_val,0,Mg3AsBr3
primary,mlp_physics9,loo,33,inner_val,0,Ba3BiBr3
primary,mlp_physics9,loo,33,inner_val,0,Ba3PBr3
primary,mlp_physics9,loo,33,inner_val,0,Ca3PBr3
primary,mlp_physics9,loo,33,inner_val,0,Ca3PF3
primary,mlp_physics9,loo,33,inner_val,0,Sr3PI3
primary,mlp_physics9,loo,33,inner_val,1,Ba3AsBr3
primary,mlp_physics9,loo,33,inner_val,1,Ba3AsCl3
primary,mlp_physics9,loo,33,inner_val,1,Ba3AsI3
primary,mlp_physics9,loo,33,inner_val,1,Mg3AsBr3
primary,mlp_physics9,loo,33,inner_val,1,Ba3BiCl3
primary,mlp_physics9,loo,33,inner_val,1,Mg3BiI3
primary,mlp_physics9,loo,33,inner_val,1,Sr3PBr3
primary,mlp_physics9,loo,33,inner_val,1,Ca3SbBr3
primary,mlp_physics9,loo,33,inner_val,2,Ba3AsI3
primary,mlp_physics9,loo,33,inner_val,2,Mg3AsBr3
primary,mlp_physics9,loo,33,inner_val,2,Ba3BiCl3
primary,mlp_physics9,loo,33,inner_val,2,Ba3PCl3
primary,mlp_physics9,loo,33,inner_val,2,Ca3PCl3
primary,mlp_physics9,loo,33,inner_val,2,Ca3PF3
primary,mlp_physics9,loo,33,inner_val,2,Mg3PBr3
primary,mlp_physics9,loo,33,inner_val,2,Mg3PI3
primary,mlp_physics9,loo,33,inner_val,3,Mg3AsBr3
primary,mlp_physics9,loo,33,inner_val,3,Ba3BiBr3
primary,mlp_physics9,loo,33,inner_val,3,Ba3BiI3
primary,mlp_physics9,loo,33,inner_val,3,Mg3PBr3
primary,mlp_physics9,loo,33,inner_val,3,Mg3PI3
primary,mlp_physics9,loo,33,inner_val,3,Ba3SbBr3
primary,mlp_physics9,loo,33,inner_val,3,Ba3SbCl3
primary,mlp_physics9,loo,33,inner_val,3,Ca3SbF3
primary,mlp_physics9,loo,33,inner_val,4,Ba3AsCl3
primary,mlp_physics9,loo,33,inner_val,4,Ca3AsBr3
primary,mlp_physics9,loo,33,inner_val,4,Ca3BiI3
primary,mlp_physics9,loo,33,inner_val,4,Ba3SbBr3
primary,mlp_physics9,loo,33,inner_val,4,Ba3SbCl3
primary,mlp_physics9,loo,33,inner_val,4,Ca3SbBr3
primary,mlp_physics9,loo,33,inner_val,4,Mg3SbBr3
primary,mlp_physics9,loo,33,inner_val,4,Sr3SbI3
primary,mlp_physics9,loo,34,test,,Sr3PBr3
primary,mlp_physics9,loo,34,inner_val,0,Ca3AsBr3
primary,mlp_physics9,loo,34,inner_val,0,Ca3AsF3
primary,mlp_physics9,loo,34,inner_val,0,Ca3BiI3
primary,mlp_physics9,loo,34,inner_val,0,Ca3PI3
primary,mlp_physics9,loo,34,inner_val,0,Mg3PI3
primary,mlp_physics9,loo,34,inner_val,0,Ba3SbCl3
primary,mlp_physics9,loo,34,inner_val,0,Ca3SbBr3
primary,mlp_physics9,loo,34,inner_val,0,Sr3SbCl3
primary,mlp_physics9,loo,34,inner_val,1,Ba3AsBr3
primary,mlp_physics9,loo,34,inner_val,1,Ba3BiCl3
primary,mlp_physics9,loo,34,inner_val,1,Ba3PCl3
primary,mlp_physics9,loo,34,inner_val,1,Sr3PI3
primary,mlp_physics9,loo,34,inner_val,1,Ca3SbBr3
primary,mlp_physics9,loo,34,inner_val,1,Ca3SbCl3
primary,mlp_physics9,loo,34,inner_val,1,Ca3SbF3
primary,mlp_physics9,loo,34,inner_val,1,Sr3SbI3
primary,mlp_physics9,loo,34,inner_val,2,Ba3BiI3
primary,mlp_physics9,loo,34,inner_val,2,Ba3PBr3
primary,mlp_physics9,loo,34,inner_val,2,Ba3PCl3
primary,mlp_physics9,loo,34,inner_val,2,Ca3PF3
primary,mlp_physics9,loo,34,inner_val,2,Mg3PBr3
primary,mlp_physics9,loo,34,inner_val,2,Ca3SbF3
primary,mlp_physics9,loo,34,inner_val,2,Sr3SbCl3
primary,mlp_physics9,loo,34,inner_val,2,Sr3SbI3
primary,mlp_physics9,loo,34,inner_val,3,Ca3AsBr3
primary,mlp_physics9,loo,34,inner_val,3,Ba3BiBr3
primary,mlp_physics9,loo,34,inner_val,3,Ba3PBr3
primary,mlp_physics9,loo,34,inner_val,3,Ba3PCl3
primary,mlp_physics9,loo,34,inner_val,3,Ca3PBr3
primary,mlp_physics9,loo,34,inner_val,3,Ca3PI3
primary,mlp_physics9,loo,34,inner_val,3,Mg3PBr3
primary,mlp_physics9,loo,34,inner_val,3,Mg3SbBr3
primary,mlp_physics9,loo,34,inner_val,4,Ba3AsCl3
primary,mlp_physics9,loo,34,inner_val,4,Ca3AsF3
primary,mlp_physics9,loo,34,inner_val,4,Mg3BiI3
primary,mlp_physics9,loo,34,inner_val,4,Ba3PBr3
primary,mlp_physics9,loo,34,inner_val,4,Mg3PBr3
primary,mlp_physics9,loo,34,inner_val,4,Sr3PI3
primary,mlp_physics9,loo,34,inner_val,4,Ba3SbI3
primary,mlp_physics9,loo,34,inner_val,4,Ca3SbCl3
primary,mlp_physics9,loo,35,test,,Sr3PCl3
primary,mlp_physics9,loo,35,inner_val,0,Mg3AsBr3
primary,mlp_physics9,loo,35,inner_val,0,Sr3AsCl3
primary,mlp_physics9,loo,35,inner_val,0,Sr3AsI3
primary,mlp_physics9,loo,35,inner_val,0,Ba3BiI3
primary,mlp_physics9,loo,35,inner_val,0,Ba3PI3
primary,mlp_physics9,loo,35,inner_val,0,Ca3PCl3
primary,mlp_physics9,loo,35,inner_val,0,Ba3SbBr3
primary,mlp_physics9,loo,35,inner_val,0,Mg3SbBr3
primary,mlp_physics9,loo,35,inner_val,1,Ba3AsBr3
primary,mlp_physics9,loo,35,inner_val,1,Ba3AsI3
primary,mlp_physics9,loo,35,inner_val,1,Ca3AsBr3
primary,mlp_physics9,loo,35,inner_val,1,Sr3AsI3
primary,mlp_physics9,loo,35,inner_val,1,Ba3BiI3
primary,mlp_physics9,loo,35,inner_val,1,Mg3BiI3
primary,mlp_physics9,loo,35,inner_val,1,Ca3PCl3
primary,mlp_physics9,loo,35,inner_val,1,Ca3PI3
primary,mlp_physics9,loo,35,inner_val,2,Ba3AsCl3
primary,mlp_physics9,loo,35,inner_val,2,Ba3PBr3
primary,mlp_physics9,loo,35,inner_val,2,Ba3PCl3
primary,mlp_physics9,loo,35,inner_val,2,Ca3PBr3
primary,mlp_physics9,loo,35,inner_val,2,Ca3PF3
primary,mlp_physics9,loo,35,inner_val,2,Sr3PI3
primary,mlp_physics9,loo,35,inner_val,2,Ba3SbBr3
primary,mlp_physics9,loo,35,inner_val,2,Ca3SbBr3
primary,mlp_physics9,loo,35,inner_val,3,Mg3AsBr3
primary,mlp_physics9,loo,35,inner_val,3,Sr3AsI3
primary,mlp_physics9,loo,35,inner_val,3,Mg3PBr3
primary,mlp_physics9,loo,35,inner_val,3,Ca3SbBr3
primary,mlp_physics9,loo,35,inner_val,3,Ca3SbCl3
primary,mlp_physics9,loo,35,inner_val,3,Ca3SbF3
primary,mlp_physics9,loo,35,inner_val,3,Mg3SbF3
primary,mlp_physics9,loo,35,inner_val,3,Sr3SbCl3
primary,mlp_physics9,loo,35,inner_val,4,Sr3AsCl3
primary,mlp_physics9,loo,35,inner_val,4,Ba3BiCl3
primary,mlp_physics9,loo,35,inner_val,4,Mg3PBr3
primary,mlp_physics9,loo,35,inner_val,4,Ba3SbBr3
primary,mlp_physics9,loo,35,inner_val,4,Ba3SbCl3
primary,mlp_physics9,loo,35,inner_val,4,Ca3SbF3
primary,mlp_physics9,loo,35,inner_val,4,Mg3SbBr3
primary,mlp_physics9,loo,35,inner_val,4,Mg3SbCl3
primary,mlp_physics9,loo,36,test,,Sr3PI3
primary,mlp_physics9,loo,36,inner_val,0,Ba3AsI3
primary,mlp_physics9,loo,36,inner_val,0,Ca3AsF3
primary,mlp_physics9,loo,36,inner_val,0,Sr3AsI3
primary,mlp_physics9,loo,36,inner_val,0,Ba3BiI3
primary,mlp_physics9,loo,36,inner_val,0,Mg3PI3
primary,mlp_physics9,loo,36,inner_val,0,Ba3SbCl3
primary,mlp_physics9,loo,36,inner_val,0,Ca3SbCl3
primary,mlp_physics9,loo,36,inner_val,0,Mg3SbI3
primary,mlp_physics9,loo,36,inner_val,1,Ca3AsBr3
primary,mlp_physics9,loo,36,inner_val,1,Sr3AsCl3
primary,mlp_physics9,loo,36,inner_val,1,Ba3BiI3
primary,mlp_physics9,loo,36,inner_val,1,Mg3BiI3
primary,mlp_physics9,loo,36,inner_val,1,Ba3PI3
primary,mlp_physics9,loo,36,inner_val,1,Ca3PI3
primary,mlp_physics9,loo,36,inner_val,1,Ca3SbCl3
primary,mlp_physics9,loo,36,inner_val,1,Mg3SbCl3
primary,mlp_physics9,loo,36,inner_val,2,Sr3AsCl3
primary,mlp_physics9,loo,36,inner_val,2,Sr3AsI3
primary,mlp_physics9,loo,36,inner_val,2,Ba3PCl3
primary,mlp_physics9,loo,36,inner_val,2,Ca3PI3
primary,mlp_physics9,loo,36,inner_val,2,Sr3PBr3
primary,mlp_physics9,loo,36,inner_val,2,Ba3SbBr3
primary,mlp_physics9,loo,36,inner_val,2,Ca3SbCl3
primary,mlp_physics9,loo,36,inner_val,2,Mg3SbF3
primary,mlp_physics9,loo,36,inner_val,3,Ba3AsI3
primary,mlp_physics9,loo,36,inner_val,3,Ca3AsBr3
primary,mlp_physics9,loo,36,inner_val,3,Ba3BiI3
primary,mlp_physics9,loo,36,inner_val,3,Mg3BiI3
primary,mlp_physics9,loo,36,inner_val,3,Mg3PBr3
primary,mlp_physics9,loo,36,inner_val,3,Ba3SbI3
primary,mlp_physics9,loo,36,inner_val,3,Ca3SbF3
primary,mlp_physics9,loo,36,inner_val,3,Mg3SbBr3
primary,mlp_physics9,loo,36,inner_val,4,Ba3AsI3
primary,mlp_physics9,loo,36,inner_val,4,Ca3AsF3
primary,mlp_physics9,loo,36,inner_val,4,Ba3PCl3
primary,mlp_physics9,loo,36,inner_val,4,Ca3PI3
primary,mlp_physics9,loo,36,inner_val,4,Ba3SbBr3
primary,mlp_physics9,loo,36,inner_val,4,Ca3SbBr3
primary,mlp_physics9,loo,36,inner_val,4,Mg3SbI3
primary,mlp_physics9,loo,36,inner_val,4,Sr3SbI3
primary,mlp_physics9,loo,37,test,,Sr3SbCl3
primary,mlp_physics9,loo,37,inner_val,0,Ba3AsBr3
primary,mlp_physics9,loo,37,inner_val,0,Ba3AsI3
primary,mlp_physics9,loo,37,inner_val,0,Ba3BiBr3
primary,mlp_physics9,loo,37,inner_val,0,Ba3PCl3
primary,mlp_physics9,loo,37,inner_val,0,Sr3PBr3
primary,mlp_physics9,loo,37,inner_val,0,Ba3SbCl3
primary,mlp_physics9,loo,37,inner_val,0,Mg3SbI3
primary,mlp_physics9,loo,37,inner_val,0,Sr3SbI3
primary,mlp_physics9,loo,37,inner_val,1,Ba3AsBr3
primary,mlp_physics9,loo,37,inner_val,1,Ba3AsI3
primary,mlp_physics9,loo,37,inner_val,1,Ba3PI3
primary,mlp_physics9,loo,37,inner_val,1,Ca3PBr3
primary,mlp_physics9,loo,37,inner_val,1,Ca3PCl3
primary,mlp_physics9,loo,37,inner_val,1,Ca3SbBr3
primary,mlp_physics9,loo,37,inner_val,1,Ca3SbCl3
primary,mlp_physics9,loo,37,inner_val,1,Mg3SbBr3
primary,mlp_physics9,loo,37,inner_val,2,Ba3BiBr3
primary,mlp_physics9,loo,37,inner_val,2,Ba3PBr3
primary,mlp_physics9,loo,37,inner_val,2,Mg3PBr3
primary,mlp_physics9,loo,37,inner_val,2,Mg3PCl3
primary,mlp_physics9,loo,37,inner_val,2,Ca3SbBr3
primary,mlp_physics9,loo,37,inner_val,2,Mg3SbF3
primary,mlp_physics9,loo,37,inner_val,2,Mg3SbI3
primary,mlp_physics9,loo,37,inner_val,2,Sr3SbI3
primary,mlp_physics9,loo,37,inner_val,3,Sr3AsI3
primary,mlp_physics9,loo,37,inner_val,3,Ba3BiI3
primary,mlp_physics9,loo,37,inner_val,3,Mg3BiI3
primary,mlp_physics9,loo,37,inner_val,3,Ba3PI3
primary,mlp_physics9,loo,37,inner_val,3,Mg3PCl3
primary,mlp_physics9,loo,37,inner_val,3,Mg3PI3
primary,mlp_physics9,loo,37,inner_val,3,Sr3PI3
primary,mlp_physics9,loo,37,inner_val,3,Ca3SbCl3
primary,mlp_physics9,loo,37,inner_val,4,Ca3AsF3
primary,mlp_physics9,loo,37,inner_val,4,Ba3BiI3
primary,mlp_physics9,loo,37,inner_val,4,Mg3BiI3
primary,mlp_physics9,loo,37,inner_val,4,Ca3PCl3
primary,mlp_physics9,loo,37,inner_val,4,Mg3PBr3
primary,mlp_physics9,loo,37,inner_val,4,Mg3PI3
primary,mlp_physics9,loo,37,inner_val,4,Sr3PBr3
primary,mlp_physics9,loo,37,inner_val,4,Ba3SbI3
primary,mlp_physics9,loo,38,test,,Sr3SbI3
primary,mlp_physics9,loo,38,inner_val,0,Ba3AsCl3
primary,mlp_physics9,loo,38,inner_val,0,Mg3AsBr3
primary,mlp_physics9,loo,38,inner_val,0,Ba3BiI3
primary,mlp_physics9,loo,38,inner_val,0,Ca3PCl3
primary,mlp_physics9,loo,38,inner_val,0,Mg3PI3
primary,mlp_physics9,loo,38,inner_val,0,Sr3PCl3
primary,mlp_physics9,loo,38,inner_val,0,Ba3SbI3
primary,mlp_physics9,loo,38,inner_val,0,Ca3SbCl3
primary,mlp_physics9,loo,38,inner_val,1,Ca3AsBr3
primary,mlp_physics9,loo,38,inner_val,1,Mg3AsBr3
primary,mlp_physics9,loo,38,inner_val,1,Mg3BiI3
primary,mlp_physics9,loo,38,inner_val,1,Ca3PBr3
primary,mlp_physics9,loo,38,inner_val,1,Mg3PBr3
primary,mlp_physics9,loo,38,inner_val,1,Ca3SbCl3
primary,mlp_physics9,loo,38,inner_val,1,Mg3SbF3
primary,mlp_physics9,loo,38,inner_val,1,Mg3SbI3
primary,mlp_physics9,loo,38,inner_val,2,Ba3AsCl3
primary,mlp_physics9,loo,38,inner_val,2,Ba3AsI3
primary,mlp_physics9,loo,38,inner_val,2,Ba3BiBr3
primary,mlp_physics9,loo,38,inner_val,2,Ca3PF3
primary,mlp_physics9,loo,38,inner_val,2,Mg3PI3
primary,mlp_physics9,loo,38,inner_val,2,Sr3PBr3
primary,mlp_physics9,loo,38,inner_val,2,Ba3SbI3
primary,mlp_physics9,loo,38,inner_val,2,Mg3SbF3
primary,mlp_physics9,loo,38,inner_val,3,Ca3AsF3
primary,mlp_physics9,loo,38,inner_val,3,Ba3BiI3
primary,mlp_physics9,loo,38,inner_val,3,Ca3BiI3
primary,mlp_physics9,loo,38,inner_val,3,Mg3BiBr3
primary,mlp_physics9,loo,38,inner_val,3,Mg3PBr3
primary,mlp_physics9,loo,38,inner_val,3,Mg3PCl3
primary,mlp_physics9,loo,38,inner_val,3,Mg3SbBr3
primary,mlp_physics9,loo,38,inner_val,3,Sr3SbCl3
primary,mlp_physics9,loo,38,inner_val,4,Ba3BiBr3
primary,mlp_physics9,loo,38,inner_val,4,Mg3BiBr3
primary,mlp_physics9,loo,38,inner_val,4,Ba3PBr3
primary,mlp_physics9,loo,38,inner_val,4,Ca3PBr3
primary,mlp_physics9,loo,38,inner_val,4,Mg3PBr3
primary,mlp_physics9,loo,38,inner_val,4,Mg3PI3
primary,mlp_physics9,loo,38,inner_val,4,Ca3SbCl3
primary,mlp_physics9,loo,38,inner_val,4,Mg3SbF3
primary,mlp_magpie,lobo,0,test,,Ba3AsBr3
primary,mlp_magpie,lobo,0,test,,Ba3AsCl3
primary,mlp_magpie,lobo,0,test,,Ba3AsI3
primary,mlp_magpie,lobo,0,test,,Ca3AsBr3
primary,mlp_magpie,lobo,0,test,,Ca3AsF3
primary,mlp_magpie,lobo,0,test,,Mg3AsBr3
primary,mlp_magpie,lobo,0,test,,Sr3AsCl3
primary,mlp_magpie,lobo,0,test,,Sr3AsI3
primary,mlp_magpie,lobo,0,inner_val,0,Ca3PF3
primary,mlp_magpie,lobo,0,inner_val,0,Mg3PCl3
primary,mlp_magpie,lobo,0,inner_val,0,Sr3PI3
primary,mlp_magpie,lobo,0,inner_val,0,Ba3SbBr3
primary,mlp_magpie,lobo,0,inner_val,0,Ba3SbI3
primary,mlp_magpie,lobo,0,inner_val,0,Mg3SbBr3
primary,mlp_magpie,lobo,0,inner_val,0,Sr3SbI3
primary,mlp_magpie,lobo,0,inner_val,1,Ba3BiBr3
primary,mlp_magpie,lobo,0,inner_val,1,Ba3BiCl3
primary,mlp_magpie,lobo,0,inner_val,1,Ba3PBr3
primary,mlp_magpie,lobo,0,inner_val,1,Mg3PCl3
primary,mlp_magpie,lobo,0,inner_val,1,Sr3PI3
primary,mlp_magpie,lobo,0,inner_val,1,Ca3SbBr3
primary,mlp_magpie,lobo,0,inner_val,1,Ca3SbCl3
primary,mlp_magpie,lobo,0,inner_val,2,Mg3BiI3
primary,mlp_magpie,lobo,0,inner_val,2,Ca3PCl3
primary,mlp_magpie,lobo,0,inner_val,2,Ca3PF3
primary,mlp_magpie,lobo,0,inner_val,2,Mg3PBr3
primary,mlp_magpie,lobo,0,inner_val,2,Mg3PI3
primary,mlp_magpie,lobo,0,inner_val,2,Ca3SbBr3
primary,mlp_magpie,lobo,0,inner_val,2,Mg3SbF3
primary,mlp_magpie,lobo,0,inner_val,3,Ba3BiBr3
primary,mlp_magpie,lobo,0,inner_val,3,Ba3BiI3
primary,mlp_magpie,lobo,0,inner_val,3,Mg3PCl3
primary,mlp_magpie,lobo,0,inner_val,3,Sr3PBr3
primary,mlp_magpie,lobo,0,inner_val,3,Sr3PCl3
primary,mlp_magpie,lobo,0,inner_val,3,Ca3SbBr3
primary,mlp_magpie,lobo,0,inner_val,3,Mg3SbI3
primary,mlp_magpie,lobo,0,inner_val,4,Mg3BiBr3
primary,mlp_magpie,lobo,0,inner_val,4,Ba3PBr3
primary,mlp_magpie,lobo,0,inner_val,4,Sr3PBr3
primary,mlp_magpie,lobo,0,inner_val,4,Sr3PCl3
primary,mlp_magpie,lobo,0,inner_val,4,Ba3SbBr3
primary,mlp_magpie,lobo,0,inner_val,4,Mg3SbBr3
primary,mlp_magpie,lobo,0,inner_val,4,Sr3SbI3
primary,mlp_magpie,lobo,1,test,,Ba3BiBr3
primary,mlp_magpie,lobo,1,test,,Ba3BiCl3
primary,mlp_magpie,lobo,1,test,,Ba3BiI3
primary,mlp_magpie,lobo,1,test,,Ca3BiI3
primary,mlp_magpie,lobo,1,test,,Mg3BiBr3
primary,mlp_magpie,lobo,1,test,,Mg3BiI3
primary,mlp_magpie,lobo,1,inner_val,0,Ba3AsBr3
primary,mlp_magpie,lobo,1,inner_val,0,Ba3PCl3
primary,mlp_magpie,lobo,1,inner_val,0,Ba3PI3
primary,mlp_magpie,lobo,1,inner_val,0,Ca3PCl3
primary,mlp_magpie,lobo,1,inner_val,0,Mg3PCl3
primary,mlp_magpie,lobo,1,inner_val,0,Ca3SbF3
primary,mlp_magpie,lobo,1,inner_val,0,Sr3SbI3
primary,mlp_magpie,lobo,1,inner_val,1,Sr3AsI3
primary,mlp_magpie,lobo,1,inner_val,1,Ba3PBr3
primary,mlp_magpie,lobo,1,inner_val,1,Ca3PCl3
primary,mlp_magpie,lobo,1,inner_val,1,Sr3PCl3
primary,mlp_magpie,lobo,1,inner_val,1,Mg3SbCl3
primary,mlp_magpie,lobo,1,inner_val,1,Mg3SbI3
primary,mlp_magpie,lobo,1,inner_val,1,Sr3SbI3
primary,mlp_magpie,lobo,1,inner_val,2,Ba3PCl3
primary,mlp_magpie,lobo,1,inner_val,2,Ba3PI3
primary,mlp_magpie,lobo,1,inner_val,2,Ca3PI3
primary,mlp_magpie,lobo,1,inner_val,2,Ba3SbCl3
primary,mlp_magpie,lobo,1,inner_val,2,Ba3SbI3
primary,mlp_magpie,lobo,1,inner_val,2,Mg3SbCl3
primary,mlp_magpie,lobo,1,inner_val,2,Sr3SbI3
primary,mlp_magpie,lobo,1,inner_val,3,Mg3AsBr3
primary,mlp_magpie,lobo,1,inner_val,3,Sr3AsCl3
primary,mlp_magpie,lobo,1,inner_val,3,Sr3AsI3
primary,mlp_magpie,lobo,1,inner_val,3,Sr3PCl3
primary,mlp_magpie,lobo,1,inner_val,3,Ca3SbCl3
primary,mlp_magpie,lobo,1,inner_val,3,Mg3SbCl3
primary,mlp_magpie,lobo,1,inner_val,3,Mg3SbF3
primary,mlp_magpie,lobo,1,inner_val,4,Ba3PBr3
primary,mlp_magpie,lobo,1,inner_val,4,Ba3PI3
primary,mlp_magpie,lobo,1,inner_val,4,Sr3PBr3
primary,mlp_magpie,lobo,1,inner_val,4,Sr3PCl3
primary,mlp_magpie,lobo,1,inner_val,4,Ba3SbBr3
primary,mlp_magpie,lobo,1,inner_val,4,Ca3SbCl3
primary,mlp_magpie,lobo,1,inner_val,4,Mg3SbI3
primary,mlp_magpie,lobo,2,test,,Ba3PBr3
primary,mlp_magpie,lobo,2,test,,Ba3PCl3
primary,mlp_magpie,lobo,2,test,,Ba3PI3
primary,mlp_magpie,lobo,2,test,,Ca3PBr3
primary,mlp_magpie,lobo,2,test,,Ca3PCl3
primary,mlp_magpie,lobo,2,test,,Ca3PF3
primary,mlp_magpie,lobo,2,test,,Ca3PI3
primary,mlp_magpie,lobo,2,test,,Mg3PBr3
primary,mlp_magpie,lobo,2,test,,Mg3PCl3
primary,mlp_magpie,lobo,2,test,,Mg3PI3
primary,mlp_magpie,lobo,2,test,,Sr3PBr3
primary,mlp_magpie,lobo,2,test,,Sr3PCl3
primary,mlp_magpie,lobo,2,test,,Sr3PI3
primary,mlp_magpie,lobo,2,inner_val,0,Ba3AsBr3
primary,mlp_magpie,lobo,2,inner_val,0,Mg3AsBr3
primary,mlp_magpie,lobo,2,inner_val,0,Sr3AsI3
primary,mlp_magpie,lobo,2,inner_val,0,Ca3BiI3
primary,mlp_magpie,lobo,2,inner_val,0,Mg3SbBr3
primary,mlp_magpie,lobo,2,inner_val,0,Sr3SbCl3
primary,mlp_magpie,lobo,2,inner_val,1,Ba3BiI3
primary,mlp_magpie,lobo,2,inner_val,1,Ca3BiI3
primary,mlp_magpie,lobo,2,inner_val,1,Mg3BiI3
primary,mlp_magpie,lobo,2,inner_val,1,Ba3SbCl3
primary,mlp_magpie,lobo,2,inner_val,1,Ca3SbF3
primary,mlp_magpie,lobo,2,inner_val,1,Mg3SbI3
primary,mlp_magpie,lobo,2,inner_val,2,Ca3AsBr3
primary,mlp_magpie,lobo,2,inner_val,2,Mg3BiBr3
primary,mlp_magpie,lobo,2,inner_val,2,Ba3SbBr3
primary,mlp_magpie,lobo,2,inner_val,2,Ba3SbI3
primary,mlp_magpie,lobo,2,inner_val,2,Ca3SbCl3
primary,mlp_magpie,lobo,2,inner_val,2,Sr3SbCl3
primary,mlp_magpie,lobo,2,inner_val,3,Ba3AsCl3
primary,mlp_magpie,lobo,2,inner_val,3,Ba3AsI3
primary,mlp_magpie,lobo,2,inner_val,3,Mg3AsBr3
primary,mlp_magpie,lobo,2,inner_val,3,Ca3BiI3
primary,mlp_magpie,lobo,2,inner_val,3,Mg3BiI3
primary,mlp_magpie,lobo,2,inner_val,3,Ba3SbCl3
primary,mlp_magpie,lobo,2,inner_val,4,Ba3AsI3
primary,mlp_magpie,lobo,2,inner_val,4,Ba3SbCl3
primary,mlp_magpie,lobo,2,inner_val,4,Ba3SbI3
primary,mlp_magpie,lobo,2,inner_val,4,Ca3SbBr3
primary,mlp_magpie,lobo,2,inner_val,4,Ca3SbCl3
primary,mlp_magpie,lobo,2,inner_val,4,Mg3SbF3
primary,mlp_magpie,lobo,3,test,,Ba3SbBr3
primary,mlp_magpie,lobo,3,test,,Ba3SbCl3
primary,mlp_magpie,lobo,3,test,,Ba3SbI3
primary,mlp_magpie,lobo,3,test,,Ca3SbBr3
primary,mlp_magpie,lobo,3,test,,Ca3SbCl3
primary,mlp_magpie,lobo,3,test,,Ca3SbF3
primary,mlp_magpie,lobo,3,test,,Mg3SbBr3
primary,mlp_magpie,lobo,3,test,,Mg3SbCl3
primary,mlp_magpie,lobo,3,test,,Mg3SbF3
primary,mlp_magpie,lobo,3,test,,Mg3SbI3
primary,mlp_magpie,lobo,3,test,,Sr3SbCl3
primary,mlp_magpie,lobo,3,test,,Sr3SbI3
primary,mlp_magpie,lobo,3,inner_val,0,Ba3AsCl3
primary,mlp_magpie,lobo,3,inner_val,0,Ca3AsF3
primary,mlp_magpie,lobo,3,inner_val,0,Ca3PBr3
primary,mlp_magpie,lobo,3,inner_val,0,Mg3PBr3
primary,mlp_magpie,lobo,3,inner_val,0,Mg3PCl3
primary,mlp_magpie,lobo,3,inner_val,0,Mg3PI3
primary,mlp_magpie,lobo,3,inner_val,1,Mg3AsBr3
primary,mlp_magpie,lobo,3,inner_val,1,Sr3AsCl3
primary,mlp_magpie,lobo,3,inner_val,1,Sr3AsI3
primary,mlp_magpie,lobo,3,inner_val,1,Mg3BiBr3
primary,mlp_magpie,lobo,3,inner_val,1,Mg3BiI3
primary,mlp_magpie,lobo,3,inner_val,1,Ba3PBr3
primary,mlp_magpie,lobo,3,inner_val,2,Ba3AsCl3
primary,mlp_magpie,lobo,3,inner_val,2,Ca3BiI3
primary,mlp_magpie,lobo,3,inner_val,2,Ba3PI3
primary,mlp_magpie,lobo,3,inner_val,2,Ca3PBr3
primary,mlp_magpie,lobo,3,inner_val,2,Sr3PBr3
primary,mlp_magpie,lobo,3,inner_val,2,Sr3PI3
primary,mlp_magpie,lobo,3,inner_val,3,Ca3AsF3
primary,mlp_magpie,lobo,3,inner_val,3,Sr3AsCl3
primary,mlp_magpie,lobo,3,inner_val,3,Sr3AsI3
primary,mlp_magpie,lobo,3,inner_val,3,Mg3BiBr3
primary,mlp_magpie,lobo,3,inner_val,3,Ba3PBr3
primary,mlp_magpie,lobo,3,inner_val,3,Sr3PI3
primary,mlp_magpie,lobo,3,inner_val,4,Sr3AsCl3
primary,mlp_magpie,lobo,3,inner_val,4,Sr3AsI3
primary,mlp_magpie,lobo,3,inner_val,4,Ba3BiI3
primary,mlp_magpie,lobo,3,inner_val,4,Ca3PCl3
primary,mlp_magpie,lobo,3,inner_val,4,Ca3PI3
primary,mlp_magpie,lobo,3,inner_val,4,Mg3PI3
primary,mlp_magpie,loao,0,test,,Ba3AsBr3
primary,mlp_magpie,loao,0,test,,Ba3AsCl3
primary,mlp_magpie,loao,0,test,,Ba3AsI3
primary,mlp_magpie,loao,0,test,,Ba3BiBr3
primary,mlp_magpie,loao,0,test,,Ba3BiCl3
primary,mlp_magpie,loao,0,test,,Ba3BiI3
primary,mlp_magpie,loao,0,test,,Ba3PBr3
primary,mlp_magpie,loao,0,test,,Ba3PCl3
primary,mlp_magpie,loao,0,test,,Ba3PI3
primary,mlp_magpie,loao,0,test,,Ba3SbBr3
primary,mlp_magpie,loao,0,test,,Ba3SbCl3
primary,mlp_magpie,loao,0,test,,Ba3SbI3
primary,mlp_magpie,loao,0,inner_val,0,Sr3AsCl3
primary,mlp_magpie,loao,0,inner_val,0,Ca3PI3
primary,mlp_magpie,loao,0,inner_val,0,Sr3PBr3
primary,mlp_magpie,loao,0,inner_val,0,Ca3SbCl3
primary,mlp_magpie,loao,0,inner_val,0,Mg3SbBr3
primary,mlp_magpie,loao,0,inner_val,0,Sr3SbI3
primary,mlp_magpie,loao,0,inner_val,1,Ca3AsBr3
primary,mlp_magpie,loao,0,inner_val,1,Ca3AsF3
primary,mlp_magpie,loao,0,inner_val,1,Ca3PBr3
primary,mlp_magpie,loao,0,inner_val,1,Sr3PI3
primary,mlp_magpie,loao,0,inner_val,1,Mg3SbBr3
primary,mlp_magpie,loao,0,inner_val,1,Mg3SbI3
primary,mlp_magpie,loao,0,inner_val,2,Sr3AsCl3
primary,mlp_magpie,loao,0,inner_val,2,Sr3AsI3
primary,mlp_magpie,loao,0,inner_val,2,Mg3BiI3
primary,mlp_magpie,loao,0,inner_val,2,Sr3PI3
primary,mlp_magpie,loao,0,inner_val,2,Ca3SbBr3
primary,mlp_magpie,loao,0,inner_val,2,Mg3SbF3
primary,mlp_magpie,loao,0,inner_val,3,Ca3AsBr3
primary,mlp_magpie,loao,0,inner_val,3,Ca3BiI3
primary,mlp_magpie,loao,0,inner_val,3,Mg3PBr3
primary,mlp_magpie,loao,0,inner_val,3,Sr3PCl3
primary,mlp_magpie,loao,0,inner_val,3,Ca3SbBr3
primary,mlp_magpie,loao,0,inner_val,3,Sr3SbCl3
primary,mlp_magpie,loao,0,inner_val,4,Ca3PBr3
primary,mlp_magpie,loao,0,inner_val,4,Ca3PI3
primary,mlp_magpie,loao,0,inner_val,4,Mg3PBr3
primary,mlp_magpie,loao,0,inner_val,4,Mg3SbCl3
primary,mlp_magpie,loao,0,inner_val,4,Sr3SbCl3
primary,mlp_magpie,loao,0,inner_val,4,Sr3SbI3
primary,mlp_magpie,loao,1,test,,Ca3AsBr3
primary,mlp_magpie,loao,1,test,,Ca3AsF3
primary,mlp_magpie,loao,1,test,,Ca3BiI3
primary,mlp_magpie,loao,1,test,,Ca3PBr3
primary,mlp_magpie,loao,1,test,,Ca3PCl3
primary,mlp_magpie,loao,1,test,,Ca3PF3
primary,mlp_magpie,loao,1,test,,Ca3PI3
primary,mlp_magpie,loao,1,test,,Ca3SbBr3
primary,mlp_magpie,loao,1,test,,Ca3SbCl3
primary,mlp_magpie,loao,1,test,,Ca3SbF3
primary,mlp_magpie,loao,1,inner_val,0,Ba3AsBr3
primary,mlp_magpie,loao,1,inner_val,0,Ba3BiCl3
primary,mlp_magpie,loao,1,inner_val,0,Ba3BiI3
primary,mlp_magpie,loao,1,inner_val,0,Mg3PI3
primary,mlp_magpie,loao,1,inner_val,0,Sr3PCl3
primary,mlp_magpie,loao,1,inner_val,0,Sr3SbI3
primary,mlp_magpie,loao,1,inner_val,1,Mg3AsBr3
primary,mlp_magpie,loao,1,inner_val,1,Sr3AsCl3
primary,mlp_magpie,loao,1,inner_val,1,Sr3PI3
primary,mlp_magpie,loao,1,inner_val,1,Mg3SbBr3
primary,mlp_magpie,loao,1,inner_val,1,Mg3SbCl3
primary,mlp_magpie,loao,1,inner_val,1,Mg3SbF3
primary,mlp_magpie,loao,1,inner_val,2,Ba3AsI3
primary,mlp_magpie,loao,1,inner_val,2,Ba3BiCl3
primary,mlp_magpie,loao,1,inner_val,2,Mg3PI3
primary,mlp_magpie,loao,1,inner_val,2,Sr3PBr3
primary,mlp_magpie,loao,1,inner_val,2,Sr3PCl3
primary,mlp_magpie,loao,1,inner_val,2,Sr3SbCl3
primary,mlp_magpie,loao,1,inner_val,3,Mg3BiBr3
primary,mlp_magpie,loao,1,inner_val,3,Ba3PBr3
primary,mlp_magpie,loao,1,inner_val,3,Sr3PBr3
primary,mlp_magpie,loao,1,inner_val,3,Ba3SbCl3
primary,mlp_magpie,loao,1,inner_val,3,Mg3SbCl3
primary,mlp_magpie,loao,1,inner_val,3,Mg3SbI3
primary,mlp_magpie,loao,1,inner_val,4,Ba3BiI3
primary,mlp_magpie,loao,1,inner_val,4,Ba3PBr3
primary,mlp_magpie,loao,1,inner_val,4,Ba3PI3
primary,mlp_magpie,loao,1,inner_val,4,Sr3PCl3
primary,mlp_magpie,loao,1,inner_val,4,Sr3PI3
primary,mlp_magpie,loao,1,inner_val,4,Ba3SbI3
primary,mlp_magpie,loao,2,test,,Mg3AsBr3
primary,mlp_magpie,loao,2,test,,Mg3BiBr3
primary,mlp_magpie,loao,2,test,,Mg3BiI3
primary,mlp_magpie,loao,2,test,,Mg3PBr3
primary,mlp_magpie,loao,2,test,,Mg3PCl3
primary,mlp_magpie,loao,2,test,,Mg3PI3
primary,mlp_magpie,loao,2,test,,Mg3SbBr3
primary,mlp_magpie,loao,2,test,,Mg3SbCl3
primary,mlp_magpie,loao,2,test,,Mg3SbF3
primary,mlp_magpie,loao,2,test,,Mg3SbI3
primary,mlp_magpie,loao,2,inner_val,0,Ba3AsBr3
primary,mlp_magpie,loao,2,inner_val,0,Ca3AsF3
primary,mlp_magpie,loao,2,inner_val,0,Ba3BiBr3
primary,mlp_magpie,loao,2,inner_val,0,Sr3PCl3
primary,mlp_magpie,loao,2,inner_val,0,Ba3SbCl3
primary,mlp_magpie,loao,2,inner_val,0,Sr3SbI3
primary,mlp_magpie,loao,2,inner_val,1,Ba3AsBr3
primary,mlp_magpie,loao,2,inner_val,1,Ba3BiI3
primary,mlp_magpie,loao,2,inner_val,1,Ca3PF3
primary,mlp_magpie,loao,2,inner_val,1,Ca3PI3
primary,mlp_magpie,loao,2,inner_val,1,Sr3PBr3
primary,mlp_magpie,loao,2,inner_val,1,Ca3SbCl3
primary,mlp_magpie,loao,2,inner_val,2,Ca3AsF3
primary,mlp_magpie,loao,2,inner_val,2,Ba3PBr3
primary,mlp_magpie,loao,2,inner_val,2,Ba3PI3
primary,mlp_magpie,loao,2,inner_val,2,Ca3PF3
primary,mlp_magpie,loao,2,inner_val,2,Sr3PBr3
primary,mlp_magpie,loao,2,inner_val,2,Ba3SbBr3
primary,mlp_magpie,loao,2,inner_val,3,Ba3AsCl3
primary,mlp_magpie,loao,2,inner_val,3,Ba3AsI3
primary,mlp_magpie,loao,2,inner_val,3,Ca3AsBr3
primary,mlp_magpie,loao,2,inner_val,3,Ba3PCl3
primary,mlp_magpie,loao,2,inner_val,3,Ca3PI3
primary,mlp_magpie,loao,2,inner_val,3,Ca3SbBr3
primary,mlp_magpie,loao,2,inner_val,4,Ba3AsI3
primary,mlp_magpie,loao,2,inner_val,4,Sr3AsI3
primary,mlp_magpie,loao,2,inner_val,4,Ca3BiI3
primary,mlp_magpie,loao,2,inner_val,4,Ba3PCl3
primary,mlp_magpie,loao,2,inner_val,4,Ba3PI3
primary,mlp_magpie,loao,2,inner_val,4,Sr3PCl3
primary,mlp_magpie,loao,3,test,,Sr3AsCl3
primary,mlp_magpie,loao,3,test,,Sr3AsI3
primary,mlp_magpie,loao,3,test,,Sr3PBr3
primary,mlp_magpie,loao,3,test,,Sr3PCl3
primary,mlp_magpie,loao,3,test,,Sr3PI3
primary,mlp_magpie,loao,3,test,,Sr3SbCl3
primary,mlp_magpie,loao,3,test,,Sr3SbI3
primary,mlp_magpie,loao,3,inner_val,0,Ba3AsCl3
primary,mlp_magpie,loao,3,inner_val,0,Ca3BiI3
primary,mlp_magpie,loao,3,inner_val,0,Mg3PBr3
primary,mlp_magpie,loao,3,inner_val,0,Mg3PCl3
primary,mlp_magpie,loao,3,inner_val,0,Mg3PI3
primary,mlp_magpie,loao,3,inner_val,0,Ca3SbBr3
primary,mlp_magpie,loao,3,inner_val,0,Ca3SbF3
primary,mlp_magpie,loao,3,inner_val,1,Ba3AsBr3
primary,mlp_magpie,loao,3,inner_val,1,Mg3BiBr3
primary,mlp_magpie,loao,3,inner_val,1,Mg3BiI3
primary,mlp_magpie,loao,3,inner_val,1,Ba3PBr3
primary,mlp_magpie,loao,3,inner_val,1,Ca3PF3
primary,mlp_magpie,loao,3,inner_val,1,Ca3SbBr3
primary,mlp_magpie,loao,3,inner_val,1,Mg3SbF3
primary,mlp_magpie,loao,3,inner_val,2,Ba3AsBr3
primary,mlp_magpie,loao,3,inner_val,2,Ba3AsCl3
primary,mlp_magpie,loao,3,inner_val,2,Ca3AsBr3
primary,mlp_magpie,loao,3,inner_val,2,Ba3PBr3
primary,mlp_magpie,loao,3,inner_val,2,Ba3PI3
primary,mlp_magpie,loao,3,inner_val,2,Ba3SbI3
primary,mlp_magpie,loao,3,inner_val,2,Ca3SbCl3
primary,mlp_magpie,loao,3,inner_val,3,Ca3AsF3
primary,mlp_magpie,loao,3,inner_val,3,Ba3BiI3
primary,mlp_magpie,loao,3,inner_val,3,Ca3PBr3
primary,mlp_magpie,loao,3,inner_val,3,Ca3PCl3
primary,mlp_magpie,loao,3,inner_val,3,Mg3PCl3
primary,mlp_magpie,loao,3,inner_val,3,Ba3SbCl3
primary,mlp_magpie,loao,3,inner_val,3,Mg3SbI3
primary,mlp_magpie,loao,3,inner_val,4,Ca3AsF3
primary,mlp_magpie,loao,3,inner_val,4,Mg3AsBr3
primary,mlp_magpie,loao,3,inner_val,4,Mg3BiI3
primary,mlp_magpie,loao,3,inner_val,4,Mg3PBr3
primary,mlp_magpie,loao,3,inner_val,4,Mg3PI3
primary,mlp_magpie,loao,3,inner_val,4,Ca3SbBr3
primary,mlp_magpie,loao,3,inner_val,4,Mg3SbBr3
primary,mlp_magpie,gkf,0,test,,Ca3AsF3
primary,mlp_magpie,gkf,0,test,,Sr3AsI3
primary,mlp_magpie,gkf,0,test,,Ba3BiCl3
primary,mlp_magpie,gkf,0,test,,Ba3PBr3
primary,mlp_magpie,gkf,0,test,,Mg3PCl3
primary,mlp_magpie,gkf,0,test,,Mg3PI3
primary,mlp_magpie,gkf,0,test,,Sr3PI3
primary,mlp_magpie,gkf,0,test,,Mg3SbF3
primary,mlp_magpie,gkf,0,inner_val,0,Mg3BiBr3
primary,mlp_magpie,gkf,0,inner_val,0,Ba3PI3
primary,mlp_magpie,gkf,0,inner_val,0,Ca3PBr3
primary,mlp_magpie,gkf,0,inner_val,0,Mg3PBr3
primary,mlp_magpie,gkf,0,inner_val,0,Sr3PCl3
primary,mlp_magpie,gkf,0,inner_val,0,Ba3SbCl3
primary,mlp_magpie,gkf,0,inner_val,0,Sr3SbI3
primary,mlp_magpie,gkf,0,inner_val,1,Ba3AsBr3
primary,mlp_magpie,gkf,0,inner_val,1,Ba3AsCl3
primary,mlp_magpie,gkf,0,inner_val,1,Ba3BiBr3
primary,mlp_magpie,gkf,0,inner_val,1,Mg3BiBr3
primary,mlp_magpie,gkf,0,inner_val,1,Ca3PF3
primary,mlp_magpie,gkf,0,inner_val,1,Ca3PI3
primary,mlp_magpie,gkf,0,inner_val,1,Sr3PCl3
primary,mlp_magpie,gkf,0,inner_val,2,Mg3AsBr3
primary,mlp_magpie,gkf,0,inner_val,2,Ca3BiI3
primary,mlp_magpie,gkf,0,inner_val,2,Mg3BiI3
primary,mlp_magpie,gkf,0,inner_val,2,Ca3PBr3
primary,mlp_magpie,gkf,0,inner_val,2,Ca3PF3
primary,mlp_magpie,gkf,0,inner_val,2,Ca3SbF3
primary,mlp_magpie,gkf,0,inner_val,2,Mg3SbCl3
primary,mlp_magpie,gkf,0,inner_val,3,Ba3AsBr3
primary,mlp_magpie,gkf,0,inner_val,3,Ba3AsI3
primary,mlp_magpie,gkf,0,inner_val,3,Sr3AsCl3
primary,mlp_magpie,gkf,0,inner_val,3,Mg3BiBr3
primary,mlp_magpie,gkf,0,inner_val,3,Ca3PF3
primary,mlp_magpie,gkf,0,inner_val,3,Sr3PBr3
primary,mlp_magpie,gkf,0,inner_val,3,Mg3SbI3
primary,mlp_magpie,gkf,0,inner_val,4,Sr3AsCl3
primary,mlp_magpie,gkf,0,inner_val,4,Ba3BiBr3
primary,mlp_magpie,gkf,0,inner_val,4,Ba3PI3
primary,mlp_magpie,gkf,0,inner_val,4,Mg3PBr3
primary,mlp_magpie,gkf,0,inner_val,4,Sr3PBr3
primary,mlp_magpie,gkf,0,inner_val,4,Ca3SbCl3
primary,mlp_magpie,gkf,0,inner_val,4,Sr3SbI3
primary,mlp_magpie,gkf,1,test,,Ca3AsBr3
primary,mlp_magpie,gkf,1,test,,Mg3BiI3
primary,mlp_magpie,gkf,1,test,,Ba3PI3
primary,mlp_magpie,gkf,1,test,,Ca3PBr3
primary,mlp_magpie,gkf,1,test,,Ca3PCl3
primary,mlp_magpie,gkf,1,test,,Ca3PF3
primary,mlp_magpie,gkf,1,test,,Ba3SbBr3
primary,mlp_magpie,gkf,1,test,,Ca3SbBr3
primary,mlp_magpie,gkf,1,inner_val,0,Ba3AsBr3
primary,mlp_magpie,gkf,1,inner_val,0,Sr3AsI3
primary,mlp_magpie,gkf,1,inner_val,0,Ba3BiCl3
primary,mlp_magpie,gkf,1,inner_val,0,Ba3BiI3
primary,mlp_magpie,gkf,1,inner_val,0,Ca3PI3
primary,mlp_magpie,gkf,1,inner_val,0,Sr3PI3
primary,mlp_magpie,gkf,1,inner_val,0,Sr3SbI3
primary,mlp_magpie,gkf,1,inner_val,1,Ba3BiBr3
primary,mlp_magpie,gkf,1,inner_val,1,Mg3BiBr3
primary,mlp_magpie,gkf,1,inner_val,1,Sr3PBr3
primary,mlp_magpie,gkf,1,inner_val,1,Mg3SbBr3
primary,mlp_magpie,gkf,1,inner_val,1,Mg3SbF3
primary,mlp_magpie,gkf,1,inner_val,1,Mg3SbI3
primary,mlp_magpie,gkf,1,inner_val,1,Sr3SbCl3
primary,mlp_magpie,gkf,1,inner_val,2,Ba3AsBr3
primary,mlp_magpie,gkf,1,inner_val,2,Ba3AsI3
primary,mlp_magpie,gkf,1,inner_val,2,Sr3AsI3
primary,mlp_magpie,gkf,1,inner_val,2,Ba3BiCl3
primary,mlp_magpie,gkf,1,inner_val,2,Sr3PBr3
primary,mlp_magpie,gkf,1,inner_val,2,Ba3SbCl3
primary,mlp_magpie,gkf,1,inner_val,2,Mg3SbF3
primary,mlp_magpie,gkf,1,inner_val,3,Ca3AsF3
primary,mlp_magpie,gkf,1,inner_val,3,Ba3PBr3
primary,mlp_magpie,gkf,1,inner_val,3,Sr3PBr3
primary,mlp_magpie,gkf,1,inner_val,3,Ca3SbF3
primary,mlp_magpie,gkf,1,inner_val,3,Mg3SbCl3
primary,mlp_magpie,gkf,1,inner_val,3,Mg3SbF3
primary,mlp_magpie,gkf,1,inner_val,3,Sr3SbCl3
primary,mlp_magpie,gkf,1,inner_val,4,Ba3BiBr3
primary,mlp_magpie,gkf,1,inner_val,4,Ba3BiI3
primary,mlp_magpie,gkf,1,inner_val,4,Ca3BiI3
primary,mlp_magpie,gkf,1,inner_val,4,Ba3PBr3
primary,mlp_magpie,gkf,1,inner_val,4,Sr3PCl3
primary,mlp_magpie,gkf,1,inner_val,4,Ba3SbCl3
primary,mlp_magpie,gkf,1,inner_val,4,Mg3SbI3
primary,mlp_magpie,gkf,2,test,,Ba3AsBr3
primary,mlp_magpie,gkf,2,test,,Ba3AsCl3
primary,mlp_magpie,gkf,2,test,,Sr3AsCl3
primary,mlp_magpie,gkf,2,test,,Ba3BiI3
primary,mlp_magpie,gkf,2,test,,Mg3PBr3
primary,mlp_magpie,gkf,2,test,,Ba3SbI3
primary,mlp_magpie,gkf,2,test,,Ca3SbF3
primary,mlp_magpie,gkf,2,test,,Sr3SbCl3
primary,mlp_magpie,gkf,2,inner_val,0,Ba3AsI3
primary,mlp_magpie,gkf,2,inner_val,0,Ba3PBr3
primary,mlp_magpie,gkf,2,inner_val,0,Ca3PI3
primary,mlp_magpie,gkf,2,inner_val,0,Sr3PCl3
primary,mlp_magpie,gkf,2,inner_val,0,Sr3PI3
primary,mlp_magpie,gkf,2,inner_val,0,Ca3SbBr3
primary,mlp_magpie,gkf,2,inner_val,0,Mg3SbI3
primary,mlp_magpie,gkf,2,inner_val,1,Ba3AsI3
primary,mlp_magpie,gkf,2,inner_val,1,Ca3AsBr3
primary,mlp_magpie,gkf,2,inner_val,1,Mg3AsBr3
primary,mlp_magpie,gkf,2,inner_val,1,Mg3BiI3
primary,mlp_magpie,gkf,2,inner_val,1,Mg3PI3
primary,mlp_magpie,gkf,2,inner_val,1,Mg3SbF3
primary,mlp_magpie,gkf,2,inner_val,1,Mg3SbI3
primary,mlp_magpie,gkf,2,inner_val,2,Ba3AsI3
primary,mlp_magpie,gkf,2,inner_val,2,Ca3AsF3
primary,mlp_magpie,gkf,2,inner_val,2,Mg3BiBr3
primary,mlp_magpie,gkf,2,inner_val,2,Ca3PF3
primary,mlp_magpie,gkf,2,inner_val,2,Sr3PCl3
primary,mlp_magpie,gkf,2,inner_val,2,Ba3SbBr3
primary,mlp_magpie,gkf,2,inner_val,2,Sr3SbI3
primary,mlp_magpie,gkf,2,inner_val,3,Sr3AsI3
primary,mlp_magpie,gkf,2,inner_val,3,Ba3BiBr3
primary,mlp_magpie,gkf,2,inner_val,3,Ba3BiCl3
primary,mlp_magpie,gkf,2,inner_val,3,Mg3BiI3
primary,mlp_magpie,gkf,2,inner_val,3,Ca3PCl3
primary,mlp_magpie,gkf,2,inner_val,3,Mg3PCl3
primary,mlp_magpie,gkf,2,inner_val,3,Ba3SbCl3
primary,mlp_magpie,gkf,2,inner_val,4,Ca3AsBr3
primary,mlp_magpie,gkf,2,inner_val,4,Sr3AsI3
primary,mlp_magpie,gkf,2,inner_val,4,Ba3BiCl3
primary,mlp_magpie,gkf,2,inner_val,4,Mg3BiBr3
primary,mlp_magpie,gkf,2,inner_val,4,Ca3PF3
primary,mlp_magpie,gkf,2,inner_val,4,Ba3SbCl3
primary,mlp_magpie,gkf,2,inner_val,4,Mg3SbI3
primary,mlp_magpie,gkf,3,test,,Ba3AsI3
primary,mlp_magpie,gkf,3,test,,Ba3BiBr3
primary,mlp_magpie,gkf,3,test,,Mg3BiBr3
primary,mlp_magpie,gkf,3,test,,Sr3PBr3
primary,mlp_magpie,gkf,3,test,,Sr3PCl3
primary,mlp_magpie,gkf,3,test,,Ba3SbCl3
primary,mlp_magpie,gkf,3,test,,Mg3SbCl3
primary,mlp_magpie,gkf,3,test,,Mg3SbI3
primary,mlp_magpie,gkf,3,inner_val,0,Ba3AsCl3
primary,mlp_magpie,gkf,3,inner_val,0,Mg3AsBr3
primary,mlp_magpie,gkf,3,inner_val,0,Sr3AsCl3
primary,mlp_magpie,gkf,3,inner_val,0,Sr3AsI3
primary,mlp_magpie,gkf,3,inner_val,0,Ca3PF3
primary,mlp_magpie,gkf,3,inner_val,0,Mg3PBr3
primary,mlp_magpie,gkf,3,inner_val,0,Mg3SbF3
primary,mlp_magpie,gkf,3,inner_val,1,Ba3AsBr3
primary,mlp_magpie,gkf,3,inner_val,1,Mg3AsBr3
primary,mlp_magpie,gkf,3,inner_val,1,Ba3PI3
primary,mlp_magpie,gkf,3,inner_val,1,Mg3PI3
primary,mlp_magpie,gkf,3,inner_val,1,Ca3SbCl3
primary,mlp_magpie,gkf,3,inner_val,1,Mg3SbBr3
primary,mlp_magpie,gkf,3,inner_val,1,Sr3SbCl3
primary,mlp_magpie,gkf,3,inner_val,2,Ba3AsBr3
primary,mlp_magpie,gkf,3,inner_val,2,Ba3AsCl3
primary,mlp_magpie,gkf,3,inner_val,2,Ca3BiI3
primary,mlp_magpie,gkf,3,inner_val,2,Mg3BiI3
primary,mlp_magpie,gkf,3,inner_val,2,Ba3PI3
primary,mlp_magpie,gkf,3,inner_val,2,Ca3PBr3
primary,mlp_magpie,gkf,3,inner_val,2,Ba3SbI3
primary,mlp_magpie,gkf,3,inner_val,3,Ca3AsF3
primary,mlp_magpie,gkf,3,inner_val,3,Sr3AsI3
primary,mlp_magpie,gkf,3,inner_val,3,Ba3PI3
primary,mlp_magpie,gkf,3,inner_val,3,Ca3PCl3
primary,mlp_magpie,gkf,3,inner_val,3,Ca3PI3
primary,mlp_magpie,gkf,3,inner_val,3,Sr3PI3
primary,mlp_magpie,gkf,3,inner_val,3,Sr3SbI3
primary,mlp_magpie,gkf,3,inner_val,4,Sr3AsI3
primary,mlp_magpie,gkf,3,inner_val,4,Ca3PCl3
primary,mlp_magpie,gkf,3,inner_val,4,Mg3PBr3
primary,mlp_magpie,gkf,3,inner_val,4,Mg3PI3
primary,mlp_magpie,gkf,3,inner_val,4,Ca3SbCl3
primary,mlp_magpie,gkf,3,inner_val,4,Mg3SbBr3
primary,mlp_magpie,gkf,3,inner_val,4,Mg3SbF3
primary,mlp_magpie,gkf,4,test,,Mg3AsBr3
primary,mlp_magpie,gkf,4,test,,Ca3BiI3
primary,mlp_magpie,gkf,4,test,,Ba3PCl3
primary,mlp_magpie,gkf,4,test,,Ca3PI3
primary,mlp_magpie,gkf,4,test,,Ca3SbCl3
primary,mlp_magpie,gkf,4,test,,Mg3SbBr3
primary,mlp_magpie,gkf,4,test,,Sr3SbI3
primary,mlp_magpie,gkf,4,inner_val,0,Ba3AsCl3
primary,mlp_magpie,gkf,4,inner_val,0,Ca3AsF3
primary,mlp_magpie,gkf,4,inner_val,0,Mg3PI3
primary,mlp_magpie,gkf,4,inner_val,0,Sr3PCl3
primary,mlp_magpie,gkf,4,inner_val,0,Ca3SbBr3
primary,mlp_magpie,gkf,4,inner_val,0,Mg3SbF3
primary,mlp_magpie,gkf,4,inner_val,0,Sr3SbCl3
primary,mlp_magpie,gkf,4,inner_val,1,Ba3AsCl3
primary,mlp_magpie,gkf,4,inner_val,1,Ba3BiI3
primary,mlp_magpie,gkf,4,inner_val,1,Ca3PBr3
primary,mlp_magpie,gkf,4,inner_val,1,Sr3PBr3
primary,mlp_magpie,gkf,4,inner_val,1,Sr3PI3
primary,mlp_magpie,gkf,4,inner_val,1,Ca3SbBr3
primary,mlp_magpie,gkf,4,inner_val,1,Mg3SbF3
primary,mlp_magpie,gkf,4,inner_val,2,Sr3AsCl3
primary,mlp_magpie,gkf,4,inner_val,2,Sr3AsI3
primary,mlp_magpie,gkf,4,inner_val,2,Mg3BiBr3
primary,mlp_magpie,gkf,4,inner_val,2,Mg3BiI3
primary,mlp_magpie,gkf,4,inner_val,2,Sr3PI3
primary,mlp_magpie,gkf,4,inner_val,2,Ba3SbCl3
primary,mlp_magpie,gkf,4,inner_val,2,Ba3SbI3
primary,mlp_magpie,gkf,4,inner_val,3,Ba3AsBr3
primary,mlp_magpie,gkf,4,inner_val,3,Sr3AsCl3
primary,mlp_magpie,gkf,4,inner_val,3,Ba3BiBr3
primary,mlp_magpie,gkf,4,inner_val,3,Ba3BiCl3
primary,mlp_magpie,gkf,4,inner_val,3,Sr3PBr3
primary,mlp_magpie,gkf,4,inner_val,3,Sr3PCl3
primary,mlp_magpie,gkf,4,inner_val,3,Ba3SbBr3
primary,mlp_magpie,gkf,4,inner_val,4,Mg3BiI3
primary,mlp_magpie,gkf,4,inner_val,4,Ba3PBr3
primary,mlp_magpie,gkf,4,inner_val,4,Ca3PF3
primary,mlp_magpie,gkf,4,inner_val,4,Sr3PCl3
primary,mlp_magpie,gkf,4,inner_val,4,Ba3SbCl3
primary,mlp_magpie,gkf,4,inner_val,4,Mg3SbF3
primary,mlp_magpie,gkf,4,inner_val,4,Mg3SbI3
primary,mlp_magpie,gkf,5,test,,Ba3AsBr3
primary,mlp_magpie,gkf,5,test,,Ca3AsBr3
primary,mlp_magpie,gkf,5,test,,Ba3BiCl3
primary,mlp_magpie,gkf,5,test,,Mg3BiBr3
primary,mlp_magpie,gkf,5,test,,Mg3PI3
primary,mlp_magpie,gkf,5,test,,Ba3SbCl3
primary,mlp_magpie,gkf,5,test,,Mg3SbBr3
primary,mlp_magpie,gkf,5,test,,Mg3SbCl3
primary,mlp_magpie,gkf,5,inner_val,0,Ba3AsI3
primary,mlp_magpie,gkf,5,inner_val,0,Sr3AsI3
primary,mlp_magpie,gkf,5,inner_val,0,Mg3BiI3
primary,mlp_magpie,gkf,5,inner_val,0,Ca3PBr3
primary,mlp_magpie,gkf,5,inner_val,0,Ba3SbI3
primary,mlp_magpie,gkf,5,inner_val,0,Mg3SbI3
primary,mlp_magpie,gkf,5,inner_val,0,Sr3SbI3
primary,mlp_magpie,gkf,5,inner_val,1,Ba3AsI3
primary,mlp_magpie,gkf,5,inner_val,1,Ca3BiI3
primary,mlp_magpie,gkf,5,inner_val,1,Ba3PBr3
primary,mlp_magpie,gkf,5,inner_val,1,Ba3PI3
primary,mlp_magpie,gkf,5,inner_val,1,Ca3PCl3
primary,mlp_magpie,gkf,5,inner_val,1,Sr3PCl3
primary,mlp_magpie,gkf,5,inner_val,1,Ba3SbBr3
primary,mlp_magpie,gkf,5,inner_val,2,Ba3BiBr3
primary,mlp_magpie,gkf,5,inner_val,2,Ba3BiI3
primary,mlp_magpie,gkf,5,inner_val,2,Ca3BiI3
primary,mlp_magpie,gkf,5,inner_val,2,Mg3BiI3
primary,mlp_magpie,gkf,5,inner_val,2,Ba3SbBr3
primary,mlp_magpie,gkf,5,inner_val,2,Ba3SbI3
primary,mlp_magpie,gkf,5,inner_val,2,Sr3SbI3
primary,mlp_magpie,gkf,5,inner_val,3,Ba3AsI3
primary,mlp_magpie,gkf,5,inner_val,3,Sr3AsCl3
primary,mlp_magpie,gkf,5,inner_val,3,Sr3AsI3
primary,mlp_magpie,gkf,5,inner_val,3,Ba3BiBr3
primary,mlp_magpie,gkf,5,inner_val,3,Ca3PF3
primary,mlp_magpie,gkf,5,inner_val,3,Ba3SbI3
primary,mlp_magpie,gkf,5,inner_val,3,Mg3SbF3
primary,mlp_magpie,gkf,5,inner_val,4,Ba3BiBr3
primary,mlp_magpie,gkf,5,inner_val,4,Ca3BiI3
primary,mlp_magpie,gkf,5,inner_val,4,Mg3BiI3
primary,mlp_magpie,gkf,5,inner_val,4,Ca3PCl3
primary,mlp_magpie,gkf,5,inner_val,4,Mg3PCl3
primary,mlp_magpie,gkf,5,inner_val,4,Ba3SbI3
primary,mlp_magpie,gkf,5,inner_val,4,Sr3SbCl3
primary,mlp_magpie,gkf,6,test,,Mg3AsBr3
primary,mlp_magpie,gkf,6,test,,Ba3BiI3
primary,mlp_magpie,gkf,6,test,,Ca3PBr3
primary,mlp_magpie,gkf,6,test,,Ca3PI3
primary,mlp_magpie,gkf,6,test,,Mg3PCl3
primary,mlp_magpie,gkf,6,test,,Ba3SbBr3
primary,mlp_magpie,gkf,6,test,,Ca3SbF3
primary,mlp_magpie,gkf,6,test,,Mg3SbI3
primary,mlp_magpie,gkf,6,inner_val,0,Ba3AsCl3
primary,mlp_magpie,gkf,6,inner_val,0,Mg3BiI3
primary,mlp_magpie,gkf,6,inner_val,0,Ba3PBr3
primary,mlp_magpie,gkf,6,inner_val,0,Ba3PCl3
primary,mlp_magpie,gkf,6,inner_val,0,Mg3PI3
primary,mlp_magpie,gkf,6,inner_val,0,Ca3SbBr3
primary,mlp_magpie,gkf,6,inner_val,0,Mg3SbBr3
primary,mlp_magpie,gkf,6,inner_val,1,Sr3AsI3
primary,mlp_magpie,gkf,6,inner_val,1,Mg3BiBr3
primary,mlp_magpie,gkf,6,inner_val,1,Ba3PCl3
primary,mlp_magpie,gkf,6,inner_val,1,Ca3PF3
primary,mlp_magpie,gkf,6,inner_val,1,Ba3SbI3
primary,mlp_magpie,gkf,6,inner_val,1,Ca3SbCl3
primary,mlp_magpie,gkf,6,inner_val,1,Sr3SbI3
primary,mlp_magpie,gkf,6,inner_val,2,Ca3AsF3
primary,mlp_magpie,gkf,6,inner_val,2,Ca3BiI3
primary,mlp_magpie,gkf,6,inner_val,2,Ba3PBr3
primary,mlp_magpie,gkf,6,inner_val,2,Ca3PCl3
primary,mlp_magpie,gkf,6,inner_val,2,Ba3SbI3
primary,mlp_magpie,gkf,6,inner_val,2,Ca3SbBr3
primary,mlp_magpie,gkf,6,inner_val,2,Sr3SbI3
primary,mlp_magpie,gkf,6,inner_val,3,Ba3AsBr3
primary,mlp_magpie,gkf,6,inner_val,3,Ba3AsCl3
primary,mlp_magpie,gkf,6,inner_val,3,Sr3AsI3
primary,mlp_magpie,gkf,6,inner_val,3,Ca3BiI3
primary,mlp_magpie,gkf,6,inner_val,3,Mg3BiBr3
primary,mlp_magpie,gkf,6,inner_val,3,Ba3PCl3
primary,mlp_magpie,gkf,6,inner_val,3,Ca3PF3
primary,mlp_magpie,gkf,6,inner_val,4,Ba3AsI3
primary,mlp_magpie,gkf,6,inner_val,4,Ca3AsBr3
primary,mlp_magpie,gkf,6,inner_val,4,Sr3AsCl3
primary,mlp_magpie,gkf,6,inner_val,4,Ba3PBr3
primary,mlp_magpie,gkf,6,inner_val,4,Ba3PI3
primary,mlp_magpie,gkf,6,inner_val,4,Mg3PI3
primary,mlp_magpie,gkf,6,inner_val,4,Sr3SbCl3
primary,mlp_magpie,gkf,7,test,,Ba3AsI3
primary,mlp_magpie,gkf,7,test,,Sr3AsCl3
primary,mlp_magpie,gkf,7,test,,Sr3AsI3
primary,mlp_magpie,gkf,7,test,,Ba3PCl3
primary,mlp_magpie,gkf,7,test,,Ca3PCl3
primary,mlp_magpie,gkf,7,test,,Sr3PBr3
primary,mlp_magpie,gkf,7,test,,Ba3SbI3
primary,mlp_magpie,gkf,7,test,,Sr3SbI3
primary,mlp_magpie,gkf,7,inner_val,0,Ba3AsBr3
primary,mlp_magpie,gkf,7,inner_val,0,Ba3PBr3
primary,mlp_magpie,gkf,7,inner_val,0,Ba3PI3
primary,mlp_magpie,gkf,7,inner_val,0,Ca3PI3
primary,mlp_magpie,gkf,7,inner_val,0,Sr3PI3
primary,mlp_magpie,gkf,7,inner_val,0,Mg3SbCl3
primary,mlp_magpie,gkf,7,inner_val,0,Sr3SbCl3
primary,mlp_magpie,gkf,7,inner_val,1,Ca3AsF3
primary,mlp_magpie,gkf,7,inner_val,1,Mg3AsBr3
primary,mlp_magpie,gkf,7,inner_val,1,Ba3BiCl3
primary,mlp_magpie,gkf,7,inner_val,1,Mg3BiBr3
primary,mlp_magpie,gkf,7,inner_val,1,Ca3PI3
primary,mlp_magpie,gkf,7,inner_val,1,Mg3PCl3
primary,mlp_magpie,gkf,7,inner_val,1,Sr3PCl3
primary,mlp_magpie,gkf,7,inner_val,2,Ba3AsBr3
primary,mlp_magpie,gkf,7,inner_val,2,Mg3AsBr3
primary,mlp_magpie,gkf,7,inner_val,2,Mg3BiBr3
primary,mlp_magpie,gkf,7,inner_val,2,Mg3PI3
primary,mlp_magpie,gkf,7,inner_val,2,Mg3SbCl3
primary,mlp_magpie,gkf,7,inner_val,2,Mg3SbI3
primary,mlp_magpie,gkf,7,inner_val,2,Sr3SbCl3
primary,mlp_magpie,gkf,7,inner_val,3,Ca3AsF3
primary,mlp_magpie,gkf,7,inner_val,3,Ba3BiI3
primary,mlp_magpie,gkf,7,inner_val,3,Ba3PI3
primary,mlp_magpie,gkf,7,inner_val,3,Ca3PF3
primary,mlp_magpie,gkf,7,inner_val,3,Mg3PBr3
primary,mlp_magpie,gkf,7,inner_val,3,Mg3SbBr3
primary,mlp_magpie,gkf,7,inner_val,3,Mg3SbCl3
primary,mlp_magpie,gkf,7,inner_val,4,Ca3AsBr3
primary,mlp_magpie,gkf,7,inner_val,4,Ba3BiBr3
primary,mlp_magpie,gkf,7,inner_val,4,Ba3BiI3
primary,mlp_magpie,gkf,7,inner_val,4,Mg3BiI3
primary,mlp_magpie,gkf,7,inner_val,4,Ba3PBr3
primary,mlp_magpie,gkf,7,inner_val,4,Ba3PI3
primary,mlp_magpie,gkf,7,inner_val,4,Ca3SbBr3
primary,mlp_magpie,gkf,8,test,,Ba3AsCl3
primary,mlp_magpie,gkf,8,test,,Ca3BiI3
primary,mlp_magpie,gkf,8,test,,Mg3PBr3
primary,mlp_magpie,gkf,8,test,,Sr3PCl3
primary,mlp_magpie,gkf,8,test,,Sr3PI3
primary,mlp_magpie,gkf,8,test,,Ca3SbBr3
primary,mlp_magpie,gkf,8,test,,Mg3SbF3
primary,mlp_magpie,gkf,8,test,,Sr3SbCl3
primary,mlp_magpie,gkf,8,inner_val,0,Ba3AsI3
primary,mlp_magpie,gkf,8,inner_val,0,Ca3AsF3
primary,mlp_magpie,gkf,8,inner_val,0,Ba3BiI3
primary,mlp_magpie,gkf,8,inner_val,0,Ca3PCl3
primary,mlp_magpie,gkf,8,inner_val,0,Ca3PF3
primary,mlp_magpie,gkf,8,inner_val,0,Ca3PI3
primary,mlp_magpie,gkf,8,inner_val,0,Ca3SbF3
primary,mlp_magpie,gkf,8,inner_val,1,Ca3PBr3
primary,mlp_magpie,gkf,8,inner_val,1,Ca3PCl3
primary,mlp_magpie,gkf,8,inner_val,1,Sr3PBr3
primary,mlp_magpie,gkf,8,inner_val,1,Mg3SbBr3
primary,mlp_magpie,gkf,8,inner_val,1,Mg3SbCl3
primary,mlp_magpie,gkf,8,inner_val,1,Mg3SbI3
primary,mlp_magpie,gkf,8,inner_val,1,Sr3SbI3
primary,mlp_magpie,gkf,8,inner_val,2,Ca3AsBr3
primary,mlp_magpie,gkf,8,inner_val,2,Ca3AsF3
primary,mlp_magpie,gkf,8,inner_val,2,Sr3AsCl3
primary,mlp_magpie,gkf,8,inner_val,2,Mg3BiI3
primary,mlp_magpie,gkf,8,inner_val,2,Ba3PCl3
primary,mlp_magpie,gkf,8,inner_val,2,Ba3SbBr3
primary,mlp_magpie,gkf,8,inner_val,2,Ba3SbI3
primary,mlp_magpie,gkf,8,inner_val,3,Mg3AsBr3
primary,mlp_magpie,gkf,8,inner_val,3,Ba3BiBr3
primary,mlp_magpie,gkf,8,inner_val,3,Ba3PI3
primary,mlp_magpie,gkf,8,inner_val,3,Ca3PI3
primary,mlp_magpie,gkf,8,inner_val,3,Sr3PBr3
primary,mlp_magpie,gkf,8,inner_val,3,Ca3SbCl3
primary,mlp_magpie,gkf,8,inner_val,3,Ca3SbF3
primary,mlp_magpie,gkf,8,inner_val,4,Sr3AsCl3
primary,mlp_magpie,gkf,8,inner_val,4,Ba3BiI3
primary,mlp_magpie,gkf,8,inner_val,4,Mg3BiBr3
primary,mlp_magpie,gkf,8,inner_val,4,Ba3PI3
primary,mlp_magpie,gkf,8,inner_val,4,Ba3SbBr3
primary,mlp_magpie,gkf,8,inner_val,4,Mg3SbCl3
primary,mlp_magpie,gkf,8,inner_val,4,Sr3SbI3
primary,mlp_magpie,gkf,9,test,,Ca3AsF3
primary,mlp_magpie,gkf,9,test,,Ba3BiBr3
primary,mlp_magpie,gkf,9,test,,Mg3BiI3
primary,mlp_magpie,gkf,9,test,,Ba3PBr3
primary,mlp_magpie,gkf,9,test,,Ba3PI3
primary,mlp_magpie,gkf,9,test,,Ca3PF3
primary,mlp_magpie,gkf,9,test,,Ca3SbCl3
primary,mlp_magpie,gkf,9,inner_val,0,Ba3AsCl3
primary,mlp_magpie,gkf,9,inner_val,0,Mg3AsBr3
primary,mlp_magpie,gkf,9,inner_val,0,Sr3PBr3
primary,mlp_magpie,gkf,9,inner_val,0,Ba3SbBr3
primary,mlp_magpie,gkf,9,inner_val,0,Ba3SbCl3
primary,mlp_magpie,gkf,9,inner_val,0,Ba3SbI3
primary,mlp_magpie,gkf,9,inner_val,0,Sr3SbCl3
primary,mlp_magpie,gkf,9,inner_val,1,Mg3AsBr3
primary,mlp_magpie,gkf,9,inner_val,1,Ba3BiCl3
primary,mlp_magpie,gkf,9,inner_val,1,Ba3PCl3
primary,mlp_magpie,gkf,9,inner_val,1,Ca3PBr3
primary,mlp_magpie,gkf,9,inner_val,1,Mg3PI3
primary,mlp_magpie,gkf,9,inner_val,1,Ca3SbBr3
primary,mlp_magpie,gkf,9,inner_val,1,Sr3SbCl3
primary,mlp_magpie,gkf,9,inner_val,2,Ca3AsBr3
primary,mlp_magpie,gkf,9,inner_val,2,Sr3AsCl3
primary,mlp_magpie,gkf,9,inner_val,2,Ca3BiI3
primary,mlp_magpie,gkf,9,inner_val,2,Ba3PCl3
primary,mlp_magpie,gkf,9,inner_val,2,Mg3PBr3
primary,mlp_magpie,gkf,9,inner_val,2,Ba3SbCl3
primary,mlp_magpie,gkf,9,inner_val,2,Ca3SbBr3
primary,mlp_magpie,gkf,9,inner_val,3,Ba3AsBr3
primary,mlp_magpie,gkf,9,inner_val,3,Ba3AsI3
primary,mlp_magpie,gkf,9,inner_val,3,Sr3AsCl3
primary,mlp_magpie,gkf,9,inner_val,3,Ba3BiCl3
primary,mlp_magpie,gkf,9,inner_val,3,Ba3PCl3
primary,mlp_magpie,gkf,9,inner_val,3,Mg3PBr3
primary,mlp_magpie,gkf,9,inner_val,3,Ba3SbBr3
primary,mlp_magpie,gkf,9,inner_val,4,Ca3PI3
primary,mlp_magpie,gkf,9,inner_val,4,Mg3PCl3
primary,mlp_magpie,gkf,9,inner_val,4,Mg3PI3
primary,mlp_magpie,gkf,9,inner_val,4,Mg3SbBr3
primary,mlp_magpie,gkf,9,inner_val,4,Mg3SbF3
primary,mlp_magpie,gkf,9,inner_val,4,Sr3SbCl3
primary,mlp_magpie,gkf,9,inner_val,4,Sr3SbI3
primary,mlp_magpie,gkf,10,test,,Ba3AsCl3
primary,mlp_magpie,gkf,10,test,,Ba3BiBr3
primary,mlp_magpie,gkf,10,test,,Ba3BiCl3
primary,mlp_magpie,gkf,10,test,,Ba3BiI3
primary,mlp_magpie,gkf,10,test,,Ca3PCl3
primary,mlp_magpie,gkf,10,test,,Mg3PCl3
primary,mlp_magpie,gkf,10,test,,Ba3SbBr3
primary,mlp_magpie,gkf,10,test,,Ba3SbCl3
primary,mlp_magpie,gkf,10,inner_val,0,Ba3AsI3
primary,mlp_magpie,gkf,10,inner_val,0,Ba3PI3
primary,mlp_magpie,gkf,10,inner_val,0,Mg3PI3
primary,mlp_magpie,gkf,10,inner_val,0,Sr3PBr3
primary,mlp_magpie,gkf,10,inner_val,0,Sr3PCl3
primary,mlp_magpie,gkf,10,inner_val,0,Ca3SbF3
primary,mlp_magpie,gkf,10,inner_val,0,Mg3SbBr3
primary,mlp_magpie,gkf,10,inner_val,1,Ba3AsBr3
primary,mlp_magpie,gkf,10,inner_val,1,Mg3BiBr3
primary,mlp_magpie,gkf,10,inner_val,1,Ba3PBr3
primary,mlp_magpie,gkf,10,inner_val,1,Ca3SbBr3
primary,mlp_magpie,gkf,10,inner_val,1,Ca3SbF3
primary,mlp_magpie,gkf,10,inner_val,1,Mg3SbCl3
primary,mlp_magpie,gkf,10,inner_val,1,Mg3SbF3
primary,mlp_magpie,gkf,10,inner_val,2,Sr3AsI3
primary,mlp_magpie,gkf,10,inner_val,2,Ba3PI3
primary,mlp_magpie,gkf,10,inner_val,2,Ca3PBr3
primary,mlp_magpie,gkf,10,inner_val,2,Ca3PF3
primary,mlp_magpie,gkf,10,inner_val,2,Mg3PBr3
primary,mlp_magpie,gkf,10,inner_val,2,Sr3PI3
primary,mlp_magpie,gkf,10,inner_val,2,Sr3SbI3
primary,mlp_magpie,gkf,10,inner_val,3,Sr3AsI3
primary,mlp_magpie,gkf,10,inner_val,3,Ba3PCl3
primary,mlp_magpie,gkf,10,inner_val,3,Ca3PI3
primary,mlp_magpie,gkf,10,inner_val,3,Mg3PBr3
primary,mlp_magpie,gkf,10,inner_val,3,Sr3PCl3
primary,mlp_magpie,gkf,10,inner_val,3,Sr3SbCl3
primary,mlp_magpie,gkf,10,inner_val,3,Sr3SbI3
primary,mlp_magpie,gkf,10,inner_val,4,Ba3AsBr3
primary,mlp_magpie,gkf,10,inner_val,4,Mg3AsBr3
primary,mlp_magpie,gkf,10,inner_val,4,Sr3AsCl3
primary,mlp_magpie,gkf,10,inner_val,4,Sr3AsI3
primary,mlp_magpie,gkf,10,inner_val,4,Ba3PI3
primary,mlp_magpie,gkf,10,inner_val,4,Ca3PBr3
primary,mlp_magpie,gkf,10,inner_val,4,Mg3SbCl3
primary,mlp_magpie,gkf,11,test,,Ba3AsI3
primary,mlp_magpie,gkf,11,test,,Sr3AsCl3
primary,mlp_magpie,gkf,11,test,,Sr3AsI3
primary,mlp_magpie,gkf,11,test,,Ca3PI3
primary,mlp_magpie,gkf,11,test,,Sr3PI3
primary,mlp_magpie,gkf,11,test,,Ba3SbI3
primary,mlp_magpie,gkf,11,test,,Ca3SbBr3
primary,mlp_magpie,gkf,11,test,,Mg3SbBr3
primary,mlp_magpie,gkf,11,inner_val,0,Ba3AsBr3
primary,mlp_magpie,gkf,11,inner_val,0,Mg3BiI3
primary,mlp_magpie,gkf,11,inner_val,0,Ba3PBr3
primary,mlp_magpie,gkf,11,inner_val,0,Ca3PBr3
primary,mlp_magpie,gkf,11,inner_val,0,Ca3PF3
primary,mlp_magpie,gkf,11,inner_val,0,Mg3PBr3
primary,mlp_magpie,gkf,11,inner_val,0,Ba3SbBr3
primary,mlp_magpie,gkf,11,inner_val,1,Ca3BiI3
primary,mlp_magpie,gkf,11,inner_val,1,Ba3PBr3
primary,mlp_magpie,gkf,11,inner_val,1,Ba3PCl3
primary,mlp_magpie,gkf,11,inner_val,1,Ba3PI3
primary,mlp_magpie,gkf,11,inner_val,1,Ca3PF3
primary,mlp_magpie,gkf,11,inner_val,1,Mg3PCl3
primary,mlp_magpie,gkf,11,inner_val,1,Sr3PCl3
primary,mlp_magpie,gkf,11,inner_val,2,Ba3AsCl3
primary,mlp_magpie,gkf,11,inner_val,2,Ca3AsBr3
primary,mlp_magpie,gkf,11,inner_val,2,Ba3BiI3
primary,mlp_magpie,gkf,11,inner_val,2,Mg3BiI3
primary,mlp_magpie,gkf,11,inner_val,2,Ca3PF3
primary,mlp_magpie,gkf,11,inner_val,2,Mg3SbF3
primary,mlp_magpie,gkf,11,inner_val,2,Sr3SbCl3
primary,mlp_magpie,gkf,11,inner_val,3,Ba3AsCl3
primary,mlp_magpie,gkf,11,inner_val,3,Ba3BiBr3
primary,mlp_magpie,gkf,11,inner_val,3,Ba3BiCl3
primary,mlp_magpie,gkf,11,inner_val,3,Ba3PBr3
primary,mlp_magpie,gkf,11,inner_val,3,Sr3PCl3
primary,mlp_magpie,gkf,11,inner_val,3,Mg3SbF3
primary,mlp_magpie,gkf,11,inner_val,3,Sr3SbI3
primary,mlp_magpie,gkf,11,inner_val,4,Ba3AsBr3
primary,mlp_magpie,gkf,11,inner_val,4,Mg3AsBr3
primary,mlp_magpie,gkf,11,inner_val,4,Ca3PF3
primary,mlp_magpie,gkf,11,inner_val,4,Mg3PBr3
primary,mlp_magpie,gkf,11,inner_val,4,Sr3PCl3
primary,mlp_magpie,gkf,11,inner_val,4,Ca3SbF3
primary,mlp_magpie,gkf,11,inner_val,4,Mg3SbF3
primary,mlp_magpie,gkf,12,test,,Ba3AsBr3
primary,mlp_magpie,gkf,12,test,,Mg3BiBr3
primary,mlp_magpie,gkf,12,test,,Ba3PBr3
primary,mlp_magpie,gkf,12,test,,Ba3PI3
primary,mlp_magpie,gkf,12,test,,Mg3PBr3
primary,mlp_magpie,gkf,12,test,,Ca3SbF3
primary,mlp_magpie,gkf,12,test,,Mg3SbI3
primary,mlp_magpie,gkf,12,test,,Sr3SbI3
primary,mlp_magpie,gkf,12,inner_val,0,Ca3AsF3
primary,mlp_magpie,gkf,12,inner_val,0,Ba3BiBr3
primary,mlp_magpie,gkf,12,inner_val,0,Ba3BiI3
primary,mlp_magpie,gkf,12,inner_val,0,Ca3PBr3
primary,mlp_magpie,gkf,12,inner_val,0,Ca3PF3
primary,mlp_magpie,gkf,12,inner_val,0,Ba3SbBr3
primary,mlp_magpie,gkf,12,inner_val,0,Sr3SbCl3
primary,mlp_magpie,gkf,12,inner_val,1,Ba3AsCl3
primary,mlp_magpie,gkf,12,inner_val,1,Ca3AsF3
primary,mlp_magpie,gkf,12,inner_val,1,Mg3AsBr3
primary,mlp_magpie,gkf,12,inner_val,1,Sr3AsCl3
primary,mlp_magpie,gkf,12,inner_val,1,Ba3BiI3
primary,mlp_magpie,gkf,12,inner_val,1,Ca3SbCl3
primary,mlp_magpie,gkf,12,inner_val,1,Mg3SbBr3
primary,mlp_magpie,gkf,12,inner_val,2,Ca3AsBr3
primary,mlp_magpie,gkf,12,inner_val,2,Sr3AsCl3
primary,mlp_magpie,gkf,12,inner_val,2,Sr3AsI3
primary,mlp_magpie,gkf,12,inner_val,2,Ba3BiCl3
primary,mlp_magpie,gkf,12,inner_val,2,Ca3PCl3
primary,mlp_magpie,gkf,12,inner_val,2,Ca3PI3
primary,mlp_magpie,gkf,12,inner_val,2,Ca3SbBr3
primary,mlp_magpie,gkf,12,inner_val,3,Ca3AsF3
primary,mlp_magpie,gkf,12,inner_val,3,Mg3AsBr3
primary,mlp_magpie,gkf,12,inner_val,3,Sr3AsCl3
primary,mlp_magpie,gkf,12,inner_val,3,Sr3PCl3
primary,mlp_magpie,gkf,12,inner_val,3,Ba3SbBr3
primary,mlp_magpie,gkf,12,inner_val,3,Mg3SbBr3
primary,mlp_magpie,gkf,12,inner_val,3,Sr3SbCl3
primary,mlp_magpie,gkf,12,inner_val,4,Ba3AsCl3
primary,mlp_magpie,gkf,12,inner_val,4,Ba3AsI3
primary,mlp_magpie,gkf,12,inner_val,4,Ba3BiCl3
primary,mlp_magpie,gkf,12,inner_val,4,Mg3PCl3
primary,mlp_magpie,gkf,12,inner_val,4,Sr3PI3
primary,mlp_magpie,gkf,12,inner_val,4,Ba3SbBr3
primary,mlp_magpie,gkf,12,inner_val,4,Ca3SbCl3
primary,mlp_magpie,gkf,13,test,,Ca3AsBr3
primary,mlp_magpie,gkf,13,test,,Mg3BiI3
primary,mlp_magpie,gkf,13,test,,Ca3PBr3
primary,mlp_magpie,gkf,13,test,,Ca3PF3
primary,mlp_magpie,gkf,13,test,,Mg3PI3
primary,mlp_magpie,gkf,13,test,,Sr3PBr3
primary,mlp_magpie,gkf,13,test,,Ca3SbCl3
primary,mlp_magpie,gkf,13,test,,Mg3SbCl3
primary,mlp_magpie,gkf,13,inner_val,0,Ba3AsCl3
primary,mlp_magpie,gkf,13,inner_val,0,Mg3AsBr3
primary,mlp_magpie,gkf,13,inner_val,0,Mg3BiBr3
primary,mlp_magpie,gkf,13,inner_val,0,Mg3PCl3
primary,mlp_magpie,gkf,13,inner_val,0,Ba3SbBr3
primary,mlp_magpie,gkf,13,inner_val,0,Ba3SbCl3
primary,mlp_magpie,gkf,13,inner_val,0,Ca3SbF3
primary,mlp_magpie,gkf,13,inner_val,1,Ba3AsBr3
primary,mlp_magpie,gkf,13,inner_val,1,Ba3AsCl3
primary,mlp_magpie,gkf,13,inner_val,1,Sr3AsCl3
primary,mlp_magpie,gkf,13,inner_val,1,Mg3BiBr3
primary,mlp_magpie,gkf,13,inner_val,1,Ca3SbBr3
primary,mlp_magpie,gkf,13,inner_val,1,Mg3SbBr3
primary,mlp_magpie,gkf,13,inner_val,1,Sr3SbI3
primary,mlp_magpie,gkf,13,inner_val,2,Ba3AsBr3
primary,mlp_magpie,gkf,13,inner_val,2,Ba3AsCl3
primary,mlp_magpie,gkf,13,inner_val,2,Ba3AsI3
primary,mlp_magpie,gkf,13,inner_val,2,Mg3AsBr3
primary,mlp_magpie,gkf,13,inner_val,2,Ba3BiI3
primary,mlp_magpie,gkf,13,inner_val,2,Ba3PBr3
primary,mlp_magpie,gkf,13,inner_val,2,Sr3SbCl3
primary,mlp_magpie,gkf,13,inner_val,3,Mg3AsBr3
primary,mlp_magpie,gkf,13,inner_val,3,Ba3BiI3
primary,mlp_magpie,gkf,13,inner_val,3,Mg3PBr3
primary,mlp_magpie,gkf,13,inner_val,3,Mg3PCl3
primary,mlp_magpie,gkf,13,inner_val,3,Sr3PCl3
primary,mlp_magpie,gkf,13,inner_val,3,Ca3SbBr3
primary,mlp_magpie,gkf,13,inner_val,3,Ca3SbF3
primary,mlp_magpie,gkf,13,inner_val,4,Ba3AsCl3
primary,mlp_magpie,gkf,13,inner_val,4,Mg3AsBr3
primary,mlp_magpie,gkf,13,inner_val,4,Ba3BiCl3
primary,mlp_magpie,gkf,13,inner_val,4,Mg3BiBr3
primary,mlp_magpie,gkf,13,inner_val,4,Ba3PBr3
primary,mlp_magpie,gkf,13,inner_val,4,Mg3SbF3
primary,mlp_magpie,gkf,13,inner_val,4,Sr3SbI3
primary,mlp_magpie,gkf,14,test,,Ca3AsF3
primary,mlp_magpie,gkf,14,test,,Mg3AsBr3
primary,mlp_magpie,gkf,14,test,,Ca3BiI3
primary,mlp_magpie,gkf,14,test,,Ba3PCl3
primary,mlp_magpie,gkf,14,test,,Sr3PCl3
primary,mlp_magpie,gkf,14,test,,Mg3SbF3
primary,mlp_magpie,gkf,14,test,,Sr3SbCl3
primary,mlp_magpie,gkf,14,inner_val,0,Ba3AsBr3
primary,mlp_magpie,gkf,14,inner_val,0,Ba3AsI3
primary,mlp_magpie,gkf,14,inner_val,0,Ba3BiI3
primary,mlp_magpie,gkf,14,inner_val,0,Ca3PI3
primary,mlp_magpie,gkf,14,inner_val,0,Mg3PI3
primary,mlp_magpie,gkf,14,inner_val,0,Ba3SbBr3
primary,mlp_magpie,gkf,14,inner_val,0,Ca3SbF3
primary,mlp_magpie,gkf,14,inner_val,1,Ba3AsCl3
primary,mlp_magpie,gkf,14,inner_val,1,Ba3BiI3
primary,mlp_magpie,gkf,14,inner_val,1,Mg3BiBr3
primary,mlp_magpie,gkf,14,inner_val,1,Ca3PCl3
primary,mlp_magpie,gkf,14,inner_val,1,Sr3PBr3
primary,mlp_magpie,gkf,14,inner_val,1,Ba3SbI3
primary,mlp_magpie,gkf,14,inner_val,1,Ca3SbCl3
primary,mlp_magpie,gkf,14,inner_val,2,Ba3AsI3
primary,mlp_magpie,gkf,14,inner_val,2,Ca3PF3
primary,mlp_magpie,gkf,14,inner_val,2,Mg3PCl3
primary,mlp_magpie,gkf,14,inner_val,2,Mg3PI3
primary,mlp_magpie,gkf,14,inner_val,2,Ba3SbI3
primary,mlp_magpie,gkf,14,inner_val,2,Ca3SbBr3
primary,mlp_magpie,gkf,14,inner_val,2,Ca3SbCl3
primary,mlp_magpie,gkf,14,inner_val,3,Ca3AsBr3
primary,mlp_magpie,gkf,14,inner_val,3,Sr3AsCl3
primary,mlp_magpie,gkf,14,inner_val,3,Sr3AsI3
primary,mlp_magpie,gkf,14,inner_val,3,Ca3PCl3
primary,mlp_magpie,gkf,14,inner_val,3,Mg3PCl3
primary,mlp_magpie,gkf,14,inner_val,3,Sr3PBr3
primary,mlp_magpie,gkf,14,inner_val,3,Ba3SbBr3
primary,mlp_magpie,gkf,14,inner_val,4,Ba3AsBr3
primary,mlp_magpie,gkf,14,inner_val,4,Ca3AsBr3
primary,mlp_magpie,gkf,14,inner_val,4,Ba3BiCl3
primary,mlp_magpie,gkf,14,inner_val,4,Ba3SbBr3
primary,mlp_magpie,gkf,14,inner_val,4,Ba3SbI3
primary,mlp_magpie,gkf,14,inner_val,4,Mg3SbBr3
primary,mlp_magpie,gkf,14,inner_val,4,Mg3SbI3
primary,mlp_magpie,gkf,15,test,,Ba3AsCl3
primary,mlp_magpie,gkf,15,test,,Ba3BiBr3
primary,mlp_magpie,gkf,15,test,,Ba3BiI3
primary,mlp_magpie,gkf,15,test,,Mg3BiI3
primary,mlp_magpie,gkf,15,test,,Ca3PF3
primary,mlp_magpie,gkf,15,test,,Ca3PI3
primary,mlp_magpie,gkf,15,test,,Mg3PBr3
primary,mlp_magpie,gkf,15,test,,Mg3SbI3
primary,mlp_magpie,gkf,15,inner_val,0,Ba3AsI3
primary,mlp_magpie,gkf,15,inner_val,0,Ba3BiCl3
primary,mlp_magpie,gkf,15,inner_val,0,Ca3PCl3
primary,mlp_magpie,gkf,15,inner_val,0,Ca3SbCl3
primary,mlp_magpie,gkf,15,inner_val,0,Mg3SbBr3
primary,mlp_magpie,gkf,15,inner_val,0,Mg3SbCl3
primary,mlp_magpie,gkf,15,inner_val,0,Sr3SbI3
primary,mlp_magpie,gkf,15,inner_val,1,Ba3BiCl3
primary,mlp_magpie,gkf,15,inner_val,1,Mg3BiBr3
primary,mlp_magpie,gkf,15,inner_val,1,Ba3PBr3
primary,mlp_magpie,gkf,15,inner_val,1,Sr3PI3
primary,mlp_magpie,gkf,15,inner_val,1,Ba3SbCl3
primary,mlp_magpie,gkf,15,inner_val,1,Ca3SbBr3
primary,mlp_magpie,gkf,15,inner_val,1,Mg3SbBr3
primary,mlp_magpie,gkf,15,inner_val,2,Mg3BiBr3
primary,mlp_magpie,gkf,15,inner_val,2,Ba3PCl3
primary,mlp_magpie,gkf,15,inner_val,2,Ba3PI3
primary,mlp_magpie,gkf,15,inner_val,2,Mg3PCl3
primary,mlp_magpie,gkf,15,inner_val,2,Mg3PI3
primary,mlp_magpie,gkf,15,inner_val,2,Ba3SbBr3
primary,mlp_magpie,gkf,15,inner_val,2,Ba3SbI3
primary,mlp_magpie,gkf,15,inner_val,3,Ca3AsBr3
primary,mlp_magpie,gkf,15,inner_val,3,Sr3AsCl3
primary,mlp_magpie,gkf,15,inner_val,3,Mg3BiBr3
primary,mlp_magpie,gkf,15,inner_val,3,Ca3PBr3
primary,mlp_magpie,gkf,15,inner_val,3,Ba3SbCl3
primary,mlp_magpie,gkf,15,inner_val,3,Ba3SbI3
primary,mlp_magpie,gkf,15,inner_val,3,Ca3SbF3
primary,mlp_magpie,gkf,15,inner_val,4,Ca3AsBr3
primary,mlp_magpie,gkf,15,inner_val,4,Ba3BiCl3
primary,mlp_magpie,gkf,15,inner_val,4,Mg3BiBr3
primary,mlp_magpie,gkf,15,inner_val,4,Sr3PBr3
primary,mlp_magpie,gkf,15,inner_val,4,Sr3PI3
primary,mlp_magpie,gkf,15,inner_val,4,Mg3SbBr3
primary,mlp_magpie,gkf,15,inner_val,4,Sr3SbCl3
primary,mlp_magpie,gkf,16,test,,Ca3AsBr3
primary,mlp_magpie,gkf,16,test,,Ca3PCl3
primary,mlp_magpie,gkf,16,test,,Sr3PCl3
primary,mlp_magpie,gkf,16,test,,Sr3PI3
primary,mlp_magpie,gkf,16,test,,Ba3SbBr3
primary,mlp_magpie,gkf,16,test,,Ba3SbCl3
primary,mlp_magpie,gkf,16,test,,Ca3SbBr3
primary,mlp_magpie,gkf,16,test,,Mg3SbBr3
primary,mlp_magpie,gkf,16,inner_val,0,Sr3AsCl3
primary,mlp_magpie,gkf,16,inner_val,0,Ca3BiI3
primary,mlp_magpie,gkf,16,inner_val,0,Ca3PI3
primary,mlp_magpie,gkf,16,inner_val,0,Sr3PBr3
primary,mlp_magpie,gkf,16,inner_val,0,Mg3SbF3
primary,mlp_magpie,gkf,16,inner_val,0,Mg3SbI3
primary,mlp_magpie,gkf,16,inner_val,0,Sr3SbI3
primary,mlp_magpie,gkf,16,inner_val,1,Ba3AsBr3
primary,mlp_magpie,gkf,16,inner_val,1,Sr3AsCl3
primary,mlp_magpie,gkf,16,inner_val,1,Ba3BiCl3
primary,mlp_magpie,gkf,16,inner_val,1,Ba3BiI3
primary,mlp_magpie,gkf,16,inner_val,1,Ba3PBr3
primary,mlp_magpie,gkf,16,inner_val,1,Mg3PCl3
primary,mlp_magpie,gkf,16,inner_val,1,Sr3PBr3
primary,mlp_magpie,gkf,16,inner_val,2,Ba3AsBr3
primary,mlp_magpie,gkf,16,inner_val,2,Sr3AsCl3
primary,mlp_magpie,gkf,16,inner_val,2,Ba3BiI3
primary,mlp_magpie,gkf,16,inner_val,2,Mg3BiBr3
primary,mlp_magpie,gkf,16,inner_val,2,Ca3PF3
primary,mlp_magpie,gkf,16,inner_val,2,Mg3PCl3
primary,mlp_magpie,gkf,16,inner_val,2,Mg3SbI3
primary,mlp_magpie,gkf,16,inner_val,3,Ba3AsBr3
primary,mlp_magpie,gkf,16,inner_val,3,Ba3AsI3
primary,mlp_magpie,gkf,16,inner_val,3,Ba3BiI3
primary,mlp_magpie,gkf,16,inner_val,3,Ba3PCl3
primary,mlp_magpie,gkf,16,inner_val,3,Ca3PI3
primary,mlp_magpie,gkf,16,inner_val,3,Mg3SbF3
primary,mlp_magpie,gkf,16,inner_val,3,Mg3SbI3
primary,mlp_magpie,gkf,16,inner_val,4,Ba3AsI3
primary,mlp_magpie,gkf,16,inner_val,4,Sr3AsI3
primary,mlp_magpie,gkf,16,inner_val,4,Mg3BiBr3
primary,mlp_magpie,gkf,16,inner_val,4,Ba3PI3
primary,mlp_magpie,gkf,16,inner_val,4,Ca3PF3
primary,mlp_magpie,gkf,16,inner_val,4,Ba3SbI3
primary,mlp_magpie,gkf,16,inner_val,4,Sr3SbI3
primary,mlp_magpie,gkf,17,test,,Ba3AsBr3
primary,mlp_magpie,gkf,17,test,,Ca3AsF3
primary,mlp_magpie,gkf,17,test,,Ca3BiI3
primary,mlp_magpie,gkf,17,test,,Mg3PCl3
primary,mlp_magpie,gkf,17,test,,Ca3SbCl3
primary,mlp_magpie,gkf,17,test,,Ca3SbF3
primary,mlp_magpie,gkf,17,test,,Mg3SbCl3
primary,mlp_magpie,gkf,17,test,,Sr3SbCl3
primary,mlp_magpie,gkf,17,inner_val,0,Ba3AsI3
primary,mlp_magpie,gkf,17,inner_val,0,Ba3BiCl3
primary,mlp_magpie,gkf,17,inner_val,0,Mg3BiI3
primary,mlp_magpie,gkf,17,inner_val,0,Mg3PBr3
primary,mlp_magpie,gkf,17,inner_val,0,Sr3PCl3
primary,mlp_magpie,gkf,17,inner_val,0,Ba3SbCl3
primary,mlp_magpie,gkf,17,inner_val,0,Mg3SbBr3
primary,mlp_magpie,gkf,17,inner_val,1,Ba3AsCl3
primary,mlp_magpie,gkf,17,inner_val,1,Ba3AsI3
primary,mlp_magpie,gkf,17,inner_val,1,Ba3PCl3
primary,mlp_magpie,gkf,17,inner_val,1,Sr3PCl3
primary,mlp_magpie,gkf,17,inner_val,1,Ba3SbBr3
primary,mlp_magpie,gkf,17,inner_val,1,Ca3SbBr3
primary,mlp_magpie,gkf,17,inner_val,1,Sr3SbI3
primary,mlp_magpie,gkf,17,inner_val,2,Ba3AsCl3
primary,mlp_magpie,gkf,17,inner_val,2,Sr3AsCl3
primary,mlp_magpie,gkf,17,inner_val,2,Ba3BiI3
primary,mlp_magpie,gkf,17,inner_val,2,Ba3PCl3
primary,mlp_magpie,gkf,17,inner_val,2,Ca3PI3
primary,mlp_magpie,gkf,17,inner_val,2,Sr3PCl3
primary,mlp_magpie,gkf,17,inner_val,2,Sr3PI3
primary,mlp_magpie,gkf,17,inner_val,3,Ba3AsCl3
primary,mlp_magpie,gkf,17,inner_val,3,Ba3AsI3
primary,mlp_magpie,gkf,17,inner_val,3,Ca3PCl3
primary,mlp_magpie,gkf,17,inner_val,3,Ca3PF3
primary,mlp_magpie,gkf,17,inner_val,3,Ba3SbBr3
primary,mlp_magpie,gkf,17,inner_val,3,Mg3SbI3
primary,mlp_magpie,gkf,17,inner_val,3,Sr3SbI3
primary,mlp_magpie,gkf,17,inner_val,4,Mg3BiI3
primary,mlp_magpie,gkf,17,inner_val,4,Ba3PI3
primary,mlp_magpie,gkf,17,inner_val,4,Mg3PBr3
primary,mlp_magpie,gkf,17,inner_val,4,Ba3SbBr3
primary,mlp_magpie,gkf,17,inner_val,4,Ca3SbBr3
primary,mlp_magpie,gkf,17,inner_val,4,Mg3SbBr3
primary,mlp_magpie,gkf,17,inner_val,4,Mg3SbI3
primary,mlp_magpie,gkf,18,test,,Ba3AsI3
primary,mlp_magpie,gkf,18,test,,Mg3AsBr3
primary,mlp_magpie,gkf,18,test,,Sr3AsI3
primary,mlp_magpie,gkf,18,test,,Ba3BiCl3
primary,mlp_magpie,gkf,18,test,,Mg3BiBr3
primary,mlp_magpie,gkf,18,test,,Ca3PBr3
primary,mlp_magpie,gkf,18,test,,Sr3PBr3
primary,mlp_magpie,gkf,18,test,,Mg3SbF3
primary,mlp_magpie,gkf,18,inner_val,0,Ca3AsF3
primary,mlp_magpie,gkf,18,inner_val,0,Ca3BiI3
primary,mlp_magpie,gkf,18,inner_val,0,Ca3PCl3
primary,mlp_magpie,gkf,18,inner_val,0,Mg3PBr3
primary,mlp_magpie,gkf,18,inner_val,0,Sr3PI3
primary,mlp_magpie,gkf,18,inner_val,0,Ba3SbI3
primary,mlp_magpie,gkf,18,inner_val,0,Mg3SbBr3
primary,mlp_magpie,gkf,18,inner_val,1,Ba3AsBr3
primary,mlp_magpie,gkf,18,inner_val,1,Ba3AsCl3
primary,mlp_magpie,gkf,18,inner_val,1,Ca3AsF3
primary,mlp_magpie,gkf,18,inner_val,1,Mg3BiI3
primary,mlp_magpie,gkf,18,inner_val,1,Ba3PBr3
primary,mlp_magpie,gkf,18,inner_val,1,Mg3PBr3
primary,mlp_magpie,gkf,18,inner_val,1,Ba3SbBr3
primary,mlp_magpie,gkf,18,inner_val,2,Sr3AsCl3
primary,mlp_magpie,gkf,18,inner_val,2,Mg3BiI3
primary,mlp_magpie,gkf,18,inner_val,2,Mg3PCl3
primary,mlp_magpie,gkf,18,inner_val,2,Sr3PCl3
primary,mlp_magpie,gkf,18,inner_val,2,Ba3SbBr3
primary,mlp_magpie,gkf,18,inner_val,2,Ca3SbBr3
primary,mlp_magpie,gkf,18,inner_val,2,Ca3SbCl3
primary,mlp_magpie,gkf,18,inner_val,3,Ba3AsCl3
primary,mlp_magpie,gkf,18,inner_val,3,Sr3AsCl3
primary,mlp_magpie,gkf,18,inner_val,3,Mg3PCl3
primary,mlp_magpie,gkf,18,inner_val,3,Sr3PI3
primary,mlp_magpie,gkf,18,inner_val,3,Ba3SbCl3
primary,mlp_magpie,gkf,18,inner_val,3,Mg3SbBr3
primary,mlp_magpie,gkf,18,inner_val,3,Sr3SbCl3
primary,mlp_magpie,gkf,18,inner_val,4,Ca3AsF3
primary,mlp_magpie,gkf,18,inner_val,4,Mg3BiI3
primary,mlp_magpie,gkf,18,inner_val,4,Ba3PI3
primary,mlp_magpie,gkf,18,inner_val,4,Sr3PCl3
primary,mlp_magpie,gkf,18,inner_val,4,Ba3SbBr3
primary,mlp_magpie,gkf,18,inner_val,4,Ca3SbF3
primary,mlp_magpie,gkf,18,inner_val,4,Mg3SbBr3
primary,mlp_magpie,gkf,19,test,,Sr3AsCl3
primary,mlp_magpie,gkf,19,test,,Ba3PBr3
primary,mlp_magpie,gkf,19,test,,Ba3PCl3
primary,mlp_magpie,gkf,19,test,,Ba3PI3
primary,mlp_magpie,gkf,19,test,,Mg3PI3
primary,mlp_magpie,gkf,19,test,,Ba3SbI3
primary,mlp_magpie,gkf,19,test,,Sr3SbI3
primary,mlp_magpie,gkf,19,inner_val,0,Ca3AsBr3
primary,mlp_magpie,gkf,19,inner_val,0,Ba3BiI3
primary,mlp_magpie,gkf,19,inner_val,0,Ca3PF3
primary,mlp_magpie,gkf,19,inner_val,0,Sr3PCl3
primary,mlp_magpie,gkf,19,inner_val,0,Sr3PI3
primary,mlp_magpie,gkf,19,inner_val,0,Ca3SbBr3
primary,mlp_magpie,gkf,19,inner_val,0,Sr3SbCl3
primary,mlp_magpie,gkf,19,inner_val,1,Ba3AsCl3
primary,mlp_magpie,gkf,19,inner_val,1,Ca3AsBr3
primary,mlp_magpie,gkf,19,inner_val,1,Ca3AsF3
primary,mlp_magpie,gkf,19,inner_val,1,Ca3PCl3
primary,mlp_magpie,gkf,19,inner_val,1,Ba3SbCl3
primary,mlp_magpie,gkf,19,inner_val,1,Ca3SbF3
primary,mlp_magpie,gkf,19,inner_val,1,Mg3SbCl3
primary,mlp_magpie,gkf,19,inner_val,2,Ba3AsI3
primary,mlp_magpie,gkf,19,inner_val,2,Ba3BiBr3
primary,mlp_magpie,gkf,19,inner_val,2,Ba3BiI3
primary,mlp_magpie,gkf,19,inner_val,2,Ca3PBr3
primary,mlp_magpie,gkf,19,inner_val,2,Mg3PBr3
primary,mlp_magpie,gkf,19,inner_val,2,Ba3SbCl3
primary,mlp_magpie,gkf,19,inner_val,2,Sr3SbCl3
primary,mlp_magpie,gkf,19,inner_val,3,Ba3AsCl3
primary,mlp_magpie,gkf,19,inner_val,3,Ba3AsI3
primary,mlp_magpie,gkf,19,inner_val,3,Ba3BiI3
primary,mlp_magpie,gkf,19,inner_val,3,Ca3BiI3
primary,mlp_magpie,gkf,19,inner_val,3,Ca3PI3
primary,mlp_magpie,gkf,19,inner_val,3,Ca3SbF3
primary,mlp_magpie,gkf,19,inner_val,3,Sr3SbCl3
primary,mlp_magpie,gkf,19,inner_val,4,Ba3AsI3
primary,mlp_magpie,gkf,19,inner_val,4,Mg3BiI3
primary,mlp_magpie,gkf,19,inner_val,4,Mg3PBr3
primary,mlp_magpie,gkf,19,inner_val,4,Mg3PCl3
primary,mlp_magpie,gkf,19,inner_val,4,Sr3PI3
primary,mlp_magpie,gkf,19,inner_val,4,Ba3SbCl3
primary,mlp_magpie,gkf,19,inner_val,4,Mg3SbCl3
primary,mlp_magpie,gkf,20,test,,Ca3AsF3
primary,mlp_magpie,gkf,20,test,,Sr3AsI3
primary,mlp_magpie,gkf,20,test,,Ba3BiCl3
primary,mlp_magpie,gkf,20,test,,Mg3BiBr3
primary,mlp_magpie,gkf,20,test,,Ba3PCl3
primary,mlp_magpie,gkf,20,test,,Ca3PBr3
primary,mlp_magpie,gkf,20,test,,Sr3PI3
primary,mlp_magpie,gkf,20,test,,Sr3SbI3
primary,mlp_magpie,gkf,20,inner_val,0,Mg3AsBr3
primary,mlp_magpie,gkf,20,inner_val,0,Sr3AsCl3
primary,mlp_magpie,gkf,20,inner_val,0,Ba3BiBr3
primary,mlp_magpie,gkf,20,inner_val,0,Ca3PI3
primary,mlp_magpie,gkf,20,inner_val,0,Mg3PBr3
primary,mlp_magpie,gkf,20,inner_val,0,Ca3SbBr3
primary,mlp_magpie,gkf,20,inner_val,0,Mg3SbBr3
primary,mlp_magpie,gkf,20,inner_val,1,Mg3AsBr3
primary,mlp_magpie,gkf,20,inner_val,1,Mg3BiI3
primary,mlp_magpie,gkf,20,inner_val,1,Ba3PBr3
primary,mlp_magpie,gkf,20,inner_val,1,Sr3PBr3
primary,mlp_magpie,gkf,20,inner_val,1,Ba3SbI3
primary,mlp_magpie,gkf,20,inner_val,1,Ca3SbF3
primary,mlp_magpie,gkf,20,inner_val,1,Mg3SbBr3
primary,mlp_magpie,gkf,20,inner_val,2,Ba3AsI3
primary,mlp_magpie,gkf,20,inner_val,2,Ca3BiI3
primary,mlp_magpie,gkf,20,inner_val,2,Ca3PCl3
primary,mlp_magpie,gkf,20,inner_val,2,Ba3SbBr3
primary,mlp_magpie,gkf,20,inner_val,2,Ca3SbBr3
primary,mlp_magpie,gkf,20,inner_val,2,Mg3SbF3
primary,mlp_magpie,gkf,20,inner_val,2,Mg3SbI3
primary,mlp_magpie,gkf,20,inner_val,3,Sr3AsCl3
primary,mlp_magpie,gkf,20,inner_val,3,Ba3PBr3
primary,mlp_magpie,gkf,20,inner_val,3,Ba3SbBr3
primary,mlp_magpie,gkf,20,inner_val,3,Ba3SbCl3
primary,mlp_magpie,gkf,20,inner_val,3,Ba3SbI3
primary,mlp_magpie,gkf,20,inner_val,3,Ca3SbCl3
primary,mlp_magpie,gkf,20,inner_val,3,Mg3SbI3
primary,mlp_magpie,gkf,20,inner_val,4,Ba3AsI3
primary,mlp_magpie,gkf,20,inner_val,4,Ca3AsBr3
primary,mlp_magpie,gkf,20,inner_val,4,Ba3BiI3
primary,mlp_magpie,gkf,20,inner_val,4,Ca3PCl3
primary,mlp_magpie,gkf,20,inner_val,4,Ca3PF3
primary,mlp_magpie,gkf,20,inner_val,4,Mg3PCl3
primary,mlp_magpie,gkf,20,inner_val,4,Ca3SbF3
primary,mlp_magpie,gkf,21,test,,Ba3AsI3
primary,mlp_magpie,gkf,21,test,,Ba3BiBr3
primary,mlp_magpie,gkf,21,test,,Ba3PI3
primary,mlp_magpie,gkf,21,test,,Ca3PCl3
primary,mlp_magpie,gkf,21,test,,Ca3PF3
primary,mlp_magpie,gkf,21,test,,Mg3PBr3
primary,mlp_magpie,gkf,21,test,,Mg3SbF3
primary,mlp_magpie,gkf,21,test,,Sr3SbCl3
primary,mlp_magpie,gkf,21,inner_val,0,Ba3AsBr3
primary,mlp_magpie,gkf,21,inner_val,0,Ba3AsCl3
primary,mlp_magpie,gkf,21,inner_val,0,Mg3AsBr3
primary,mlp_magpie,gkf,21,inner_val,0,Mg3PCl3
primary,mlp_magpie,gkf,21,inner_val,0,Mg3PI3
primary,mlp_magpie,gkf,21,inner_val,0,Ba3SbI3
primary,mlp_magpie,gkf,21,inner_val,0,Sr3SbI3
primary,mlp_magpie,gkf,21,inner_val,1,Ca3AsF3
primary,mlp_magpie,gkf,21,inner_val,1,Ca3BiI3
primary,mlp_magpie,gkf,21,inner_val,1,Ba3PBr3
primary,mlp_magpie,gkf,21,inner_val,1,Ba3SbBr3
primary,mlp_magpie,gkf,21,inner_val,1,Ca3SbF3
primary,mlp_magpie,gkf,21,inner_val,1,Mg3SbCl3
primary,mlp_magpie,gkf,21,inner_val,1,Mg3SbI3
primary,mlp_magpie,gkf,21,inner_val,2,Ca3AsF3
primary,mlp_magpie,gkf,21,inner_val,2,Sr3AsCl3
primary,mlp_magpie,gkf,21,inner_val,2,Ca3BiI3
primary,mlp_magpie,gkf,21,inner_val,2,Ca3PI3
primary,mlp_magpie,gkf,21,inner_val,2,Ca3SbCl3
primary,mlp_magpie,gkf,21,inner_val,2,Mg3SbCl3
primary,mlp_magpie,gkf,21,inner_val,2,Sr3SbI3
primary,mlp_magpie,gkf,21,inner_val,3,Ba3AsCl3
primary,mlp_magpie,gkf,21,inner_val,3,Ba3PCl3
primary,mlp_magpie,gkf,21,inner_val,3,Ca3PBr3
primary,mlp_magpie,gkf,21,inner_val,3,Ca3PI3
primary,mlp_magpie,gkf,21,inner_val,3,Mg3PCl3
primary,mlp_magpie,gkf,21,inner_val,3,Ca3SbF3
primary,mlp_magpie,gkf,21,inner_val,3,Mg3SbCl3
primary,mlp_magpie,gkf,21,inner_val,4,Mg3AsBr3
primary,mlp_magpie,gkf,21,inner_val,4,Sr3AsCl3
primary,mlp_magpie,gkf,21,inner_val,4,Ca3BiI3
primary,mlp_magpie,gkf,21,inner_val,4,Ba3PBr3
primary,mlp_magpie,gkf,21,inner_val,4,Sr3PI3
primary,mlp_magpie,gkf,21,inner_val,4,Ca3SbCl3
primary,mlp_magpie,gkf,21,inner_val,4,Sr3SbI3
primary,mlp_magpie,gkf,22,test,,Ba3AsBr3
primary,mlp_magpie,gkf,22,test,,Sr3AsCl3
primary,mlp_magpie,gkf,22,test,,Ba3BiI3
primary,mlp_magpie,gkf,22,test,,Ba3SbCl3
primary,mlp_magpie,gkf,22,test,,Ba3SbI3
primary,mlp_magpie,gkf,22,test,,Ca3SbBr3
primary,mlp_magpie,gkf,22,test,,Ca3SbCl3
primary,mlp_magpie,gkf,22,test,,Mg3SbCl3
primary,mlp_magpie,gkf,22,inner_val,0,Ba3AsCl3
primary,mlp_magpie,gkf,22,inner_val,0,Ca3AsBr3
primary,mlp_magpie,gkf,22,inner_val,0,Mg3BiBr3
primary,mlp_magpie,gkf,22,inner_val,0,Ca3PBr3
primary,mlp_magpie,gkf,22,inner_val,0,Sr3PBr3
primary,mlp_magpie,gkf,22,inner_val,0,Sr3PI3
primary,mlp_magpie,gkf,22,inner_val,0,Ba3SbBr3
primary,mlp_magpie,gkf,22,inner_val,1,Mg3AsBr3
primary,mlp_magpie,gkf,22,inner_val,1,Ca3BiI3
primary,mlp_magpie,gkf,22,inner_val,1,Mg3BiBr3
primary,mlp_magpie,gkf,22,inner_val,1,Mg3PBr3
primary,mlp_magpie,gkf,22,inner_val,1,Sr3PCl3
primary,mlp_magpie,gkf,22,inner_val,1,Mg3SbBr3
primary,mlp_magpie,gkf,22,inner_val,1,Mg3SbF3
primary,mlp_magpie,gkf,22,inner_val,2,Ba3AsI3
primary,mlp_magpie,gkf,22,inner_val,2,Ca3AsBr3
primary,mlp_magpie,gkf,22,inner_val,2,Ba3BiBr3
primary,mlp_magpie,gkf,22,inner_val,2,Ba3BiCl3
primary,mlp_magpie,gkf,22,inner_val,2,Mg3PBr3
primary,mlp_magpie,gkf,22,inner_val,2,Mg3PI3
primary,mlp_magpie,gkf,22,inner_val,2,Sr3PCl3
primary,mlp_magpie,gkf,22,inner_val,3,Ba3PBr3
primary,mlp_magpie,gkf,22,inner_val,3,Ba3PI3
primary,mlp_magpie,gkf,22,inner_val,3,Ca3PF3
primary,mlp_magpie,gkf,22,inner_val,3,Mg3PBr3
primary,mlp_magpie,gkf,22,inner_val,3,Mg3PCl3
primary,mlp_magpie,gkf,22,inner_val,3,Sr3PCl3
primary,mlp_magpie,gkf,22,inner_val,3,Mg3SbI3
primary,mlp_magpie,gkf,22,inner_val,4,Ca3AsF3
primary,mlp_magpie,gkf,22,inner_val,4,Ba3BiCl3
primary,mlp_magpie,gkf,22,inner_val,4,Ba3PI3
primary,mlp_magpie,gkf,22,inner_val,4,Ca3PF3
primary,mlp_magpie,gkf,22,inner_val,4,Sr3PBr3
primary,mlp_magpie,gkf,22,inner_val,4,Mg3SbF3
primary,mlp_magpie,gkf,22,inner_val,4,Sr3SbI3
primary,mlp_magpie,gkf,23,test,,Ba3AsCl3
primary,mlp_magpie,gkf,23,test,,Mg3BiI3
primary,mlp_magpie,gkf,23,test,,Ca3PI3
primary,mlp_magpie,gkf,23,test,,Mg3PCl3
primary,mlp_magpie,gkf,23,test,,Mg3PI3
primary,mlp_magpie,gkf,23,test,,Sr3PBr3
primary,mlp_magpie,gkf,23,test,,Ba3SbBr3
primary,mlp_magpie,gkf,23,test,,Ca3SbF3
primary,mlp_magpie,gkf,23,inner_val,0,Ba3PBr3
primary,mlp_magpie,gkf,23,inner_val,0,Ba3PCl3
primary,mlp_magpie,gkf,23,inner_val,0,Ba3PI3
primary,mlp_magpie,gkf,23,inner_val,0,Sr3PCl3
primary,mlp_magpie,gkf,23,inner_val,0,Ba3SbCl3
primary,mlp_magpie,gkf,23,inner_val,0,Ca3SbCl3
primary,mlp_magpie,gkf,23,inner_val,0,Mg3SbCl3
primary,mlp_magpie,gkf,23,inner_val,1,Sr3AsCl3
primary,mlp_magpie,gkf,23,inner_val,1,Ba3BiI3
primary,mlp_magpie,gkf,23,inner_val,1,Ba3PI3
primary,mlp_magpie,gkf,23,inner_val,1,Mg3PBr3
primary,mlp_magpie,gkf,23,inner_val,1,Ba3SbCl3
primary,mlp_magpie,gkf,23,inner_val,1,Ba3SbI3
primary,mlp_magpie,gkf,23,inner_val,1,Sr3SbCl3
primary,mlp_magpie,gkf,23,inner_val,2,Ba3AsBr3
primary,mlp_magpie,gkf,23,inner_val,2,Mg3AsBr3
primary,mlp_magpie,gkf,23,inner_val,2,Ba3BiBr3
primary,mlp_magpie,gkf,23,inner_val,2,Ba3PCl3
primary,mlp_magpie,gkf,23,inner_val,2,Ca3PCl3
primary,mlp_magpie,gkf,23,inner_val,2,Ba3SbCl3
primary,mlp_magpie,gkf,23,inner_val,2,Ba3SbI3
primary,mlp_magpie,gkf,23,inner_val,3,Ca3AsBr3
primary,mlp_magpie,gkf,23,inner_val,3,Mg3AsBr3
primary,mlp_magpie,gkf,23,inner_val,3,Ca3BiI3
primary,mlp_magpie,gkf,23,inner_val,3,Mg3PBr3
primary,mlp_magpie,gkf,23,inner_val,3,Sr3PI3
primary,mlp_magpie,gkf,23,inner_val,3,Ca3SbCl3
primary,mlp_magpie,gkf,23,inner_val,3,Sr3SbCl3
primary,mlp_magpie,gkf,23,inner_val,4,Ba3AsBr3
primary,mlp_magpie,gkf,23,inner_val,4,Ca3AsBr3
primary,mlp_magpie,gkf,23,inner_val,4,Mg3AsBr3
primary,mlp_magpie,gkf,23,inner_val,4,Ca3BiI3
primary,mlp_magpie,gkf,23,inner_val,4,Ca3PF3
primary,mlp_magpie,gkf,23,inner_val,4,Ba3SbI3
primary,mlp_magpie,gkf,23,inner_val,4,Sr3SbI3
primary,mlp_magpie,gkf,24,test,,Ca3AsBr3
primary,mlp_magpie,gkf,24,test,,Mg3AsBr3
primary,mlp_magpie,gkf,24,test,,Ca3BiI3
primary,mlp_magpie,gkf,24,test,,Ba3PBr3
primary,mlp_magpie,gkf,24,test,,Sr3PCl3
primary,mlp_magpie,gkf,24,test,,Mg3SbBr3
primary,mlp_magpie,gkf,24,test,,Mg3SbI3
primary,mlp_magpie,gkf,24,inner_val,0,Ca3AsF3
primary,mlp_magpie,gkf,24,inner_val,0,Sr3AsCl3
primary,mlp_magpie,gkf,24,inner_val,0,Ba3PI3
primary,mlp_magpie,gkf,24,inner_val,0,Ba3SbBr3
primary,mlp_magpie,gkf,24,inner_val,0,Ba3SbCl3
primary,mlp_magpie,gkf,24,inner_val,0,Mg3SbF3
primary,mlp_magpie,gkf,24,inner_val,0,Sr3SbCl3
primary,mlp_magpie,gkf,24,inner_val,1,Ba3AsCl3
primary,mlp_magpie,gkf,24,inner_val,1,Sr3AsI3
primary,mlp_magpie,gkf,24,inner_val,1,Ba3BiI3
primary,mlp_magpie,gkf,24,inner_val,1,Ba3PI3
primary,mlp_magpie,gkf,24,inner_val,1,Ca3PBr3
primary,mlp_magpie,gkf,24,inner_val,1,Ba3SbI3
primary,mlp_magpie,gkf,24,inner_val,1,Sr3SbI3
primary,mlp_magpie,gkf,24,inner_val,2,Ca3AsF3
primary,mlp_magpie,gkf,24,inner_val,2,Ba3BiI3
primary,mlp_magpie,gkf,24,inner_val,2,Mg3BiBr3
primary,mlp_magpie,gkf,24,inner_val,2,Mg3PI3
primary,mlp_magpie,gkf,24,inner_val,2,Sr3PBr3
primary,mlp_magpie,gkf,24,inner_val,2,Sr3PI3
primary,mlp_magpie,gkf,24,inner_val,2,Ba3SbBr3
primary,mlp_magpie,gkf,24,inner_val,3,Sr3AsCl3
primary,mlp_magpie,gkf,24,inner_val,3,Ba3BiBr3
primary,mlp_magpie,gkf,24,inner_val,3,Ba3BiI3
primary,mlp_magpie,gkf,24,inner_val,3,Ba3PCl3
primary,mlp_magpie,gkf,24,inner_val,3,Ba3PI3
primary,mlp_magpie,gkf,24,inner_val,3,Sr3PBr3
primary,mlp_magpie,gkf,24,inner_val,3,Ba3SbI3
primary,mlp_magpie,gkf,24,inner_val,4,Ca3AsF3
primary,mlp_magpie,gkf,24,inner_val,4,Sr3AsI3
primary,mlp_magpie,gkf,24,inner_val,4,Mg3BiI3
primary,mlp_magpie,gkf,24,inner_val,4,Ba3PI3
primary,mlp_magpie,gkf,24,inner_val,4,Mg3PCl3
primary,mlp_magpie,gkf,24,inner_val,4,Ca3SbCl3
primary,mlp_magpie,gkf,24,inner_val,4,Mg3SbCl3
primary,mlp_magpie,gkf,25,test,,Ca3AsBr3
primary,mlp_magpie,gkf,25,test,,Mg3AsBr3
primary,mlp_magpie,gkf,25,test,,Ba3PI3
primary,mlp_magpie,gkf,25,test,,Ca3PBr3
primary,mlp_magpie,gkf,25,test,,Ca3PF3
primary,mlp_magpie,gkf,25,test,,Mg3PBr3
primary,mlp_magpie,gkf,25,test,,Sr3PCl3
primary,mlp_magpie,gkf,25,test,,Sr3SbCl3
primary,mlp_magpie,gkf,25,inner_val,0,Ba3AsBr3
primary,mlp_magpie,gkf,25,inner_val,0,Mg3PCl3
primary,mlp_magpie,gkf,25,inner_val,0,Mg3PI3
primary,mlp_magpie,gkf,25,inner_val,0,Ba3SbBr3
primary,mlp_magpie,gkf,25,inner_val,0,Ba3SbI3
primary,mlp_magpie,gkf,25,inner_val,0,Ca3SbF3
primary,mlp_magpie,gkf,25,inner_val,0,Mg3SbCl3
primary,mlp_magpie,gkf,25,inner_val,1,Ba3BiCl3
primary,mlp_magpie,gkf,25,inner_val,1,Ca3PCl3
primary,mlp_magpie,gkf,25,inner_val,1,Ba3SbBr3
primary,mlp_magpie,gkf,25,inner_val,1,Ba3SbI3
primary,mlp_magpie,gkf,25,inner_val,1,Ca3SbF3
primary,mlp_magpie,gkf,25,inner_val,1,Mg3SbBr3
primary,mlp_magpie,gkf,25,inner_val,1,Sr3SbI3
primary,mlp_magpie,gkf,25,inner_val,2,Ba3AsCl3
primary,mlp_magpie,gkf,25,inner_val,2,Ca3AsF3
primary,mlp_magpie,gkf,25,inner_val,2,Mg3BiBr3
primary,mlp_magpie,gkf,25,inner_val,2,Ba3PBr3
primary,mlp_magpie,gkf,25,inner_val,2,Ba3SbBr3
primary,mlp_magpie,gkf,25,inner_val,2,Ca3SbCl3
primary,mlp_magpie,gkf,25,inner_val,2,Ca3SbF3
primary,mlp_magpie,gkf,25,inner_val,3,Ba3AsI3
primary,mlp_magpie,gkf,25,inner_val,3,Sr3AsI3
primary,mlp_magpie,gkf,25,inner_val,3,Ba3BiBr3
primary,mlp_magpie,gkf,25,inner_val,3,Mg3BiBr3
primary,mlp_magpie,gkf,25,inner_val,3,Ca3PCl3
primary,mlp_magpie,gkf,25,inner_val,3,Sr3PBr3
primary,mlp_magpie,gkf,25,inner_val,3,Sr3PI3
primary,mlp_magpie,gkf,25,inner_val,4,Sr3AsCl3
primary,mlp_magpie,gkf,25,inner_val,4,Ca3BiI3
primary,mlp_magpie,gkf,25,inner_val,4,Mg3BiI3
primary,mlp_magpie,gkf,25,inner_val,4,Sr3PBr3
primary,mlp_magpie,gkf,25,inner_val,4,Ca3SbCl3
primary,mlp_magpie,gkf,25,inner_val,4,Mg3SbI3
primary,mlp_magpie,gkf,25,inner_val,4,Sr3SbI3
primary,mlp_magpie,gkf,26,test,,Ca3AsF3
primary,mlp_magpie,gkf,26,test,,Ba3BiBr3
primary,mlp_magpie,gkf,26,test,,Ba3BiI3
primary,mlp_magpie,gkf,26,test,,Ba3PBr3
primary,mlp_magpie,gkf,26,test,,Ba3PCl3
primary,mlp_magpie,gkf,26,test,,Ba3SbBr3
primary,mlp_magpie,gkf,26,test,,Ba3SbCl3
primary,mlp_magpie,gkf,26,test,,Ca3SbBr3
primary,mlp_magpie,gkf,26,inner_val,0,Ba3AsBr3
primary,mlp_magpie,gkf,26,inner_val,0,Ba3AsI3
primary,mlp_magpie,gkf,26,inner_val,0,Sr3AsCl3
primary,mlp_magpie,gkf,26,inner_val,0,Ca3PF3
primary,mlp_magpie,gkf,26,inner_val,0,Sr3PBr3
primary,mlp_magpie,gkf,26,inner_val,0,Mg3SbI3
primary,mlp_magpie,gkf,26,inner_val,0,Sr3SbI3
primary,mlp_magpie,gkf,26,inner_val,1,Ba3AsCl3
primary,mlp_magpie,gkf,26,inner_val,1,Ca3AsBr3
primary,mlp_magpie,gkf,26,inner_val,1,Mg3AsBr3
primary,mlp_magpie,gkf,26,inner_val,1,Mg3BiI3
primary,mlp_magpie,gkf,26,inner_val,1,Ba3PI3
primary,mlp_magpie,gkf,26,inner_val,1,Mg3PI3
primary,mlp_magpie,gkf,26,inner_val,1,Mg3SbCl3
primary,mlp_magpie,gkf,26,inner_val,2,Ba3AsI3
primary,mlp_magpie,gkf,26,inner_val,2,Mg3AsBr3
primary,mlp_magpie,gkf,26,inner_val,2,Sr3AsI3
primary,mlp_magpie,gkf,26,inner_val,2,Ca3PF3
primary,mlp_magpie,gkf,26,inner_val,2,Ba3SbI3
primary,mlp_magpie,gkf,26,inner_val,2,Ca3SbCl3
primary,mlp_magpie,gkf,26,inner_val,2,Mg3SbBr3
primary,mlp_magpie,gkf,26,inner_val,3,Ba3BiCl3
primary,mlp_magpie,gkf,26,inner_val,3,Ca3PBr3
primary,mlp_magpie,gkf,26,inner_val,3,Ca3PI3
primary,mlp_magpie,gkf,26,inner_val,3,Mg3PI3
primary,mlp_magpie,gkf,26,inner_val,3,Sr3PBr3
primary,mlp_magpie,gkf,26,inner_val,3,Sr3PCl3
primary,mlp_magpie,gkf,26,inner_val,3,Mg3SbCl3
primary,mlp_magpie,gkf,26,inner_val,4,Mg3AsBr3
primary,mlp_magpie,gkf,26,inner_val,4,Ca3PCl3
primary,mlp_magpie,gkf,26,inner_val,4,Mg3PBr3
primary,mlp_magpie,gkf,26,inner_val,4,Mg3PCl3
primary,mlp_magpie,gkf,26,inner_val,4,Sr3PCl3
primary,mlp_magpie,gkf,26,inner_val,4,Mg3SbCl3
primary,mlp_magpie,gkf,26,inner_val,4,Sr3SbI3
primary,mlp_magpie,gkf,27,test,,Ba3AsBr3
primary,mlp_magpie,gkf,27,test,,Sr3AsI3
primary,mlp_magpie,gkf,27,test,,Mg3BiI3
primary,mlp_magpie,gkf,27,test,,Ca3PI3
primary,mlp_magpie,gkf,27,test,,Mg3PI3
primary,mlp_magpie,gkf,27,test,,Ca3SbCl3
primary,mlp_magpie,gkf,27,test,,Ca3SbF3
primary,mlp_magpie,gkf,27,test,,Mg3SbCl3
primary,mlp_magpie,gkf,27,inner_val,0,Sr3AsCl3
primary,mlp_magpie,gkf,27,inner_val,0,Ba3BiCl3
primary,mlp_magpie,gkf,27,inner_val,0,Ba3PBr3
primary,mlp_magpie,gkf,27,inner_val,0,Ba3PCl3
primary,mlp_magpie,gkf,27,inner_val,0,Ca3PBr3
primary,mlp_magpie,gkf,27,inner_val,0,Sr3PBr3
primary,mlp_magpie,gkf,27,inner_val,0,Ba3SbI3
primary,mlp_magpie,gkf,27,inner_val,1,Sr3AsCl3
primary,mlp_magpie,gkf,27,inner_val,1,Ba3BiBr3
primary,mlp_magpie,gkf,27,inner_val,1,Ba3PBr3
primary,mlp_magpie,gkf,27,inner_val,1,Ca3PBr3
primary,mlp_magpie,gkf,27,inner_val,1,Sr3PBr3
primary,mlp_magpie,gkf,27,inner_val,1,Ba3SbCl3
primary,mlp_magpie,gkf,27,inner_val,1,Mg3SbF3
primary,mlp_magpie,gkf,27,inner_val,2,Ba3BiBr3
primary,mlp_magpie,gkf,27,inner_val,2,Ca3BiI3
primary,mlp_magpie,gkf,27,inner_val,2,Mg3BiBr3
primary,mlp_magpie,gkf,27,inner_val,2,Ba3PBr3
primary,mlp_magpie,gkf,27,inner_val,2,Sr3PBr3
primary,mlp_magpie,gkf,27,inner_val,2,Sr3PI3
primary,mlp_magpie,gkf,27,inner_val,2,Ca3SbBr3
primary,mlp_magpie,gkf,27,inner_val,3,Ba3AsCl3
primary,mlp_magpie,gkf,27,inner_val,3,Ca3AsBr3
primary,mlp_magpie,gkf,27,inner_val,3,Mg3BiBr3
primary,mlp_magpie,gkf,27,inner_val,3,Ba3PBr3
primary,mlp_magpie,gkf,27,inner_val,3,Ba3PI3
primary,mlp_magpie,gkf,27,inner_val,3,Ca3PCl3
primary,mlp_magpie,gkf,27,inner_val,3,Ca3PF3
primary,mlp_magpie,gkf,27,inner_val,4,Ca3AsBr3
primary,mlp_magpie,gkf,27,inner_val,4,Ba3BiCl3
primary,mlp_magpie,gkf,27,inner_val,4,Ba3PI3
primary,mlp_magpie,gkf,27,inner_val,4,Ba3SbCl3
primary,mlp_magpie,gkf,27,inner_val,4,Ba3SbI3
primary,mlp_magpie,gkf,27,inner_val,4,Mg3SbF3
primary,mlp_magpie,gkf,27,inner_val,4,Sr3SbCl3
primary,mlp_magpie,gkf,28,test,,Ba3AsI3
primary,mlp_magpie,gkf,28,test,,Sr3AsCl3
primary,mlp_magpie,gkf,28,test,,Ba3BiCl3
primary,mlp_magpie,gkf,28,test,,Ca3PCl3
primary,mlp_magpie,gkf,28,test,,Mg3PCl3
primary,mlp_magpie,gkf,28,test,,Sr3PBr3
primary,mlp_magpie,gkf,28,test,,Mg3SbBr3
primary,mlp_magpie,gkf,28,test,,Mg3SbF3
primary,mlp_magpie,gkf,28,inner_val,0,Sr3AsI3
primary,mlp_magpie,gkf,28,inner_val,0,Ba3BiBr3
primary,mlp_magpie,gkf,28,inner_val,0,Ba3PI3
primary,mlp_magpie,gkf,28,inner_val,0,Ca3PI3
primary,mlp_magpie,gkf,28,inner_val,0,Mg3PI3
primary,mlp_magpie,gkf,28,inner_val,0,Ba3SbBr3
primary,mlp_magpie,gkf,28,inner_val,0,Mg3SbI3
primary,mlp_magpie,gkf,28,inner_val,1,Ca3AsBr3
primary,mlp_magpie,gkf,28,inner_val,1,Mg3BiI3
primary,mlp_magpie,gkf,28,inner_val,1,Ca3PI3
primary,mlp_magpie,gkf,28,inner_val,1,Ba3SbI3
primary,mlp_magpie,gkf,28,inner_val,1,Ca3SbBr3
primary,mlp_magpie,gkf,28,inner_val,1,Mg3SbCl3
primary,mlp_magpie,gkf,28,inner_val,1,Sr3SbI3
primary,mlp_magpie,gkf,28,inner_val,2,Ca3AsF3
primary,mlp_magpie,gkf,28,inner_val,2,Mg3AsBr3
primary,mlp_magpie,gkf,28,inner_val,2,Ba3BiBr3
primary,mlp_magpie,gkf,28,inner_val,2,Mg3BiI3
primary,mlp_magpie,gkf,28,inner_val,2,Ba3PCl3
primary,mlp_magpie,gkf,28,inner_val,2,Ba3SbBr3
primary,mlp_magpie,gkf,28,inner_val,2,Sr3SbCl3
primary,mlp_magpie,gkf,28,inner_val,3,Ba3AsBr3
primary,mlp_magpie,gkf,28,inner_val,3,Ba3AsCl3
primary,mlp_magpie,gkf,28,inner_val,3,Ca3AsBr3
primary,mlp_magpie,gkf,28,inner_val,3,Mg3PI3
primary,mlp_magpie,gkf,28,inner_val,3,Ba3SbCl3
primary,mlp_magpie,gkf,28,inner_val,3,Ca3SbF3
primary,mlp_magpie,gkf,28,inner_val,3,Sr3SbCl3
primary,mlp_magpie,gkf,28,inner_val,4,Ca3AsBr3
primary,mlp_magpie,gkf,28,inner_val,4,Ca3BiI3
primary,mlp_magpie,gkf,28,inner_val,4,Ba3PCl3
primary,mlp_magpie,gkf,28,inner_val,4,Ca3PF3
primary,mlp_magpie,gkf,28,inner_val,4,Sr3PI3
primary,mlp_magpie,gkf,28,inner_val,4,Ba3SbI3
primary,mlp_magpie,gkf,28,inner_val,4,Ca3SbBr3
primary,mlp_magpie,gkf,29,test,,Ba3AsCl3
primary,mlp_magpie,gkf,29,test,,Ca3BiI3
primary,mlp_magpie,gkf,29,test,,Mg3BiBr3
primary,mlp_magpie,gkf,29,test,,Sr3PI3
primary,mlp_magpie,gkf,29,test,,Ba3SbI3
primary,mlp_magpie,gkf,29,test,,Mg3SbI3
primary,mlp_magpie,gkf,29,test,,Sr3SbI3
primary,mlp_magpie,gkf,29,inner_val,0,Ba3AsBr3
primary,mlp_magpie,gkf,29,inner_val,0,Sr3AsCl3
primary,mlp_magpie,gkf,29,inner_val,0,Ba3PBr3
primary,mlp_magpie,gkf,29,inner_val,0,Ca3PCl3
primary,mlp_magpie,gkf,29,inner_val,0,Mg3PI3
primary,mlp_magpie,gkf,29,inner_val,0,Ba3SbBr3
primary,mlp_magpie,gkf,29,inner_val,0,Mg3SbBr3
primary,mlp_magpie,gkf,29,inner_val,1,Ca3AsBr3
primary,mlp_magpie,gkf,29,inner_val,1,Ba3BiBr3
primary,mlp_magpie,gkf,29,inner_val,1,Ba3PI3
primary,mlp_magpie,gkf,29,inner_val,1,Ca3PBr3
primary,mlp_magpie,gkf,29,inner_val,1,Mg3PCl3
primary,mlp_magpie,gkf,29,inner_val,1,Sr3PBr3
primary,mlp_magpie,gkf,29,inner_val,1,Mg3SbBr3
primary,mlp_magpie,gkf,29,inner_val,2,Ca3AsBr3
primary,mlp_magpie,gkf,29,inner_val,2,Sr3AsI3
primary,mlp_magpie,gkf,29,inner_val,2,Ba3BiBr3
primary,mlp_magpie,gkf,29,inner_val,2,Ca3PCl3
primary,mlp_magpie,gkf,29,inner_val,2,Ca3PI3
primary,mlp_magpie,gkf,29,inner_val,2,Sr3PBr3
primary,mlp_magpie,gkf,29,inner_val,2,Ba3SbBr3
primary,mlp_magpie,gkf,29,inner_val,3,Ba3PBr3
primary,mlp_magpie,gkf,29,inner_val,3,Ca3PI3
primary,mlp_magpie,gkf,29,inner_val,3,Mg3PCl3
primary,mlp_magpie,gkf,29,inner_val,3,Ba3SbBr3
primary,mlp_magpie,gkf,29,inner_val,3,Ca3SbBr3
primary,mlp_magpie,gkf,29,inner_val,3,Ca3SbF3
primary,mlp_magpie,gkf,29,inner_val,3,Mg3SbBr3
primary,mlp_magpie,gkf,29,inner_val,4,Ba3BiI3
primary,mlp_magpie,gkf,29,inner_val,4,Ba3PI3
primary,mlp_magpie,gkf,29,inner_val,4,Ca3PI3
primary,mlp_magpie,gkf,29,inner_val,4,Mg3PI3
primary,mlp_magpie,gkf,29,inner_val,4,Sr3PBr3
primary,mlp_magpie,gkf,29,inner_val,4,Ca3SbF3
primary,mlp_magpie,gkf,29,inner_val,4,Sr3SbCl3
primary,mlp_magpie,gkf,30,test,,Ca3AsF3
primary,mlp_magpie,gkf,30,test,,Ba3BiCl3
primary,mlp_magpie,gkf,30,test,,Ca3BiI3
primary,mlp_magpie,gkf,30,test,,Mg3BiI3
primary,mlp_magpie,gkf,30,test,,Ca3PCl3
primary,mlp_magpie,gkf,30,test,,Sr3PBr3
primary,mlp_magpie,gkf,30,test,,Ba3SbBr3
primary,mlp_magpie,gkf,30,test,,Mg3SbCl3
primary,mlp_magpie,gkf,30,inner_val,0,Ba3AsBr3
primary,mlp_magpie,gkf,30,inner_val,0,Mg3AsBr3
primary,mlp_magpie,gkf,30,inner_val,0,Sr3AsI3
primary,mlp_magpie,gkf,30,inner_val,0,Ba3BiBr3
primary,mlp_magpie,gkf,30,inner_val,0,Sr3PCl3
primary,mlp_magpie,gkf,30,inner_val,0,Mg3SbI3
primary,mlp_magpie,gkf,30,inner_val,0,Sr3SbCl3
primary,mlp_magpie,gkf,30,inner_val,1,Ba3AsBr3
primary,mlp_magpie,gkf,30,inner_val,1,Mg3AsBr3
primary,mlp_magpie,gkf,30,inner_val,1,Ca3PF3
primary,mlp_magpie,gkf,30,inner_val,1,Mg3PBr3
primary,mlp_magpie,gkf,30,inner_val,1,Mg3PI3
primary,mlp_magpie,gkf,30,inner_val,1,Ca3SbBr3
primary,mlp_magpie,gkf,30,inner_val,1,Sr3SbCl3
primary,mlp_magpie,gkf,30,inner_val,2,Ca3AsBr3
primary,mlp_magpie,gkf,30,inner_val,2,Ba3BiBr3
primary,mlp_magpie,gkf,30,inner_val,2,Mg3BiBr3
primary,mlp_magpie,gkf,30,inner_val,2,Ba3PBr3
primary,mlp_magpie,gkf,30,inner_val,2,Ca3PF3
primary,mlp_magpie,gkf,30,inner_val,2,Mg3PCl3
primary,mlp_magpie,gkf,30,inner_val,2,Ca3SbBr3
primary,mlp_magpie,gkf,30,inner_val,3,Ba3AsI3
primary,mlp_magpie,gkf,30,inner_val,3,Ca3AsBr3
primary,mlp_magpie,gkf,30,inner_val,3,Ba3BiBr3
primary,mlp_magpie,gkf,30,inner_val,3,Ba3BiI3
primary,mlp_magpie,gkf,30,inner_val,3,Mg3PBr3
primary,mlp_magpie,gkf,30,inner_val,3,Mg3PI3
primary,mlp_magpie,gkf,30,inner_val,3,Sr3PCl3
primary,mlp_magpie,gkf,30,inner_val,4,Ca3PBr3
primary,mlp_magpie,gkf,30,inner_val,4,Mg3PBr3
primary,mlp_magpie,gkf,30,inner_val,4,Ba3SbCl3
primary,mlp_magpie,gkf,30,inner_val,4,Ba3SbI3
primary,mlp_magpie,gkf,30,inner_val,4,Mg3SbBr3
primary,mlp_magpie,gkf,30,inner_val,4,Mg3SbF3
primary,mlp_magpie,gkf,30,inner_val,4,Mg3SbI3
primary,mlp_magpie,gkf,31,test,,Ba3AsCl3
primary,mlp_magpie,gkf,31,test,,Ca3AsBr3
primary,mlp_magpie,gkf,31,test,,Sr3AsI3
primary,mlp_magpie,gkf,31,test,,Mg3BiBr3
primary,mlp_magpie,gkf,31,test,,Ca3PF3
primary,mlp_magpie,gkf,31,test,,Ba3SbI3
primary,mlp_magpie,gkf,31,test,,Ca3SbCl3
primary,mlp_magpie,gkf,31,test,,Sr3SbI3
primary,mlp_magpie,gkf,31,inner_val,0,Ca3AsF3
primary,mlp_magpie,gkf,31,inner_val,0,Sr3AsCl3
primary,mlp_magpie,gkf,31,inner_val,0,Ba3PCl3
primary,mlp_magpie,gkf,31,inner_val,0,Ca3PI3
primary,mlp_magpie,gkf,31,inner_val,0,Sr3PI3
primary,mlp_magpie,gkf,31,inner_val,0,Ca3SbBr3
primary,mlp_magpie,gkf,31,inner_val,0,Mg3SbI3
primary,mlp_magpie,gkf,31,inner_val,1,Ba3AsBr3
primary,mlp_magpie,gkf,31,inner_val,1,Ba3BiBr3
primary,mlp_magpie,gkf,31,inner_val,1,Mg3BiI3
primary,mlp_magpie,gkf,31,inner_val,1,Ba3PI3
primary,mlp_magpie,gkf,31,inner_val,1,Sr3PCl3
primary,mlp_magpie,gkf,31,inner_val,1,Sr3PI3
primary,mlp_magpie,gkf,31,inner_val,1,Mg3SbI3
primary,mlp_magpie,gkf,31,inner_val,2,Sr3AsCl3
primary,mlp_magpie,gkf,31,inner_val,2,Ba3BiCl3
primary,mlp_magpie,gkf,31,inner_val,2,Mg3BiI3
primary,mlp_magpie,gkf,31,inner_val,2,Ba3PBr3
primary,mlp_magpie,gkf,31,inner_val,2,Mg3PBr3
primary,mlp_magpie,gkf,31,inner_val,2,Mg3PCl3
primary,mlp_magpie,gkf,31,inner_val,2,Mg3SbBr3
primary,mlp_magpie,gkf,31,inner_val,3,Mg3AsBr3
primary,mlp_magpie,gkf,31,inner_val,3,Ba3BiBr3
primary,mlp_magpie,gkf,31,inner_val,3,Ba3PI3
primary,mlp_magpie,gkf,31,inner_val,3,Ca3PBr3
primary,mlp_magpie,gkf,31,inner_val,3,Mg3PI3
primary,mlp_magpie,gkf,31,inner_val,3,Sr3PCl3
primary,mlp_magpie,gkf,31,inner_val,3,Mg3SbCl3
primary,mlp_magpie,gkf,31,inner_val,4,Ba3AsBr3
primary,mlp_magpie,gkf,31,inner_val,4,Ba3AsI3
primary,mlp_magpie,gkf,31,inner_val,4,Mg3AsBr3
primary,mlp_magpie,gkf,31,inner_val,4,Ba3BiCl3
primary,mlp_magpie,gkf,31,inner_val,4,Ca3BiI3
primary,mlp_magpie,gkf,31,inner_val,4,Ca3PI3
primary,mlp_magpie,gkf,31,inner_val,4,Sr3PBr3
primary,mlp_magpie,gkf,32,test,,Ba3AsBr3
primary,mlp_magpie,gkf,32,test,,Mg3AsBr3
primary,mlp_magpie,gkf,32,test,,Ba3PBr3
primary,mlp_magpie,gkf,32,test,,Ba3PCl3
primary,mlp_magpie,gkf,32,test,,Sr3PCl3
primary,mlp_magpie,gkf,32,test,,Sr3PI3
primary,mlp_magpie,gkf,32,test,,Ca3SbF3
primary,mlp_magpie,gkf,32,test,,Mg3SbF3
primary,mlp_magpie,gkf,32,inner_val,0,Ba3AsCl3
primary,mlp_magpie,gkf,32,inner_val,0,Ca3AsF3
primary,mlp_magpie,gkf,32,inner_val,0,Ba3BiCl3
primary,mlp_magpie,gkf,32,inner_val,0,Ca3PF3
primary,mlp_magpie,gkf,32,inner_val,0,Sr3PBr3
primary,mlp_magpie,gkf,32,inner_val,0,Ca3SbBr3
primary,mlp_magpie,gkf,32,inner_val,0,Sr3SbCl3
primary,mlp_magpie,gkf,32,inner_val,1,Ba3AsCl3
primary,mlp_magpie,gkf,32,inner_val,1,Ca3AsF3
primary,mlp_magpie,gkf,32,inner_val,1,Ba3BiCl3
primary,mlp_magpie,gkf,32,inner_val,1,Ba3BiI3
primary,mlp_magpie,gkf,32,inner_val,1,Ba3PI3
primary,mlp_magpie,gkf,32,inner_val,1,Mg3PI3
primary,mlp_magpie,gkf,32,inner_val,1,Ca3SbBr3
primary,mlp_magpie,gkf,32,inner_val,2,Ba3AsI3
primary,mlp_magpie,gkf,32,inner_val,2,Ba3BiI3
primary,mlp_magpie,gkf,32,inner_val,2,Ca3PBr3
primary,mlp_magpie,gkf,32,inner_val,2,Mg3PCl3
primary,mlp_magpie,gkf,32,inner_val,2,Ba3SbBr3
primary,mlp_magpie,gkf,32,inner_val,2,Ca3SbCl3
primary,mlp_magpie,gkf,32,inner_val,2,Sr3SbI3
primary,mlp_magpie,gkf,32,inner_val,3,Ca3AsBr3
primary,mlp_magpie,gkf,32,inner_val,3,Sr3AsCl3
primary,mlp_magpie,gkf,32,inner_val,3,Ba3BiI3
primary,mlp_magpie,gkf,32,inner_val,3,Ca3BiI3
primary,mlp_magpie,gkf,32,inner_val,3,Mg3BiI3
primary,mlp_magpie,gkf,32,inner_val,3,Mg3PBr3
primary,mlp_magpie,gkf,32,inner_val,3,Mg3SbI3
primary,mlp_magpie,gkf,32,inner_val,4,Ba3AsCl3
primary,mlp_magpie,gkf,32,inner_val,4,Ba3AsI3
primary,mlp_magpie,gkf,32,inner_val,4,Ba3BiCl3
primary,mlp_magpie,gkf,32,inner_val,4,Mg3BiBr3
primary,mlp_magpie,gkf,32,inner_val,4,Ca3PI3
primary,mlp_magpie,gkf,32,inner_val,4,Mg3PCl3
primary,mlp_magpie,gkf,32,inner_val,4,Sr3SbCl3
primary,mlp_magpie,gkf,33,test,,Ba3AsI3
primary,mlp_magpie,gkf,33,test,,Ba3BiBr3
primary,mlp_magpie,gkf,33,test,,Ca3PI3
primary,mlp_magpie,gkf,33,test,,Mg3PBr3
primary,mlp_magpie,gkf,33,test,,Mg3PCl3
primary,mlp_magpie,gkf,33,test,,Mg3PI3
primary,mlp_magpie,gkf,33,test,,Ca3SbBr3
primary,mlp_magpie,gkf,33,test,,Mg3SbI3
primary,mlp_magpie,gkf,33,inner_val,0,Ba3BiI3
primary,mlp_magpie,gkf,33,inner_val,0,Ca3BiI3
primary,mlp_magpie,gkf,33,inner_val,0,Ba3PI3
primary,mlp_magpie,gkf,33,inner_val,0,Ca3PBr3
primary,mlp_magpie,gkf,33,inner_val,0,Ca3SbCl3
primary,mlp_magpie,gkf,33,inner_val,0,Ca3SbF3
primary,mlp_magpie,gkf,33,inner_val,0,Mg3SbF3
primary,mlp_magpie,gkf,33,inner_val,1,Ba3AsCl3
primary,mlp_magpie,gkf,33,inner_val,1,Ca3AsBr3
primary,mlp_magpie,gkf,33,inner_val,1,Ca3AsF3
primary,mlp_magpie,gkf,33,inner_val,1,Sr3AsCl3
primary,mlp_magpie,gkf,33,inner_val,1,Ba3BiCl3
primary,mlp_magpie,gkf,33,inner_val,1,Mg3BiBr3
primary,mlp_magpie,gkf,33,inner_val,1,Ca3PBr3
primary,mlp_magpie,gkf,33,inner_val,2,Mg3BiBr3
primary,mlp_magpie,gkf,33,inner_val,2,Mg3BiI3
primary,mlp_magpie,gkf,33,inner_val,2,Ba3PBr3
primary,mlp_magpie,gkf,33,inner_val,2,Sr3PBr3
primary,mlp_magpie,gkf,33,inner_val,2,Ca3SbCl3
primary,mlp_magpie,gkf,33,inner_val,2,Mg3SbBr3
primary,mlp_magpie,gkf,33,inner_val,2,Sr3SbCl3
primary,mlp_magpie,gkf,33,inner_val,3,Ba3AsBr3
primary,mlp_magpie,gkf,33,inner_val,3,Ca3AsBr3
primary,mlp_magpie,gkf,33,inner_val,3,Mg3BiBr3
primary,mlp_magpie,gkf,33,inner_val,3,Ba3PI3
primary,mlp_magpie,gkf,33,inner_val,3,Ba3SbI3
primary,mlp_magpie,gkf,33,inner_val,3,Mg3SbBr3
primary,mlp_magpie,gkf,33,inner_val,3,Sr3SbI3
primary,mlp_magpie,gkf,33,inner_val,4,Ca3AsBr3
primary,mlp_magpie,gkf,33,inner_val,4,Ba3BiCl3
primary,mlp_magpie,gkf,33,inner_val,4,Ca3BiI3
primary,mlp_magpie,gkf,33,inner_val,4,Mg3BiBr3
primary,mlp_magpie,gkf,33,inner_val,4,Sr3PI3
primary,mlp_magpie,gkf,33,inner_val,4,Ba3SbI3
primary,mlp_magpie,gkf,33,inner_val,4,Mg3SbCl3
primary,mlp_magpie,gkf,34,test,,Sr3AsCl3
primary,mlp_magpie,gkf,34,test,,Ba3BiI3
primary,mlp_magpie,gkf,34,test,,Ba3PI3
primary,mlp_magpie,gkf,34,test,,Ca3PBr3
primary,mlp_magpie,gkf,34,test,,Ba3SbCl3
primary,mlp_magpie,gkf,34,test,,Mg3SbBr3
primary,mlp_magpie,gkf,34,test,,Sr3SbCl3
primary,mlp_magpie,gkf,34,inner_val,0,Ba3AsI3
primary,mlp_magpie,gkf,34,inner_val,0,Ca3AsF3
primary,mlp_magpie,gkf,34,inner_val,0,Ba3BiCl3
primary,mlp_magpie,gkf,34,inner_val,0,Ca3BiI3
primary,mlp_magpie,gkf,34,inner_val,0,Ca3PF3
primary,mlp_magpie,gkf,34,inner_val,0,Ba3SbBr3
primary,mlp_magpie,gkf,34,inner_val,0,Ca3SbF3
primary,mlp_magpie,gkf,34,inner_val,1,Sr3AsI3
primary,mlp_magpie,gkf,34,inner_val,1,Ba3BiBr3
primary,mlp_magpie,gkf,34,inner_val,1,Ba3BiCl3
primary,mlp_magpie,gkf,34,inner_val,1,Mg3BiBr3
primary,mlp_magpie,gkf,34,inner_val,1,Mg3PCl3
primary,mlp_magpie,gkf,34,inner_val,1,Sr3PBr3
primary,mlp_magpie,gkf,34,inner_val,1,Ba3SbI3
primary,mlp_magpie,gkf,34,inner_val,2,Sr3AsI3
primary,mlp_magpie,gkf,34,inner_val,2,Ba3PCl3
primary,mlp_magpie,gkf,34,inner_val,2,Ca3PI3
primary,mlp_magpie,gkf,34,inner_val,2,Mg3PCl3
primary,mlp_magpie,gkf,34,inner_val,2,Ba3SbBr3
primary,mlp_magpie,gkf,34,inner_val,2,Mg3SbCl3
primary,mlp_magpie,gkf,34,inner_val,2,Sr3SbI3
primary,mlp_magpie,gkf,34,inner_val,3,Ba3AsCl3
primary,mlp_magpie,gkf,34,inner_val,3,Ca3AsF3
primary,mlp_magpie,gkf,34,inner_val,3,Mg3AsBr3
primary,mlp_magpie,gkf,34,inner_val,3,Ba3BiBr3
primary,mlp_magpie,gkf,34,inner_val,3,Ba3PCl3
primary,mlp_magpie,gkf,34,inner_val,3,Ba3SbBr3
primary,mlp_magpie,gkf,34,inner_val,3,Mg3SbF3
primary,mlp_magpie,gkf,34,inner_val,4,Ba3AsI3
primary,mlp_magpie,gkf,34,inner_val,4,Mg3BiI3
primary,mlp_magpie,gkf,34,inner_val,4,Mg3PBr3
primary,mlp_magpie,gkf,34,inner_val,4,Mg3PCl3
primary,mlp_magpie,gkf,34,inner_val,4,Mg3PI3
primary,mlp_magpie,gkf,34,inner_val,4,Sr3PI3
primary,mlp_magpie,gkf,34,inner_val,4,Sr3SbI3
primary,mlp_magpie,gkf,35,test,,Ca3AsBr3
primary,mlp_magpie,gkf,35,test,,Ca3AsF3
primary,mlp_magpie,gkf,35,test,,Sr3AsI3
primary,mlp_magpie,gkf,35,test,,Ca3BiI3
primary,mlp_magpie,gkf,35,test,,Ba3PBr3
primary,mlp_magpie,gkf,35,test,,Sr3PI3
primary,mlp_magpie,gkf,35,test,,Ba3SbBr3
primary,mlp_magpie,gkf,35,test,,Ca3SbCl3
primary,mlp_magpie,gkf,35,inner_val,0,Mg3AsBr3
primary,mlp_magpie,gkf,35,inner_val,0,Ba3BiI3
primary,mlp_magpie,gkf,35,inner_val,0,Ba3PCl3
primary,mlp_magpie,gkf,35,inner_val,0,Ca3PCl3
primary,mlp_magpie,gkf,35,inner_val,0,Ca3PF3
primary,mlp_magpie,gkf,35,inner_val,0,Sr3PCl3
primary,mlp_magpie,gkf,35,inner_val,0,Sr3SbI3
primary,mlp_magpie,gkf,35,inner_val,1,Ba3AsI3
primary,mlp_magpie,gkf,35,inner_val,1,Ba3BiCl3
primary,mlp_magpie,gkf,35,inner_val,1,Ba3BiI3
primary,mlp_magpie,gkf,35,inner_val,1,Mg3BiI3
primary,mlp_magpie,gkf,35,inner_val,1,Ca3PBr3
primary,mlp_magpie,gkf,35,inner_val,1,Sr3PBr3
primary,mlp_magpie,gkf,35,inner_val,1,Mg3SbBr3
primary,mlp_magpie,gkf,35,inner_val,2,Ba3AsCl3
primary,mlp_magpie,gkf,35,inner_val,2,Ba3AsI3
primary,mlp_magpie,gkf,35,inner_val,2,Sr3AsCl3
primary,mlp_magpie,gkf,35,inner_val,2,Ba3BiI3
primary,mlp_magpie,gkf,35,inner_val,2,Ba3PCl3
primary,mlp_magpie,gkf,35,inner_val,2,Ba3SbI3
primary,mlp_magpie,gkf,35,inner_val,2,Mg3SbCl3
primary,mlp_magpie,gkf,35,inner_val,3,Ba3AsCl3
primary,mlp_magpie,gkf,35,inner_val,3,Mg3BiI3
primary,mlp_magpie,gkf,35,inner_val,3,Sr3PCl3
primary,mlp_magpie,gkf,35,inner_val,3,Ba3SbI3
primary,mlp_magpie,gkf,35,inner_val,3,Mg3SbF3
primary,mlp_magpie,gkf,35,inner_val,3,Sr3SbCl3
primary,mlp_magpie,gkf,35,inner_val,3,Sr3SbI3
primary,mlp_magpie,gkf,35,inner_val,4,Ba3BiBr3
primary,mlp_magpie,gkf,35,inner_val,4,Ca3PCl3
primary,mlp_magpie,gkf,35,inner_val,4,Mg3PI3
primary,mlp_magpie,gkf,35,inner_val,4,Sr3PCl3
primary,mlp_magpie,gkf,35,inner_val,4,Mg3SbBr3
primary,mlp_magpie,gkf,35,inner_val,4,Mg3SbF3
primary,mlp_magpie,gkf,35,inner_val,4,Sr3SbI3
primary,mlp_magpie,gkf,36,test,,Sr3AsCl3
primary,mlp_magpie,gkf,36,test,,Ba3BiBr3
primary,mlp_magpie,gkf,36,test,,Ba3BiI3
primary,mlp_magpie,gkf,36,test,,Mg3BiBr3
primary,mlp_magpie,gkf,36,test,,Mg3BiI3
primary,mlp_magpie,gkf,36,test,,Ca3PF3
primary,mlp_magpie,gkf,36,test,,Sr3PBr3
primary,mlp_magpie,gkf,36,test,,Mg3SbBr3
primary,mlp_magpie,gkf,36,inner_val,0,Ba3AsBr3
primary,mlp_magpie,gkf,36,inner_val,0,Ba3BiCl3
primary,mlp_magpie,gkf,36,inner_val,0,Ca3PBr3
primary,mlp_magpie,gkf,36,inner_val,0,Mg3PCl3
primary,mlp_magpie,gkf,36,inner_val,0,Sr3PI3
primary,mlp_magpie,gkf,36,inner_val,0,Ca3SbBr3
primary,mlp_magpie,gkf,36,inner_val,0,Ca3SbF3
primary,mlp_magpie,gkf,36,inner_val,1,Ca3PCl3
primary,mlp_magpie,gkf,36,inner_val,1,Sr3PCl3
primary,mlp_magpie,gkf,36,inner_val,1,Ba3SbCl3
primary,mlp_magpie,gkf,36,inner_val,1,Ca3SbBr3
primary,mlp_magpie,gkf,36,inner_val,1,Ca3SbF3
primary,mlp_magpie,gkf,36,inner_val,1,Mg3SbCl3
primary,mlp_magpie,gkf,36,inner_val,1,Sr3SbI3
primary,mlp_magpie,gkf,36,inner_val,2,Ba3AsCl3
primary,mlp_magpie,gkf,36,inner_val,2,Sr3AsI3
primary,mlp_magpie,gkf,36,inner_val,2,Ba3PBr3
primary,mlp_magpie,gkf,36,inner_val,2,Ba3SbBr3
primary,mlp_magpie,gkf,36,inner_val,2,Ba3SbI3
primary,mlp_magpie,gkf,36,inner_val,2,Ca3SbBr3
primary,mlp_magpie,gkf,36,inner_val,2,Sr3SbCl3
primary,mlp_magpie,gkf,36,inner_val,3,Ba3AsCl3
primary,mlp_magpie,gkf,36,inner_val,3,Ba3AsI3
primary,mlp_magpie,gkf,36,inner_val,3,Ca3AsBr3
primary,mlp_magpie,gkf,36,inner_val,3,Ba3PCl3
primary,mlp_magpie,gkf,36,inner_val,3,Ca3PCl3
primary,mlp_magpie,gkf,36,inner_val,3,Sr3PCl3
primary,mlp_magpie,gkf,36,inner_val,3,Mg3SbF3
primary,mlp_magpie,gkf,36,inner_val,4,Ba3AsI3
primary,mlp_magpie,gkf,36,inner_val,4,Ca3AsBr3
primary,mlp_magpie,gkf,36,inner_val,4,Ca3AsF3
primary,mlp_magpie,gkf,36,inner_val,4,Ca3PBr3
primary,mlp_magpie,gkf,36,inner_val,4,Ca3PI3
primary,mlp_magpie,gkf,36,inner_val,4,Ba3SbBr3
primary,mlp_magpie,gkf,36,inner_val,4,Ca3SbF3
primary,mlp_magpie,gkf,37,test,,Ba3PCl3
primary,mlp_magpie,gkf,37,test,,Ca3PCl3
primary,mlp_magpie,gkf,37,test,,Mg3PI3
primary,mlp_magpie,gkf,37,test,,Sr3PCl3
primary,mlp_magpie,gkf,37,test,,Ba3SbCl3
primary,mlp_magpie,gkf,37,test,,Ca3SbBr3
primary,mlp_magpie,gkf,37,test,,Ca3SbF3
primary,mlp_magpie,gkf,37,test,,Mg3SbF3
primary,mlp_magpie,gkf,37,inner_val,0,Ba3AsBr3
primary,mlp_magpie,gkf,37,inner_val,0,Ba3AsI3
primary,mlp_magpie,gkf,37,inner_val,0,Mg3AsBr3
primary,mlp_magpie,gkf,37,inner_val,0,Ba3BiBr3
primary,mlp_magpie,gkf,37,inner_val,0,Ba3PBr3
primary,mlp_magpie,gkf,37,inner_val,0,Ba3PI3
primary,mlp_magpie,gkf,37,inner_val,0,Mg3SbI3
primary,mlp_magpie,gkf,37,inner_val,1,Ba3AsI3
primary,mlp_magpie,gkf,37,inner_val,1,Mg3AsBr3
primary,mlp_magpie,gkf,37,inner_val,1,Ba3BiBr3
primary,mlp_magpie,gkf,37,inner_val,1,Mg3BiI3
primary,mlp_magpie,gkf,37,inner_val,1,Ca3PI3
primary,mlp_magpie,gkf,37,inner_val,1,Mg3PBr3
primary,mlp_magpie,gkf,37,inner_val,1,Ba3SbBr3
primary,mlp_magpie,gkf,37,inner_val,2,Ba3AsI3
primary,mlp_magpie,gkf,37,inner_val,2,Sr3AsCl3
primary,mlp_magpie,gkf,37,inner_val,2,Ba3BiBr3
primary,mlp_magpie,gkf,37,inner_val,2,Mg3BiI3
primary,mlp_magpie,gkf,37,inner_val,2,Ba3SbBr3
primary,mlp_magpie,gkf,37,inner_val,2,Ba3SbI3
primary,mlp_magpie,gkf,37,inner_val,2,Sr3SbI3
primary,mlp_magpie,gkf,37,inner_val,3,Ca3AsBr3
primary,mlp_magpie,gkf,37,inner_val,3,Sr3AsCl3
primary,mlp_magpie,gkf,37,inner_val,3,Ba3BiI3
primary,mlp_magpie,gkf,37,inner_val,3,Mg3BiI3
primary,mlp_magpie,gkf,37,inner_val,3,Ca3PBr3
primary,mlp_magpie,gkf,37,inner_val,3,Ca3PI3
primary,mlp_magpie,gkf,37,inner_val,3,Mg3SbBr3
primary,mlp_magpie,gkf,37,inner_val,4,Sr3AsCl3
primary,mlp_magpie,gkf,37,inner_val,4,Ba3BiBr3
primary,mlp_magpie,gkf,37,inner_val,4,Mg3BiI3
primary,mlp_magpie,gkf,37,inner_val,4,Ca3PBr3
primary,mlp_magpie,gkf,37,inner_val,4,Mg3PCl3
primary,mlp_magpie,gkf,37,inner_val,4,Ca3SbCl3
primary,mlp_magpie,gkf,37,inner_val,4,Sr3SbCl3
primary,mlp_magpie,gkf,38,test,,Ba3AsI3
primary,mlp_magpie,gkf,38,test,,Mg3AsBr3
primary,mlp_magpie,gkf,38,test,,Ba3PI3
primary,mlp_magpie,gkf,38,test,,Ca3PI3
primary,mlp_magpie,gkf,38,test,,Mg3PCl3
primary,mlp_magpie,gkf,38,test,,Mg3SbCl3
primary,mlp_magpie,gkf,38,test,,Sr3SbCl3
primary,mlp_magpie,gkf,38,test,,Sr3SbI3
primary,mlp_magpie,gkf,38,inner_val,0,Ba3AsCl3
primary,mlp_magpie,gkf,38,inner_val,0,Sr3AsI3
primary,mlp_magpie,gkf,38,inner_val,0,Ba3BiBr3
primary,mlp_magpie,gkf,38,inner_val,0,Ba3PCl3
primary,mlp_magpie,gkf,38,inner_val,0,Mg3PI3
primary,mlp_magpie,gkf,38,inner_val,0,Sr3PI3
primary,mlp_magpie,gkf,38,inner_val,0,Ca3SbF3
primary,mlp_magpie,gkf,38,inner_val,1,Sr3AsCl3
primary,mlp_magpie,gkf,38,inner_val,1,Ca3BiI3
primary,mlp_magpie,gkf,38,inner_val,1,Mg3BiBr3
primary,mlp_magpie,gkf,38,inner_val,1,Mg3BiI3
primary,mlp_magpie,gkf,38,inner_val,1,Ca3PBr3
primary,mlp_magpie,gkf,38,inner_val,1,Ca3SbBr3
primary,mlp_magpie,gkf,38,inner_val,1,Ca3SbCl3
primary,mlp_magpie,gkf,38,inner_val,2,Ba3AsCl3
primary,mlp_magpie,gkf,38,inner_val,2,Sr3AsI3
primary,mlp_magpie,gkf,38,inner_val,2,Ba3BiBr3
primary,mlp_magpie,gkf,38,inner_val,2,Ba3BiCl3
primary,mlp_magpie,gkf,38,inner_val,2,Ba3PBr3
primary,mlp_magpie,gkf,38,inner_val,2,Mg3PBr3
primary,mlp_magpie,gkf,38,inner_val,2,Ba3SbBr3
primary,mlp_magpie,gkf,38,inner_val,3,Ca3AsF3
primary,mlp_magpie,gkf,38,inner_val,3,Sr3AsCl3
primary,mlp_magpie,gkf,38,inner_val,3,Ba3BiBr3
primary,mlp_magpie,gkf,38,inner_val,3,Ba3BiCl3
primary,mlp_magpie,gkf,38,inner_val,3,Ba3SbI3
primary,mlp_magpie,gkf,38,inner_val,3,Ca3SbBr3
primary,mlp_magpie,gkf,38,inner_val,3,Ca3SbF3
primary,mlp_magpie,gkf,38,inner_val,4,Mg3BiBr3
primary,mlp_magpie,gkf,38,inner_val,4,Mg3BiI3
primary,mlp_magpie,gkf,38,inner_val,4,Ba3PCl3
primary,mlp_magpie,gkf,38,inner_val,4,Mg3PI3
primary,mlp_magpie,gkf,38,inner_val,4,Sr3PBr3
primary,mlp_magpie,gkf,38,inner_val,4,Sr3PI3
primary,mlp_magpie,gkf,38,inner_val,4,Mg3SbI3
primary,mlp_magpie,gkf,39,test,,Ba3AsBr3
primary,mlp_magpie,gkf,39,test,,Ba3AsCl3
primary,mlp_magpie,gkf,39,test,,Ba3BiCl3
primary,mlp_magpie,gkf,39,test,,Ca3PBr3
primary,mlp_magpie,gkf,39,test,,Mg3PBr3
primary,mlp_magpie,gkf,39,test,,Ba3SbI3
primary,mlp_magpie,gkf,39,test,,Mg3SbI3
primary,mlp_magpie,gkf,39,inner_val,0,Sr3AsCl3
primary,mlp_magpie,gkf,39,inner_val,0,Ba3BiI3
primary,mlp_magpie,gkf,39,inner_val,0,Mg3PI3
primary,mlp_magpie,gkf,39,inner_val,0,Ba3SbBr3
primary,mlp_magpie,gkf,39,inner_val,0,Ba3SbCl3
primary,mlp_magpie,gkf,39,inner_val,0,Sr3SbCl3
primary,mlp_magpie,gkf,39,inner_val,0,Sr3SbI3
primary,mlp_magpie,gkf,39,inner_val,1,Ba3AsI3
primary,mlp_magpie,gkf,39,inner_val,1,Ba3PCl3
primary,mlp_magpie,gkf,39,inner_val,1,Ca3PCl3
primary,mlp_magpie,gkf,39,inner_val,1,Sr3PI3
primary,mlp_magpie,gkf,39,inner_val,1,Ba3SbCl3
primary,mlp_magpie,gkf,39,inner_val,1,Ca3SbCl3
primary,mlp_magpie,gkf,39,inner_val,1,Sr3SbI3
primary,mlp_magpie,gkf,39,inner_val,2,Mg3PCl3
primary,mlp_magpie,gkf,39,inner_val,2,Sr3PBr3
primary,mlp_magpie,gkf,39,inner_val,2,Ba3SbCl3
primary,mlp_magpie,gkf,39,inner_val,2,Ca3SbBr3
primary,mlp_magpie,gkf,39,inner_val,2,Ca3SbCl3
primary,mlp_magpie,gkf,39,inner_val,2,Mg3SbF3
primary,mlp_magpie,gkf,39,inner_val,2,Sr3SbCl3
primary,mlp_magpie,gkf,39,inner_val,3,Ba3BiBr3
primary,mlp_magpie,gkf,39,inner_val,3,Ba3PI3
primary,mlp_magpie,gkf,39,inner_val,3,Ca3PI3
primary,mlp_magpie,gkf,39,inner_val,3,Sr3PBr3
primary,mlp_magpie,gkf,39,inner_val,3,Sr3PCl3
primary,mlp_magpie,gkf,39,inner_val,3,Ca3SbCl3
primary,mlp_magpie,gkf,39,inner_val,3,Mg3SbCl3
primary,mlp_magpie,gkf,39,inner_val,4,Sr3AsI3
primary,mlp_magpie,gkf,39,inner_val,4,Ba3PI3
primary,mlp_magpie,gkf,39,inner_val,4,Ca3SbCl3
primary,mlp_magpie,gkf,39,inner_val,4,Mg3SbBr3
primary,mlp_magpie,gkf,39,inner_val,4,Mg3SbF3
primary,mlp_magpie,gkf,39,inner_val,4,Sr3SbCl3
primary,mlp_magpie,gkf,39,inner_val,4,Sr3SbI3
primary,mlp_magpie,gkf,40,test,,Ca3BiI3
primary,mlp_magpie,gkf,40,test,,Ba3PI3
primary,mlp_magpie,gkf,40,test,,Mg3PBr3
primary,mlp_magpie,gkf,40,test,,Mg3PI3
primary,mlp_magpie,gkf,40,test,,Sr3PBr3
primary,mlp_magpie,gkf,40,test,,Ba3SbBr3
primary,mlp_magpie,gkf,40,test,,Ca3SbF3
primary,mlp_magpie,gkf,40,test,,Sr3SbCl3
primary,mlp_magpie,gkf,40,inner_val,0,Ba3AsBr3
primary,mlp_magpie,gkf,40,inner_val,0,Ba3AsCl3
primary,mlp_magpie,gkf,40,inner_val,0,Ca3PBr3
primary,mlp_magpie,gkf,40,inner_val,0,Ca3PCl3
primary,mlp_magpie,gkf,40,inner_val,0,Sr3PCl3
primary,mlp_magpie,gkf,40,inner_val,0,Mg3SbI3
primary,mlp_magpie,gkf,40,inner_val,0,Sr3SbI3
primary,mlp_magpie,gkf,40,inner_val,1,Ba3AsBr3
primary,mlp_magpie,gkf,40,inner_val,1,Ba3AsI3
primary,mlp_magpie,gkf,40,inner_val,1,Mg3AsBr3
primary,mlp_magpie,gkf,40,inner_val,1,Sr3AsCl3
primary,mlp_magpie,gkf,40,inner_val,1,Ca3PCl3
primary,mlp_magpie,gkf,40,inner_val,1,Sr3PI3
primary,mlp_magpie,gkf,40,inner_val,1,Ba3SbI3
primary,mlp_magpie,gkf,40,inner_val,2,Ca3AsBr3
primary,mlp_magpie,gkf,40,inner_val,2,Ca3AsF3
primary,mlp_magpie,gkf,40,inner_val,2,Mg3AsBr3
primary,mlp_magpie,gkf,40,inner_val,2,Ba3BiI3
primary,mlp_magpie,gkf,40,inner_val,2,Ca3PBr3
primary,mlp_magpie,gkf,40,inner_val,2,Ca3SbCl3
primary,mlp_magpie,gkf,40,inner_val,2,Sr3SbI3
primary,mlp_magpie,gkf,40,inner_val,3,Ca3AsBr3
primary,mlp_magpie,gkf,40,inner_val,3,Mg3BiI3
primary,mlp_magpie,gkf,40,inner_val,3,Ca3PF3
primary,mlp_magpie,gkf,40,inner_val,3,Sr3PI3
primary,mlp_magpie,gkf,40,inner_val,3,Ba3SbCl3
primary,mlp_magpie,gkf,40,inner_val,3,Mg3SbF3
primary,mlp_magpie,gkf,40,inner_val,3,Sr3SbI3
primary,mlp_magpie,gkf,40,inner_val,4,Ba3AsBr3
primary,mlp_magpie,gkf,40,inner_val,4,Ba3AsCl3
primary,mlp_magpie,gkf,40,inner_val,4,Ba3AsI3
primary,mlp_magpie,gkf,40,inner_val,4,Ca3AsBr3
primary,mlp_magpie,gkf,40,inner_val,4,Sr3AsI3
primary,mlp_magpie,gkf,40,inner_val,4,Ca3PI3
primary,mlp_magpie,gkf,40,inner_val,4,Mg3SbI3
primary,mlp_magpie,gkf,41,test,,Ba3AsCl3
primary,mlp_magpie,gkf,41,test,,Mg3AsBr3
primary,mlp_magpie,gkf,41,test,,Ba3BiCl3
primary,mlp_magpie,gkf,41,test,,Mg3BiI3
primary,mlp_magpie,gkf,41,test,,Ca3PF3
primary,mlp_magpie,gkf,41,test,,Mg3PCl3
primary,mlp_magpie,gkf,41,test,,Ba3SbCl3
primary,mlp_magpie,gkf,41,test,,Mg3SbCl3
primary,mlp_magpie,gkf,41,inner_val,0,Ca3AsBr3
primary,mlp_magpie,gkf,41,inner_val,0,Ba3BiI3
primary,mlp_magpie,gkf,41,inner_val,0,Mg3BiBr3
primary,mlp_magpie,gkf,41,inner_val,0,Sr3PCl3
primary,mlp_magpie,gkf,41,inner_val,0,Ba3SbBr3
primary,mlp_magpie,gkf,41,inner_val,0,Mg3SbBr3
primary,mlp_magpie,gkf,41,inner_val,0,Sr3SbCl3
primary,mlp_magpie,gkf,41,inner_val,1,Ba3AsBr3
primary,mlp_magpie,gkf,41,inner_val,1,Ba3AsI3
primary,mlp_magpie,gkf,41,inner_val,1,Ba3BiI3
primary,mlp_magpie,gkf,41,inner_val,1,Ca3PI3
primary,mlp_magpie,gkf,41,inner_val,1,Sr3PI3
primary,mlp_magpie,gkf,41,inner_val,1,Sr3SbCl3
primary,mlp_magpie,gkf,41,inner_val,1,Sr3SbI3
primary,mlp_magpie,gkf,41,inner_val,2,Ca3AsF3
primary,mlp_magpie,gkf,41,inner_val,2,Ba3BiI3
primary,mlp_magpie,gkf,41,inner_val,2,Ba3PCl3
primary,mlp_magpie,gkf,41,inner_val,2,Ba3SbBr3
primary,mlp_magpie,gkf,41,inner_val,2,Ca3SbBr3
primary,mlp_magpie,gkf,41,inner_val,2,Mg3SbI3
primary,mlp_magpie,gkf,41,inner_val,2,Sr3SbCl3
primary,mlp_magpie,gkf,41,inner_val,3,Ba3AsI3
primary,mlp_magpie,gkf,41,inner_val,3,Ba3BiI3
primary,mlp_magpie,gkf,41,inner_val,3,Mg3BiBr3
primary,mlp_magpie,gkf,41,inner_val,3,Ca3PI3
primary,mlp_magpie,gkf,41,inner_val,3,Ba3SbI3
primary,mlp_magpie,gkf,41,inner_val,3,Mg3SbF3
primary,mlp_magpie,gkf,41,inner_val,3,Mg3SbI3
primary,mlp_magpie,gkf,41,inner_val,4,Ba3BiBr3
primary,mlp_magpie,gkf,41,inner_val,4,Ba3BiI3
primary,mlp_magpie,gkf,41,inner_val,4,Ca3PBr3
primary,mlp_magpie,gkf,41,inner_val,4,Mg3PBr3
primary,mlp_magpie,gkf,41,inner_val,4,Mg3PI3
primary,mlp_magpie,gkf,41,inner_val,4,Ca3SbCl3
primary,mlp_magpie,gkf,41,inner_val,4,Sr3SbI3
primary,mlp_magpie,gkf,42,test,,Ca3AsBr3
primary,mlp_magpie,gkf,42,test,,Sr3AsI3
primary,mlp_magpie,gkf,42,test,,Ba3BiI3
primary,mlp_magpie,gkf,42,test,,Ca3PI3
primary,mlp_magpie,gkf,42,test,,Ba3SbI3
primary,mlp_magpie,gkf,42,test,,Mg3SbBr3
primary,mlp_magpie,gkf,42,test,,Mg3SbF3
primary,mlp_magpie,gkf,42,test,,Mg3SbI3
primary,mlp_magpie,gkf,42,inner_val,0,Ba3AsCl3
primary,mlp_magpie,gkf,42,inner_val,0,Ca3BiI3
primary,mlp_magpie,gkf,42,inner_val,0,Ba3PBr3
primary,mlp_magpie,gkf,42,inner_val,0,Sr3PI3
primary,mlp_magpie,gkf,42,inner_val,0,Ca3SbBr3
primary,mlp_magpie,gkf,42,inner_val,0,Ca3SbCl3
primary,mlp_magpie,gkf,42,inner_val,0,Mg3SbCl3
primary,mlp_magpie,gkf,42,inner_val,1,Ba3AsI3
primary,mlp_magpie,gkf,42,inner_val,1,Mg3AsBr3
primary,mlp_magpie,gkf,42,inner_val,1,Mg3BiBr3
primary,mlp_magpie,gkf,42,inner_val,1,Ba3PCl3
primary,mlp_magpie,gkf,42,inner_val,1,Ca3PF3
primary,mlp_magpie,gkf,42,inner_val,1,Mg3SbCl3
primary,mlp_magpie,gkf,42,inner_val,1,Sr3SbI3
primary,mlp_magpie,gkf,42,inner_val,2,Ba3AsCl3
primary,mlp_magpie,gkf,42,inner_val,2,Mg3BiBr3
primary,mlp_magpie,gkf,42,inner_val,2,Ca3PBr3
primary,mlp_magpie,gkf,42,inner_val,2,Ca3PCl3
primary,mlp_magpie,gkf,42,inner_val,2,Mg3PI3
primary,mlp_magpie,gkf,42,inner_val,2,Sr3PCl3
primary,mlp_magpie,gkf,42,inner_val,2,Sr3PI3
primary,mlp_magpie,gkf,42,inner_val,3,Ca3AsF3
primary,mlp_magpie,gkf,42,inner_val,3,Ca3BiI3
primary,mlp_magpie,gkf,42,inner_val,3,Mg3PBr3
primary,mlp_magpie,gkf,42,inner_val,3,Mg3PI3
primary,mlp_magpie,gkf,42,inner_val,3,Sr3PI3
primary,mlp_magpie,gkf,42,inner_val,3,Ba3SbCl3
primary,mlp_magpie,gkf,42,inner_val,3,Ca3SbF3
primary,mlp_magpie,gkf,42,inner_val,4,Ca3PCl3
primary,mlp_magpie,gkf,42,inner_val,4,Mg3PBr3
primary,mlp_magpie,gkf,42,inner_val,4,Ba3SbCl3
primary,mlp_magpie,gkf,42,inner_val,4,Ca3SbBr3
primary,mlp_magpie,gkf,42,inner_val,4,Ca3SbCl3
primary,mlp_magpie,gkf,42,inner_val,4,Ca3SbF3
primary,mlp_magpie,gkf,42,inner_val,4,Sr3SbI3
primary,mlp_magpie,gkf,43,test,,Ba3AsBr3
primary,mlp_magpie,gkf,43,test,,Ba3AsI3
primary,mlp_magpie,gkf,43,test,,Mg3BiBr3
primary,mlp_magpie,gkf,43,test,,Ba3PBr3
primary,mlp_magpie,gkf,43,test,,Ba3PCl3
primary,mlp_magpie,gkf,43,test,,Ca3PCl3
primary,mlp_magpie,gkf,43,test,,Ca3SbBr3
primary,mlp_magpie,gkf,43,test,,Sr3SbI3
primary,mlp_magpie,gkf,43,inner_val,0,Ba3AsCl3
primary,mlp_magpie,gkf,43,inner_val,0,Ca3AsBr3
primary,mlp_magpie,gkf,43,inner_val,0,Ba3BiBr3
primary,mlp_magpie,gkf,43,inner_val,0,Mg3BiI3
primary,mlp_magpie,gkf,43,inner_val,0,Ca3PBr3
primary,mlp_magpie,gkf,43,inner_val,0,Ba3SbI3
primary,mlp_magpie,gkf,43,inner_val,0,Mg3SbBr3
primary,mlp_magpie,gkf,43,inner_val,1,Ca3AsBr3
primary,mlp_magpie,gkf,43,inner_val,1,Ba3BiBr3
primary,mlp_magpie,gkf,43,inner_val,1,Ca3BiI3
primary,mlp_magpie,gkf,43,inner_val,1,Ca3PF3
primary,mlp_magpie,gkf,43,inner_val,1,Sr3PI3
primary,mlp_magpie,gkf,43,inner_val,1,Ba3SbI3
primary,mlp_magpie,gkf,43,inner_val,1,Mg3SbI3
primary,mlp_magpie,gkf,43,inner_val,2,Ba3AsCl3
primary,mlp_magpie,gkf,43,inner_val,2,Ca3AsBr3
primary,mlp_magpie,gkf,43,inner_val,2,Ba3BiCl3
primary,mlp_magpie,gkf,43,inner_val,2,Ba3BiI3
primary,mlp_magpie,gkf,43,inner_val,2,Mg3BiI3
primary,mlp_magpie,gkf,43,inner_val,2,Ca3PF3
primary,mlp_magpie,gkf,43,inner_val,2,Mg3SbCl3
primary,mlp_magpie,gkf,43,inner_val,3,Sr3AsCl3
primary,mlp_magpie,gkf,43,inner_val,3,Sr3AsI3
primary,mlp_magpie,gkf,43,inner_val,3,Ba3BiCl3
primary,mlp_magpie,gkf,43,inner_val,3,Ca3PBr3
primary,mlp_magpie,gkf,43,inner_val,3,Ca3PF3
primary,mlp_magpie,gkf,43,inner_val,3,Sr3PI3
primary,mlp_magpie,gkf,43,inner_val,3,Sr3SbCl3
primary,mlp_magpie,gkf,43,inner_val,4,Ca3AsBr3
primary,mlp_magpie,gkf,43,inner_val,4,Mg3AsBr3
primary,mlp_magpie,gkf,43,inner_val,4,Ba3BiBr3
primary,mlp_magpie,gkf,43,inner_val,4,Ba3BiCl3
primary,mlp_magpie,gkf,43,inner_val,4,Mg3BiI3
primary,mlp_magpie,gkf,43,inner_val,4,Ca3PF3
primary,mlp_magpie,gkf,43,inner_val,4,Sr3PI3
primary,mlp_magpie,gkf,44,test,,Ca3AsF3
primary,mlp_magpie,gkf,44,test,,Sr3AsCl3
primary,mlp_magpie,gkf,44,test,,Ba3BiBr3
primary,mlp_magpie,gkf,44,test,,Ca3PBr3
primary,mlp_magpie,gkf,44,test,,Sr3PCl3
primary,mlp_magpie,gkf,44,test,,Sr3PI3
primary,mlp_magpie,gkf,44,test,,Ca3SbCl3
primary,mlp_magpie,gkf,44,inner_val,0,Ba3AsBr3
primary,mlp_magpie,gkf,44,inner_val,0,Mg3AsBr3
primary,mlp_magpie,gkf,44,inner_val,0,Sr3AsI3
primary,mlp_magpie,gkf,44,inner_val,0,Mg3BiBr3
primary,mlp_magpie,gkf,44,inner_val,0,Mg3PI3
primary,mlp_magpie,gkf,44,inner_val,0,Ca3SbF3
primary,mlp_magpie,gkf,44,inner_val,0,Mg3SbCl3
primary,mlp_magpie,gkf,44,inner_val,1,Ca3BiI3
primary,mlp_magpie,gkf,44,inner_val,1,Mg3BiI3
primary,mlp_magpie,gkf,44,inner_val,1,Ba3PI3
primary,mlp_magpie,gkf,44,inner_val,1,Ca3PI3
primary,mlp_magpie,gkf,44,inner_val,1,Mg3PI3
primary,mlp_magpie,gkf,44,inner_val,1,Ba3SbBr3
primary,mlp_magpie,gkf,44,inner_val,1,Sr3SbCl3
primary,mlp_magpie,gkf,44,inner_val,2,Mg3BiBr3
primary,mlp_magpie,gkf,44,inner_val,2,Mg3BiI3
primary,mlp_magpie,gkf,44,inner_val,2,Ba3PBr3
primary,mlp_magpie,gkf,44,inner_val,2,Ba3PCl3
primary,mlp_magpie,gkf,44,inner_val,2,Ca3PCl3
primary,mlp_magpie,gkf,44,inner_val,2,Ba3SbCl3
primary,mlp_magpie,gkf,44,inner_val,2,Sr3SbCl3
primary,mlp_magpie,gkf,44,inner_val,3,Ca3AsBr3
primary,mlp_magpie,gkf,44,inner_val,3,Ba3BiI3
primary,mlp_magpie,gkf,44,inner_val,3,Mg3BiBr3
primary,mlp_magpie,gkf,44,inner_val,3,Mg3PCl3
primary,mlp_magpie,gkf,44,inner_val,3,Ca3SbF3
primary,mlp_magpie,gkf,44,inner_val,3,Mg3SbBr3
primary,mlp_magpie,gkf,44,inner_val,3,Mg3SbCl3
primary,mlp_magpie,gkf,44,inner_val,4,Mg3AsBr3
primary,mlp_magpie,gkf,44,inner_val,4,Ba3BiCl3
primary,mlp_magpie,gkf,44,inner_val,4,Mg3BiBr3
primary,mlp_magpie,gkf,44,inner_val,4,Ca3PI3
primary,mlp_magpie,gkf,44,inner_val,4,Ca3SbF3
primary,mlp_magpie,gkf,44,inner_val,4,Mg3SbBr3
primary,mlp_magpie,gkf,44,inner_val,4,Mg3SbCl3
primary,mlp_magpie,gkf,45,test,,Ca3AsBr3
primary,mlp_magpie,gkf,45,test,,Ba3BiBr3
primary,mlp_magpie,gkf,45,test,,Ba3BiCl3
primary,mlp_magpie,gkf,45,test,,Ba3PBr3
primary,mlp_magpie,gkf,45,test,,Ba3PI3
primary,mlp_magpie,gkf,45,test,,Mg3PI3
primary,mlp_magpie,gkf,45,test,,Ba3SbI3
primary,mlp_magpie,gkf,45,test,,Sr3SbI3
primary,mlp_magpie,gkf,45,inner_val,0,Ba3AsBr3
primary,mlp_magpie,gkf,45,inner_val,0,Mg3BiI3
primary,mlp_magpie,gkf,45,inner_val,0,Mg3PBr3
primary,mlp_magpie,gkf,45,inner_val,0,Sr3PBr3
primary,mlp_magpie,gkf,45,inner_val,0,Sr3PCl3
primary,mlp_magpie,gkf,45,inner_val,0,Mg3SbI3
primary,mlp_magpie,gkf,45,inner_val,0,Sr3SbCl3
primary,mlp_magpie,gkf,45,inner_val,1,Mg3BiBr3
primary,mlp_magpie,gkf,45,inner_val,1,Mg3BiI3
primary,mlp_magpie,gkf,45,inner_val,1,Ba3PCl3
primary,mlp_magpie,gkf,45,inner_val,1,Ca3PCl3
primary,mlp_magpie,gkf,45,inner_val,1,Mg3PCl3
primary,mlp_magpie,gkf,45,inner_val,1,Sr3PCl3
primary,mlp_magpie,gkf,45,inner_val,1,Ca3SbCl3
primary,mlp_magpie,gkf,45,inner_val,2,Mg3AsBr3
primary,mlp_magpie,gkf,45,inner_val,2,Sr3AsI3
primary,mlp_magpie,gkf,45,inner_val,2,Ca3BiI3
primary,mlp_magpie,gkf,45,inner_val,2,Ba3PCl3
primary,mlp_magpie,gkf,45,inner_val,2,Ca3PF3
primary,mlp_magpie,gkf,45,inner_val,2,Ca3PI3
primary,mlp_magpie,gkf,45,inner_val,2,Ca3SbCl3
primary,mlp_magpie,gkf,45,inner_val,3,Sr3AsI3
primary,mlp_magpie,gkf,45,inner_val,3,Ca3PBr3
primary,mlp_magpie,gkf,45,inner_val,3,Ca3PCl3
primary,mlp_magpie,gkf,45,inner_val,3,Mg3PBr3
primary,mlp_magpie,gkf,45,inner_val,3,Sr3PCl3
primary,mlp_magpie,gkf,45,inner_val,3,Sr3PI3
primary,mlp_magpie,gkf,45,inner_val,3,Ba3SbBr3
primary,mlp_magpie,gkf,45,inner_val,4,Sr3AsCl3
primary,mlp_magpie,gkf,45,inner_val,4,Sr3AsI3
primary,mlp_magpie,gkf,45,inner_val,4,Mg3BiI3
primary,mlp_magpie,gkf,45,inner_val,4,Ba3PCl3
primary,mlp_magpie,gkf,45,inner_val,4,Ca3PI3
primary,mlp_magpie,gkf,45,inner_val,4,Ca3SbBr3
primary,mlp_magpie,gkf,45,inner_val,4,Sr3SbCl3
primary,mlp_magpie,gkf,46,test,,Ca3PBr3
primary,mlp_magpie,gkf,46,test,,Ca3PCl3
primary,mlp_magpie,gkf,46,test,,Ca3PI3
primary,mlp_magpie,gkf,46,test,,Mg3PCl3
primary,mlp_magpie,gkf,46,test,,Sr3PCl3
primary,mlp_magpie,gkf,46,test,,Ba3SbCl3
primary,mlp_magpie,gkf,46,test,,Mg3SbCl3
primary,mlp_magpie,gkf,46,test,,Mg3SbI3
primary,mlp_magpie,gkf,46,inner_val,0,Ca3AsF3
primary,mlp_magpie,gkf,46,inner_val,0,Ba3BiI3
primary,mlp_magpie,gkf,46,inner_val,0,Mg3BiBr3
primary,mlp_magpie,gkf,46,inner_val,0,Ba3PBr3
primary,mlp_magpie,gkf,46,inner_val,0,Mg3PBr3
primary,mlp_magpie,gkf,46,inner_val,0,Ba3SbI3
primary,mlp_magpie,gkf,46,inner_val,0,Mg3SbF3
primary,mlp_magpie,gkf,46,inner_val,1,Ba3AsBr3
primary,mlp_magpie,gkf,46,inner_val,1,Ba3AsCl3
primary,mlp_magpie,gkf,46,inner_val,1,Ba3AsI3
primary,mlp_magpie,gkf,46,inner_val,1,Sr3AsI3
primary,mlp_magpie,gkf,46,inner_val,1,Mg3BiBr3
primary,mlp_magpie,gkf,46,inner_val,1,Ca3SbCl3
primary,mlp_magpie,gkf,46,inner_val,1,Sr3SbCl3
primary,mlp_magpie,gkf,46,inner_val,2,Mg3BiI3
primary,mlp_magpie,gkf,46,inner_val,2,Ba3PCl3
primary,mlp_magpie,gkf,46,inner_val,2,Sr3PI3
primary,mlp_magpie,gkf,46,inner_val,2,Ba3SbBr3
primary,mlp_magpie,gkf,46,inner_val,2,Ba3SbI3
primary,mlp_magpie,gkf,46,inner_val,2,Mg3SbBr3
primary,mlp_magpie,gkf,46,inner_val,2,Sr3SbI3
primary,mlp_magpie,gkf,46,inner_val,3,Sr3AsI3
primary,mlp_magpie,gkf,46,inner_val,3,Ba3BiCl3
primary,mlp_magpie,gkf,46,inner_val,3,Mg3BiBr3
primary,mlp_magpie,gkf,46,inner_val,3,Mg3PBr3
primary,mlp_magpie,gkf,46,inner_val,3,Ba3SbBr3
primary,mlp_magpie,gkf,46,inner_val,3,Ca3SbBr3
primary,mlp_magpie,gkf,46,inner_val,3,Ca3SbF3
primary,mlp_magpie,gkf,46,inner_val,4,Ba3AsBr3
primary,mlp_magpie,gkf,46,inner_val,4,Ba3AsI3
primary,mlp_magpie,gkf,46,inner_val,4,Ca3AsBr3
primary,mlp_magpie,gkf,46,inner_val,4,Ca3AsF3
primary,mlp_magpie,gkf,46,inner_val,4,Ba3BiBr3
primary,mlp_magpie,gkf,46,inner_val,4,Ca3BiI3
primary,mlp_magpie,gkf,46,inner_val,4,Mg3PBr3
primary,mlp_magpie,gkf,47,test,,Ba3AsCl3
primary,mlp_magpie,gkf,47,test,,Ca3AsF3
primary,mlp_magpie,gkf,47,test,,Ca3BiI3
primary,mlp_magpie,gkf,47,test,,Mg3BiI3
primary,mlp_magpie,gkf,47,test,,Ba3PCl3
primary,mlp_magpie,gkf,47,test,,Mg3PBr3
primary,mlp_magpie,gkf,47,test,,Ba3SbBr3
primary,mlp_magpie,gkf,47,test,,Ca3SbF3
primary,mlp_magpie,gkf,47,inner_val,0,Mg3AsBr3
primary,mlp_magpie,gkf,47,inner_val,0,Ba3BiBr3
primary,mlp_magpie,gkf,47,inner_val,0,Ba3BiCl3
primary,mlp_magpie,gkf,47,inner_val,0,Ca3PCl3
primary,mlp_magpie,gkf,47,inner_val,0,Ca3PF3
primary,mlp_magpie,gkf,47,inner_val,0,Mg3SbBr3
primary,mlp_magpie,gkf,47,inner_val,0,Sr3SbI3
primary,mlp_magpie,gkf,47,inner_val,1,Ca3AsBr3
primary,mlp_magpie,gkf,47,inner_val,1,Sr3AsI3
primary,mlp_magpie,gkf,47,inner_val,1,Ca3PBr3
primary,mlp_magpie,gkf,47,inner_val,1,Mg3PI3
primary,mlp_magpie,gkf,47,inner_val,1,Sr3PCl3
primary,mlp_magpie,gkf,47,inner_val,1,Sr3PI3
primary,mlp_magpie,gkf,47,inner_val,1,Mg3SbF3
primary,mlp_magpie,gkf,47,inner_val,2,Ba3AsBr3
primary,mlp_magpie,gkf,47,inner_val,2,Ca3AsBr3
primary,mlp_magpie,gkf,47,inner_val,2,Ba3BiI3
primary,mlp_magpie,gkf,47,inner_val,2,Ba3PI3
primary,mlp_magpie,gkf,47,inner_val,2,Ba3SbCl3
primary,mlp_magpie,gkf,47,inner_val,2,Mg3SbF3
primary,mlp_magpie,gkf,47,inner_val,2,Mg3SbI3
primary,mlp_magpie,gkf,47,inner_val,3,Ba3AsI3
primary,mlp_magpie,gkf,47,inner_val,3,Sr3AsCl3
primary,mlp_magpie,gkf,47,inner_val,3,Mg3BiBr3
primary,mlp_magpie,gkf,47,inner_val,3,Ba3PI3
primary,mlp_magpie,gkf,47,inner_val,3,Ca3SbCl3
primary,mlp_magpie,gkf,47,inner_val,3,Mg3SbBr3
primary,mlp_magpie,gkf,47,inner_val,3,Mg3SbI3
primary,mlp_magpie,gkf,47,inner_val,4,Sr3AsCl3
primary,mlp_magpie,gkf,47,inner_val,4,Ba3BiCl3
primary,mlp_magpie,gkf,47,inner_val,4,Ba3PBr3
primary,mlp_magpie,gkf,47,inner_val,4,Ca3PI3
primary,mlp_magpie,gkf,47,inner_val,4,Ca3SbCl3
primary,mlp_magpie,gkf,47,inner_val,4,Mg3SbBr3
primary,mlp_magpie,gkf,47,inner_val,4,Sr3SbCl3
primary,mlp_magpie,gkf,48,test,,Ba3AsBr3
primary,mlp_magpie,gkf,48,test,,Ba3AsI3
primary,mlp_magpie,gkf,48,test,,Mg3AsBr3
primary,mlp_magpie,gkf,48,test,,Sr3AsI3
primary,mlp_magpie,gkf,48,test,,Ca3PF3
primary,mlp_magpie,gkf,48,test,,Ca3SbBr3
primary,mlp_magpie,gkf,48,test,,Ca3SbCl3
primary,mlp_magpie,gkf,48,test,,Sr3SbCl3
primary,mlp_magpie,gkf,48,inner_val,0,Ba3AsCl3
primary,mlp_magpie,gkf,48,inner_val,0,Sr3AsCl3
primary,mlp_magpie,gkf,48,inner_val,0,Mg3PBr3
primary,mlp_magpie,gkf,48,inner_val,0,Sr3PCl3
primary,mlp_magpie,gkf,48,inner_val,0,Mg3SbBr3
primary,mlp_magpie,gkf,48,inner_val,0,Mg3SbF3
primary,mlp_magpie,gkf,48,inner_val,0,Mg3SbI3
primary,mlp_magpie,gkf,48,inner_val,1,Ca3AsF3
primary,mlp_magpie,gkf,48,inner_val,1,Ba3PCl3
primary,mlp_magpie,gkf,48,inner_val,1,Ca3PCl3
primary,mlp_magpie,gkf,48,inner_val,1,Sr3PCl3
primary,mlp_magpie,gkf,48,inner_val,1,Ba3SbCl3
primary,mlp_magpie,gkf,48,inner_val,1,Ca3SbF3
primary,mlp_magpie,gkf,48,inner_val,1,Mg3SbF3
primary,mlp_magpie,gkf,48,inner_val,2,Ca3BiI3
primary,mlp_magpie,gkf,48,inner_val,2,Mg3BiBr3
primary,mlp_magpie,gkf,48,inner_val,2,Ba3PBr3
primary,mlp_magpie,gkf,48,inner_val,2,Mg3PBr3
primary,mlp_magpie,gkf,48,inner_val,2,Mg3PI3
primary,mlp_magpie,gkf,48,inner_val,2,Ba3SbCl3
primary,mlp_magpie,gkf,48,inner_val,2,Ba3SbI3
primary,mlp_magpie,gkf,48,inner_val,3,Sr3AsCl3
primary,mlp_magpie,gkf,48,inner_val,3,Mg3BiI3
primary,mlp_magpie,gkf,48,inner_val,3,Ba3PBr3
primary,mlp_magpie,gkf,48,inner_val,3,Mg3PBr3
primary,mlp_magpie,gkf,48,inner_val,3,Sr3PBr3
primary,mlp_magpie,gkf,48,inner_val,3,Sr3PI3
primary,mlp_magpie,gkf,48,inner_val,3,Ba3SbCl3
primary,mlp_magpie,gkf,48,inner_val,4,Ba3BiBr3
primary,mlp_magpie,gkf,48,inner_val,4,Ba3PBr3
primary,mlp_magpie,gkf,48,inner_val,4,Ba3PCl3
primary,mlp_magpie,gkf,48,inner_val,4,Sr3PCl3
primary,mlp_magpie,gkf,48,inner_val,4,Ba3SbBr3
primary,mlp_magpie,gkf,48,inner_val,4,Ba3SbCl3
primary,mlp_magpie,gkf,48,inner_val,4,Mg3SbF3
primary,mlp_magpie,gkf,49,test,,Sr3AsCl3
primary,mlp_magpie,gkf,49,test,,Ba3BiI3
primary,mlp_magpie,gkf,49,test,,Mg3BiBr3
primary,mlp_magpie,gkf,49,test,,Sr3PBr3
primary,mlp_magpie,gkf,49,test,,Sr3PI3
primary,mlp_magpie,gkf,49,test,,Mg3SbBr3
primary,mlp_magpie,gkf,49,test,,Mg3SbF3
primary,mlp_magpie,gkf,49,inner_val,0,Ba3AsCl3
primary,mlp_magpie,gkf,49,inner_val,0,Ba3AsI3
primary,mlp_magpie,gkf,49,inner_val,0,Ba3BiBr3
primary,mlp_magpie,gkf,49,inner_val,0,Ca3PCl3
primary,mlp_magpie,gkf,49,inner_val,0,Ca3PI3
primary,mlp_magpie,gkf,49,inner_val,0,Ba3SbI3
primary,mlp_magpie,gkf,49,inner_val,0,Sr3SbCl3
primary,mlp_magpie,gkf,49,inner_val,1,Ba3AsCl3
primary,mlp_magpie,gkf,49,inner_val,1,Ca3AsBr3
primary,mlp_magpie,gkf,49,inner_val,1,Ba3PCl3
primary,mlp_magpie,gkf,49,inner_val,1,Ca3PBr3
primary,mlp_magpie,gkf,49,inner_val,1,Ca3PI3
primary,mlp_magpie,gkf,49,inner_val,1,Mg3PBr3
primary,mlp_magpie,gkf,49,inner_val,1,Ba3SbCl3
primary,mlp_magpie,gkf,49,inner_val,2,Ba3AsBr3
primary,mlp_magpie,gkf,49,inner_val,2,Mg3AsBr3
primary,mlp_magpie,gkf,49,inner_val,2,Sr3AsI3
primary,mlp_magpie,gkf,49,inner_val,2,Ba3PCl3
primary,mlp_magpie,gkf,49,inner_val,2,Ba3PI3
primary,mlp_magpie,gkf,49,inner_val,2,Ca3PF3
primary,mlp_magpie,gkf,49,inner_val,2,Mg3SbCl3
primary,mlp_magpie,gkf,49,inner_val,3,Ba3BiBr3
primary,mlp_magpie,gkf,49,inner_val,3,Mg3BiI3
primary,mlp_magpie,gkf,49,inner_val,3,Ca3PBr3
primary,mlp_magpie,gkf,49,inner_val,3,Ca3PCl3
primary,mlp_magpie,gkf,49,inner_val,3,Ba3SbCl3
primary,mlp_magpie,gkf,49,inner_val,3,Ca3SbBr3
primary,mlp_magpie,gkf,49,inner_val,3,Mg3SbCl3
primary,mlp_magpie,gkf,49,inner_val,4,Ba3AsBr3
primary,mlp_magpie,gkf,49,inner_val,4,Ca3AsF3
primary,mlp_magpie,gkf,49,inner_val,4,Ba3BiBr3
primary,mlp_magpie,gkf,49,inner_val,4,Ba3PCl3
primary,mlp_magpie,gkf,49,inner_val,4,Ca3PF3
primary,mlp_magpie,gkf,49,inner_val,4,Ba3SbBr3
primary,mlp_magpie,gkf,49,inner_val,4,Ba3SbI3
primary,mlp_magpie,loo,0,test,,Ba3AsBr3
primary,mlp_magpie,loo,0,inner_val,0,Ca3AsF3
primary,mlp_magpie,loo,0,inner_val,0,Ba3PCl3
primary,mlp_magpie,loo,0,inner_val,0,Ca3PBr3
primary,mlp_magpie,loo,0,inner_val,0,Sr3PI3
primary,mlp_magpie,loo,0,inner_val,0,Ba3SbBr3
primary,mlp_magpie,loo,0,inner_val,0,Ca3SbCl3
primary,mlp_magpie,loo,0,inner_val,0,Mg3SbCl3
primary,mlp_magpie,loo,0,inner_val,0,Sr3SbI3
primary,mlp_magpie,loo,0,inner_val,1,Ba3BiBr3
primary,mlp_magpie,loo,0,inner_val,1,Ba3BiI3
primary,mlp_magpie,loo,0,inner_val,1,Ba3PBr3
primary,mlp_magpie,loo,0,inner_val,1,Ca3PCl3
primary,mlp_magpie,loo,0,inner_val,1,Ca3PF3
primary,mlp_magpie,loo,0,inner_val,1,Ca3PI3
primary,mlp_magpie,loo,0,inner_val,1,Ca3SbF3
primary,mlp_magpie,loo,0,inner_val,1,Mg3SbF3
primary,mlp_magpie,loo,0,inner_val,2,Ca3AsBr3
primary,mlp_magpie,loo,0,inner_val,2,Mg3BiI3
primary,mlp_magpie,loo,0,inner_val,2,Ca3PBr3
primary,mlp_magpie,loo,0,inner_val,2,Ca3PCl3
primary,mlp_magpie,loo,0,inner_val,2,Mg3PCl3
primary,mlp_magpie,loo,0,inner_val,2,Sr3PBr3
primary,mlp_magpie,loo,0,inner_val,2,Ca3SbF3
primary,mlp_magpie,loo,0,inner_val,2,Mg3SbCl3
primary,mlp_magpie,loo,0,inner_val,3,Sr3AsI3
primary,mlp_magpie,loo,0,inner_val,3,Ba3BiBr3
primary,mlp_magpie,loo,0,inner_val,3,Ca3PI3
primary,mlp_magpie,loo,0,inner_val,3,Sr3PCl3
primary,mlp_magpie,loo,0,inner_val,3,Sr3PI3
primary,mlp_magpie,loo,0,inner_val,3,Ba3SbBr3
primary,mlp_magpie,loo,0,inner_val,3,Ca3SbBr3
primary,mlp_magpie,loo,0,inner_val,3,Mg3SbF3
primary,mlp_magpie,loo,0,inner_val,4,Ca3BiI3
primary,mlp_magpie,loo,0,inner_val,4,Ca3PBr3
primary,mlp_magpie,loo,0,inner_val,4,Ca3PI3
primary,mlp_magpie,loo,0,inner_val,4,Mg3PBr3
primary,mlp_magpie,loo,0,inner_val,4,Mg3PI3
primary,mlp_magpie,loo,0,inner_val,4,Sr3PCl3
primary,mlp_magpie,loo,0,inner_val,4,Ca3SbCl3
primary,mlp_magpie,loo,0,inner_val,4,Sr3SbCl3
primary,mlp_magpie,loo,1,test,,Ba3AsCl3
primary,mlp_magpie,loo,1,inner_val,0,Ba3AsBr3
primary,mlp_magpie,loo,1,inner_val,0,Mg3AsBr3
primary,mlp_magpie,loo,1,inner_val,0,Ba3BiI3
primary,mlp_magpie,loo,1,inner_val,0,Mg3BiBr3
primary,mlp_magpie,loo,1,inner_val,0,Mg3PBr3
primary,mlp_magpie,loo,1,inner_val,0,Sr3PCl3
primary,mlp_magpie,loo,1,inner_val,0,Mg3SbF3
primary,mlp_magpie,loo,1,inner_val,0,Sr3SbI3
primary,mlp_magpie,loo,1,inner_val,1,Ca3AsF3
primary,mlp_magpie,loo,1,inner_val,1,Sr3AsCl3
primary,mlp_magpie,loo,1,inner_val,1,Sr3AsI3
primary,mlp_magpie,loo,1,inner_val,1,Ca3PCl3
primary,mlp_magpie,loo,1,inner_val,1,Ca3PF3
primary,mlp_magpie,loo,1,inner_val,1,Ca3PI3
primary,mlp_magpie,loo,1,inner_val,1,Sr3PI3
primary,mlp_magpie,loo,1,inner_val,1,Mg3SbF3
primary,mlp_magpie,loo,1,inner_val,2,Ba3BiI3
primary,mlp_magpie,loo,1,inner_val,2,Ba3PBr3
primary,mlp_magpie,loo,1,inner_val,2,Ba3PI3
primary,mlp_magpie,loo,1,inner_val,2,Ca3PBr3
primary,mlp_magpie,loo,1,inner_val,2,Ba3SbBr3
primary,mlp_magpie,loo,1,inner_val,2,Ca3SbF3
primary,mlp_magpie,loo,1,inner_val,2,Mg3SbBr3
primary,mlp_magpie,loo,1,inner_val,2,Sr3SbI3
primary,mlp_magpie,loo,1,inner_val,3,Ca3AsF3
primary,mlp_magpie,loo,1,inner_val,3,Mg3AsBr3
primary,mlp_magpie,loo,1,inner_val,3,Sr3AsCl3
primary,mlp_magpie,loo,1,inner_val,3,Sr3AsI3
primary,mlp_magpie,loo,1,inner_val,3,Ca3PCl3
primary,mlp_magpie,loo,1,inner_val,3,Mg3PI3
primary,mlp_magpie,loo,1,inner_val,3,Sr3PBr3
primary,mlp_magpie,loo,1,inner_val,3,Ca3SbBr3
primary,mlp_magpie,loo,1,inner_val,4,Ba3BiCl3
primary,mlp_magpie,loo,1,inner_val,4,Mg3BiI3
primary,mlp_magpie,loo,1,inner_val,4,Ba3PBr3
primary,mlp_magpie,loo,1,inner_val,4,Mg3PCl3
primary,mlp_magpie,loo,1,inner_val,4,Sr3PCl3
primary,mlp_magpie,loo,1,inner_val,4,Ca3SbBr3
primary,mlp_magpie,loo,1,inner_val,4,Mg3SbBr3
primary,mlp_magpie,loo,1,inner_val,4,Sr3SbI3
primary,mlp_magpie,loo,2,test,,Ba3AsI3
primary,mlp_magpie,loo,2,inner_val,0,Ba3AsBr3
primary,mlp_magpie,loo,2,inner_val,0,Ba3BiCl3
primary,mlp_magpie,loo,2,inner_val,0,Ca3BiI3
primary,mlp_magpie,loo,2,inner_val,0,Ca3PCl3
primary,mlp_magpie,loo,2,inner_val,0,Sr3PCl3
primary,mlp_magpie,loo,2,inner_val,0,Ba3SbBr3
primary,mlp_magpie,loo,2,inner_val,0,Ba3SbCl3
primary,mlp_magpie,loo,2,inner_val,0,Sr3SbI3
primary,mlp_magpie,loo,2,inner_val,1,Ca3AsBr3
primary,mlp_magpie,loo,2,inner_val,1,Mg3AsBr3
primary,mlp_magpie,loo,2,inner_val,1,Mg3PBr3
primary,mlp_magpie,loo,2,inner_val,1,Mg3PCl3
primary,mlp_magpie,loo,2,inner_val,1,Sr3PBr3
primary,mlp_magpie,loo,2,inner_val,1,Ba3SbBr3
primary,mlp_magpie,loo,2,inner_val,1,Mg3SbBr3
primary,mlp_magpie,loo,2,inner_val,1,Sr3SbI3
primary,mlp_magpie,loo,2,inner_val,2,Ba3BiBr3
primary,mlp_magpie,loo,2,inner_val,2,Ca3BiI3
primary,mlp_magpie,loo,2,inner_val,2,Mg3BiBr3
primary,mlp_magpie,loo,2,inner_val,2,Ba3PCl3
primary,mlp_magpie,loo,2,inner_val,2,Ba3PI3
primary,mlp_magpie,loo,2,inner_val,2,Ca3PI3
primary,mlp_magpie,loo,2,inner_val,2,Mg3PCl3
primary,mlp_magpie,loo,2,inner_val,2,Ca3SbCl3
primary,mlp_magpie,loo,2,inner_val,3,Ca3AsF3
primary,mlp_magpie,loo,2,inner_val,3,Ba3BiBr3
primary,mlp_magpie,loo,2,inner_val,3,Ba3BiCl3
primary,mlp_magpie,loo,2,inner_val,3,Mg3PCl3
primary,mlp_magpie,loo,2,inner_val,3,Mg3PI3
primary,mlp_magpie,loo,2,inner_val,3,Sr3PCl3
primary,mlp_magpie,loo,2,inner_val,3,Ca3SbCl3
primary,mlp_magpie,loo,2,inner_val,3,Mg3SbCl3
primary,mlp_magpie,loo,2,inner_val,4,Ca3AsBr3
primary,mlp_magpie,loo,2,inner_val,4,Sr3AsI3
primary,mlp_magpie,loo,2,inner_val,4,Ca3BiI3
primary,mlp_magpie,loo,2,inner_val,4,Ca3PBr3
primary,mlp_magpie,loo,2,inner_val,4,Mg3PI3
primary,mlp_magpie,loo,2,inner_val,4,Sr3PBr3
primary,mlp_magpie,loo,2,inner_val,4,Ba3SbBr3
primary,mlp_magpie,loo,2,inner_val,4,Ba3SbI3
primary,mlp_magpie,loo,3,test,,Ba3BiBr3
primary,mlp_magpie,loo,3,inner_val,0,Ba3AsCl3
primary,mlp_magpie,loo,3,inner_val,0,Ba3AsI3
primary,mlp_magpie,loo,3,inner_val,0,Ca3AsBr3
primary,mlp_magpie,loo,3,inner_val,0,Mg3PBr3
primary,mlp_magpie,loo,3,inner_val,0,Sr3PBr3
primary,mlp_magpie,loo,3,inner_val,0,Sr3PI3
primary,mlp_magpie,loo,3,inner_val,0,Ca3SbCl3
primary,mlp_magpie,loo,3,inner_val,0,Ca3SbF3
primary,mlp_magpie,loo,3,inner_val,1,Ba3AsBr3
primary,mlp_magpie,loo,3,inner_val,1,Ca3AsBr3
primary,mlp_magpie,loo,3,inner_val,1,Sr3AsI3
primary,mlp_magpie,loo,3,inner_val,1,Mg3BiI3
primary,mlp_magpie,loo,3,inner_val,1,Ba3PCl3
primary,mlp_magpie,loo,3,inner_val,1,Mg3PI3
primary,mlp_magpie,loo,3,inner_val,1,Sr3PI3
primary,mlp_magpie,loo,3,inner_val,1,Ba3SbBr3
primary,mlp_magpie,loo,3,inner_val,2,Ba3AsBr3
primary,mlp_magpie,loo,3,inner_val,2,Ba3AsCl3
primary,mlp_magpie,loo,3,inner_val,2,Ca3AsF3
primary,mlp_magpie,loo,3,inner_val,2,Sr3AsI3
primary,mlp_magpie,loo,3,inner_val,2,Ba3BiCl3
primary,mlp_magpie,loo,3,inner_val,2,Ba3PI3
primary,mlp_magpie,loo,3,inner_val,2,Sr3PCl3
primary,mlp_magpie,loo,3,inner_val,2,Ba3SbBr3
primary,mlp_magpie,loo,3,inner_val,3,Ca3BiI3
primary,mlp_magpie,loo,3,inner_val,3,Mg3BiBr3
primary,mlp_magpie,loo,3,inner_val,3,Ba3PCl3
primary,mlp_magpie,loo,3,inner_val,3,Ca3PF3
primary,mlp_magpie,loo,3,inner_val,3,Mg3PCl3
primary,mlp_magpie,loo,3,inner_val,3,Sr3PI3
primary,mlp_magpie,loo,3,inner_val,3,Ba3SbCl3
primary,mlp_magpie,loo,3,inner_val,3,Sr3SbCl3
primary,mlp_magpie,loo,3,inner_val,4,Ba3AsBr3
primary,mlp_magpie,loo,3,inner_val,4,Ca3AsF3
primary,mlp_magpie,loo,3,inner_val,4,Mg3PBr3
primary,mlp_magpie,loo,3,inner_val,4,Ca3SbCl3
primary,mlp_magpie,loo,3,inner_val,4,Ca3SbF3
primary,mlp_magpie,loo,3,inner_val,4,Mg3SbF3
primary,mlp_magpie,loo,3,inner_val,4,Mg3SbI3
primary,mlp_magpie,loo,3,inner_val,4,Sr3SbCl3
primary,mlp_magpie,loo,4,test,,Ba3BiCl3
primary,mlp_magpie,loo,4,inner_val,0,Ba3AsCl3
primary,mlp_magpie,loo,4,inner_val,0,Ca3AsF3
primary,mlp_magpie,loo,4,inner_val,0,Ca3BiI3
primary,mlp_magpie,loo,4,inner_val,0,Ca3PF3
primary,mlp_magpie,loo,4,inner_val,0,Ba3SbBr3
primary,mlp_magpie,loo,4,inner_val,0,Mg3SbBr3
primary,mlp_magpie,loo,4,inner_val,0,Sr3SbCl3
primary,mlp_magpie,loo,4,inner_val,0,Sr3SbI3
primary,mlp_magpie,loo,4,inner_val,1,Mg3AsBr3
primary,mlp_magpie,loo,4,inner_val,1,Mg3BiBr3
primary,mlp_magpie,loo,4,inner_val,1,Ba3PBr3
primary,mlp_magpie,loo,4,inner_val,1,Ca3PCl3
primary,mlp_magpie,loo,4,inner_val,1,Ca3PF3
primary,mlp_magpie,loo,4,inner_val,1,Sr3PCl3
primary,mlp_magpie,loo,4,inner_val,1,Ba3SbCl3
primary,mlp_magpie,loo,4,inner_val,1,Ca3SbBr3
primary,mlp_magpie,loo,4,inner_val,2,Ba3AsI3
primary,mlp_magpie,loo,4,inner_val,2,Ca3PBr3
primary,mlp_magpie,loo,4,inner_val,2,Sr3PBr3
primary,mlp_magpie,loo,4,inner_val,2,Ba3SbCl3
primary,mlp_magpie,loo,4,inner_val,2,Ca3SbBr3
primary,mlp_magpie,loo,4,inner_val,2,Ca3SbCl3
primary,mlp_magpie,loo,4,inner_val,2,Sr3SbCl3
primary,mlp_magpie,loo,4,inner_val,2,Sr3SbI3
primary,mlp_magpie,loo,4,inner_val,3,Ba3AsBr3
primary,mlp_magpie,loo,4,inner_val,3,Sr3AsI3
primary,mlp_magpie,loo,4,inner_val,3,Ba3PBr3
primary,mlp_magpie,loo,4,inner_val,3,Ba3PCl3
primary,mlp_magpie,loo,4,inner_val,3,Ba3SbI3
primary,mlp_magpie,loo,4,inner_val,3,Ca3SbBr3
primary,mlp_magpie,loo,4,inner_val,3,Mg3SbF3
primary,mlp_magpie,loo,4,inner_val,3,Mg3SbI3
primary,mlp_magpie,loo,4,inner_val,4,Ca3AsF3
primary,mlp_magpie,loo,4,inner_val,4,Ba3PBr3
primary,mlp_magpie,loo,4,inner_val,4,Ca3PCl3
primary,mlp_magpie,loo,4,inner_val,4,Ca3PI3
primary,mlp_magpie,loo,4,inner_val,4,Mg3PCl3
primary,mlp_magpie,loo,4,inner_val,4,Sr3PCl3
primary,mlp_magpie,loo,4,inner_val,4,Ba3SbCl3
primary,mlp_magpie,loo,4,inner_val,4,Sr3SbI3
primary,mlp_magpie,loo,5,test,,Ba3BiI3
primary,mlp_magpie,loo,5,inner_val,0,Ba3AsCl3
primary,mlp_magpie,loo,5,inner_val,0,Ba3AsI3
primary,mlp_magpie,loo,5,inner_val,0,Sr3AsCl3
primary,mlp_magpie,loo,5,inner_val,0,Ba3BiCl3
primary,mlp_magpie,loo,5,inner_val,0,Ca3PI3
primary,mlp_magpie,loo,5,inner_val,0,Mg3PI3
primary,mlp_magpie,loo,5,inner_val,0,Mg3SbBr3
primary,mlp_magpie,loo,5,inner_val,0,Sr3SbI3
primary,mlp_magpie,loo,5,inner_val,1,Ca3AsF3
primary,mlp_magpie,loo,5,inner_val,1,Ba3BiCl3
primary,mlp_magpie,loo,5,inner_val,1,Ba3PCl3
primary,mlp_magpie,loo,5,inner_val,1,Ba3PI3
primary,mlp_magpie,loo,5,inner_val,1,Mg3PI3
primary,mlp_magpie,loo,5,inner_val,1,Ca3SbBr3
primary,mlp_magpie,loo,5,inner_val,1,Ca3SbF3
primary,mlp_magpie,loo,5,inner_val,1,Sr3SbI3
primary,mlp_magpie,loo,5,inner_val,2,Ba3AsBr3
primary,mlp_magpie,loo,5,inner_val,2,Ca3AsF3
primary,mlp_magpie,loo,5,inner_val,2,Ba3BiBr3
primary,mlp_magpie,loo,5,inner_val,2,Ba3PI3
primary,mlp_magpie,loo,5,inner_val,2,Mg3PI3
primary,mlp_magpie,loo,5,inner_val,2,Ba3SbI3
primary,mlp_magpie,loo,5,inner_val,2,Ca3SbBr3
primary,mlp_magpie,loo,5,inner_val,2,Ca3SbF3
primary,mlp_magpie,loo,5,inner_val,3,Ba3AsI3
primary,mlp_magpie,loo,5,inner_val,3,Ba3BiBr3
primary,mlp_magpie,loo,5,inner_val,3,Ba3BiCl3
primary,mlp_magpie,loo,5,inner_val,3,Mg3BiBr3
primary,mlp_magpie,loo,5,inner_val,3,Mg3BiI3
primary,mlp_magpie,loo,5,inner_val,3,Sr3PBr3
primary,mlp_magpie,loo,5,inner_val,3,Ba3SbCl3
primary,mlp_magpie,loo,5,inner_val,3,Ca3SbBr3
primary,mlp_magpie,loo,5,inner_val,4,Ca3AsF3
primary,mlp_magpie,loo,5,inner_val,4,Ba3PBr3
primary,mlp_magpie,loo,5,inner_val,4,Ca3PI3
primary,mlp_magpie,loo,5,inner_val,4,Mg3PCl3
primary,mlp_magpie,loo,5,inner_val,4,Sr3PCl3
primary,mlp_magpie,loo,5,inner_val,4,Sr3PI3
primary,mlp_magpie,loo,5,inner_val,4,Ba3SbBr3
primary,mlp_magpie,loo,5,inner_val,4,Mg3SbI3
primary,mlp_magpie,loo,6,test,,Ba3PBr3
primary,mlp_magpie,loo,6,inner_val,0,Ba3AsCl3
primary,mlp_magpie,loo,6,inner_val,0,Ba3AsI3
primary,mlp_magpie,loo,6,inner_val,0,Ca3AsBr3
primary,mlp_magpie,loo,6,inner_val,0,Ba3BiI3
primary,mlp_magpie,loo,6,inner_val,0,Ca3BiI3
primary,mlp_magpie,loo,6,inner_val,0,Ba3PCl3
primary,mlp_magpie,loo,6,inner_val,0,Mg3SbBr3
primary,mlp_magpie,loo,6,inner_val,0,Mg3SbI3
primary,mlp_magpie,loo,6,inner_val,1,Mg3AsBr3
primary,mlp_magpie,loo,6,inner_val,1,Sr3AsCl3
primary,mlp_magpie,loo,6,inner_val,1,Sr3AsI3
primary,mlp_magpie,loo,6,inner_val,1,Mg3PBr3
primary,mlp_magpie,loo,6,inner_val,1,Mg3PCl3
primary,mlp_magpie,loo,6,inner_val,1,Ba3SbCl3
primary,mlp_magpie,loo,6,inner_val,1,Ba3SbI3
primary,mlp_magpie,loo,6,inner_val,1,Ca3SbCl3
primary,mlp_magpie,loo,6,inner_val,2,Ba3AsCl3
primary,mlp_magpie,loo,6,inner_val,2,Ba3BiI3
primary,mlp_magpie,loo,6,inner_val,2,Ba3PCl3
primary,mlp_magpie,loo,6,inner_val,2,Ca3PF3
primary,mlp_magpie,loo,6,inner_val,2,Mg3PI3
primary,mlp_magpie,loo,6,inner_val,2,Ba3SbCl3
primary,mlp_magpie,loo,6,inner_val,2,Ca3SbF3
primary,mlp_magpie,loo,6,inner_val,2,Sr3SbI3
primary,mlp_magpie,loo,6,inner_val,3,Ba3AsCl3
primary,mlp_magpie,loo,6,inner_val,3,Ca3AsF3
primary,mlp_magpie,loo,6,inner_val,3,Ba3BiBr3
primary,mlp_magpie,loo,6,inner_val,3,Ba3BiI3
primary,mlp_magpie,loo,6,inner_val,3,Mg3BiI3
primary,mlp_magpie,loo,6,inner_val,3,Mg3PCl3
primary,mlp_magpie,loo,6,inner_val,3,Ca3SbCl3
primary,mlp_magpie,loo,6,inner_val,3,Mg3SbCl3
primary,mlp_magpie,loo,6,inner_val,4,Ba3AsI3
primary,mlp_magpie,loo,6,inner_val,4,Sr3AsI3
primary,mlp_magpie,loo,6,inner_val,4,Ba3BiI3
primary,mlp_magpie,loo,6,inner_val,4,Mg3BiBr3
primary,mlp_magpie,loo,6,inner_val,4,Mg3BiI3
primary,mlp_magpie,loo,6,inner_val,4,Ca3PBr3
primary,mlp_magpie,loo,6,inner_val,4,Ba3SbCl3
primary,mlp_magpie,loo,6,inner_val,4,Ca3SbBr3
primary,mlp_magpie,loo,7,test,,Ba3PCl3
primary,mlp_magpie,loo,7,inner_val,0,Ba3AsBr3
primary,mlp_magpie,loo,7,inner_val,0,Sr3AsI3
primary,mlp_magpie,loo,7,inner_val,0,Ba3PBr3
primary,mlp_magpie,loo,7,inner_val,0,Mg3PBr3
primary,mlp_magpie,loo,7,inner_val,0,Mg3PCl3
primary,mlp_magpie,loo,7,inner_val,0,Sr3PCl3
primary,mlp_magpie,loo,7,inner_val,0,Ba3SbCl3
primary,mlp_magpie,loo,7,inner_val,0,Sr3SbI3
primary,mlp_magpie,loo,7,inner_val,1,Sr3AsI3
primary,mlp_magpie,loo,7,inner_val,1,Ba3BiBr3
primary,mlp_magpie,loo,7,inner_val,1,Mg3BiBr3
primary,mlp_magpie,loo,7,inner_val,1,Mg3BiI3
primary,mlp_magpie,loo,7,inner_val,1,Ba3SbCl3
primary,mlp_magpie,loo,7,inner_val,1,Ca3SbCl3
primary,mlp_magpie,loo,7,inner_val,1,Sr3SbCl3
primary,mlp_magpie,loo,7,inner_val,1,Sr3SbI3
primary,mlp_magpie,loo,7,inner_val,2,Ca3AsBr3
primary,mlp_magpie,loo,7,inner_val,2,Mg3AsBr3
primary,mlp_magpie,loo,7,inner_val,2,Sr3AsCl3
primary,mlp_magpie,loo,7,inner_val,2,Ba3BiBr3
primary,mlp_magpie,loo,7,inner_val,2,Sr3PBr3
primary,mlp_magpie,loo,7,inner_val,2,Sr3PCl3
primary,mlp_magpie,loo,7,inner_val,2,Ca3SbF3
primary,mlp_magpie,loo,7,inner_val,2,Sr3SbCl3
primary,mlp_magpie,loo,7,inner_val,3,Ca3AsBr3
primary,mlp_magpie,loo,7,inner_val,3,Sr3AsI3
primary,mlp_magpie,loo,7,inner_val,3,Ba3PBr3
primary,mlp_magpie,loo,7,inner_val,3,Mg3PCl3
primary,mlp_magpie,loo,7,inner_val,3,Mg3PI3
primary,mlp_magpie,loo,7,inner_val,3,Sr3PCl3
primary,mlp_magpie,loo,7,inner_val,3,Mg3SbCl3
primary,mlp_magpie,loo,7,inner_val,3,Sr3SbCl3
primary,mlp_magpie,loo,7,inner_val,4,Ba3AsI3
primary,mlp_magpie,loo,7,inner_val,4,Ba3BiCl3
primary,mlp_magpie,loo,7,inner_val,4,Ba3BiI3
primary,mlp_magpie,loo,7,inner_val,4,Ca3PCl3
primary,mlp_magpie,loo,7,inner_val,4,Sr3PI3
primary,mlp_magpie,loo,7,inner_val,4,Ba3SbBr3
primary,mlp_magpie,loo,7,inner_val,4,Ba3SbCl3
primary,mlp_magpie,loo,7,inner_val,4,Ca3SbF3
primary,mlp_magpie,loo,8,test,,Ba3PI3
primary,mlp_magpie,loo,8,inner_val,0,Ca3AsF3
primary,mlp_magpie,loo,8,inner_val,0,Ba3BiCl3
primary,mlp_magpie,loo,8,inner_val,0,Ca3BiI3
primary,mlp_magpie,loo,8,inner_val,0,Mg3PBr3
primary,mlp_magpie,loo,8,inner_val,0,Mg3PI3
primary,mlp_magpie,loo,8,inner_val,0,Sr3PBr3
primary,mlp_magpie,loo,8,inner_val,0,Sr3PCl3
primary,mlp_magpie,loo,8,inner_val,0,Ca3SbF3
primary,mlp_magpie,loo,8,inner_val,1,Sr3AsCl3
primary,mlp_magpie,loo,8,inner_val,1,Ba3BiCl3
primary,mlp_magpie,loo,8,inner_val,1,Mg3BiBr3
primary,mlp_magpie,loo,8,inner_val,1,Mg3PBr3
primary,mlp_magpie,loo,8,inner_val,1,Sr3PI3
primary,mlp_magpie,loo,8,inner_val,1,Ba3SbCl3
primary,mlp_magpie,loo,8,inner_val,1,Ba3SbI3
primary,mlp_magpie,loo,8,inner_val,1,Ca3SbCl3
primary,mlp_magpie,loo,8,inner_val,2,Ba3BiBr3
primary,mlp_magpie,loo,8,inner_val,2,Ca3BiI3
primary,mlp_magpie,loo,8,inner_val,2,Mg3BiBr3
primary,mlp_magpie,loo,8,inner_val,2,Ba3PBr3
primary,mlp_magpie,loo,8,inner_val,2,Mg3PBr3
primary,mlp_magpie,loo,8,inner_val,2,Ca3SbF3
primary,mlp_magpie,loo,8,inner_val,2,Mg3SbCl3
primary,mlp_magpie,loo,8,inner_val,2,Mg3SbF3
primary,mlp_magpie,loo,8,inner_val,3,Ba3AsI3
primary,mlp_magpie,loo,8,inner_val,3,Ca3PCl3
primary,mlp_magpie,loo,8,inner_val,3,Ca3PF3
primary,mlp_magpie,loo,8,inner_val,3,Mg3PBr3
primary,mlp_magpie,loo,8,inner_val,3,Sr3PBr3
primary,mlp_magpie,loo,8,inner_val,3,Ca3SbCl3
primary,mlp_magpie,loo,8,inner_val,3,Mg3SbCl3
primary,mlp_magpie,loo,8,inner_val,3,Sr3SbI3
primary,mlp_magpie,loo,8,inner_val,4,Ba3AsI3
primary,mlp_magpie,loo,8,inner_val,4,Sr3AsI3
primary,mlp_magpie,loo,8,inner_val,4,Ba3BiCl3
primary,mlp_magpie,loo,8,inner_val,4,Ba3PCl3
primary,mlp_magpie,loo,8,inner_val,4,Ca3PCl3
primary,mlp_magpie,loo,8,inner_val,4,Sr3PI3
primary,mlp_magpie,loo,8,inner_val,4,Mg3SbBr3
primary,mlp_magpie,loo,8,inner_val,4,Mg3SbI3
primary,mlp_magpie,loo,9,test,,Ba3SbBr3
primary,mlp_magpie,loo,9,inner_val,0,Ca3AsF3
primary,mlp_magpie,loo,9,inner_val,0,Ba3BiBr3
primary,mlp_magpie,loo,9,inner_val,0,Ba3BiCl3
primary,mlp_magpie,loo,9,inner_val,0,Ba3PCl3
primary,mlp_magpie,loo,9,inner_val,0,Ba3PI3
primary,mlp_magpie,loo,9,inner_val,0,Mg3PCl3
primary,mlp_magpie,loo,9,inner_val,0,Mg3SbBr3
primary,mlp_magpie,loo,9,inner_val,0,Mg3SbCl3
primary,mlp_magpie,loo,9,inner_val,1,Ba3BiBr3
primary,mlp_magpie,loo,9,inner_val,1,Ba3BiI3
primary,mlp_magpie,loo,9,inner_val,1,Ca3BiI3
primary,mlp_magpie,loo,9,inner_val,1,Ca3PBr3
primary,mlp_magpie,loo,9,inner_val,1,Ba3SbI3
primary,mlp_magpie,loo,9,inner_val,1,Ca3SbF3
primary,mlp_magpie,loo,9,inner_val,1,Mg3SbF3
primary,mlp_magpie,loo,9,inner_val,1,Sr3SbCl3
primary,mlp_magpie,loo,9,inner_val,2,Ba3BiI3
primary,mlp_magpie,loo,9,inner_val,2,Mg3BiBr3
primary,mlp_magpie,loo,9,inner_val,2,Ba3PCl3
primary,mlp_magpie,loo,9,inner_val,2,Sr3PBr3
primary,mlp_magpie,loo,9,inner_val,2,Ba3SbCl3
primary,mlp_magpie,loo,9,inner_val,2,Mg3SbCl3
primary,mlp_magpie,loo,9,inner_val,2,Mg3SbF3
primary,mlp_magpie,loo,9,inner_val,2,Mg3SbI3
primary,mlp_magpie,loo,9,inner_val,3,Ba3AsBr3
primary,mlp_magpie,loo,9,inner_val,3,Ba3AsI3
primary,mlp_magpie,loo,9,inner_val,3,Mg3AsBr3
primary,mlp_magpie,loo,9,inner_val,3,Sr3AsI3
primary,mlp_magpie,loo,9,inner_val,3,Ba3BiI3
primary,mlp_magpie,loo,9,inner_val,3,Ba3PBr3
primary,mlp_magpie,loo,9,inner_val,3,Ca3PBr3
primary,mlp_magpie,loo,9,inner_val,3,Mg3PBr3
primary,mlp_magpie,loo,9,inner_val,4,Mg3AsBr3
primary,mlp_magpie,loo,9,inner_val,4,Ca3BiI3
primary,mlp_magpie,loo,9,inner_val,4,Mg3BiBr3
primary,mlp_magpie,loo,9,inner_val,4,Mg3BiI3
primary,mlp_magpie,loo,9,inner_val,4,Ba3PCl3
primary,mlp_magpie,loo,9,inner_val,4,Mg3PBr3
primary,mlp_magpie,loo,9,inner_val,4,Ca3SbBr3
primary,mlp_magpie,loo,9,inner_val,4,Sr3SbI3
primary,mlp_magpie,loo,10,test,,Ba3SbCl3
primary,mlp_magpie,loo,10,inner_val,0,Ba3AsCl3
primary,mlp_magpie,loo,10,inner_val,0,Ca3AsF3
primary,mlp_magpie,loo,10,inner_val,0,Ba3BiCl3
primary,mlp_magpie,loo,10,inner_val,0,Ca3PF3
primary,mlp_magpie,loo,10,inner_val,0,Mg3PCl3
primary,mlp_magpie,loo,10,inner_val,0,Sr3PCl3
primary,mlp_magpie,loo,10,inner_val,0,Ca3SbF3
primary,mlp_magpie,loo,10,inner_val,0,Sr3SbI3
primary,mlp_magpie,loo,10,inner_val,1,Ba3AsCl3
primary,mlp_magpie,loo,10,inner_val,1,Ba3AsI3
primary,mlp_magpie,loo,10,inner_val,1,Ca3AsF3
primary,mlp_magpie,loo,10,inner_val,1,Mg3BiI3
primary,mlp_magpie,loo,10,inner_val,1,Ca3PBr3
primary,mlp_magpie,loo,10,inner_val,1,Mg3PBr3
primary,mlp_magpie,loo,10,inner_val,1,Mg3SbBr3
primary,mlp_magpie,loo,10,inner_val,1,Mg3SbI3
primary,mlp_magpie,loo,10,inner_val,2,Ba3AsI3
primary,mlp_magpie,loo,10,inner_val,2,Ca3AsBr3
primary,mlp_magpie,loo,10,inner_val,2,Sr3AsCl3
primary,mlp_magpie,loo,10,inner_val,2,Ba3PBr3
primary,mlp_magpie,loo,10,inner_val,2,Ca3PBr3
primary,mlp_magpie,loo,10,inner_val,2,Mg3PBr3
primary,mlp_magpie,loo,10,inner_val,2,Sr3SbCl3
primary,mlp_magpie,loo,10,inner_val,2,Sr3SbI3
primary,mlp_magpie,loo,10,inner_val,3,Ba3AsCl3
primary,mlp_magpie,loo,10,inner_val,3,Ba3AsI3
primary,mlp_magpie,loo,10,inner_val,3,Mg3AsBr3
primary,mlp_magpie,loo,10,inner_val,3,Ca3PI3
primary,mlp_magpie,loo,10,inner_val,3,Mg3PCl3
primary,mlp_magpie,loo,10,inner_val,3,Mg3PI3
primary,mlp_magpie,loo,10,inner_val,3,Sr3PI3
primary,mlp_magpie,loo,10,inner_val,3,Mg3SbF3
primary,mlp_magpie,loo,10,inner_val,4,Mg3AsBr3
primary,mlp_magpie,loo,10,inner_val,4,Ca3PF3
primary,mlp_magpie,loo,10,inner_val,4,Mg3PBr3
primary,mlp_magpie,loo,10,inner_val,4,Mg3PCl3
primary,mlp_magpie,loo,10,inner_val,4,Sr3PCl3
primary,mlp_magpie,loo,10,inner_val,4,Sr3PI3
primary,mlp_magpie,loo,10,inner_val,4,Mg3SbI3
primary,mlp_magpie,loo,10,inner_val,4,Sr3SbCl3
primary,mlp_magpie,loo,11,test,,Ba3SbI3
primary,mlp_magpie,loo,11,inner_val,0,Sr3AsCl3
primary,mlp_magpie,loo,11,inner_val,0,Ba3BiI3
primary,mlp_magpie,loo,11,inner_val,0,Ba3PCl3
primary,mlp_magpie,loo,11,inner_val,0,Ba3PI3
primary,mlp_magpie,loo,11,inner_val,0,Ca3PI3
primary,mlp_magpie,loo,11,inner_val,0,Mg3PBr3
primary,mlp_magpie,loo,11,inner_val,0,Sr3PBr3
primary,mlp_magpie,loo,11,inner_val,0,Ba3SbBr3
primary,mlp_magpie,loo,11,inner_val,1,Ca3AsBr3
primary,mlp_magpie,loo,11,inner_val,1,Ca3AsF3
primary,mlp_magpie,loo,11,inner_val,1,Mg3BiBr3
primary,mlp_magpie,loo,11,inner_val,1,Mg3BiI3
primary,mlp_magpie,loo,11,inner_val,1,Ba3PCl3
primary,mlp_magpie,loo,11,inner_val,1,Mg3PBr3
primary,mlp_magpie,loo,11,inner_val,1,Sr3PBr3
primary,mlp_magpie,loo,11,inner_val,1,Ca3SbBr3
primary,mlp_magpie,loo,11,inner_val,2,Mg3AsBr3
primary,mlp_magpie,loo,11,inner_val,2,Sr3AsCl3
primary,mlp_magpie,loo,11,inner_val,2,Ca3PBr3
primary,mlp_magpie,loo,11,inner_val,2,Ca3PCl3
primary,mlp_magpie,loo,11,inner_val,2,Mg3PBr3
primary,mlp_magpie,loo,11,inner_val,2,Mg3PCl3
primary,mlp_magpie,loo,11,inner_val,2,Ba3SbCl3
primary,mlp_magpie,loo,11,inner_val,2,Mg3SbCl3
primary,mlp_magpie,loo,11,inner_val,3,Ba3AsCl3
primary,mlp_magpie,loo,11,inner_val,3,Sr3AsCl3
primary,mlp_magpie,loo,11,inner_val,3,Sr3AsI3
primary,mlp_magpie,loo,11,inner_val,3,Ba3BiBr3
primary,mlp_magpie,loo,11,inner_val,3,Mg3SbCl3
primary,mlp_magpie,loo,11,inner_val,3,Mg3SbF3
primary,mlp_magpie,loo,11,inner_val,3,Sr3SbCl3
primary,mlp_magpie,loo,11,inner_val,3,Sr3SbI3
primary,mlp_magpie,loo,11,inner_val,4,Ba3AsBr3
primary,mlp_magpie,loo,11,inner_val,4,Mg3AsBr3
primary,mlp_magpie,loo,11,inner_val,4,Mg3BiBr3
primary,mlp_magpie,loo,11,inner_val,4,Ca3PCl3
primary,mlp_magpie,loo,11,inner_val,4,Ca3PF3
primary,mlp_magpie,loo,11,inner_val,4,Mg3PCl3
primary,mlp_magpie,loo,11,inner_val,4,Mg3SbF3
primary,mlp_magpie,loo,11,inner_val,4,Sr3SbI3
primary,mlp_magpie,loo,12,test,,Ca3AsBr3
primary,mlp_magpie,loo,12,inner_val,0,Ba3AsCl3
primary,mlp_magpie,loo,12,inner_val,0,Ba3BiCl3
primary,mlp_magpie,loo,12,inner_val,0,Ca3PBr3
primary,mlp_magpie,loo,12,inner_val,0,Ca3PF3
primary,mlp_magpie,loo,12,inner_val,0,Ba3SbCl3
primary,mlp_magpie,loo,12,inner_val,0,Mg3SbF3
primary,mlp_magpie,loo,12,inner_val,0,Mg3SbI3
primary,mlp_magpie,loo,12,inner_val,0,Sr3SbI3
primary,mlp_magpie,loo,12,inner_val,1,Ba3AsBr3
primary,mlp_magpie,loo,12,inner_val,1,Ba3AsI3
primary,mlp_magpie,loo,12,inner_val,1,Ca3PF3
primary,mlp_magpie,loo,12,inner_val,1,Ca3PI3
primary,mlp_magpie,loo,12,inner_val,1,Mg3PI3
primary,mlp_magpie,loo,12,inner_val,1,Sr3PI3
primary,mlp_magpie,loo,12,inner_val,1,Mg3SbCl3
primary,mlp_magpie,loo,12,inner_val,1,Sr3SbI3
primary,mlp_magpie,loo,12,inner_val,2,Ba3BiBr3
primary,mlp_magpie,loo,12,inner_val,2,Ca3BiI3
primary,mlp_magpie,loo,12,inner_val,2,Ca3PF3
primary,mlp_magpie,loo,12,inner_val,2,Ca3PI3
primary,mlp_magpie,loo,12,inner_val,2,Sr3PBr3
primary,mlp_magpie,loo,12,inner_val,2,Ba3SbBr3
primary,mlp_magpie,loo,12,inner_val,2,Ca3SbBr3
primary,mlp_magpie,loo,12,inner_val,2,Ca3SbF3
primary,mlp_magpie,loo,12,inner_val,3,Ca3AsF3
primary,mlp_magpie,loo,12,inner_val,3,Sr3AsI3
primary,mlp_magpie,loo,12,inner_val,3,Ba3PI3
primary,mlp_magpie,loo,12,inner_val,3,Ca3PI3
primary,mlp_magpie,loo,12,inner_val,3,Mg3PCl3
primary,mlp_magpie,loo,12,inner_val,3,Sr3PI3
primary,mlp_magpie,loo,12,inner_val,3,Ca3SbCl3
primary,mlp_magpie,loo,12,inner_val,3,Sr3SbI3
primary,mlp_magpie,loo,12,inner_val,4,Mg3AsBr3
primary,mlp_magpie,loo,12,inner_val,4,Ba3BiCl3
primary,mlp_magpie,loo,12,inner_val,4,Ca3BiI3
primary,mlp_magpie,loo,12,inner_val,4,Ba3PI3
primary,mlp_magpie,loo,12,inner_val,4,Ca3PBr3
primary,mlp_magpie,loo,12,inner_val,4,Mg3PCl3
primary,mlp_magpie,loo,12,inner_val,4,Sr3PCl3
primary,mlp_magpie,loo,12,inner_val,4,Mg3SbF3
primary,mlp_magpie,loo,13,test,,Ca3AsF3
primary,mlp_magpie,loo,13,inner_val,0,Ba3AsCl3
primary,mlp_magpie,loo,13,inner_val,0,Sr3AsI3
primary,mlp_magpie,loo,13,inner_val,0,Ba3PBr3
primary,mlp_magpie,loo,13,inner_val,0,Mg3PBr3
primary,mlp_magpie,loo,13,inner_val,0,Mg3PCl3
primary,mlp_magpie,loo,13,inner_val,0,Mg3PI3
primary,mlp_magpie,loo,13,inner_val,0,Ba3SbBr3
primary,mlp_magpie,loo,13,inner_val,0,Ca3SbBr3
primary,mlp_magpie,loo,13,inner_val,1,Ba3AsBr3
primary,mlp_magpie,loo,13,inner_val,1,Ba3AsCl3
primary,mlp_magpie,loo,13,inner_val,1,Sr3AsCl3
primary,mlp_magpie,loo,13,inner_val,1,Ca3PI3
primary,mlp_magpie,loo,13,inner_val,1,Mg3PBr3
primary,mlp_magpie,loo,13,inner_val,1,Ca3SbBr3
primary,mlp_magpie,loo,13,inner_val,1,Ca3SbCl3
primary,mlp_magpie,loo,13,inner_val,1,Ca3SbF3
primary,mlp_magpie,loo,13,inner_val,2,Ba3AsCl3
primary,mlp_magpie,loo,13,inner_val,2,Sr3AsCl3
primary,mlp_magpie,loo,13,inner_val,2,Ba3BiBr3
primary,mlp_magpie,loo,13,inner_val,2,Ba3BiI3
primary,mlp_magpie,loo,13,inner_val,2,Ba3PBr3
primary,mlp_magpie,loo,13,inner_val,2,Ca3PBr3
primary,mlp_magpie,loo,13,inner_val,2,Ba3SbBr3
primary,mlp_magpie,loo,13,inner_val,2,Mg3SbI3
primary,mlp_magpie,loo,13,inner_val,3,Sr3AsCl3
primary,mlp_magpie,loo,13,inner_val,3,Ba3BiI3
primary,mlp_magpie,loo,13,inner_val,3,Ca3PCl3
primary,mlp_magpie,loo,13,inner_val,3,Ca3PF3
primary,mlp_magpie,loo,13,inner_val,3,Mg3PBr3
primary,mlp_magpie,loo,13,inner_val,3,Mg3PI3
primary,mlp_magpie,loo,13,inner_val,3,Sr3PCl3
primary,mlp_magpie,loo,13,inner_val,3,Mg3SbF3
primary,mlp_magpie,loo,13,inner_val,4,Ba3PBr3
primary,mlp_magpie,loo,13,inner_val,4,Ca3PI3
primary,mlp_magpie,loo,13,inner_val,4,Mg3PCl3
primary,mlp_magpie,loo,13,inner_val,4,Sr3PCl3
primary,mlp_magpie,loo,13,inner_val,4,Ba3SbCl3
primary,mlp_magpie,loo,13,inner_val,4,Ca3SbBr3
primary,mlp_magpie,loo,13,inner_val,4,Ca3SbCl3
primary,mlp_magpie,loo,13,inner_val,4,Sr3SbCl3
primary,mlp_magpie,loo,14,test,,Ca3BiI3
primary,mlp_magpie,loo,14,inner_val,0,Ba3AsCl3
primary,mlp_magpie,loo,14,inner_val,0,Ba3AsI3
primary,mlp_magpie,loo,14,inner_val,0,Sr3AsCl3
primary,mlp_magpie,loo,14,inner_val,0,Mg3BiI3
primary,mlp_magpie,loo,14,inner_val,0,Ba3PI3
primary,mlp_magpie,loo,14,inner_val,0,Ba3SbI3
primary,mlp_magpie,loo,14,inner_val,0,Mg3SbF3
primary,mlp_magpie,loo,14,inner_val,0,Sr3SbI3
primary,mlp_magpie,loo,14,inner_val,1,Ba3BiCl3
primary,mlp_magpie,loo,14,inner_val,1,Ba3BiI3
primary,mlp_magpie,loo,14,inner_val,1,Mg3BiBr3
primary,mlp_magpie,loo,14,inner_val,1,Ca3PI3
primary,mlp_magpie,loo,14,inner_val,1,Mg3PBr3
primary,mlp_magpie,loo,14,inner_val,1,Ba3SbCl3
primary,mlp_magpie,loo,14,inner_val,1,Ca3SbF3
primary,mlp_magpie,loo,14,inner_val,1,Mg3SbI3
primary,mlp_magpie,loo,14,inner_val,2,Ba3AsBr3
primary,mlp_magpie,loo,14,inner_val,2,Ca3PBr3
primary,mlp_magpie,loo,14,inner_val,2,Mg3PBr3
primary,mlp_magpie,loo,14,inner_val,2,Mg3PI3
primary,mlp_magpie,loo,14,inner_val,2,Ba3SbCl3
primary,mlp_magpie,loo,14,inner_val,2,Ca3SbBr3
primary,mlp_magpie,loo,14,inner_val,2,Mg3SbF3
primary,mlp_magpie,loo,14,inner_val,2,Mg3SbI3
primary,mlp_magpie,loo,14,inner_val,3,Ba3AsBr3
primary,mlp_magpie,loo,14,inner_val,3,Ca3AsF3
primary,mlp_magpie,loo,14,inner_val,3,Sr3AsI3
primary,mlp_magpie,loo,14,inner_val,3,Ba3PI3
primary,mlp_magpie,loo,14,inner_val,3,Mg3PBr3
primary,mlp_magpie,loo,14,inner_val,3,Ba3SbI3
primary,mlp_magpie,loo,14,inner_val,3,Ca3SbF3
primary,mlp_magpie,loo,14,inner_val,3,Mg3SbCl3
primary,mlp_magpie,loo,14,inner_val,4,Ca3AsBr3
primary,mlp_magpie,loo,14,inner_val,4,Ca3PF3
primary,mlp_magpie,loo,14,inner_val,4,Ca3PI3
primary,mlp_magpie,loo,14,inner_val,4,Ba3SbCl3
primary,mlp_magpie,loo,14,inner_val,4,Ba3SbI3
primary,mlp_magpie,loo,14,inner_val,4,Ca3SbBr3
primary,mlp_magpie,loo,14,inner_val,4,Ca3SbF3
primary,mlp_magpie,loo,14,inner_val,4,Sr3SbCl3
primary,mlp_magpie,loo,15,test,,Ca3PBr3
primary,mlp_magpie,loo,15,inner_val,0,Ca3AsF3
primary,mlp_magpie,loo,15,inner_val,0,Sr3AsCl3
primary,mlp_magpie,loo,15,inner_val,0,Ca3PCl3
primary,mlp_magpie,loo,15,inner_val,0,Sr3PCl3
primary,mlp_magpie,loo,15,inner_val,0,Sr3PI3
primary,mlp_magpie,loo,15,inner_val,0,Ba3SbBr3
primary,mlp_magpie,loo,15,inner_val,0,Ba3SbI3
primary,mlp_magpie,loo,15,inner_val,0,Ca3SbBr3
primary,mlp_magpie,loo,15,inner_val,1,Ba3AsI3
primary,mlp_magpie,loo,15,inner_val,1,Ca3AsBr3
primary,mlp_magpie,loo,15,inner_val,1,Mg3BiI3
primary,mlp_magpie,loo,15,inner_val,1,Ba3PCl3
primary,mlp_magpie,loo,15,inner_val,1,Sr3PCl3
primary,mlp_magpie,loo,15,inner_val,1,Ba3SbI3
primary,mlp_magpie,loo,15,inner_val,1,Ca3SbBr3
primary,mlp_magpie,loo,15,inner_val,1,Sr3SbI3
primary,mlp_magpie,loo,15,inner_val,2,Mg3BiBr3
primary,mlp_magpie,loo,15,inner_val,2,Ba3PBr3
primary,mlp_magpie,loo,15,inner_val,2,Ba3PI3
primary,mlp_magpie,loo,15,inner_val,2,Sr3PI3
primary,mlp_magpie,loo,15,inner_val,2,Ba3SbCl3
primary,mlp_magpie,loo,15,inner_val,2,Ca3SbBr3
primary,mlp_magpie,loo,15,inner_val,2,Ca3SbF3
primary,mlp_magpie,loo,15,inner_val,2,Mg3SbF3
primary,mlp_magpie,loo,15,inner_val,3,Ba3AsBr3
primary,mlp_magpie,loo,15,inner_val,3,Mg3BiI3
primary,mlp_magpie,loo,15,inner_val,3,Ba3PI3
primary,mlp_magpie,loo,15,inner_val,3,Sr3PBr3
primary,mlp_magpie,loo,15,inner_val,3,Ba3SbCl3
primary,mlp_magpie,loo,15,inner_val,3,Ca3SbCl3
primary,mlp_magpie,loo,15,inner_val,3,Ca3SbF3
primary,mlp_magpie,loo,15,inner_val,3,Sr3SbI3
primary,mlp_magpie,loo,15,inner_val,4,Ba3AsI3
primary,mlp_magpie,loo,15,inner_val,4,Ca3AsF3
primary,mlp_magpie,loo,15,inner_val,4,Ca3PI3
primary,mlp_magpie,loo,15,inner_val,4,Sr3PI3
primary,mlp_magpie,loo,15,inner_val,4,Ba3SbBr3
primary,mlp_magpie,loo,15,inner_val,4,Ba3SbCl3
primary,mlp_magpie,loo,15,inner_val,4,Mg3SbBr3
primary,mlp_magpie,loo,15,inner_val,4,Mg3SbI3
primary,mlp_magpie,loo,16,test,,Ca3PCl3
primary,mlp_magpie,loo,16,inner_val,0,Ba3AsBr3
primary,mlp_magpie,loo,16,inner_val,0,Ba3AsI3
primary,mlp_magpie,loo,16,inner_val,0,Ba3BiI3
primary,mlp_magpie,loo,16,inner_val,0,Ba3PBr3
primary,mlp_magpie,loo,16,inner_val,0,Ba3PI3
primary,mlp_magpie,loo,16,inner_val,0,Ca3PF3
primary,mlp_magpie,loo,16,inner_val,0,Sr3PI3
primary,mlp_magpie,loo,16,inner_val,0,Mg3SbF3
primary,mlp_magpie,loo,16,inner_val,1,Ba3AsBr3
primary,mlp_magpie,loo,16,inner_val,1,Ba3AsCl3
primary,mlp_magpie,loo,16,inner_val,1,Ca3AsBr3
primary,mlp_magpie,loo,16,inner_val,1,Mg3AsBr3
primary,mlp_magpie,loo,16,inner_val,1,Ba3BiCl3
primary,mlp_magpie,loo,16,inner_val,1,Ba3PBr3
primary,mlp_magpie,loo,16,inner_val,1,Mg3SbI3
primary,mlp_magpie,loo,16,inner_val,1,Sr3SbCl3
primary,mlp_magpie,loo,16,inner_val,2,Ba3AsBr3
primary,mlp_magpie,loo,16,inner_val,2,Ba3BiI3
primary,mlp_magpie,loo,16,inner_val,2,Ba3PBr3
primary,mlp_magpie,loo,16,inner_val,2,Sr3PCl3
primary,mlp_magpie,loo,16,inner_val,2,Sr3PI3
primary,mlp_magpie,loo,16,inner_val,2,Ba3SbI3
primary,mlp_magpie,loo,16,inner_val,2,Ca3SbF3
primary,mlp_magpie,loo,16,inner_val,2,Mg3SbCl3
primary,mlp_magpie,loo,16,inner_val,3,Ba3AsBr3
primary,mlp_magpie,loo,16,inner_val,3,Sr3AsCl3
primary,mlp_magpie,loo,16,inner_val,3,Sr3AsI3
primary,mlp_magpie,loo,16,inner_val,3,Mg3BiBr3
primary,mlp_magpie,loo,16,inner_val,3,Mg3BiI3
primary,mlp_magpie,loo,16,inner_val,3,Sr3PBr3
primary,mlp_magpie,loo,16,inner_val,3,Ba3SbBr3
primary,mlp_magpie,loo,16,inner_val,3,Mg3SbF3
primary,mlp_magpie,loo,16,inner_val,4,Ba3AsI3
primary,mlp_magpie,loo,16,inner_val,4,Ca3AsF3
primary,mlp_magpie,loo,16,inner_val,4,Ca3PBr3
primary,mlp_magpie,loo,16,inner_val,4,Ca3PI3
primary,mlp_magpie,loo,16,inner_val,4,Sr3PCl3
primary,mlp_magpie,loo,16,inner_val,4,Ca3SbBr3
primary,mlp_magpie,loo,16,inner_val,4,Mg3SbF3
primary,mlp_magpie,loo,16,inner_val,4,Sr3SbI3
primary,mlp_magpie,loo,17,test,,Ca3PF3
primary,mlp_magpie,loo,17,inner_val,0,Ba3AsCl3
primary,mlp_magpie,loo,17,inner_val,0,Ba3BiBr3
primary,mlp_magpie,loo,17,inner_val,0,Mg3BiI3
primary,mlp_magpie,loo,17,inner_val,0,Ba3PI3
primary,mlp_magpie,loo,17,inner_val,0,Sr3PBr3
primary,mlp_magpie,loo,17,inner_val,0,Sr3PI3
primary,mlp_magpie,loo,17,inner_val,0,Ba3SbBr3
primary,mlp_magpie,loo,17,inner_val,0,Mg3SbCl3
primary,mlp_magpie,loo,17,inner_val,1,Ba3AsBr3
primary,mlp_magpie,loo,17,inner_val,1,Ba3AsCl3
primary,mlp_magpie,loo,17,inner_val,1,Sr3AsI3
primary,mlp_magpie,loo,17,inner_val,1,Mg3BiBr3
primary,mlp_magpie,loo,17,inner_val,1,Mg3BiI3
primary,mlp_magpie,loo,17,inner_val,1,Ba3PBr3
primary,mlp_magpie,loo,17,inner_val,1,Ca3PBr3
primary,mlp_magpie,loo,17,inner_val,1,Sr3SbI3
primary,mlp_magpie,loo,17,inner_val,2,Ba3BiCl3
primary,mlp_magpie,loo,17,inner_val,2,Ba3PI3
primary,mlp_magpie,loo,17,inner_val,2,Mg3PBr3
primary,mlp_magpie,loo,17,inner_val,2,Sr3PCl3
primary,mlp_magpie,loo,17,inner_val,2,Ba3SbBr3
primary,mlp_magpie,loo,17,inner_val,2,Ba3SbI3
primary,mlp_magpie,loo,17,inner_val,2,Ca3SbF3
primary,mlp_magpie,loo,17,inner_val,2,Mg3SbCl3
primary,mlp_magpie,loo,17,inner_val,3,Ba3AsCl3
primary,mlp_magpie,loo,17,inner_val,3,Ca3AsF3
primary,mlp_magpie,loo,17,inner_val,3,Ba3PI3
primary,mlp_magpie,loo,17,inner_val,3,Ca3PI3
primary,mlp_magpie,loo,17,inner_val,3,Mg3PBr3
primary,mlp_magpie,loo,17,inner_val,3,Mg3PI3
primary,mlp_magpie,loo,17,inner_val,3,Ba3SbI3
primary,mlp_magpie,loo,17,inner_val,3,Sr3SbI3
primary,mlp_magpie,loo,17,inner_val,4,Ba3AsI3
primary,mlp_magpie,loo,17,inner_val,4,Mg3BiBr3
primary,mlp_magpie,loo,17,inner_val,4,Mg3BiI3
primary,mlp_magpie,loo,17,inner_val,4,Ba3PI3
primary,mlp_magpie,loo,17,inner_val,4,Sr3PI3
primary,mlp_magpie,loo,17,inner_val,4,Mg3SbF3
primary,mlp_magpie,loo,17,inner_val,4,Sr3SbCl3
primary,mlp_magpie,loo,17,inner_val,4,Sr3SbI3
primary,mlp_magpie,loo,18,test,,Ca3PI3
primary,mlp_magpie,loo,18,inner_val,0,Ba3AsCl3
primary,mlp_magpie,loo,18,inner_val,0,Ba3PI3
primary,mlp_magpie,loo,18,inner_val,0,Ca3PCl3
primary,mlp_magpie,loo,18,inner_val,0,Mg3PCl3
primary,mlp_magpie,loo,18,inner_val,0,Sr3PI3
primary,mlp_magpie,loo,18,inner_val,0,Ca3SbBr3
primary,mlp_magpie,loo,18,inner_val,0,Mg3SbBr3
primary,mlp_magpie,loo,18,inner_val,0,Sr3SbI3
primary,mlp_magpie,loo,18,inner_val,1,Ca3AsBr3
primary,mlp_magpie,loo,18,inner_val,1,Mg3AsBr3
primary,mlp_magpie,loo,18,inner_val,1,Sr3AsI3
primary,mlp_magpie,loo,18,inner_val,1,Ba3BiCl3
primary,mlp_magpie,loo,18,inner_val,1,Ba3PCl3
primary,mlp_magpie,loo,18,inner_val,1,Ba3SbI3
primary,mlp_magpie,loo,18,inner_val,1,Ca3SbF3
primary,mlp_magpie,loo,18,inner_val,1,Sr3SbCl3
primary,mlp_magpie,loo,18,inner_val,2,Mg3AsBr3
primary,mlp_magpie,loo,18,inner_val,2,Mg3BiBr3
primary,mlp_magpie,loo,18,inner_val,2,Ba3PCl3
primary,mlp_magpie,loo,18,inner_val,2,Ca3PCl3
primary,mlp_magpie,loo,18,inner_val,2,Mg3PCl3
primary,mlp_magpie,loo,18,inner_val,2,Mg3PI3
primary,mlp_magpie,loo,18,inner_val,2,Ba3SbBr3
primary,mlp_magpie,loo,18,inner_val,2,Mg3SbF3
primary,mlp_magpie,loo,18,inner_val,3,Ba3AsCl3
primary,mlp_magpie,loo,18,inner_val,3,Ba3PBr3
primary,mlp_magpie,loo,18,inner_val,3,Mg3PBr3
primary,mlp_magpie,loo,18,inner_val,3,Sr3PBr3
primary,mlp_magpie,loo,18,inner_val,3,Ca3SbBr3
primary,mlp_magpie,loo,18,inner_val,3,Ca3SbF3
primary,mlp_magpie,loo,18,inner_val,3,Sr3SbCl3
primary,mlp_magpie,loo,18,inner_val,3,Sr3SbI3
primary,mlp_magpie,loo,18,inner_val,4,Ba3PBr3
primary,mlp_magpie,loo,18,inner_val,4,Ca3PCl3
primary,mlp_magpie,loo,18,inner_val,4,Ba3SbI3
primary,mlp_magpie,loo,18,inner_val,4,Mg3SbBr3
primary,mlp_magpie,loo,18,inner_val,4,Mg3SbF3
primary,mlp_magpie,loo,18,inner_val,4,Mg3SbI3
primary,mlp_magpie,loo,18,inner_val,4,Sr3SbCl3
primary,mlp_magpie,loo,18,inner_val,4,Sr3SbI3
primary,mlp_magpie,loo,19,test,,Ca3SbBr3
primary,mlp_magpie,loo,19,inner_val,0,Sr3AsI3
primary,mlp_magpie,loo,19,inner_val,0,Ba3PI3
primary,mlp_magpie,loo,19,inner_val,0,Ca3PCl3
primary,mlp_magpie,loo,19,inner_val,0,Ca3PF3
primary,mlp_magpie,loo,19,inner_val,0,Ca3PI3
primary,mlp_magpie,loo,19,inner_val,0,Mg3PI3
primary,mlp_magpie,loo,19,inner_val,0,Ca3SbCl3
primary,mlp_magpie,loo,19,inner_val,0,Sr3SbI3
primary,mlp_magpie,loo,19,inner_val,1,Ba3AsCl3
primary,mlp_magpie,loo,19,inner_val,1,Sr3AsI3
primary,mlp_magpie,loo,19,inner_val,1,Mg3BiI3
primary,mlp_magpie,loo,19,inner_val,1,Ba3PCl3
primary,mlp_magpie,loo,19,inner_val,1,Ba3PI3
primary,mlp_magpie,loo,19,inner_val,1,Ca3PF3
primary,mlp_magpie,loo,19,inner_val,1,Sr3PCl3
primary,mlp_magpie,loo,19,inner_val,1,Ba3SbBr3
primary,mlp_magpie,loo,19,inner_val,2,Ba3AsBr3
primary,mlp_magpie,loo,19,inner_val,2,Ba3BiI3
primary,mlp_magpie,loo,19,inner_val,2,Mg3BiI3
primary,mlp_magpie,loo,19,inner_val,2,Ba3PI3
primary,mlp_magpie,loo,19,inner_val,2,Sr3PCl3
primary,mlp_magpie,loo,19,inner_val,2,Ba3SbBr3
primary,mlp_magpie,loo,19,inner_val,2,Ba3SbI3
primary,mlp_magpie,loo,19,inner_val,2,Ca3SbF3
primary,mlp_magpie,loo,19,inner_val,3,Ba3AsI3
primary,mlp_magpie,loo,19,inner_val,3,Sr3AsCl3
primary,mlp_magpie,loo,19,inner_val,3,Sr3AsI3
primary,mlp_magpie,loo,19,inner_val,3,Ba3BiI3
primary,mlp_magpie,loo,19,inner_val,3,Mg3BiBr3
primary,mlp_magpie,loo,19,inner_val,3,Ca3PI3
primary,mlp_magpie,loo,19,inner_val,3,Mg3PI3
primary,mlp_magpie,loo,19,inner_val,3,Mg3SbF3
primary,mlp_magpie,loo,19,inner_val,4,Ba3AsI3
primary,mlp_magpie,loo,19,inner_val,4,Ca3AsBr3
primary,mlp_magpie,loo,19,inner_val,4,Ba3PCl3
primary,mlp_magpie,loo,19,inner_val,4,Mg3PBr3
primary,mlp_magpie,loo,19,inner_val,4,Ba3SbBr3
primary,mlp_magpie,loo,19,inner_val,4,Mg3SbF3
primary,mlp_magpie,loo,19,inner_val,4,Mg3SbI3
primary,mlp_magpie,loo,19,inner_val,4,Sr3SbCl3
primary,mlp_magpie,loo,20,test,,Ca3SbCl3
primary,mlp_magpie,loo,20,inner_val,0,Ba3AsBr3
primary,mlp_magpie,loo,20,inner_val,0,Ba3BiBr3
primary,mlp_magpie,loo,20,inner_val,0,Mg3BiI3
primary,mlp_magpie,loo,20,inner_val,0,Ca3PI3
primary,mlp_magpie,loo,20,inner_val,0,Mg3PCl3
primary,mlp_magpie,loo,20,inner_val,0,Sr3PCl3
primary,mlp_magpie,loo,20,inner_val,0,Ba3SbBr3
primary,mlp_magpie,loo,20,inner_val,0,Mg3SbBr3
primary,mlp_magpie,loo,20,inner_val,1,Ba3AsBr3
primary,mlp_magpie,loo,20,inner_val,1,Ba3BiI3
primary,mlp_magpie,loo,20,inner_val,1,Mg3BiI3
primary,mlp_magpie,loo,20,inner_val,1,Mg3PCl3
primary,mlp_magpie,loo,20,inner_val,1,Sr3PI3
primary,mlp_magpie,loo,20,inner_val,1,Ca3SbBr3
primary,mlp_magpie,loo,20,inner_val,1,Mg3SbF3
primary,mlp_magpie,loo,20,inner_val,1,Sr3SbCl3
primary,mlp_magpie,loo,20,inner_val,2,Ba3AsBr3
primary,mlp_magpie,loo,20,inner_val,2,Ba3AsI3
primary,mlp_magpie,loo,20,inner_val,2,Ba3PI3
primary,mlp_magpie,loo,20,inner_val,2,Mg3PBr3
primary,mlp_magpie,loo,20,inner_val,2,Sr3PCl3
primary,mlp_magpie,loo,20,inner_val,2,Sr3PI3
primary,mlp_magpie,loo,20,inner_val,2,Mg3SbF3
primary,mlp_magpie,loo,20,inner_val,2,Mg3SbI3
primary,mlp_magpie,loo,20,inner_val,3,Ca3AsBr3
primary,mlp_magpie,loo,20,inner_val,3,Sr3AsI3
primary,mlp_magpie,loo,20,inner_val,3,Ba3BiI3
primary,mlp_magpie,loo,20,inner_val,3,Ba3PCl3
primary,mlp_magpie,loo,20,inner_val,3,Ba3PI3
primary,mlp_magpie,loo,20,inner_val,3,Sr3PBr3
primary,mlp_magpie,loo,20,inner_val,3,Sr3PCl3
primary,mlp_magpie,loo,20,inner_val,3,Sr3SbCl3
primary,mlp_magpie,loo,20,inner_val,4,Ba3AsI3
primary,mlp_magpie,loo,20,inner_val,4,Mg3AsBr3
primary,mlp_magpie,loo,20,inner_val,4,Ba3BiCl3
primary,mlp_magpie,loo,20,inner_val,4,Ca3PCl3
primary,mlp_magpie,loo,20,inner_val,4,Ca3PF3
primary,mlp_magpie,loo,20,inner_val,4,Ca3PI3
primary,mlp_magpie,loo,20,inner_val,4,Ca3SbF3
primary,mlp_magpie,loo,20,inner_val,4,Mg3SbF3
primary,mlp_magpie,loo,21,test,,Ca3SbF3
primary,mlp_magpie,loo,21,inner_val,0,Ba3AsBr3
primary,mlp_magpie,loo,21,inner_val,0,Ba3AsCl3
primary,mlp_magpie,loo,21,inner_val,0,Mg3BiBr3
primary,mlp_magpie,loo,21,inner_val,0,Ca3SbCl3
primary,mlp_magpie,loo,21,inner_val,0,Mg3SbCl3
primary,mlp_magpie,loo,21,inner_val,0,Mg3SbF3
primary,mlp_magpie,loo,21,inner_val,0,Mg3SbI3
primary,mlp_magpie,loo,21,inner_val,0,Sr3SbCl3
primary,mlp_magpie,loo,21,inner_val,1,Ca3AsF3
primary,mlp_magpie,loo,21,inner_val,1,Mg3AsBr3
primary,mlp_magpie,loo,21,inner_val,1,Sr3AsI3
primary,mlp_magpie,loo,21,inner_val,1,Ba3BiCl3
primary,mlp_magpie,loo,21,inner_val,1,Ca3BiI3
primary,mlp_magpie,loo,21,inner_val,1,Ca3PCl3
primary,mlp_magpie,loo,21,inner_val,1,Mg3PCl3
primary,mlp_magpie,loo,21,inner_val,1,Ba3SbCl3
primary,mlp_magpie,loo,21,inner_val,2,Ba3AsCl3
primary,mlp_magpie,loo,21,inner_val,2,Sr3AsCl3
primary,mlp_magpie,loo,21,inner_val,2,Ba3PI3
primary,mlp_magpie,loo,21,inner_val,2,Ca3PBr3
primary,mlp_magpie,loo,21,inner_val,2,Ca3SbBr3
primary,mlp_magpie,loo,21,inner_val,2,Ca3SbCl3
primary,mlp_magpie,loo,21,inner_val,2,Mg3SbI3
primary,mlp_magpie,loo,21,inner_val,2,Sr3SbCl3
primary,mlp_magpie,loo,21,inner_val,3,Ba3AsBr3
primary,mlp_magpie,loo,21,inner_val,3,Ba3AsCl3
primary,mlp_magpie,loo,21,inner_val,3,Ca3AsF3
primary,mlp_magpie,loo,21,inner_val,3,Ba3BiI3
primary,mlp_magpie,loo,21,inner_val,3,Ca3PF3
primary,mlp_magpie,loo,21,inner_val,3,Sr3PBr3
primary,mlp_magpie,loo,21,inner_val,3,Mg3SbBr3
primary,mlp_magpie,loo,21,inner_val,3,Mg3SbCl3
primary,mlp_magpie,loo,21,inner_val,4,Ca3AsF3
primary,mlp_magpie,loo,21,inner_val,4,Ba3BiCl3
primary,mlp_magpie,loo,21,inner_val,4,Ca3PBr3
primary,mlp_magpie,loo,21,inner_val,4,Ca3PF3
primary,mlp_magpie,loo,21,inner_val,4,Mg3PCl3
primary,mlp_magpie,loo,21,inner_val,4,Ba3SbBr3
primary,mlp_magpie,loo,21,inner_val,4,Ba3SbI3
primary,mlp_magpie,loo,21,inner_val,4,Ca3SbCl3
primary,mlp_magpie,loo,22,test,,Mg3AsBr3
primary,mlp_magpie,loo,22,inner_val,0,Ba3AsBr3
primary,mlp_magpie,loo,22,inner_val,0,Mg3BiBr3
primary,mlp_magpie,loo,22,inner_val,0,Ba3PI3
primary,mlp_magpie,loo,22,inner_val,0,Mg3PI3
primary,mlp_magpie,loo,22,inner_val,0,Sr3PBr3
primary,mlp_magpie,loo,22,inner_val,0,Ba3SbI3
primary,mlp_magpie,loo,22,inner_val,0,Mg3SbF3
primary,mlp_magpie,loo,22,inner_val,0,Mg3SbI3
primary,mlp_magpie,loo,22,inner_val,1,Ba3AsBr3
primary,mlp_magpie,loo,22,inner_val,1,Ca3AsBr3
primary,mlp_magpie,loo,22,inner_val,1,Ba3BiBr3
primary,mlp_magpie,loo,22,inner_val,1,Mg3BiBr3
primary,mlp_magpie,loo,22,inner_val,1,Mg3PCl3
primary,mlp_magpie,loo,22,inner_val,1,Mg3PI3
primary,mlp_magpie,loo,22,inner_val,1,Sr3PBr3
primary,mlp_magpie,loo,22,inner_val,1,Mg3SbF3
primary,mlp_magpie,loo,22,inner_val,2,Ba3AsI3
primary,mlp_magpie,loo,22,inner_val,2,Ba3BiBr3
primary,mlp_magpie,loo,22,inner_val,2,Mg3BiBr3
primary,mlp_magpie,loo,22,inner_val,2,Ba3PI3
primary,mlp_magpie,loo,22,inner_val,2,Ca3PCl3
primary,mlp_magpie,loo,22,inner_val,2,Ca3PF3
primary,mlp_magpie,loo,22,inner_val,2,Ca3SbBr3
primary,mlp_magpie,loo,22,inner_val,2,Mg3SbI3
primary,mlp_magpie,loo,22,inner_val,3,Sr3AsI3
primary,mlp_magpie,loo,22,inner_val,3,Ba3BiCl3
primary,mlp_magpie,loo,22,inner_val,3,Ca3BiI3
primary,mlp_magpie,loo,22,inner_val,3,Ba3PBr3
primary,mlp_magpie,loo,22,inner_val,3,Ba3PCl3
primary,mlp_magpie,loo,22,inner_val,3,Ca3PBr3
primary,mlp_magpie,loo,22,inner_val,3,Sr3PBr3
primary,mlp_magpie,loo,22,inner_val,3,Mg3SbBr3
primary,mlp_magpie,loo,22,inner_val,4,Sr3AsI3
primary,mlp_magpie,loo,22,inner_val,4,Ba3PBr3
primary,mlp_magpie,loo,22,inner_val,4,Mg3PBr3
primary,mlp_magpie,loo,22,inner_val,4,Mg3PCl3
primary,mlp_magpie,loo,22,inner_val,4,Sr3PBr3
primary,mlp_magpie,loo,22,inner_val,4,Sr3PI3
primary,mlp_magpie,loo,22,inner_val,4,Ca3SbCl3
primary,mlp_magpie,loo,22,inner_val,4,Mg3SbI3
primary,mlp_magpie,loo,23,test,,Mg3BiBr3
primary,mlp_magpie,loo,23,inner_val,0,Ba3AsI3
primary,mlp_magpie,loo,23,inner_val,0,Ba3BiI3
primary,mlp_magpie,loo,23,inner_val,0,Ca3BiI3
primary,mlp_magpie,loo,23,inner_val,0,Ba3PI3
primary,mlp_magpie,loo,23,inner_val,0,Mg3PCl3
primary,mlp_magpie,loo,23,inner_val,0,Sr3PI3
primary,mlp_magpie,loo,23,inner_val,0,Ba3SbI3
primary,mlp_magpie,loo,23,inner_val,0,Mg3SbF3
primary,mlp_magpie,loo,23,inner_val,1,Mg3AsBr3
primary,mlp_magpie,loo,23,inner_val,1,Ba3BiCl3
primary,mlp_magpie,loo,23,inner_val,1,Ca3BiI3
primary,mlp_magpie,loo,23,inner_val,1,Ba3PCl3
primary,mlp_magpie,loo,23,inner_val,1,Ba3PI3
primary,mlp_magpie,loo,23,inner_val,1,Mg3PCl3
primary,mlp_magpie,loo,23,inner_val,1,Ba3SbBr3
primary,mlp_magpie,loo,23,inner_val,1,Mg3SbI3
primary,mlp_magpie,loo,23,inner_val,2,Ba3AsI3
primary,mlp_magpie,loo,23,inner_val,2,Mg3AsBr3
primary,mlp_magpie,loo,23,inner_val,2,Ca3BiI3
primary,mlp_magpie,loo,23,inner_val,2,Ba3PI3
primary,mlp_magpie,loo,23,inner_val,2,Ca3PI3
primary,mlp_magpie,loo,23,inner_val,2,Sr3PI3
primary,mlp_magpie,loo,23,inner_val,2,Ba3SbI3
primary,mlp_magpie,loo,23,inner_val,2,Mg3SbI3
primary,mlp_magpie,loo,23,inner_val,3,Ba3AsI3
primary,mlp_magpie,loo,23,inner_val,3,Sr3AsCl3
primary,mlp_magpie,loo,23,inner_val,3,Ba3BiI3
primary,mlp_magpie,loo,23,inner_val,3,Ca3PCl3
primary,mlp_magpie,loo,23,inner_val,3,Mg3PCl3
primary,mlp_magpie,loo,23,inner_val,3,Mg3PI3
primary,mlp_magpie,loo,23,inner_val,3,Ba3SbCl3
primary,mlp_magpie,loo,23,inner_val,3,Mg3SbF3
primary,mlp_magpie,loo,23,inner_val,4,Ba3AsBr3
primary,mlp_magpie,loo,23,inner_val,4,Sr3AsCl3
primary,mlp_magpie,loo,23,inner_val,4,Ba3BiCl3
primary,mlp_magpie,loo,23,inner_val,4,Mg3BiI3
primary,mlp_magpie,loo,23,inner_val,4,Sr3PCl3
primary,mlp_magpie,loo,23,inner_val,4,Ba3SbBr3
primary,mlp_magpie,loo,23,inner_val,4,Mg3SbBr3
primary,mlp_magpie,loo,23,inner_val,4,Mg3SbF3
primary,mlp_magpie,loo,24,test,,Mg3BiI3
primary,mlp_magpie,loo,24,inner_val,0,Sr3AsCl3
primary,mlp_magpie,loo,24,inner_val,0,Ba3PBr3
primary,mlp_magpie,loo,24,inner_val,0,Ba3PI3
primary,mlp_magpie,loo,24,inner_val,0,Ca3PBr3
primary,mlp_magpie,loo,24,inner_val,0,Ba3SbBr3
primary,mlp_magpie,loo,24,inner_val,0,Ba3SbI3
primary,mlp_magpie,loo,24,inner_val,0,Mg3SbF3
primary,mlp_magpie,loo,24,inner_val,0,Sr3SbCl3
primary,mlp_magpie,loo,24,inner_val,1,Ba3AsBr3
primary,mlp_magpie,loo,24,inner_val,1,Ca3AsBr3
primary,mlp_magpie,loo,24,inner_val,1,Sr3AsCl3
primary,mlp_magpie,loo,24,inner_val,1,Ba3BiI3
primary,mlp_magpie,loo,24,inner_val,1,Ba3SbCl3
primary,mlp_magpie,loo,24,inner_val,1,Mg3SbBr3
primary,mlp_magpie,loo,24,inner_val,1,Mg3SbF3
primary,mlp_magpie,loo,24,inner_val,1,Sr3SbI3
primary,mlp_magpie,loo,24,inner_val,2,Mg3AsBr3
primary,mlp_magpie,loo,24,inner_val,2,Ba3PI3
primary,mlp_magpie,loo,24,inner_val,2,Ca3PI3
primary,mlp_magpie,loo,24,inner_val,2,Mg3PBr3
primary,mlp_magpie,loo,24,inner_val,2,Ba3SbCl3
primary,mlp_magpie,loo,24,inner_val,2,Ba3SbI3
primary,mlp_magpie,loo,24,inner_val,2,Ca3SbCl3
primary,mlp_magpie,loo,24,inner_val,2,Mg3SbCl3
primary,mlp_magpie,loo,24,inner_val,3,Ba3AsCl3
primary,mlp_magpie,loo,24,inner_val,3,Sr3AsCl3
primary,mlp_magpie,loo,24,inner_val,3,Ba3BiBr3
primary,mlp_magpie,loo,24,inner_val,3,Ba3BiCl3
primary,mlp_magpie,loo,24,inner_val,3,Ba3PBr3
primary,mlp_magpie,loo,24,inner_val,3,Ba3PCl3
primary,mlp_magpie,loo,24,inner_val,3,Mg3PI3
primary,mlp_magpie,loo,24,inner_val,3,Ca3SbCl3
primary,mlp_magpie,loo,24,inner_val,4,Ca3AsF3
primary,mlp_magpie,loo,24,inner_val,4,Ba3BiCl3
primary,mlp_magpie,loo,24,inner_val,4,Ca3PBr3
primary,mlp_magpie,loo,24,inner_val,4,Ca3PI3
primary,mlp_magpie,loo,24,inner_val,4,Mg3PCl3
primary,mlp_magpie,loo,24,inner_val,4,Mg3PI3
primary,mlp_magpie,loo,24,inner_val,4,Ba3SbI3
primary,mlp_magpie,loo,24,inner_val,4,Mg3SbF3
primary,mlp_magpie,loo,25,test,,Mg3PBr3
primary,mlp_magpie,loo,25,inner_val,0,Ba3AsBr3
primary,mlp_magpie,loo,25,inner_val,0,Ba3AsI3
primary,mlp_magpie,loo,25,inner_val,0,Sr3AsCl3
primary,mlp_magpie,loo,25,inner_val,0,Ba3BiCl3
primary,mlp_magpie,loo,25,inner_val,0,Ba3PCl3
primary,mlp_magpie,loo,25,inner_val,0,Mg3PCl3
primary,mlp_magpie,loo,25,inner_val,0,Ba3SbCl3
primary,mlp_magpie,loo,25,inner_val,0,Sr3SbI3
primary,mlp_magpie,loo,25,inner_val,1,Ba3BiCl3
primary,mlp_magpie,loo,25,inner_val,1,Mg3BiI3
primary,mlp_magpie,loo,25,inner_val,1,Ba3PCl3
primary,mlp_magpie,loo,25,inner_val,1,Mg3PCl3
primary,mlp_magpie,loo,25,inner_val,1,Sr3PBr3
primary,mlp_magpie,loo,25,inner_val,1,Ba3SbBr3
primary,mlp_magpie,loo,25,inner_val,1,Ca3SbCl3
primary,mlp_magpie,loo,25,inner_val,1,Ca3SbF3
primary,mlp_magpie,loo,25,inner_val,2,Ba3AsCl3
primary,mlp_magpie,loo,25,inner_val,2,Mg3BiBr3
primary,mlp_magpie,loo,25,inner_val,2,Ba3PBr3
primary,mlp_magpie,loo,25,inner_val,2,Ba3PI3
primary,mlp_magpie,loo,25,inner_val,2,Ca3PCl3
primary,mlp_magpie,loo,25,inner_val,2,Ca3PF3
primary,mlp_magpie,loo,25,inner_val,2,Mg3PCl3
primary,mlp_magpie,loo,25,inner_val,2,Mg3PI3
primary,mlp_magpie,loo,25,inner_val,3,Ca3AsF3
primary,mlp_magpie,loo,25,inner_val,3,Ba3BiBr3
primary,mlp_magpie,loo,25,inner_val,3,Ba3PCl3
primary,mlp_magpie,loo,25,inner_val,3,Sr3PI3
primary,mlp_magpie,loo,25,inner_val,3,Mg3SbCl3
primary,mlp_magpie,loo,25,inner_val,3,Mg3SbF3
primary,mlp_magpie,loo,25,inner_val,3,Mg3SbI3
primary,mlp_magpie,loo,25,inner_val,3,Sr3SbCl3
primary,mlp_magpie,loo,25,inner_val,4,Ca3AsBr3
primary,mlp_magpie,loo,25,inner_val,4,Sr3AsCl3
primary,mlp_magpie,loo,25,inner_val,4,Ca3PBr3
primary,mlp_magpie,loo,25,inner_val,4,Sr3PCl3
primary,mlp_magpie,loo,25,inner_val,4,Sr3PI3
primary,mlp_magpie,loo,25,inner_val,4,Ca3SbCl3
primary,mlp_magpie,loo,25,inner_val,4,Ca3SbF3
primary,mlp_magpie,loo,25,inner_val,4,Mg3SbI3
primary,mlp_magpie,loo,26,test,,Mg3PCl3
primary,mlp_magpie,loo,26,inner_val,0,Ca3AsBr3
primary,mlp_magpie,loo,26,inner_val,0,Sr3AsCl3
primary,mlp_magpie,loo,26,inner_val,0,Mg3BiBr3
primary,mlp_magpie,loo,26,inner_val,0,Mg3PI3
primary,mlp_magpie,loo,26,inner_val,0,Sr3PBr3
primary,mlp_magpie,loo,26,inner_val,0,Ba3SbI3
primary,mlp_magpie,loo,26,inner_val,0,Ca3SbF3
primary,mlp_magpie,loo,26,inner_val,0,Sr3SbCl3
primary,mlp_magpie,loo,26,inner_val,1,Ba3AsCl3
primary,mlp_magpie,loo,26,inner_val,1,Sr3AsCl3
primary,mlp_magpie,loo,26,inner_val,1,Mg3BiBr3
primary,mlp_magpie,loo,26,inner_val,1,Mg3BiI3
primary,mlp_magpie,loo,26,inner_val,1,Ca3PCl3
primary,mlp_magpie,loo,26,inner_val,1,Ba3SbCl3
primary,mlp_magpie,loo,26,inner_val,1,Mg3SbCl3
primary,mlp_magpie,loo,26,inner_val,1,Sr3SbCl3
primary,mlp_magpie,loo,26,inner_val,2,Ca3AsBr3
primary,mlp_magpie,loo,26,inner_val,2,Ba3BiI3
primary,mlp_magpie,loo,26,inner_val,2,Ca3BiI3
primary,mlp_magpie,loo,26,inner_val,2,Ca3PBr3
primary,mlp_magpie,loo,26,inner_val,2,Sr3PBr3
primary,mlp_magpie,loo,26,inner_val,2,Sr3PCl3
primary,mlp_magpie,loo,26,inner_val,2,Ba3SbCl3
primary,mlp_magpie,loo,26,inner_val,2,Sr3SbCl3
primary,mlp_magpie,loo,26,inner_val,3,Ba3AsI3
primary,mlp_magpie,loo,26,inner_val,3,Ca3AsF3
primary,mlp_magpie,loo,26,inner_val,3,Sr3AsCl3
primary,mlp_magpie,loo,26,inner_val,3,Ba3BiBr3
primary,mlp_magpie,loo,26,inner_val,3,Ba3PCl3
primary,mlp_magpie,loo,26,inner_val,3,Ba3PI3
primary,mlp_magpie,loo,26,inner_val,3,Ca3PI3
primary,mlp_magpie,loo,26,inner_val,3,Ba3SbI3
primary,mlp_magpie,loo,26,inner_val,4,Mg3BiBr3
primary,mlp_magpie,loo,26,inner_val,4,Mg3BiI3
primary,mlp_magpie,loo,26,inner_val,4,Ba3PI3
primary,mlp_magpie,loo,26,inner_val,4,Ca3PI3
primary,mlp_magpie,loo,26,inner_val,4,Ba3SbCl3
primary,mlp_magpie,loo,26,inner_val,4,Ca3SbBr3
primary,mlp_magpie,loo,26,inner_val,4,Mg3SbF3
primary,mlp_magpie,loo,26,inner_val,4,Sr3SbCl3
primary,mlp_magpie,loo,27,test,,Mg3PI3
primary,mlp_magpie,loo,27,inner_val,0,Ba3BiBr3
primary,mlp_magpie,loo,27,inner_val,0,Mg3BiI3
primary,mlp_magpie,loo,27,inner_val,0,Ba3PBr3
primary,mlp_magpie,loo,27,inner_val,0,Mg3PBr3
primary,mlp_magpie,loo,27,inner_val,0,Sr3PBr3
primary,mlp_magpie,loo,27,inner_val,0,Ca3SbBr3
primary,mlp_magpie,loo,27,inner_val,0,Ca3SbF3
primary,mlp_magpie,loo,27,inner_val,0,Sr3SbI3
primary,mlp_magpie,loo,27,inner_val,1,Ba3BiBr3
primary,mlp_magpie,loo,27,inner_val,1,Ba3BiCl3
primary,mlp_magpie,loo,27,inner_val,1,Ba3BiI3
primary,mlp_magpie,loo,27,inner_val,1,Ca3PF3
primary,mlp_magpie,loo,27,inner_val,1,Mg3PBr3
primary,mlp_magpie,loo,27,inner_val,1,Mg3PCl3
primary,mlp_magpie,loo,27,inner_val,1,Ca3SbF3
primary,mlp_magpie,loo,27,inner_val,1,Mg3SbI3
primary,mlp_magpie,loo,27,inner_val,2,Ba3AsI3
primary,mlp_magpie,loo,27,inner_val,2,Ba3BiI3
primary,mlp_magpie,loo,27,inner_val,2,Ca3PCl3
primary,mlp_magpie,loo,27,inner_val,2,Mg3PCl3
primary,mlp_magpie,loo,27,inner_val,2,Ba3SbCl3
primary,mlp_magpie,loo,27,inner_val,2,Mg3SbBr3
primary,mlp_magpie,loo,27,inner_val,2,Mg3SbF3
primary,mlp_magpie,loo,27,inner_val,2,Sr3SbCl3
primary,mlp_magpie,loo,27,inner_val,3,Ba3AsBr3
primary,mlp_magpie,loo,27,inner_val,3,Ba3AsI3
primary,mlp_magpie,loo,27,inner_val,3,Ca3AsBr3
primary,mlp_magpie,loo,27,inner_val,3,Ba3PCl3
primary,mlp_magpie,loo,27,inner_val,3,Ca3PCl3
primary,mlp_magpie,loo,27,inner_val,3,Ca3SbBr3
primary,mlp_magpie,loo,27,inner_val,3,Mg3SbBr3
primary,mlp_magpie,loo,27,inner_val,3,Mg3SbI3
primary,mlp_magpie,loo,27,inner_val,4,Ca3AsBr3
primary,mlp_magpie,loo,27,inner_val,4,Ca3AsF3
primary,mlp_magpie,loo,27,inner_val,4,Mg3AsBr3
primary,mlp_magpie,loo,27,inner_val,4,Ca3BiI3
primary,mlp_magpie,loo,27,inner_val,4,Mg3BiBr3
primary,mlp_magpie,loo,27,inner_val,4,Ba3SbI3
primary,mlp_magpie,loo,27,inner_val,4,Mg3SbCl3
primary,mlp_magpie,loo,27,inner_val,4,Mg3SbF3
primary,mlp_magpie,loo,28,test,,Mg3SbBr3
primary,mlp_magpie,loo,28,inner_val,0,Ba3BiCl3
primary,mlp_magpie,loo,28,inner_val,0,Ca3PCl3
primary,mlp_magpie,loo,28,inner_val,0,Ca3PI3
primary,mlp_magpie,loo,28,inner_val,0,Sr3PCl3
primary,mlp_magpie,loo,28,inner_val,0,Sr3PI3
primary,mlp_magpie,loo,28,inner_val,0,Ba3SbCl3
primary,mlp_magpie,loo,28,inner_val,0,Ca3SbCl3
primary,mlp_magpie,loo,28,inner_val,0,Mg3SbCl3
primary,mlp_magpie,loo,28,inner_val,1,Ca3AsF3
primary,mlp_magpie,loo,28,inner_val,1,Sr3AsI3
primary,mlp_magpie,loo,28,inner_val,1,Ba3BiCl3
primary,mlp_magpie,loo,28,inner_val,1,Mg3PI3
primary,mlp_magpie,loo,28,inner_val,1,Ba3SbBr3
primary,mlp_magpie,loo,28,inner_val,1,Ba3SbCl3
primary,mlp_magpie,loo,28,inner_val,1,Mg3SbCl3
primary,mlp_magpie,loo,28,inner_val,1,Sr3SbI3
primary,mlp_magpie,loo,28,inner_val,2,Ba3AsBr3
primary,mlp_magpie,loo,28,inner_val,2,Ba3AsI3
primary,mlp_magpie,loo,28,inner_val,2,Ca3AsF3
primary,mlp_magpie,loo,28,inner_val,2,Ba3BiI3
primary,mlp_magpie,loo,28,inner_val,2,Mg3BiBr3
primary,mlp_magpie,loo,28,inner_val,2,Ba3PCl3
primary,mlp_magpie,loo,28,inner_val,2,Mg3PBr3
primary,mlp_magpie,loo,28,inner_val,2,Ba3SbI3
primary,mlp_magpie,loo,28,inner_val,3,Ba3AsCl3
primary,mlp_magpie,loo,28,inner_val,3,Mg3AsBr3
primary,mlp_magpie,loo,28,inner_val,3,Ba3PI3
primary,mlp_magpie,loo,28,inner_val,3,Ca3PI3
primary,mlp_magpie,loo,28,inner_val,3,Ba3SbCl3
primary,mlp_magpie,loo,28,inner_val,3,Ba3SbI3
primary,mlp_magpie,loo,28,inner_val,3,Ca3SbF3
primary,mlp_magpie,loo,28,inner_val,3,Sr3SbCl3
primary,mlp_magpie,loo,28,inner_val,4,Ca3AsF3
primary,mlp_magpie,loo,28,inner_val,4,Ba3BiI3
primary,mlp_magpie,loo,28,inner_val,4,Ca3PBr3
primary,mlp_magpie,loo,28,inner_val,4,Mg3PI3
primary,mlp_magpie,loo,28,inner_val,4,Sr3PBr3
primary,mlp_magpie,loo,28,inner_val,4,Ba3SbCl3
primary,mlp_magpie,loo,28,inner_val,4,Ca3SbCl3
primary,mlp_magpie,loo,28,inner_val,4,Sr3SbI3
primary,mlp_magpie,loo,29,test,,Mg3SbCl3
primary,mlp_magpie,loo,29,inner_val,0,Ba3AsBr3
primary,mlp_magpie,loo,29,inner_val,0,Mg3AsBr3
primary,mlp_magpie,loo,29,inner_val,0,Ba3BiI3
primary,mlp_magpie,loo,29,inner_val,0,Mg3BiBr3
primary,mlp_magpie,loo,29,inner_val,0,Mg3PCl3
primary,mlp_magpie,loo,29,inner_val,0,Sr3PBr3
primary,mlp_magpie,loo,29,inner_val,0,Sr3PCl3
primary,mlp_magpie,loo,29,inner_val,0,Ba3SbCl3
primary,mlp_magpie,loo,29,inner_val,1,Ca3AsBr3
primary,mlp_magpie,loo,29,inner_val,1,Mg3AsBr3
primary,mlp_magpie,loo,29,inner_val,1,Ca3BiI3
primary,mlp_magpie,loo,29,inner_val,1,Ca3PCl3
primary,mlp_magpie,loo,29,inner_val,1,Ca3PI3
primary,mlp_magpie,loo,29,inner_val,1,Sr3PI3
primary,mlp_magpie,loo,29,inner_val,1,Ba3SbI3
primary,mlp_magpie,loo,29,inner_val,1,Ca3SbF3
primary,mlp_magpie,loo,29,inner_val,2,Ba3AsI3
primary,mlp_magpie,loo,29,inner_val,2,Ca3AsF3
primary,mlp_magpie,loo,29,inner_val,2,Mg3AsBr3
primary,mlp_magpie,loo,29,inner_val,2,Ba3PI3
primary,mlp_magpie,loo,29,inner_val,2,Ca3PBr3
primary,mlp_magpie,loo,29,inner_val,2,Ca3PI3
primary,mlp_magpie,loo,29,inner_val,2,Ba3SbCl3
primary,mlp_magpie,loo,29,inner_val,2,Sr3SbI3
primary,mlp_magpie,loo,29,inner_val,3,Ca3AsF3
primary,mlp_magpie,loo,29,inner_val,3,Sr3AsCl3
primary,mlp_magpie,loo,29,inner_val,3,Ba3BiCl3
primary,mlp_magpie,loo,29,inner_val,3,Ca3PI3
primary,mlp_magpie,loo,29,inner_val,3,Mg3PBr3
primary,mlp_magpie,loo,29,inner_val,3,Mg3PCl3
primary,mlp_magpie,loo,29,inner_val,3,Mg3PI3
primary,mlp_magpie,loo,29,inner_val,3,Ca3SbCl3
primary,mlp_magpie,loo,29,inner_val,4,Ca3AsF3
primary,mlp_magpie,loo,29,inner_val,4,Sr3AsI3
primary,mlp_magpie,loo,29,inner_val,4,Ca3BiI3
primary,mlp_magpie,loo,29,inner_val,4,Ca3PBr3
primary,mlp_magpie,loo,29,inner_val,4,Sr3PCl3
primary,mlp_magpie,loo,29,inner_val,4,Ba3SbCl3
primary,mlp_magpie,loo,29,inner_val,4,Mg3SbBr3
primary,mlp_magpie,loo,29,inner_val,4,Mg3SbI3
primary,mlp_magpie,loo,30,test,,Mg3SbF3
primary,mlp_magpie,loo,30,inner_val,0,Ba3BiCl3
primary,mlp_magpie,loo,30,inner_val,0,Ca3BiI3
primary,mlp_magpie,loo,30,inner_val,0,Ba3PBr3
primary,mlp_magpie,loo,30,inner_val,0,Ca3PCl3
primary,mlp_magpie,loo,30,inner_val,0,Ca3PI3
primary,mlp_magpie,loo,30,inner_val,0,Mg3PCl3
primary,mlp_magpie,loo,30,inner_val,0,Sr3PCl3
primary,mlp_magpie,loo,30,inner_val,0,Ca3SbBr3
primary,mlp_magpie,loo,30,inner_val,1,Ba3AsBr3
primary,mlp_magpie,loo,30,inner_val,1,Sr3AsCl3
primary,mlp_magpie,loo,30,inner_val,1,Ca3BiI3
primary,mlp_magpie,loo,30,inner_val,1,Ca3PCl3
primary,mlp_magpie,loo,30,inner_val,1,Mg3PBr3
primary,mlp_magpie,loo,30,inner_val,1,Ba3SbI3
primary,mlp_magpie,loo,30,inner_val,1,Ca3SbCl3
primary,mlp_magpie,loo,30,inner_val,1,Mg3SbBr3
primary,mlp_magpie,loo,30,inner_val,2,Ba3AsBr3
primary,mlp_magpie,loo,30,inner_val,2,Mg3AsBr3
primary,mlp_magpie,loo,30,inner_val,2,Sr3AsI3
primary,mlp_magpie,loo,30,inner_val,2,Ba3BiBr3
primary,mlp_magpie,loo,30,inner_val,2,Ba3BiCl3
primary,mlp_magpie,loo,30,inner_val,2,Ba3SbBr3
primary,mlp_magpie,loo,30,inner_val,2,Ba3SbI3
primary,mlp_magpie,loo,30,inner_val,2,Sr3SbCl3
primary,mlp_magpie,loo,30,inner_val,3,Ba3AsI3
primary,mlp_magpie,loo,30,inner_val,3,Sr3AsCl3
primary,mlp_magpie,loo,30,inner_val,3,Ba3BiCl3
primary,mlp_magpie,loo,30,inner_val,3,Mg3PI3
primary,mlp_magpie,loo,30,inner_val,3,Ba3SbCl3
primary,mlp_magpie,loo,30,inner_val,3,Ca3SbBr3
primary,mlp_magpie,loo,30,inner_val,3,Mg3SbCl3
primary,mlp_magpie,loo,30,inner_val,3,Sr3SbI3
primary,mlp_magpie,loo,30,inner_val,4,Ba3AsI3
primary,mlp_magpie,loo,30,inner_val,4,Mg3AsBr3
primary,mlp_magpie,loo,30,inner_val,4,Sr3AsCl3
primary,mlp_magpie,loo,30,inner_val,4,Ca3PBr3
primary,mlp_magpie,loo,30,inner_val,4,Ba3SbBr3
primary,mlp_magpie,loo,30,inner_val,4,Ca3SbF3
primary,mlp_magpie,loo,30,inner_val,4,Mg3SbCl3
primary,mlp_magpie,loo,30,inner_val,4,Mg3SbI3
primary,mlp_magpie,loo,31,test,,Mg3SbI3
primary,mlp_magpie,loo,31,inner_val,0,Ca3BiI3
primary,mlp_magpie,loo,31,inner_val,0,Mg3BiI3
primary,mlp_magpie,loo,31,inner_val,0,Ba3PBr3
primary,mlp_magpie,loo,31,inner_val,0,Ca3PI3
primary,mlp_magpie,loo,31,inner_val,0,Ba3SbCl3
primary,mlp_magpie,loo,31,inner_val,0,Ba3SbI3
primary,mlp_magpie,loo,31,inner_val,0,Ca3SbCl3
primary,mlp_magpie,loo,31,inner_val,0,Mg3SbF3
primary,mlp_magpie,loo,31,inner_val,1,Ba3AsBr3
primary,mlp_magpie,loo,31,inner_val,1,Ba3AsI3
primary,mlp_magpie,loo,31,inner_val,1,Ba3BiCl3
primary,mlp_magpie,loo,31,inner_val,1,Ba3PI3
primary,mlp_magpie,loo,31,inner_val,1,Ca3PI3
primary,mlp_magpie,loo,31,inner_val,1,Mg3PCl3
primary,mlp_magpie,loo,31,inner_val,1,Sr3PI3
primary,mlp_magpie,loo,31,inner_val,1,Mg3SbCl3
primary,mlp_magpie,loo,31,inner_val,2,Ca3AsBr3
primary,mlp_magpie,loo,31,inner_val,2,Sr3AsI3
primary,mlp_magpie,loo,31,inner_val,2,Ba3BiBr3
primary,mlp_magpie,loo,31,inner_val,2,Ba3BiI3
primary,mlp_magpie,loo,31,inner_val,2,Mg3BiBr3
primary,mlp_magpie,loo,31,inner_val,2,Mg3PI3
primary,mlp_magpie,loo,31,inner_val,2,Sr3PI3
primary,mlp_magpie,loo,31,inner_val,2,Ca3SbBr3
primary,mlp_magpie,loo,31,inner_val,3,Ba3AsBr3
primary,mlp_magpie,loo,31,inner_val,3,Ca3AsBr3
primary,mlp_magpie,loo,31,inner_val,3,Ca3AsF3
primary,mlp_magpie,loo,31,inner_val,3,Mg3BiBr3
primary,mlp_magpie,loo,31,inner_val,3,Ba3PCl3
primary,mlp_magpie,loo,31,inner_val,3,Ca3PBr3
primary,mlp_magpie,loo,31,inner_val,3,Mg3SbF3
primary,mlp_magpie,loo,31,inner_val,3,Sr3SbCl3
primary,mlp_magpie,loo,31,inner_val,4,Ba3AsBr3
primary,mlp_magpie,loo,31,inner_val,4,Ba3BiBr3
primary,mlp_magpie,loo,31,inner_val,4,Ba3BiI3
primary,mlp_magpie,loo,31,inner_val,4,Mg3BiBr3
primary,mlp_magpie,loo,31,inner_val,4,Mg3BiI3
primary,mlp_magpie,loo,31,inner_val,4,Ca3PBr3
primary,mlp_magpie,loo,31,inner_val,4,Ca3PI3
primary,mlp_magpie,loo,31,inner_val,4,Ba3SbI3
primary,mlp_magpie,loo,32,test,,Sr3AsCl3
primary,mlp_magpie,loo,32,inner_val,0,Ba3AsBr3
primary,mlp_magpie,loo,32,inner_val,0,Ba3AsI3
primary,mlp_magpie,loo,32,inner_val,0,Ba3BiBr3
primary,mlp_magpie,loo,32,inner_val,0,Ca3BiI3
primary,mlp_magpie,loo,32,inner_val,0,Mg3BiI3
primary,mlp_magpie,loo,32,inner_val,0,Ca3PCl3
primary,mlp_magpie,loo,32,inner_val,0,Sr3PI3
primary,mlp_magpie,loo,32,inner_val,0,Mg3SbCl3
primary,mlp_magpie,loo,32,inner_val,1,Mg3AsBr3
primary,mlp_magpie,loo,32,inner_val,1,Ba3BiBr3
primary,mlp_magpie,loo,32,inner_val,1,Ba3BiI3
primary,mlp_magpie,loo,32,inner_val,1,Mg3PCl3
primary,mlp_magpie,loo,32,inner_val,1,Ca3SbBr3
primary,mlp_magpie,loo,32,inner_val,1,Mg3SbCl3
primary,mlp_magpie,loo,32,inner_val,1,Mg3SbF3
primary,mlp_magpie,loo,32,inner_val,1,Mg3SbI3
primary,mlp_magpie,loo,32,inner_val,2,Ba3AsCl3
primary,mlp_magpie,loo,32,inner_val,2,Mg3AsBr3
primary,mlp_magpie,loo,32,inner_val,2,Ba3BiBr3
primary,mlp_magpie,loo,32,inner_val,2,Ba3BiCl3
primary,mlp_magpie,loo,32,inner_val,2,Mg3BiI3
primary,mlp_magpie,loo,32,inner_val,2,Mg3PCl3
primary,mlp_magpie,loo,32,inner_val,2,Ca3SbF3
primary,mlp_magpie,loo,32,inner_val,2,Mg3SbCl3
primary,mlp_magpie,loo,32,inner_val,3,Ba3AsBr3
primary,mlp_magpie,loo,32,inner_val,3,Ba3BiCl3
primary,mlp_magpie,loo,32,inner_val,3,Mg3PBr3
primary,mlp_magpie,loo,32,inner_val,3,Mg3PCl3
primary,mlp_magpie,loo,32,inner_val,3,Sr3PBr3
primary,mlp_magpie,loo,32,inner_val,3,Ba3SbBr3
primary,mlp_magpie,loo,32,inner_val,3,Mg3SbBr3
primary,mlp_magpie,loo,32,inner_val,3,Mg3SbCl3
primary,mlp_magpie,loo,32,inner_val,4,Ba3AsBr3
primary,mlp_magpie,loo,32,inner_val,4,Ba3BiBr3
primary,mlp_magpie,loo,32,inner_val,4,Ca3PBr3
primary,mlp_magpie,loo,32,inner_val,4,Mg3PBr3
primary,mlp_magpie,loo,32,inner_val,4,Ba3SbBr3
primary,mlp_magpie,loo,32,inner_val,4,Mg3SbCl3
primary,mlp_magpie,loo,32,inner_val,4,Sr3SbCl3
primary,mlp_magpie,loo,32,inner_val,4,Sr3SbI3
primary,mlp_magpie,loo,33,test,,Sr3AsI3
primary,mlp_magpie,loo,33,inner_val,0,Ca3AsBr3
primary,mlp_magpie,loo,33,inner_val,0,Ca3AsF3
primary,mlp_magpie,loo,33,inner_val,0,Mg3AsBr3
primary,mlp_magpie,loo,33,inner_val,0,Ba3BiBr3
primary,mlp_magpie,loo,33,inner_val,0,Ba3PBr3
primary,mlp_magpie,loo,33,inner_val,0,Ca3PBr3
primary,mlp_magpie,loo,33,inner_val,0,Ca3PF3
primary,mlp_magpie,loo,33,inner_val,0,Sr3PI3
primary,mlp_magpie,loo,33,inner_val,1,Ba3AsBr3
primary,mlp_magpie,loo,33,inner_val,1,Ba3AsCl3
primary,mlp_magpie,loo,33,inner_val,1,Ba3AsI3
primary,mlp_magpie,loo,33,inner_val,1,Mg3AsBr3
primary,mlp_magpie,loo,33,inner_val,1,Ba3BiCl3
primary,mlp_magpie,loo,33,inner_val,1,Mg3BiI3
primary,mlp_magpie,loo,33,inner_val,1,Sr3PBr3
primary,mlp_magpie,loo,33,inner_val,1,Ca3SbBr3
primary,mlp_magpie,loo,33,inner_val,2,Ba3AsI3
primary,mlp_magpie,loo,33,inner_val,2,Mg3AsBr3
primary,mlp_magpie,loo,33,inner_val,2,Ba3BiCl3
primary,mlp_magpie,loo,33,inner_val,2,Ba3PCl3
primary,mlp_magpie,loo,33,inner_val,2,Ca3PCl3
primary,mlp_magpie,loo,33,inner_val,2,Ca3PF3
primary,mlp_magpie,loo,33,inner_val,2,Mg3PBr3
primary,mlp_magpie,loo,33,inner_val,2,Mg3PI3
primary,mlp_magpie,loo,33,inner_val,3,Mg3AsBr3
primary,mlp_magpie,loo,33,inner_val,3,Ba3BiBr3
primary,mlp_magpie,loo,33,inner_val,3,Ba3BiI3
primary,mlp_magpie,loo,33,inner_val,3,Mg3PBr3
primary,mlp_magpie,loo,33,inner_val,3,Mg3PI3
primary,mlp_magpie,loo,33,inner_val,3,Ba3SbBr3
primary,mlp_magpie,loo,33,inner_val,3,Ba3SbCl3
primary,mlp_magpie,loo,33,inner_val,3,Ca3SbF3
primary,mlp_magpie,loo,33,inner_val,4,Ba3AsCl3
primary,mlp_magpie,loo,33,inner_val,4,Ca3AsBr3
primary,mlp_magpie,loo,33,inner_val,4,Ca3BiI3
primary,mlp_magpie,loo,33,inner_val,4,Ba3SbBr3
primary,mlp_magpie,loo,33,inner_val,4,Ba3SbCl3
primary,mlp_magpie,loo,33,inner_val,4,Ca3SbBr3
primary,mlp_magpie,loo,33,inner_val,4,Mg3SbBr3
primary,mlp_magpie,loo,33,inner_val,4,Sr3SbI3
primary,mlp_magpie,loo,34,test,,Sr3PBr3
primary,mlp_magpie,loo,34,inner_val,0,Ca3AsBr3
primary,mlp_magpie,loo,34,inner_val,0,Ca3AsF3
primary,mlp_magpie,loo,34,inner_val,0,Ca3BiI3
primary,mlp_magpie,loo,34,inner_val,0,Ca3PI3
primary,mlp_magpie,loo,34,inner_val,0,Mg3PI3
primary,mlp_magpie,loo,34,inner_val,0,Ba3SbCl3
primary,mlp_magpie,loo,34,inner_val,0,Ca3SbBr3
primary,mlp_magpie,loo,34,inner_val,0,Sr3SbCl3
primary,mlp_magpie,loo,34,inner_val,1,Ba3AsBr3
primary,mlp_magpie,loo,34,inner_val,1,Ba3BiCl3
primary,mlp_magpie,loo,34,inner_val,1,Ba3PCl3
primary,mlp_magpie,loo,34,inner_val,1,Sr3PI3
primary,mlp_magpie,loo,34,inner_val,1,Ca3SbBr3
primary,mlp_magpie,loo,34,inner_val,1,Ca3SbCl3
primary,mlp_magpie,loo,34,inner_val,1,Ca3SbF3
primary,mlp_magpie,loo,34,inner_val,1,Sr3SbI3
primary,mlp_magpie,loo,34,inner_val,2,Ba3BiI3
primary,mlp_magpie,loo,34,inner_val,2,Ba3PBr3
primary,mlp_magpie,loo,34,inner_val,2,Ba3PCl3
primary,mlp_magpie,loo,34,inner_val,2,Ca3PF3
primary,mlp_magpie,loo,34,inner_val,2,Mg3PBr3
primary,mlp_magpie,loo,34,inner_val,2,Ca3SbF3
primary,mlp_magpie,loo,34,inner_val,2,Sr3SbCl3
primary,mlp_magpie,loo,34,inner_val,2,Sr3SbI3
primary,mlp_magpie,loo,34,inner_val,3,Ca3AsBr3
primary,mlp_magpie,loo,34,inner_val,3,Ba3BiBr3
primary,mlp_magpie,loo,34,inner_val,3,Ba3PBr3
primary,mlp_magpie,loo,34,inner_val,3,Ba3PCl3
primary,mlp_magpie,loo,34,inner_val,3,Ca3PBr3
primary,mlp_magpie,loo,34,inner_val,3,Ca3PI3
primary,mlp_magpie,loo,34,inner_val,3,Mg3PBr3
primary,mlp_magpie,loo,34,inner_val,3,Mg3SbBr3
primary,mlp_magpie,loo,34,inner_val,4,Ba3AsCl3
primary,mlp_magpie,loo,34,inner_val,4,Ca3AsF3
primary,mlp_magpie,loo,34,inner_val,4,Mg3BiI3
primary,mlp_magpie,loo,34,inner_val,4,Ba3PBr3
primary,mlp_magpie,loo,34,inner_val,4,Mg3PBr3
primary,mlp_magpie,loo,34,inner_val,4,Sr3PI3
primary,mlp_magpie,loo,34,inner_val,4,Ba3SbI3
primary,mlp_magpie,loo,34,inner_val,4,Ca3SbCl3
primary,mlp_magpie,loo,35,test,,Sr3PCl3
primary,mlp_magpie,loo,35,inner_val,0,Mg3AsBr3
primary,mlp_magpie,loo,35,inner_val,0,Sr3AsCl3
primary,mlp_magpie,loo,35,inner_val,0,Sr3AsI3
primary,mlp_magpie,loo,35,inner_val,0,Ba3BiI3
primary,mlp_magpie,loo,35,inner_val,0,Ba3PI3
primary,mlp_magpie,loo,35,inner_val,0,Ca3PCl3
primary,mlp_magpie,loo,35,inner_val,0,Ba3SbBr3
primary,mlp_magpie,loo,35,inner_val,0,Mg3SbBr3
primary,mlp_magpie,loo,35,inner_val,1,Ba3AsBr3
primary,mlp_magpie,loo,35,inner_val,1,Ba3AsI3
primary,mlp_magpie,loo,35,inner_val,1,Ca3AsBr3
primary,mlp_magpie,loo,35,inner_val,1,Sr3AsI3
primary,mlp_magpie,loo,35,inner_val,1,Ba3BiI3
primary,mlp_magpie,loo,35,inner_val,1,Mg3BiI3
primary,mlp_magpie,loo,35,inner_val,1,Ca3PCl3
primary,mlp_magpie,loo,35,inner_val,1,Ca3PI3
primary,mlp_magpie,loo,35,inner_val,2,Ba3AsCl3
primary,mlp_magpie,loo,35,inner_val,2,Ba3PBr3
primary,mlp_magpie,loo,35,inner_val,2,Ba3PCl3
primary,mlp_magpie,loo,35,inner_val,2,Ca3PBr3
primary,mlp_magpie,loo,35,inner_val,2,Ca3PF3
primary,mlp_magpie,loo,35,inner_val,2,Sr3PI3
primary,mlp_magpie,loo,35,inner_val,2,Ba3SbBr3
primary,mlp_magpie,loo,35,inner_val,2,Ca3SbBr3
primary,mlp_magpie,loo,35,inner_val,3,Mg3AsBr3
primary,mlp_magpie,loo,35,inner_val,3,Sr3AsI3
primary,mlp_magpie,loo,35,inner_val,3,Mg3PBr3
primary,mlp_magpie,loo,35,inner_val,3,Ca3SbBr3
primary,mlp_magpie,loo,35,inner_val,3,Ca3SbCl3
primary,mlp_magpie,loo,35,inner_val,3,Ca3SbF3
primary,mlp_magpie,loo,35,inner_val,3,Mg3SbF3
primary,mlp_magpie,loo,35,inner_val,3,Sr3SbCl3
primary,mlp_magpie,loo,35,inner_val,4,Sr3AsCl3
primary,mlp_magpie,loo,35,inner_val,4,Ba3BiCl3
primary,mlp_magpie,loo,35,inner_val,4,Mg3PBr3
primary,mlp_magpie,loo,35,inner_val,4,Ba3SbBr3
primary,mlp_magpie,loo,35,inner_val,4,Ba3SbCl3
primary,mlp_magpie,loo,35,inner_val,4,Ca3SbF3
primary,mlp_magpie,loo,35,inner_val,4,Mg3SbBr3
primary,mlp_magpie,loo,35,inner_val,4,Mg3SbCl3
primary,mlp_magpie,loo,36,test,,Sr3PI3
primary,mlp_magpie,loo,36,inner_val,0,Ba3AsI3
primary,mlp_magpie,loo,36,inner_val,0,Ca3AsF3
primary,mlp_magpie,loo,36,inner_val,0,Sr3AsI3
primary,mlp_magpie,loo,36,inner_val,0,Ba3BiI3
primary,mlp_magpie,loo,36,inner_val,0,Mg3PI3
primary,mlp_magpie,loo,36,inner_val,0,Ba3SbCl3
primary,mlp_magpie,loo,36,inner_val,0,Ca3SbCl3
primary,mlp_magpie,loo,36,inner_val,0,Mg3SbI3
primary,mlp_magpie,loo,36,inner_val,1,Ca3AsBr3
primary,mlp_magpie,loo,36,inner_val,1,Sr3AsCl3
primary,mlp_magpie,loo,36,inner_val,1,Ba3BiI3
primary,mlp_magpie,loo,36,inner_val,1,Mg3BiI3
primary,mlp_magpie,loo,36,inner_val,1,Ba3PI3
primary,mlp_magpie,loo,36,inner_val,1,Ca3PI3
primary,mlp_magpie,loo,36,inner_val,1,Ca3SbCl3
primary,mlp_magpie,loo,36,inner_val,1,Mg3SbCl3
primary,mlp_magpie,loo,36,inner_val,2,Sr3AsCl3
primary,mlp_magpie,loo,36,inner_val,2,Sr3AsI3
primary,mlp_magpie,loo,36,inner_val,2,Ba3PCl3
primary,mlp_magpie,loo,36,inner_val,2,Ca3PI3
primary,mlp_magpie,loo,36,inner_val,2,Sr3PBr3
primary,mlp_magpie,loo,36,inner_val,2,Ba3SbBr3
primary,mlp_magpie,loo,36,inner_val,2,Ca3SbCl3
primary,mlp_magpie,loo,36,inner_val,2,Mg3SbF3
primary,mlp_magpie,loo,36,inner_val,3,Ba3AsI3
primary,mlp_magpie,loo,36,inner_val,3,Ca3AsBr3
primary,mlp_magpie,loo,36,inner_val,3,Ba3BiI3
primary,mlp_magpie,loo,36,inner_val,3,Mg3BiI3
primary,mlp_magpie,loo,36,inner_val,3,Mg3PBr3
primary,mlp_magpie,loo,36,inner_val,3,Ba3SbI3
primary,mlp_magpie,loo,36,inner_val,3,Ca3SbF3
primary,mlp_magpie,loo,36,inner_val,3,Mg3SbBr3
primary,mlp_magpie,loo,36,inner_val,4,Ba3AsI3
primary,mlp_magpie,loo,36,inner_val,4,Ca3AsF3
primary,mlp_magpie,loo,36,inner_val,4,Ba3PCl3
primary,mlp_magpie,loo,36,inner_val,4,Ca3PI3
primary,mlp_magpie,loo,36,inner_val,4,Ba3SbBr3
primary,mlp_magpie,loo,36,inner_val,4,Ca3SbBr3
primary,mlp_magpie,loo,36,inner_val,4,Mg3SbI3
primary,mlp_magpie,loo,36,inner_val,4,Sr3SbI3
primary,mlp_magpie,loo,37,test,,Sr3SbCl3
primary,mlp_magpie,loo,37,inner_val,0,Ba3AsBr3
primary,mlp_magpie,loo,37,inner_val,0,Ba3AsI3
primary,mlp_magpie,loo,37,inner_val,0,Ba3BiBr3
primary,mlp_magpie,loo,37,inner_val,0,Ba3PCl3
primary,mlp_magpie,loo,37,inner_val,0,Sr3PBr3
primary,mlp_magpie,loo,37,inner_val,0,Ba3SbCl3
primary,mlp_magpie,loo,37,inner_val,0,Mg3SbI3
primary,mlp_magpie,loo,37,inner_val,0,Sr3SbI3
primary,mlp_magpie,loo,37,inner_val,1,Ba3AsBr3
primary,mlp_magpie,loo,37,inner_val,1,Ba3AsI3
primary,mlp_magpie,loo,37,inner_val,1,Ba3PI3
primary,mlp_magpie,loo,37,inner_val,1,Ca3PBr3
primary,mlp_magpie,loo,37,inner_val,1,Ca3PCl3
primary,mlp_magpie,loo,37,inner_val,1,Ca3SbBr3
primary,mlp_magpie,loo,37,inner_val,1,Ca3SbCl3
primary,mlp_magpie,loo,37,inner_val,1,Mg3SbBr3
primary,mlp_magpie,loo,37,inner_val,2,Ba3BiBr3
primary,mlp_magpie,loo,37,inner_val,2,Ba3PBr3
primary,mlp_magpie,loo,37,inner_val,2,Mg3PBr3
primary,mlp_magpie,loo,37,inner_val,2,Mg3PCl3
primary,mlp_magpie,loo,37,inner_val,2,Ca3SbBr3
primary,mlp_magpie,loo,37,inner_val,2,Mg3SbF3
primary,mlp_magpie,loo,37,inner_val,2,Mg3SbI3
primary,mlp_magpie,loo,37,inner_val,2,Sr3SbI3
primary,mlp_magpie,loo,37,inner_val,3,Sr3AsI3
primary,mlp_magpie,loo,37,inner_val,3,Ba3BiI3
primary,mlp_magpie,loo,37,inner_val,3,Mg3BiI3
primary,mlp_magpie,loo,37,inner_val,3,Ba3PI3
primary,mlp_magpie,loo,37,inner_val,3,Mg3PCl3
primary,mlp_magpie,loo,37,inner_val,3,Mg3PI3
primary,mlp_magpie,loo,37,inner_val,3,Sr3PI3
primary,mlp_magpie,loo,37,inner_val,3,Ca3SbCl3
primary,mlp_magpie,loo,37,inner_val,4,Ca3AsF3
primary,mlp_magpie,loo,37,inner_val,4,Ba3BiI3
primary,mlp_magpie,loo,37,inner_val,4,Mg3BiI3
primary,mlp_magpie,loo,37,inner_val,4,Ca3PCl3
primary,mlp_magpie,loo,37,inner_val,4,Mg3PBr3
primary,mlp_magpie,loo,37,inner_val,4,Mg3PI3
primary,mlp_magpie,loo,37,inner_val,4,Sr3PBr3
primary,mlp_magpie,loo,37,inner_val,4,Ba3SbI3
primary,mlp_magpie,loo,38,test,,Sr3SbI3
primary,mlp_magpie,loo,38,inner_val,0,Ba3AsCl3
primary,mlp_magpie,loo,38,inner_val,0,Mg3AsBr3
primary,mlp_magpie,loo,38,inner_val,0,Ba3BiI3
primary,mlp_magpie,loo,38,inner_val,0,Ca3PCl3
primary,mlp_magpie,loo,38,inner_val,0,Mg3PI3
primary,mlp_magpie,loo,38,inner_val,0,Sr3PCl3
primary,mlp_magpie,loo,38,inner_val,0,Ba3SbI3
primary,mlp_magpie,loo,38,inner_val,0,Ca3SbCl3
primary,mlp_magpie,loo,38,inner_val,1,Ca3AsBr3
primary,mlp_magpie,loo,38,inner_val,1,Mg3AsBr3
primary,mlp_magpie,loo,38,inner_val,1,Mg3BiI3
primary,mlp_magpie,loo,38,inner_val,1,Ca3PBr3
primary,mlp_magpie,loo,38,inner_val,1,Mg3PBr3
primary,mlp_magpie,loo,38,inner_val,1,Ca3SbCl3
primary,mlp_magpie,loo,38,inner_val,1,Mg3SbF3
primary,mlp_magpie,loo,38,inner_val,1,Mg3SbI3
primary,mlp_magpie,loo,38,inner_val,2,Ba3AsCl3
primary,mlp_magpie,loo,38,inner_val,2,Ba3AsI3
primary,mlp_magpie,loo,38,inner_val,2,Ba3BiBr3
primary,mlp_magpie,loo,38,inner_val,2,Ca3PF3
primary,mlp_magpie,loo,38,inner_val,2,Mg3PI3
primary,mlp_magpie,loo,38,inner_val,2,Sr3PBr3
primary,mlp_magpie,loo,38,inner_val,2,Ba3SbI3
primary,mlp_magpie,loo,38,inner_val,2,Mg3SbF3
primary,mlp_magpie,loo,38,inner_val,3,Ca3AsF3
primary,mlp_magpie,loo,38,inner_val,3,Ba3BiI3
primary,mlp_magpie,loo,38,inner_val,3,Ca3BiI3
primary,mlp_magpie,loo,38,inner_val,3,Mg3BiBr3
primary,mlp_magpie,loo,38,inner_val,3,Mg3PBr3
primary,mlp_magpie,loo,38,inner_val,3,Mg3PCl3
primary,mlp_magpie,loo,38,inner_val,3,Mg3SbBr3
primary,mlp_magpie,loo,38,inner_val,3,Sr3SbCl3
primary,mlp_magpie,loo,38,inner_val,4,Ba3BiBr3
primary,mlp_magpie,loo,38,inner_val,4,Mg3BiBr3
primary,mlp_magpie,loo,38,inner_val,4,Ba3PBr3
primary,mlp_magpie,loo,38,inner_val,4,Ca3PBr3
primary,mlp_magpie,loo,38,inner_val,4,Mg3PBr3
primary,mlp_magpie,loo,38,inner_val,4,Mg3PI3
primary,mlp_magpie,loo,38,inner_val,4,Ca3SbCl3
primary,mlp_magpie,loo,38,inner_val,4,Mg3SbF3
verified_only,mlp_physics9,lobo,0,test,,Ba3AsCl3
verified_only,mlp_physics9,lobo,0,test,,Ba3AsI3
verified_only,mlp_physics9,lobo,0,test,,Ca3AsBr3
verified_only,mlp_physics9,lobo,0,test,,Ca3AsF3
verified_only,mlp_physics9,lobo,0,test,,Mg3AsBr3
verified_only,mlp_physics9,lobo,0,test,,Sr3AsCl3
verified_only,mlp_physics9,lobo,0,test,,Sr3AsI3
verified_only,mlp_physics9,lobo,0,inner_val,0,Mg3PI3
verified_only,mlp_physics9,lobo,0,inner_val,0,Sr3PBr3
verified_only,mlp_physics9,lobo,0,inner_val,0,Sr3PCl3
verified_only,mlp_physics9,lobo,0,inner_val,0,Ca3SbCl3
verified_only,mlp_physics9,lobo,0,inner_val,0,Mg3SbI3
verified_only,mlp_physics9,lobo,0,inner_val,1,Ca3PBr3
verified_only,mlp_physics9,lobo,0,inner_val,1,Ba3SbBr3
verified_only,mlp_physics9,lobo,0,inner_val,1,Ba3SbI3
verified_only,mlp_physics9,lobo,0,inner_val,1,Mg3SbF3
verified_only,mlp_physics9,lobo,0,inner_val,1,Sr3SbCl3
verified_only,mlp_physics9,lobo,0,inner_val,2,Mg3PI3
verified_only,mlp_physics9,lobo,0,inner_val,2,Sr3PBr3
verified_only,mlp_physics9,lobo,0,inner_val,2,Sr3PCl3
verified_only,mlp_physics9,lobo,0,inner_val,2,Ca3SbBr3
verified_only,mlp_physics9,lobo,0,inner_val,2,Mg3SbF3
verified_only,mlp_physics9,lobo,0,inner_val,3,Sr3PI3
verified_only,mlp_physics9,lobo,0,inner_val,3,Ba3SbBr3
verified_only,mlp_physics9,lobo,0,inner_val,3,Mg3SbF3
verified_only,mlp_physics9,lobo,0,inner_val,3,Mg3SbI3
verified_only,mlp_physics9,lobo,0,inner_val,3,Sr3SbCl3
verified_only,mlp_physics9,lobo,0,inner_val,4,Ca3PBr3
verified_only,mlp_physics9,lobo,0,inner_val,4,Ca3PI3
verified_only,mlp_physics9,lobo,0,inner_val,4,Mg3PCl3
verified_only,mlp_physics9,lobo,0,inner_val,4,Sr3PI3
verified_only,mlp_physics9,lobo,0,inner_val,4,Sr3SbI3
verified_only,mlp_physics9,lobo,1,test,,Ca3BiI3
verified_only,mlp_physics9,lobo,1,test,,Mg3BiBr3
verified_only,mlp_physics9,lobo,1,test,,Mg3BiI3
verified_only,mlp_physics9,lobo,1,inner_val,0,Ba3AsCl3
verified_only,mlp_physics9,lobo,1,inner_val,0,Ca3AsBr3
verified_only,mlp_physics9,lobo,1,inner_val,0,Ca3AsF3
verified_only,mlp_physics9,lobo,1,inner_val,0,Mg3SbBr3
verified_only,mlp_physics9,lobo,1,inner_val,0,Mg3SbI3
verified_only,mlp_physics9,lobo,1,inner_val,0,Sr3SbI3
verified_only,mlp_physics9,lobo,1,inner_val,1,Mg3PI3
verified_only,mlp_physics9,lobo,1,inner_val,1,Sr3PBr3
verified_only,mlp_physics9,lobo,1,inner_val,1,Ba3SbI3
verified_only,mlp_physics9,lobo,1,inner_val,1,Mg3SbCl3
verified_only,mlp_physics9,lobo,1,inner_val,1,Mg3SbF3
verified_only,mlp_physics9,lobo,1,inner_val,1,Sr3SbCl3
verified_only,mlp_physics9,lobo,1,inner_val,2,Ca3AsBr3
verified_only,mlp_physics9,lobo,1,inner_val,2,Mg3PI3
verified_only,mlp_physics9,lobo,1,inner_val,2,Sr3PCl3
verified_only,mlp_physics9,lobo,1,inner_val,2,Ba3SbBr3
verified_only,mlp_physics9,lobo,1,inner_val,2,Mg3SbBr3
verified_only,mlp_physics9,lobo,1,inner_val,2,Mg3SbI3
verified_only,mlp_physics9,lobo,1,inner_val,3,Sr3AsCl3
verified_only,mlp_physics9,lobo,1,inner_val,3,Ca3PBr3
verified_only,mlp_physics9,lobo,1,inner_val,3,Ca3SbCl3
verified_only,mlp_physics9,lobo,1,inner_val,3,Mg3SbCl3
verified_only,mlp_physics9,lobo,1,inner_val,3,Mg3SbF3
verified_only,mlp_physics9,lobo,1,inner_val,3,Sr3SbCl3
verified_only,mlp_physics9,lobo,1,inner_val,4,Ca3AsF3
verified_only,mlp_physics9,lobo,1,inner_val,4,Sr3AsCl3
verified_only,mlp_physics9,lobo,1,inner_val,4,Ca3PBr3
verified_only,mlp_physics9,lobo,1,inner_val,4,Mg3PCl3
verified_only,mlp_physics9,lobo,1,inner_val,4,Sr3PI3
verified_only,mlp_physics9,lobo,1,inner_val,4,Mg3SbBr3
verified_only,mlp_physics9,lobo,2,test,,Ca3PBr3
verified_only,mlp_physics9,lobo,2,test,,Ca3PCl3
verified_only,mlp_physics9,lobo,2,test,,Ca3PF3
verified_only,mlp_physics9,lobo,2,test,,Ca3PI3
verified_only,mlp_physics9,lobo,2,test,,Mg3PBr3
verified_only,mlp_physics9,lobo,2,test,,Mg3PCl3
verified_only,mlp_physics9,lobo,2,test,,Mg3PI3
verified_only,mlp_physics9,lobo,2,test,,Sr3PBr3
verified_only,mlp_physics9,lobo,2,test,,Sr3PCl3
verified_only,mlp_physics9,lobo,2,test,,Sr3PI3
verified_only,mlp_physics9,lobo,2,inner_val,0,Ba3AsCl3
verified_only,mlp_physics9,lobo,2,inner_val,0,Mg3AsBr3
verified_only,mlp_physics9,lobo,2,inner_val,0,Sr3AsI3
verified_only,mlp_physics9,lobo,2,inner_val,0,Mg3SbBr3
verified_only,mlp_physics9,lobo,2,inner_val,0,Sr3SbCl3
verified_only,mlp_physics9,lobo,2,inner_val,1,Ca3AsF3
verified_only,mlp_physics9,lobo,2,inner_val,1,Mg3BiBr3
verified_only,mlp_physics9,lobo,2,inner_val,1,Ca3SbCl3
verified_only,mlp_physics9,lobo,2,inner_val,1,Mg3SbCl3
verified_only,mlp_physics9,lobo,2,inner_val,1,Sr3SbI3
verified_only,mlp_physics9,lobo,2,inner_val,2,Ba3AsI3
verified_only,mlp_physics9,lobo,2,inner_val,2,Sr3AsCl3
verified_only,mlp_physics9,lobo,2,inner_val,2,Ca3BiI3
verified_only,mlp_physics9,lobo,2,inner_val,2,Ca3SbCl3
verified_only,mlp_physics9,lobo,2,inner_val,2,Ca3SbF3
verified_only,mlp_physics9,lobo,2,inner_val,3,Ba3AsI3
verified_only,mlp_physics9,lobo,2,inner_val,3,Mg3BiBr3
verified_only,mlp_physics9,lobo,2,inner_val,3,Mg3BiI3
verified_only,mlp_physics9,lobo,2,inner_val,3,Ba3SbBr3
verified_only,mlp_physics9,lobo,2,inner_val,3,Ca3SbBr3
verified_only,mlp_physics9,lobo,2,inner_val,4,Sr3AsI3
verified_only,mlp_physics9,lobo,2,inner_val,4,Ba3SbBr3
verified_only,mlp_physics9,lobo,2,inner_val,4,Ca3SbBr3
verified_only,mlp_physics9,lobo,2,inner_val,4,Ca3SbCl3
verified_only,mlp_physics9,lobo,2,inner_val,4,Ca3SbF3
verified_only,mlp_physics9,lobo,3,test,,Ba3SbBr3
verified_only,mlp_physics9,lobo,3,test,,Ba3SbI3
verified_only,mlp_physics9,lobo,3,test,,Ca3SbBr3
verified_only,mlp_physics9,lobo,3,test,,Ca3SbCl3
verified_only,mlp_physics9,lobo,3,test,,Ca3SbF3
verified_only,mlp_physics9,lobo,3,test,,Mg3SbBr3
verified_only,mlp_physics9,lobo,3,test,,Mg3SbCl3
verified_only,mlp_physics9,lobo,3,test,,Mg3SbF3
verified_only,mlp_physics9,lobo,3,test,,Mg3SbI3
verified_only,mlp_physics9,lobo,3,test,,Sr3SbCl3
verified_only,mlp_physics9,lobo,3,test,,Sr3SbI3
verified_only,mlp_physics9,lobo,3,inner_val,0,Ba3AsI3
verified_only,mlp_physics9,lobo,3,inner_val,0,Ca3BiI3
verified_only,mlp_physics9,lobo,3,inner_val,0,Ca3PI3
verified_only,mlp_physics9,lobo,3,inner_val,0,Mg3PI3
verified_only,mlp_physics9,lobo,3,inner_val,1,Ca3PCl3
verified_only,mlp_physics9,lobo,3,inner_val,1,Ca3PF3
verified_only,mlp_physics9,lobo,3,inner_val,1,Ca3PI3
verified_only,mlp_physics9,lobo,3,inner_val,1,Mg3PI3
verified_only,mlp_physics9,lobo,3,inner_val,2,Ba3AsI3
verified_only,mlp_physics9,lobo,3,inner_val,2,Sr3AsCl3
verified_only,mlp_physics9,lobo,3,inner_val,2,Mg3BiBr3
verified_only,mlp_physics9,lobo,3,inner_val,2,Ca3PCl3
verified_only,mlp_physics9,lobo,3,inner_val,3,Sr3AsI3
verified_only,mlp_physics9,lobo,3,inner_val,3,Ca3PCl3
verified_only,mlp_physics9,lobo,3,inner_val,3,Mg3PCl3
verified_only,mlp_physics9,lobo,3,inner_val,3,Sr3PCl3
verified_only,mlp_physics9,lobo,3,inner_val,4,Mg3AsBr3
verified_only,mlp_physics9,lobo,3,inner_val,4,Ca3PF3
verified_only,mlp_physics9,lobo,3,inner_val,4,Mg3PI3
verified_only,mlp_physics9,lobo,3,inner_val,4,Sr3PBr3
verified_only,mlp_physics9,loao,0,test,,Ba3AsCl3
verified_only,mlp_physics9,loao,0,test,,Ba3AsI3
verified_only,mlp_physics9,loao,0,test,,Ba3SbBr3
verified_only,mlp_physics9,loao,0,test,,Ba3SbI3
verified_only,mlp_physics9,loao,0,inner_val,0,Sr3AsCl3
verified_only,mlp_physics9,loao,0,inner_val,0,Ca3PI3
verified_only,mlp_physics9,loao,0,inner_val,0,Sr3PBr3
verified_only,mlp_physics9,loao,0,inner_val,0,Ca3SbCl3
verified_only,mlp_physics9,loao,0,inner_val,0,Mg3SbBr3
verified_only,mlp_physics9,loao,0,inner_val,0,Sr3SbI3
verified_only,mlp_physics9,loao,0,inner_val,1,Ca3AsBr3
verified_only,mlp_physics9,loao,0,inner_val,1,Ca3AsF3
verified_only,mlp_physics9,loao,0,inner_val,1,Ca3PBr3
verified_only,mlp_physics9,loao,0,inner_val,1,Sr3PI3
verified_only,mlp_physics9,loao,0,inner_val,1,Mg3SbBr3
verified_only,mlp_physics9,loao,0,inner_val,1,Mg3SbI3
verified_only,mlp_physics9,loao,0,inner_val,2,Sr3AsCl3
verified_only,mlp_physics9,loao,0,inner_val,2,Sr3AsI3
verified_only,mlp_physics9,loao,0,inner_val,2,Mg3BiI3
verified_only,mlp_physics9,loao,0,inner_val,2,Sr3PI3
verified_only,mlp_physics9,loao,0,inner_val,2,Ca3SbBr3
verified_only,mlp_physics9,loao,0,inner_val,2,Mg3SbF3
verified_only,mlp_physics9,loao,0,inner_val,3,Ca3AsBr3
verified_only,mlp_physics9,loao,0,inner_val,3,Ca3BiI3
verified_only,mlp_physics9,loao,0,inner_val,3,Mg3PBr3
verified_only,mlp_physics9,loao,0,inner_val,3,Sr3PCl3
verified_only,mlp_physics9,loao,0,inner_val,3,Ca3SbBr3
verified_only,mlp_physics9,loao,0,inner_val,3,Sr3SbCl3
verified_only,mlp_physics9,loao,0,inner_val,4,Ca3PBr3
verified_only,mlp_physics9,loao,0,inner_val,4,Ca3PI3
verified_only,mlp_physics9,loao,0,inner_val,4,Mg3PBr3
verified_only,mlp_physics9,loao,0,inner_val,4,Mg3SbCl3
verified_only,mlp_physics9,loao,0,inner_val,4,Sr3SbCl3
verified_only,mlp_physics9,loao,0,inner_val,4,Sr3SbI3
verified_only,mlp_physics9,loao,1,test,,Ca3AsBr3
verified_only,mlp_physics9,loao,1,test,,Ca3AsF3
verified_only,mlp_physics9,loao,1,test,,Ca3BiI3
verified_only,mlp_physics9,loao,1,test,,Ca3PBr3
verified_only,mlp_physics9,loao,1,test,,Ca3PCl3
verified_only,mlp_physics9,loao,1,test,,Ca3PF3
verified_only,mlp_physics9,loao,1,test,,Ca3PI3
verified_only,mlp_physics9,loao,1,test,,Ca3SbBr3
verified_only,mlp_physics9,loao,1,test,,Ca3SbCl3
verified_only,mlp_physics9,loao,1,test,,Ca3SbF3
verified_only,mlp_physics9,loao,1,inner_val,0,Ba3AsCl3
verified_only,mlp_physics9,loao,1,inner_val,0,Sr3AsCl3
verified_only,mlp_physics9,loao,1,inner_val,0,Sr3AsI3
verified_only,mlp_physics9,loao,1,inner_val,0,Sr3SbCl3
verified_only,mlp_physics9,loao,1,inner_val,0,Sr3SbI3
verified_only,mlp_physics9,loao,1,inner_val,1,Mg3AsBr3
verified_only,mlp_physics9,loao,1,inner_val,1,Mg3BiI3
verified_only,mlp_physics9,loao,1,inner_val,1,Mg3PI3
verified_only,mlp_physics9,loao,1,inner_val,1,Sr3PCl3
verified_only,mlp_physics9,loao,1,inner_val,1,Mg3SbBr3
verified_only,mlp_physics9,loao,1,inner_val,2,Mg3AsBr3
verified_only,mlp_physics9,loao,1,inner_val,2,Sr3PCl3
verified_only,mlp_physics9,loao,1,inner_val,2,Ba3SbBr3
verified_only,mlp_physics9,loao,1,inner_val,2,Sr3SbCl3
verified_only,mlp_physics9,loao,1,inner_val,2,Sr3SbI3
verified_only,mlp_physics9,loao,1,inner_val,3,Sr3AsCl3
verified_only,mlp_physics9,loao,1,inner_val,3,Mg3BiI3
verified_only,mlp_physics9,loao,1,inner_val,3,Mg3PBr3
verified_only,mlp_physics9,loao,1,inner_val,3,Sr3PI3
verified_only,mlp_physics9,loao,1,inner_val,3,Mg3SbCl3
verified_only,mlp_physics9,loao,1,inner_val,4,Mg3BiBr3
verified_only,mlp_physics9,loao,1,inner_val,4,Mg3BiI3
verified_only,mlp_physics9,loao,1,inner_val,4,Mg3PBr3
verified_only,mlp_physics9,loao,1,inner_val,4,Sr3PBr3
verified_only,mlp_physics9,loao,1,inner_val,4,Sr3PI3
verified_only,mlp_physics9,loao,2,test,,Mg3AsBr3
verified_only,mlp_physics9,loao,2,test,,Mg3BiBr3
verified_only,mlp_physics9,loao,2,test,,Mg3BiI3
verified_only,mlp_physics9,loao,2,test,,Mg3PBr3
verified_only,mlp_physics9,loao,2,test,,Mg3PCl3
verified_only,mlp_physics9,loao,2,test,,Mg3PI3
verified_only,mlp_physics9,loao,2,test,,Mg3SbBr3
verified_only,mlp_physics9,loao,2,test,,Mg3SbCl3
verified_only,mlp_physics9,loao,2,test,,Mg3SbF3
verified_only,mlp_physics9,loao,2,test,,Mg3SbI3
verified_only,mlp_physics9,loao,2,inner_val,0,Ba3AsCl3
verified_only,mlp_physics9,loao,2,inner_val,0,Ca3PI3
verified_only,mlp_physics9,loao,2,inner_val,0,Sr3PI3
verified_only,mlp_physics9,loao,2,inner_val,0,Ca3SbF3
verified_only,mlp_physics9,loao,2,inner_val,0,Sr3SbCl3
verified_only,mlp_physics9,loao,2,inner_val,1,Ca3AsF3
verified_only,mlp_physics9,loao,2,inner_val,1,Sr3AsCl3
verified_only,mlp_physics9,loao,2,inner_val,1,Ca3PCl3
verified_only,mlp_physics9,loao,2,inner_val,1,Ca3SbBr3
verified_only,mlp_physics9,loao,2,inner_val,1,Sr3SbI3
verified_only,mlp_physics9,loao,2,inner_val,2,Ba3AsI3
verified_only,mlp_physics9,loao,2,inner_val,2,Ca3BiI3
verified_only,mlp_physics9,loao,2,inner_val,2,Ca3PCl3
verified_only,mlp_physics9,loao,2,inner_val,2,Ca3PF3
verified_only,mlp_physics9,loao,2,inner_val,2,Sr3PCl3
verified_only,mlp_physics9,loao,2,inner_val,3,Ba3AsI3
verified_only,mlp_physics9,loao,2,inner_val,3,Ca3PBr3
verified_only,mlp_physics9,loao,2,inner_val,3,Ba3SbBr3
verified_only,mlp_physics9,loao,2,inner_val,3,Ca3SbBr3
verified_only,mlp_physics9,loao,2,inner_val,3,Ca3SbCl3
verified_only,mlp_physics9,loao,2,inner_val,4,Ca3PBr3
verified_only,mlp_physics9,loao,2,inner_val,4,Ca3PCl3
verified_only,mlp_physics9,loao,2,inner_val,4,Ca3PF3
verified_only,mlp_physics9,loao,2,inner_val,4,Sr3PI3
verified_only,mlp_physics9,loao,2,inner_val,4,Ba3SbBr3
verified_only,mlp_physics9,loao,3,test,,Sr3AsCl3
verified_only,mlp_physics9,loao,3,test,,Sr3AsI3
verified_only,mlp_physics9,loao,3,test,,Sr3PBr3
verified_only,mlp_physics9,loao,3,test,,Sr3PCl3
verified_only,mlp_physics9,loao,3,test,,Sr3PI3
verified_only,mlp_physics9,loao,3,test,,Sr3SbCl3
verified_only,mlp_physics9,loao,3,test,,Sr3SbI3
verified_only,mlp_physics9,loao,3,inner_val,0,Ba3AsI3
verified_only,mlp_physics9,loao,3,inner_val,0,Ca3AsBr3
verified_only,mlp_physics9,loao,3,inner_val,0,Mg3BiI3
verified_only,mlp_physics9,loao,3,inner_val,0,Mg3PCl3
verified_only,mlp_physics9,loao,3,inner_val,0,Ba3SbI3
verified_only,mlp_physics9,loao,3,inner_val,1,Mg3AsBr3
verified_only,mlp_physics9,loao,3,inner_val,1,Mg3PI3
verified_only,mlp_physics9,loao,3,inner_val,1,Ca3SbF3
verified_only,mlp_physics9,loao,3,inner_val,1,Mg3SbBr3
verified_only,mlp_physics9,loao,3,inner_val,1,Mg3SbCl3
verified_only,mlp_physics9,loao,3,inner_val,2,Ba3AsI3
verified_only,mlp_physics9,loao,3,inner_val,2,Ca3BiI3
verified_only,mlp_physics9,loao,3,inner_val,2,Mg3PCl3
verified_only,mlp_physics9,loao,3,inner_val,2,Ca3SbBr3
verified_only,mlp_physics9,loao,3,inner_val,2,Mg3SbBr3
verified_only,mlp_physics9,loao,3,inner_val,3,Ca3BiI3
verified_only,mlp_physics9,loao,3,inner_val,3,Mg3BiBr3
verified_only,mlp_physics9,loao,3,inner_val,3,Ca3PF3
verified_only,mlp_physics9,loao,3,inner_val,3,Mg3PBr3
verified_only,mlp_physics9,loao,3,inner_val,3,Ca3SbF3
verified_only,mlp_physics9,loao,3,inner_val,4,Mg3AsBr3
verified_only,mlp_physics9,loao,3,inner_val,4,Mg3BiBr3
verified_only,mlp_physics9,loao,3,inner_val,4,Mg3PCl3
verified_only,mlp_physics9,loao,3,inner_val,4,Mg3PI3
verified_only,mlp_physics9,loao,3,inner_val,4,Ca3SbF3
verified_only,mlp_physics9,gkf,0,test,,Mg3BiBr3
verified_only,mlp_physics9,gkf,0,test,,Ca3PCl3
verified_only,mlp_physics9,gkf,0,test,,Ca3PF3
verified_only,mlp_physics9,gkf,0,test,,Mg3PBr3
verified_only,mlp_physics9,gkf,0,test,,Sr3PCl3
verified_only,mlp_physics9,gkf,0,test,,Mg3SbI3
verified_only,mlp_physics9,gkf,0,test,,Sr3SbCl3
verified_only,mlp_physics9,gkf,0,inner_val,0,Sr3AsCl3
verified_only,mlp_physics9,gkf,0,inner_val,0,Sr3AsI3
verified_only,mlp_physics9,gkf,0,inner_val,0,Ca3PI3
verified_only,mlp_physics9,gkf,0,inner_val,0,Mg3PCl3
verified_only,mlp_physics9,gkf,0,inner_val,0,Mg3SbF3
verified_only,mlp_physics9,gkf,0,inner_val,1,Ba3AsCl3
verified_only,mlp_physics9,gkf,0,inner_val,1,Ba3AsI3
verified_only,mlp_physics9,gkf,0,inner_val,1,Sr3PI3
verified_only,mlp_physics9,gkf,0,inner_val,1,Ba3SbI3
verified_only,mlp_physics9,gkf,0,inner_val,1,Mg3SbCl3
verified_only,mlp_physics9,gkf,0,inner_val,2,Sr3AsCl3
verified_only,mlp_physics9,gkf,0,inner_val,2,Sr3AsI3
verified_only,mlp_physics9,gkf,0,inner_val,2,Ca3PBr3
verified_only,mlp_physics9,gkf,0,inner_val,2,Mg3PCl3
verified_only,mlp_physics9,gkf,0,inner_val,2,Mg3SbCl3
verified_only,mlp_physics9,gkf,0,inner_val,3,Ba3AsCl3
verified_only,mlp_physics9,gkf,0,inner_val,3,Sr3PBr3
verified_only,mlp_physics9,gkf,0,inner_val,3,Sr3PI3
verified_only,mlp_physics9,gkf,0,inner_val,3,Mg3SbCl3
verified_only,mlp_physics9,gkf,0,inner_val,3,Mg3SbF3
verified_only,mlp_physics9,gkf,0,inner_val,4,Ca3BiI3
verified_only,mlp_physics9,gkf,0,inner_val,4,Mg3BiI3
verified_only,mlp_physics9,gkf,0,inner_val,4,Sr3PBr3
verified_only,mlp_physics9,gkf,0,inner_val,4,Ba3SbI3
verified_only,mlp_physics9,gkf,0,inner_val,4,Sr3SbI3
verified_only,mlp_physics9,gkf,1,test,,Ba3AsCl3
verified_only,mlp_physics9,gkf,1,test,,Ca3AsBr3
verified_only,mlp_physics9,gkf,1,test,,Ca3AsF3
verified_only,mlp_physics9,gkf,1,test,,Sr3AsCl3
verified_only,mlp_physics9,gkf,1,test,,Mg3BiI3
verified_only,mlp_physics9,gkf,1,test,,Ca3SbCl3
verified_only,mlp_physics9,gkf,1,inner_val,0,Ba3AsI3
verified_only,mlp_physics9,gkf,1,inner_val,0,Ca3PF3
verified_only,mlp_physics9,gkf,1,inner_val,0,Mg3PBr3
verified_only,mlp_physics9,gkf,1,inner_val,0,Sr3PI3
verified_only,mlp_physics9,gkf,1,inner_val,0,Ca3SbF3
verified_only,mlp_physics9,gkf,1,inner_val,1,Sr3AsI3
verified_only,mlp_physics9,gkf,1,inner_val,1,Mg3PBr3
verified_only,mlp_physics9,gkf,1,inner_val,1,Sr3PCl3
verified_only,mlp_physics9,gkf,1,inner_val,1,Mg3SbF3
verified_only,mlp_physics9,gkf,1,inner_val,1,Mg3SbI3
verified_only,mlp_physics9,gkf,1,inner_val,2,Ca3PBr3
verified_only,mlp_physics9,gkf,1,inner_val,2,Sr3PBr3
verified_only,mlp_physics9,gkf,1,inner_val,2,Sr3PCl3
verified_only,mlp_physics9,gkf,1,inner_val,2,Ba3SbI3
verified_only,mlp_physics9,gkf,1,inner_val,2,Mg3SbCl3
verified_only,mlp_physics9,gkf,1,inner_val,3,Mg3BiBr3
verified_only,mlp_physics9,gkf,1,inner_val,3,Ca3PI3
verified_only,mlp_physics9,gkf,1,inner_val,3,Sr3PI3
verified_only,mlp_physics9,gkf,1,inner_val,3,Mg3SbCl3
verified_only,mlp_physics9,gkf,1,inner_val,3,Mg3SbF3
verified_only,mlp_physics9,gkf,1,inner_val,4,Ca3PF3
verified_only,mlp_physics9,gkf,1,inner_val,4,Mg3PBr3
verified_only,mlp_physics9,gkf,1,inner_val,4,Sr3PBr3
verified_only,mlp_physics9,gkf,1,inner_val,4,Sr3PI3
verified_only,mlp_physics9,gkf,1,inner_val,4,Sr3SbI3
verified_only,mlp_physics9,gkf,2,test,,Ba3AsI3
verified_only,mlp_physics9,gkf,2,test,,Sr3AsI3
verified_only,mlp_physics9,gkf,2,test,,Ba3SbBr3
verified_only,mlp_physics9,gkf,2,test,,Ca3SbBr3
verified_only,mlp_physics9,gkf,2,test,,Ca3SbF3
verified_only,mlp_physics9,gkf,2,test,,Mg3SbF3
verified_only,mlp_physics9,gkf,2,inner_val,0,Ba3AsCl3
verified_only,mlp_physics9,gkf,2,inner_val,0,Mg3PI3
verified_only,mlp_physics9,gkf,2,inner_val,0,Sr3PI3
verified_only,mlp_physics9,gkf,2,inner_val,0,Mg3SbI3
verified_only,mlp_physics9,gkf,2,inner_val,0,Sr3SbCl3
verified_only,mlp_physics9,gkf,2,inner_val,1,Mg3BiBr3
verified_only,mlp_physics9,gkf,2,inner_val,1,Ca3PF3
verified_only,mlp_physics9,gkf,2,inner_val,1,Mg3PCl3
verified_only,mlp_physics9,gkf,2,inner_val,1,Mg3SbCl3
verified_only,mlp_physics9,gkf,2,inner_val,1,Sr3SbCl3
verified_only,mlp_physics9,gkf,2,inner_val,2,Ca3PI3
verified_only,mlp_physics9,gkf,2,inner_val,2,Mg3PBr3
verified_only,mlp_physics9,gkf,2,inner_val,2,Sr3PCl3
verified_only,mlp_physics9,gkf,2,inner_val,2,Ca3SbCl3
verified_only,mlp_physics9,gkf,2,inner_val,2,Mg3SbBr3
verified_only,mlp_physics9,gkf,2,inner_val,3,Ca3AsBr3
verified_only,mlp_physics9,gkf,2,inner_val,3,Mg3BiBr3
verified_only,mlp_physics9,gkf,2,inner_val,3,Ca3PF3
verified_only,mlp_physics9,gkf,2,inner_val,3,Mg3PI3
verified_only,mlp_physics9,gkf,2,inner_val,3,Ba3SbI3
verified_only,mlp_physics9,gkf,2,inner_val,4,Ca3AsBr3
verified_only,mlp_physics9,gkf,2,inner_val,4,Ca3PF3
verified_only,mlp_physics9,gkf,2,inner_val,4,Ca3PI3
verified_only,mlp_physics9,gkf,2,inner_val,4,Mg3PBr3
verified_only,mlp_physics9,gkf,2,inner_val,4,Sr3PBr3
verified_only,mlp_physics9,gkf,3,test,,Mg3PCl3
verified_only,mlp_physics9,gkf,3,test,,Sr3PBr3
verified_only,mlp_physics9,gkf,3,test,,Ba3SbI3
verified_only,mlp_physics9,gkf,3,test,,Mg3SbBr3
verified_only,mlp_physics9,gkf,3,test,,Mg3SbCl3
verified_only,mlp_physics9,gkf,3,test,,Sr3SbI3
verified_only,mlp_physics9,gkf,3,inner_val,0,Ba3AsI3
verified_only,mlp_physics9,gkf,3,inner_val,0,Sr3AsCl3
verified_only,mlp_physics9,gkf,3,inner_val,0,Ca3SbF3
verified_only,mlp_physics9,gkf,3,inner_val,0,Mg3SbF3
verified_only,mlp_physics9,gkf,3,inner_val,0,Mg3SbI3
verified_only,mlp_physics9,gkf,3,inner_val,1,Sr3AsCl3
verified_only,mlp_physics9,gkf,3,inner_val,1,Sr3AsI3
verified_only,mlp_physics9,gkf,3,inner_val,1,Mg3BiBr3
verified_only,mlp_physics9,gkf,3,inner_val,1,Sr3PCl3
verified_only,mlp_physics9,gkf,3,inner_val,1,Mg3SbF3
verified_only,mlp_physics9,gkf,3,inner_val,2,Ba3AsI3
verified_only,mlp_physics9,gkf,3,inner_val,2,Mg3BiI3
verified_only,mlp_physics9,gkf,3,inner_val,2,Ca3PBr3
verified_only,mlp_physics9,gkf,3,inner_val,2,Ca3SbBr3
verified_only,mlp_physics9,gkf,3,inner_val,2,Ca3SbF3
verified_only,mlp_physics9,gkf,3,inner_val,3,Mg3AsBr3
verified_only,mlp_physics9,gkf,3,inner_val,3,Mg3BiI3
verified_only,mlp_physics9,gkf,3,inner_val,3,Ca3PBr3
verified_only,mlp_physics9,gkf,3,inner_val,3,Ca3PI3
verified_only,mlp_physics9,gkf,3,inner_val,3,Mg3PI3
verified_only,mlp_physics9,gkf,3,inner_val,4,Mg3AsBr3
verified_only,mlp_physics9,gkf,3,inner_val,4,Sr3AsCl3
verified_only,mlp_physics9,gkf,3,inner_val,4,Sr3AsI3
verified_only,mlp_physics9,gkf,3,inner_val,4,Mg3BiI3
verified_only,mlp_physics9,gkf,3,inner_val,4,Ca3PI3
verified_only,mlp_physics9,gkf,4,test,,Mg3AsBr3
verified_only,mlp_physics9,gkf,4,test,,Ca3BiI3
verified_only,mlp_physics9,gkf,4,test,,Ca3PBr3
verified_only,mlp_physics9,gkf,4,test,,Ca3PI3
verified_only,mlp_physics9,gkf,4,test,,Mg3PI3
verified_only,mlp_physics9,gkf,4,test,,Sr3PI3
verified_only,mlp_physics9,gkf,4,inner_val,0,Sr3AsCl3
verified_only,mlp_physics9,gkf,4,inner_val,0,Mg3BiI3
verified_only,mlp_physics9,gkf,4,inner_val,0,Ca3PCl3
verified_only,mlp_physics9,gkf,4,inner_val,0,Mg3PCl3
verified_only,mlp_physics9,gkf,4,inner_val,0,Sr3SbCl3
verified_only,mlp_physics9,gkf,4,inner_val,1,Ca3AsF3
verified_only,mlp_physics9,gkf,4,inner_val,1,Sr3AsCl3
verified_only,mlp_physics9,gkf,4,inner_val,1,Ca3SbBr3
verified_only,mlp_physics9,gkf,4,inner_val,1,Ca3SbCl3
verified_only,mlp_physics9,gkf,4,inner_val,1,Sr3SbCl3
verified_only,mlp_physics9,gkf,4,inner_val,2,Sr3AsI3
verified_only,mlp_physics9,gkf,4,inner_val,2,Mg3PBr3
verified_only,mlp_physics9,gkf,4,inner_val,2,Mg3SbCl3
verified_only,mlp_physics9,gkf,4,inner_val,2,Mg3SbF3
verified_only,mlp_physics9,gkf,4,inner_val,2,Sr3SbCl3
verified_only,mlp_physics9,gkf,4,inner_val,3,Ca3AsBr3
verified_only,mlp_physics9,gkf,4,inner_val,3,Mg3PCl3
verified_only,mlp_physics9,gkf,4,inner_val,3,Ba3SbI3
verified_only,mlp_physics9,gkf,4,inner_val,3,Ca3SbBr3
verified_only,mlp_physics9,gkf,4,inner_val,3,Ca3SbF3
verified_only,mlp_physics9,gkf,4,inner_val,4,Sr3AsCl3
verified_only,mlp_physics9,gkf,4,inner_val,4,Mg3BiI3
verified_only,mlp_physics9,gkf,4,inner_val,4,Ca3PCl3
verified_only,mlp_physics9,gkf,4,inner_val,4,Ca3SbCl3
verified_only,mlp_physics9,gkf,4,inner_val,4,Mg3SbCl3
verified_only,mlp_physics9,gkf,5,test,,Ba3AsCl3
verified_only,mlp_physics9,gkf,5,test,,Ca3AsF3
verified_only,mlp_physics9,gkf,5,test,,Ca3PBr3
verified_only,mlp_physics9,gkf,5,test,,Sr3PI3
verified_only,mlp_physics9,gkf,5,test,,Ca3SbF3
verified_only,mlp_physics9,gkf,5,test,,Mg3SbBr3
verified_only,mlp_physics9,gkf,5,test,,Mg3SbCl3
verified_only,mlp_physics9,gkf,5,inner_val,0,Sr3AsCl3
verified_only,mlp_physics9,gkf,5,inner_val,0,Sr3PBr3
verified_only,mlp_physics9,gkf,5,inner_val,0,Sr3PCl3
verified_only,mlp_physics9,gkf,5,inner_val,0,Ba3SbBr3
verified_only,mlp_physics9,gkf,5,inner_val,0,Mg3SbF3
verified_only,mlp_physics9,gkf,5,inner_val,1,Mg3AsBr3
verified_only,mlp_physics9,gkf,5,inner_val,1,Ca3BiI3
verified_only,mlp_physics9,gkf,5,inner_val,1,Ca3PF3
verified_only,mlp_physics9,gkf,5,inner_val,1,Sr3PCl3
verified_only,mlp_physics9,gkf,5,inner_val,1,Ba3SbBr3
verified_only,mlp_physics9,gkf,5,inner_val,2,Sr3AsI3
verified_only,mlp_physics9,gkf,5,inner_val,2,Ca3PF3
verified_only,mlp_physics9,gkf,5,inner_val,2,Mg3PBr3
verified_only,mlp_physics9,gkf,5,inner_val,2,Sr3PBr3
verified_only,mlp_physics9,gkf,5,inner_val,2,Ba3SbI3
verified_only,mlp_physics9,gkf,5,inner_val,3,Sr3AsI3
verified_only,mlp_physics9,gkf,5,inner_val,3,Mg3PI3
verified_only,mlp_physics9,gkf,5,inner_val,3,Ba3SbI3
verified_only,mlp_physics9,gkf,5,inner_val,3,Ca3SbBr3
verified_only,mlp_physics9,gkf,5,inner_val,3,Mg3SbF3
verified_only,mlp_physics9,gkf,5,inner_val,4,Mg3BiI3
verified_only,mlp_physics9,gkf,5,inner_val,4,Ba3SbI3
verified_only,mlp_physics9,gkf,5,inner_val,4,Ca3SbBr3
verified_only,mlp_physics9,gkf,5,inner_val,4,Mg3SbF3
verified_only,mlp_physics9,gkf,5,inner_val,4,Sr3SbCl3
verified_only,mlp_physics9,gkf,6,test,,Sr3AsI3
verified_only,mlp_physics9,gkf,6,test,,Mg3BiI3
verified_only,mlp_physics9,gkf,6,test,,Ca3PI3
verified_only,mlp_physics9,gkf,6,test,,Ca3SbCl3
verified_only,mlp_physics9,gkf,6,test,,Mg3SbI3
verified_only,mlp_physics9,gkf,6,test,,Sr3SbI3
verified_only,mlp_physics9,gkf,6,inner_val,0,Ca3AsF3
verified_only,mlp_physics9,gkf,6,inner_val,0,Ca3BiI3
verified_only,mlp_physics9,gkf,6,inner_val,0,Ca3PF3
verified_only,mlp_physics9,gkf,6,inner_val,0,Mg3PBr3
verified_only,mlp_physics9,gkf,6,inner_val,0,Mg3PI3
verified_only,mlp_physics9,gkf,6,inner_val,1,Ba3AsCl3
verified_only,mlp_physics9,gkf,6,inner_val,1,Ca3BiI3
verified_only,mlp_physics9,gkf,6,inner_val,1,Ca3PF3
verified_only,mlp_physics9,gkf,6,inner_val,1,Mg3PCl3
verified_only,mlp_physics9,gkf,6,inner_val,1,Ba3SbI3
verified_only,mlp_physics9,gkf,6,inner_val,2,Ca3AsF3
verified_only,mlp_physics9,gkf,6,inner_val,2,Ca3BiI3
verified_only,mlp_physics9,gkf,6,inner_val,2,Ca3PBr3
verified_only,mlp_physics9,gkf,6,inner_val,2,Ca3PF3
verified_only,mlp_physics9,gkf,6,inner_val,2,Ba3SbI3
verified_only,mlp_physics9,gkf,6,inner_val,3,Ba3AsCl3
verified_only,mlp_physics9,gkf,6,inner_val,3,Ba3AsI3
verified_only,mlp_physics9,gkf,6,inner_val,3,Mg3AsBr3
verified_only,mlp_physics9,gkf,6,inner_val,3,Ca3BiI3
verified_only,mlp_physics9,gkf,6,inner_val,3,Ba3SbI3
verified_only,mlp_physics9,gkf,6,inner_val,4,Ca3PBr3
verified_only,mlp_physics9,gkf,6,inner_val,4,Mg3PCl3
verified_only,mlp_physics9,gkf,6,inner_val,4,Sr3PBr3
verified_only,mlp_physics9,gkf,6,inner_val,4,Sr3PI3
verified_only,mlp_physics9,gkf,6,inner_val,4,Ba3SbBr3
verified_only,mlp_physics9,gkf,7,test,,Ba3AsI3
verified_only,mlp_physics9,gkf,7,test,,Sr3AsCl3
verified_only,mlp_physics9,gkf,7,test,,Ca3BiI3
verified_only,mlp_physics9,gkf,7,test,,Ca3PCl3
verified_only,mlp_physics9,gkf,7,test,,Mg3PBr3
verified_only,mlp_physics9,gkf,7,test,,Ba3SbI3
verified_only,mlp_physics9,gkf,7,inner_val,0,Sr3AsI3
verified_only,mlp_physics9,gkf,7,inner_val,0,Ca3PF3
verified_only,mlp_physics9,gkf,7,inner_val,0,Mg3SbCl3
verified_only,mlp_physics9,gkf,7,inner_val,0,Mg3SbF3
verified_only,mlp_physics9,gkf,7,inner_val,0,Sr3SbI3
verified_only,mlp_physics9,gkf,7,inner_val,1,Mg3AsBr3
verified_only,mlp_physics9,gkf,7,inner_val,1,Mg3BiI3
verified_only,mlp_physics9,gkf,7,inner_val,1,Ca3PF3
verified_only,mlp_physics9,gkf,7,inner_val,1,Mg3PI3
verified_only,mlp_physics9,gkf,7,inner_val,1,Sr3SbCl3
verified_only,mlp_physics9,gkf,7,inner_val,2,Ba3AsCl3
verified_only,mlp_physics9,gkf,7,inner_val,2,Mg3BiBr3
verified_only,mlp_physics9,gkf,7,inner_val,2,Ca3PBr3
verified_only,mlp_physics9,gkf,7,inner_val,2,Sr3PCl3
verified_only,mlp_physics9,gkf,7,inner_val,2,Sr3SbCl3
verified_only,mlp_physics9,gkf,7,inner_val,3,Ca3AsF3
verified_only,mlp_physics9,gkf,7,inner_val,3,Sr3AsI3
verified_only,mlp_physics9,gkf,7,inner_val,3,Ca3PBr3
verified_only,mlp_physics9,gkf,7,inner_val,3,Ca3PI3
verified_only,mlp_physics9,gkf,7,inner_val,3,Sr3SbCl3
verified_only,mlp_physics9,gkf,7,inner_val,4,Ca3AsBr3
verified_only,mlp_physics9,gkf,7,inner_val,4,Mg3BiI3
verified_only,mlp_physics9,gkf,7,inner_val,4,Ca3PBr3
verified_only,mlp_physics9,gkf,7,inner_val,4,Ca3PI3
verified_only,mlp_physics9,gkf,7,inner_val,4,Ca3SbF3
verified_only,mlp_physics9,gkf,8,test,,Ca3AsBr3
verified_only,mlp_physics9,gkf,8,test,,Mg3PCl3
verified_only,mlp_physics9,gkf,8,test,,Mg3PI3
verified_only,mlp_physics9,gkf,8,test,,Ba3SbBr3
verified_only,mlp_physics9,gkf,8,test,,Ca3SbBr3
verified_only,mlp_physics9,gkf,8,test,,Mg3SbF3
verified_only,mlp_physics9,gkf,8,inner_val,0,Ca3BiI3
verified_only,mlp_physics9,gkf,8,inner_val,0,Mg3BiBr3
verified_only,mlp_physics9,gkf,8,inner_val,0,Ca3PBr3
verified_only,mlp_physics9,gkf,8,inner_val,0,Sr3PI3
verified_only,mlp_physics9,gkf,8,inner_val,0,Mg3SbBr3
verified_only,mlp_physics9,gkf,8,inner_val,1,Sr3PBr3
verified_only,mlp_physics9,gkf,8,inner_val,1,Sr3PI3
verified_only,mlp_physics9,gkf,8,inner_val,1,Ca3SbCl3
verified_only,mlp_physics9,gkf,8,inner_val,1,Ca3SbF3
verified_only,mlp_physics9,gkf,8,inner_val,1,Mg3SbCl3
verified_only,mlp_physics9,gkf,8,inner_val,2,Mg3AsBr3
verified_only,mlp_physics9,gkf,8,inner_val,2,Mg3BiBr3
verified_only,mlp_physics9,gkf,8,inner_val,2,Ca3PCl3
verified_only,mlp_physics9,gkf,8,inner_val,2,Ca3PI3
verified_only,mlp_physics9,gkf,8,inner_val,2,Ca3SbF3
verified_only,mlp_physics9,gkf,8,inner_val,3,Ba3AsCl3
verified_only,mlp_physics9,gkf,8,inner_val,3,Ca3PF3
verified_only,mlp_physics9,gkf,8,inner_val,3,Mg3PBr3
verified_only,mlp_physics9,gkf,8,inner_val,3,Ba3SbI3
verified_only,mlp_physics9,gkf,8,inner_val,3,Mg3SbI3
verified_only,mlp_physics9,gkf,8,inner_val,4,Ca3BiI3
verified_only,mlp_physics9,gkf,8,inner_val,4,Ca3PI3
verified_only,mlp_physics9,gkf,8,inner_val,4,Sr3PBr3
verified_only,mlp_physics9,gkf,8,inner_val,4,Sr3PI3
verified_only,mlp_physics9,gkf,8,inner_val,4,Mg3SbBr3
verified_only,mlp_physics9,gkf,9,test,,Mg3AsBr3
verified_only,mlp_physics9,gkf,9,test,,Mg3BiBr3
verified_only,mlp_physics9,gkf,9,test,,Ca3PF3
verified_only,mlp_physics9,gkf,9,test,,Sr3PBr3
verified_only,mlp_physics9,gkf,9,test,,Sr3PCl3
verified_only,mlp_physics9,gkf,9,test,,Sr3SbCl3
verified_only,mlp_physics9,gkf,9,inner_val,0,Ba3AsI3
verified_only,mlp_physics9,gkf,9,inner_val,0,Sr3AsI3
verified_only,mlp_physics9,gkf,9,inner_val,0,Ca3PBr3
verified_only,mlp_physics9,gkf,9,inner_val,0,Sr3PI3
verified_only,mlp_physics9,gkf,9,inner_val,0,Ca3SbF3
verified_only,mlp_physics9,gkf,9,inner_val,1,Ca3AsF3
verified_only,mlp_physics9,gkf,9,inner_val,1,Sr3AsCl3
verified_only,mlp_physics9,gkf,9,inner_val,1,Mg3BiI3
verified_only,mlp_physics9,gkf,9,inner_val,1,Sr3PI3
verified_only,mlp_physics9,gkf,9,inner_val,1,Ba3SbI3
verified_only,mlp_physics9,gkf,9,inner_val,2,Mg3BiI3
verified_only,mlp_physics9,gkf,9,inner_val,2,Ba3SbBr3
verified_only,mlp_physics9,gkf,9,inner_val,2,Ca3SbBr3
verified_only,mlp_physics9,gkf,9,inner_val,2,Ca3SbF3
verified_only,mlp_physics9,gkf,9,inner_val,2,Mg3SbCl3
verified_only,mlp_physics9,gkf,9,inner_val,3,Ba3AsCl3
verified_only,mlp_physics9,gkf,9,inner_val,3,Ca3AsF3
verified_only,mlp_physics9,gkf,9,inner_val,3,Sr3AsCl3
verified_only,mlp_physics9,gkf,9,inner_val,3,Ca3BiI3
verified_only,mlp_physics9,gkf,9,inner_val,3,Ba3SbBr3
verified_only,mlp_physics9,gkf,9,inner_val,4,Ca3AsF3
verified_only,mlp_physics9,gkf,9,inner_val,4,Ca3BiI3
verified_only,mlp_physics9,gkf,9,inner_val,4,Mg3PBr3
verified_only,mlp_physics9,gkf,9,inner_val,4,Ba3SbBr3
verified_only,mlp_physics9,gkf,9,inner_val,4,Sr3SbI3
verified_only,mlp_physics9,gkf,10,test,,Ba3AsCl3
verified_only,mlp_physics9,gkf,10,test,,Ca3AsBr3
verified_only,mlp_physics9,gkf,10,test,,Sr3AsI3
verified_only,mlp_physics9,gkf,10,test,,Ca3PCl3
verified_only,mlp_physics9,gkf,10,test,,Ca3PI3
verified_only,mlp_physics9,gkf,10,test,,Mg3SbBr3
verified_only,mlp_physics9,gkf,10,test,,Sr3SbI3
verified_only,mlp_physics9,gkf,10,inner_val,0,Ca3BiI3
verified_only,mlp_physics9,gkf,10,inner_val,0,Mg3BiI3
verified_only,mlp_physics9,gkf,10,inner_val,0,Ca3PBr3
verified_only,mlp_physics9,gkf,10,inner_val,0,Mg3PCl3
verified_only,mlp_physics9,gkf,10,inner_val,0,Sr3PCl3
verified_only,mlp_physics9,gkf,10,inner_val,1,Ba3AsI3
verified_only,mlp_physics9,gkf,10,inner_val,1,Ca3PF3
verified_only,mlp_physics9,gkf,10,inner_val,1,Mg3SbCl3
verified_only,mlp_physics9,gkf,10,inner_val,1,Mg3SbF3
verified_only,mlp_physics9,gkf,10,inner_val,1,Sr3SbCl3
verified_only,mlp_physics9,gkf,10,inner_val,2,Mg3AsBr3
verified_only,mlp_physics9,gkf,10,inner_val,2,Sr3AsCl3
verified_only,mlp_physics9,gkf,10,inner_val,2,Mg3PI3
verified_only,mlp_physics9,gkf,10,inner_val,2,Sr3PCl3
verified_only,mlp_physics9,gkf,10,inner_val,2,Sr3PI3
verified_only,mlp_physics9,gkf,10,inner_val,3,Sr3AsCl3
verified_only,mlp_physics9,gkf,10,inner_val,3,Mg3PCl3
verified_only,mlp_physics9,gkf,10,inner_val,3,Mg3PI3
verified_only,mlp_physics9,gkf,10,inner_val,3,Sr3PI3
verified_only,mlp_physics9,gkf,10,inner_val,3,Ca3SbF3
verified_only,mlp_physics9,gkf,10,inner_val,4,Ba3AsI3
verified_only,mlp_physics9,gkf,10,inner_val,4,Ca3BiI3
verified_only,mlp_physics9,gkf,10,inner_val,4,Mg3PI3
verified_only,mlp_physics9,gkf,10,inner_val,4,Ca3SbF3
verified_only,mlp_physics9,gkf,10,inner_val,4,Mg3SbI3
verified_only,mlp_physics9,gkf,11,test,,Sr3AsCl3
verified_only,mlp_physics9,gkf,11,test,,Mg3BiBr3
verified_only,mlp_physics9,gkf,11,test,,Mg3PCl3
verified_only,mlp_physics9,gkf,11,test,,Sr3PBr3
verified_only,mlp_physics9,gkf,11,test,,Mg3SbI3
verified_only,mlp_physics9,gkf,11,test,,Sr3SbCl3
verified_only,mlp_physics9,gkf,11,inner_val,0,Ca3AsBr3
verified_only,mlp_physics9,gkf,11,inner_val,0,Mg3BiI3
verified_only,mlp_physics9,gkf,11,inner_val,0,Ca3PCl3
verified_only,mlp_physics9,gkf,11,inner_val,0,Mg3PBr3
verified_only,mlp_physics9,gkf,11,inner_val,0,Ca3SbF3
verified_only,mlp_physics9,gkf,11,inner_val,1,Ca3AsF3
verified_only,mlp_physics9,gkf,11,inner_val,1,Ca3BiI3
verified_only,mlp_physics9,gkf,11,inner_val,1,Ca3PBr3
verified_only,mlp_physics9,gkf,11,inner_val,1,Ca3PI3
verified_only,mlp_physics9,gkf,11,inner_val,1,Mg3SbCl3
verified_only,mlp_physics9,gkf,11,inner_val,2,Ba3AsI3
verified_only,mlp_physics9,gkf,11,inner_val,2,Ca3AsBr3
verified_only,mlp_physics9,gkf,11,inner_val,2,Mg3AsBr3
verified_only,mlp_physics9,gkf,11,inner_val,2,Mg3SbF3
verified_only,mlp_physics9,gkf,11,inner_val,2,Sr3SbI3
verified_only,mlp_physics9,gkf,11,inner_val,3,Ba3AsI3
verified_only,mlp_physics9,gkf,11,inner_val,3,Mg3PBr3
verified_only,mlp_physics9,gkf,11,inner_val,3,Ba3SbBr3
verified_only,mlp_physics9,gkf,11,inner_val,3,Ba3SbI3
verified_only,mlp_physics9,gkf,11,inner_val,3,Ca3SbBr3
verified_only,mlp_physics9,gkf,11,inner_val,4,Ba3AsCl3
verified_only,mlp_physics9,gkf,11,inner_val,4,Mg3BiI3
verified_only,mlp_physics9,gkf,11,inner_val,4,Ca3PCl3
verified_only,mlp_physics9,gkf,11,inner_val,4,Sr3PCl3
verified_only,mlp_physics9,gkf,11,inner_val,4,Ca3SbCl3
verified_only,mlp_physics9,gkf,12,test,,Ba3AsI3
verified_only,mlp_physics9,gkf,12,test,,Ca3AsF3
verified_only,mlp_physics9,gkf,12,test,,Ca3PF3
verified_only,mlp_physics9,gkf,12,test,,Mg3PI3
verified_only,mlp_physics9,gkf,12,test,,Ca3SbCl3
verified_only,mlp_physics9,gkf,12,test,,Mg3SbCl3
verified_only,mlp_physics9,gkf,12,inner_val,0,Ca3BiI3
verified_only,mlp_physics9,gkf,12,inner_val,0,Mg3PCl3
verified_only,mlp_physics9,gkf,12,inner_val,0,Ba3SbI3
verified_only,mlp_physics9,gkf,12,inner_val,0,Ca3SbBr3
verified_only,mlp_physics9,gkf,12,inner_val,0,Sr3SbI3
verified_only,mlp_physics9,gkf,12,inner_val,1,Ba3AsCl3
verified_only,mlp_physics9,gkf,12,inner_val,1,Ca3AsBr3
verified_only,mlp_physics9,gkf,12,inner_val,1,Mg3AsBr3
verified_only,mlp_physics9,gkf,12,inner_val,1,Ca3BiI3
verified_only,mlp_physics9,gkf,12,inner_val,1,Sr3PCl3
verified_only,mlp_physics9,gkf,12,inner_val,2,Ca3PCl3
verified_only,mlp_physics9,gkf,12,inner_val,2,Sr3PBr3
verified_only,mlp_physics9,gkf,12,inner_val,2,Sr3PCl3
verified_only,mlp_physics9,gkf,12,inner_val,2,Ca3SbF3
verified_only,mlp_physics9,gkf,12,inner_val,2,Mg3SbBr3
verified_only,mlp_physics9,gkf,12,inner_val,3,Mg3BiI3
verified_only,mlp_physics9,gkf,12,inner_val,3,Ca3PBr3
verified_only,mlp_physics9,gkf,12,inner_val,3,Ca3PCl3
verified_only,mlp_physics9,gkf,12,inner_val,3,Ba3SbBr3
verified_only,mlp_physics9,gkf,12,inner_val,3,Sr3SbI3
verified_only,mlp_physics9,gkf,12,inner_val,4,Ba3AsCl3
verified_only,mlp_physics9,gkf,12,inner_val,4,Sr3AsCl3
verified_only,mlp_physics9,gkf,12,inner_val,4,Mg3PBr3
verified_only,mlp_physics9,gkf,12,inner_val,4,Sr3PBr3
verified_only,mlp_physics9,gkf,12,inner_val,4,Sr3SbCl3
verified_only,mlp_physics9,gkf,13,test,,Mg3BiI3
verified_only,mlp_physics9,gkf,13,test,,Mg3PBr3
verified_only,mlp_physics9,gkf,13,test,,Sr3PCl3
verified_only,mlp_physics9,gkf,13,test,,Ba3SbI3
verified_only,mlp_physics9,gkf,13,test,,Ca3SbF3
verified_only,mlp_physics9,gkf,13,test,,Mg3SbF3
verified_only,mlp_physics9,gkf,13,inner_val,0,Ba3AsI3
verified_only,mlp_physics9,gkf,13,inner_val,0,Ca3PCl3
verified_only,mlp_physics9,gkf,13,inner_val,0,Ca3PI3
verified_only,mlp_physics9,gkf,13,inner_val,0,Sr3PBr3
verified_only,mlp_physics9,gkf,13,inner_val,0,Mg3SbCl3
verified_only,mlp_physics9,gkf,13,inner_val,1,Ba3AsCl3
verified_only,mlp_physics9,gkf,13,inner_val,1,Ca3PF3
verified_only,mlp_physics9,gkf,13,inner_val,1,Sr3PBr3
verified_only,mlp_physics9,gkf,13,inner_val,1,Mg3SbBr3
verified_only,mlp_physics9,gkf,13,inner_val,1,Sr3SbI3
verified_only,mlp_physics9,gkf,13,inner_val,2,Ba3AsCl3
verified_only,mlp_physics9,gkf,13,inner_val,2,Ba3AsI3
verified_only,mlp_physics9,gkf,13,inner_val,2,Ca3PBr3
verified_only,mlp_physics9,gkf,13,inner_val,2,Ca3SbBr3
verified_only,mlp_physics9,gkf,13,inner_val,2,Mg3SbCl3
verified_only,mlp_physics9,gkf,13,inner_val,3,Ca3AsBr3
verified_only,mlp_physics9,gkf,13,inner_val,3,Mg3PCl3
verified_only,mlp_physics9,gkf,13,inner_val,3,Mg3SbBr3
verified_only,mlp_physics9,gkf,13,inner_val,3,Mg3SbCl3
verified_only,mlp_physics9,gkf,13,inner_val,3,Mg3SbI3
verified_only,mlp_physics9,gkf,13,inner_val,4,Ba3AsI3
verified_only,mlp_physics9,gkf,13,inner_val,4,Sr3AsI3
verified_only,mlp_physics9,gkf,13,inner_val,4,Ca3PBr3
verified_only,mlp_physics9,gkf,13,inner_val,4,Ca3SbBr3
verified_only,mlp_physics9,gkf,13,inner_val,4,Mg3SbBr3
verified_only,mlp_physics9,gkf,14,test,,Mg3AsBr3
verified_only,mlp_physics9,gkf,14,test,,Ca3BiI3
verified_only,mlp_physics9,gkf,14,test,,Ca3PBr3
verified_only,mlp_physics9,gkf,14,test,,Sr3PI3
verified_only,mlp_physics9,gkf,14,test,,Ba3SbBr3
verified_only,mlp_physics9,gkf,14,test,,Ca3SbBr3
verified_only,mlp_physics9,gkf,14,inner_val,0,Ba3AsCl3
verified_only,mlp_physics9,gkf,14,inner_val,0,Mg3PBr3
verified_only,mlp_physics9,gkf,14,inner_val,0,Ba3SbI3
verified_only,mlp_physics9,gkf,14,inner_val,0,Mg3SbF3
verified_only,mlp_physics9,gkf,14,inner_val,0,Mg3SbI3
verified_only,mlp_physics9,gkf,14,inner_val,1,Ba3AsI3
verified_only,mlp_physics9,gkf,14,inner_val,1,Mg3BiBr3
verified_only,mlp_physics9,gkf,14,inner_val,1,Mg3SbBr3
verified_only,mlp_physics9,gkf,14,inner_val,1,Mg3SbF3
verified_only,mlp_physics9,gkf,14,inner_val,1,Sr3SbCl3
verified_only,mlp_physics9,gkf,14,inner_val,2,Mg3PCl3
verified_only,mlp_physics9,gkf,14,inner_val,2,Mg3PI3
verified_only,mlp_physics9,gkf,14,inner_val,2,Ba3SbI3
verified_only,mlp_physics9,gkf,14,inner_val,2,Mg3SbF3
verified_only,mlp_physics9,gkf,14,inner_val,2,Sr3SbI3
verified_only,mlp_physics9,gkf,14,inner_val,3,Ba3AsCl3
verified_only,mlp_physics9,gkf,14,inner_val,3,Mg3PI3
verified_only,mlp_physics9,gkf,14,inner_val,3,Sr3PBr3
verified_only,mlp_physics9,gkf,14,inner_val,3,Sr3PCl3
verified_only,mlp_physics9,gkf,14,inner_val,3,Sr3SbCl3
verified_only,mlp_physics9,gkf,14,inner_val,4,Ba3AsCl3
verified_only,mlp_physics9,gkf,14,inner_val,4,Ca3AsF3
verified_only,mlp_physics9,gkf,14,inner_val,4,Mg3BiI3
verified_only,mlp_physics9,gkf,14,inner_val,4,Ca3SbF3
verified_only,mlp_physics9,gkf,14,inner_val,4,Sr3SbI3
verified_only,mlp_physics9,gkf,15,test,,Ba3AsI3
verified_only,mlp_physics9,gkf,15,test,,Ca3AsBr3
verified_only,mlp_physics9,gkf,15,test,,Ca3AsF3
verified_only,mlp_physics9,gkf,15,test,,Sr3AsI3
verified_only,mlp_physics9,gkf,15,test,,Ca3PF3
verified_only,mlp_physics9,gkf,15,test,,Mg3PCl3
verified_only,mlp_physics9,gkf,15,test,,Ba3SbI3
verified_only,mlp_physics9,gkf,15,inner_val,0,Mg3AsBr3
verified_only,mlp_physics9,gkf,15,inner_val,0,Mg3BiBr3
verified_only,mlp_physics9,gkf,15,inner_val,0,Ca3PBr3
verified_only,mlp_physics9,gkf,15,inner_val,0,Mg3PI3
verified_only,mlp_physics9,gkf,15,inner_val,0,Ba3SbBr3
verified_only,mlp_physics9,gkf,15,inner_val,1,Ca3BiI3
verified_only,mlp_physics9,gkf,15,inner_val,1,Mg3BiI3
verified_only,mlp_physics9,gkf,15,inner_val,1,Sr3PI3
verified_only,mlp_physics9,gkf,15,inner_val,1,Mg3SbBr3
verified_only,mlp_physics9,gkf,15,inner_val,1,Sr3SbCl3
verified_only,mlp_physics9,gkf,15,inner_val,2,Ca3PI3
verified_only,mlp_physics9,gkf,15,inner_val,2,Mg3PI3
verified_only,mlp_physics9,gkf,15,inner_val,2,Sr3PBr3
verified_only,mlp_physics9,gkf,15,inner_val,2,Ca3SbBr3
verified_only,mlp_physics9,gkf,15,inner_val,2,Mg3SbCl3
verified_only,mlp_physics9,gkf,15,inner_val,3,Ba3AsCl3
verified_only,mlp_physics9,gkf,15,inner_val,3,Mg3BiI3
verified_only,mlp_physics9,gkf,15,inner_val,3,Ca3PCl3
verified_only,mlp_physics9,gkf,15,inner_val,3,Mg3PBr3
verified_only,mlp_physics9,gkf,15,inner_val,3,Ca3SbCl3
verified_only,mlp_physics9,gkf,15,inner_val,4,Mg3AsBr3
verified_only,mlp_physics9,gkf,15,inner_val,4,Ca3BiI3
verified_only,mlp_physics9,gkf,15,inner_val,4,Sr3PI3
verified_only,mlp_physics9,gkf,15,inner_val,4,Sr3SbCl3
verified_only,mlp_physics9,gkf,15,inner_val,4,Sr3SbI3
verified_only,mlp_physics9,gkf,16,test,,Mg3BiI3
verified_only,mlp_physics9,gkf,16,test,,Ca3PI3
verified_only,mlp_physics9,gkf,16,test,,Sr3PCl3
verified_only,mlp_physics9,gkf,16,test,,Ba3SbBr3
verified_only,mlp_physics9,gkf,16,test,,Ca3SbF3
verified_only,mlp_physics9,gkf,16,test,,Sr3SbCl3
verified_only,mlp_physics9,gkf,16,inner_val,0,Sr3AsCl3
verified_only,mlp_physics9,gkf,16,inner_val,0,Mg3BiBr3
verified_only,mlp_physics9,gkf,16,inner_val,0,Ca3PBr3
verified_only,mlp_physics9,gkf,16,inner_val,0,Mg3SbBr3
verified_only,mlp_physics9,gkf,16,inner_val,0,Mg3SbF3
verified_only,mlp_physics9,gkf,16,inner_val,1,Ca3AsF3
verified_only,mlp_physics9,gkf,16,inner_val,1,Sr3AsI3
verified_only,mlp_physics9,gkf,16,inner_val,1,Ca3PBr3
verified_only,mlp_physics9,gkf,16,inner_val,1,Sr3PBr3
verified_only,mlp_physics9,gkf,16,inner_val,1,Ba3SbI3
verified_only,mlp_physics9,gkf,16,inner_val,2,Ba3AsCl3
verified_only,mlp_physics9,gkf,16,inner_val,2,Mg3AsBr3
verified_only,mlp_physics9,gkf,16,inner_val,2,Ca3PBr3
verified_only,mlp_physics9,gkf,16,inner_val,2,Ca3PF3
verified_only,mlp_physics9,gkf,16,inner_val,2,Mg3PBr3
verified_only,mlp_physics9,gkf,16,inner_val,3,Sr3AsCl3
verified_only,mlp_physics9,gkf,16,inner_val,3,Ca3BiI3
verified_only,mlp_physics9,gkf,16,inner_val,3,Ca3PCl3
verified_only,mlp_physics9,gkf,16,inner_val,3,Mg3PBr3
verified_only,mlp_physics9,gkf,16,inner_val,3,Mg3PCl3
verified_only,mlp_physics9,gkf,16,inner_val,4,Mg3BiBr3
verified_only,mlp_physics9,gkf,16,inner_val,4,Ca3PF3
verified_only,mlp_physics9,gkf,16,inner_val,4,Mg3PI3
verified_only,mlp_physics9,gkf,16,inner_val,4,Ba3SbI3
verified_only,mlp_physics9,gkf,16,inner_val,4,Sr3SbI3
verified_only,mlp_physics9,gkf,17,test,,Ca3BiI3
verified_only,mlp_physics9,gkf,17,test,,Ca3PBr3
verified_only,mlp_physics9,gkf,17,test,,Mg3PI3
verified_only,mlp_physics9,gkf,17,test,,Ca3SbBr3
verified_only,mlp_physics9,gkf,17,test,,Mg3SbCl3
verified_only,mlp_physics9,gkf,17,test,,Mg3SbF3
verified_only,mlp_physics9,gkf,17,inner_val,0,Ba3AsI3
verified_only,mlp_physics9,gkf,17,inner_val,0,Sr3AsCl3
verified_only,mlp_physics9,gkf,17,inner_val,0,Sr3PCl3
verified_only,mlp_physics9,gkf,17,inner_val,0,Ca3SbCl3
verified_only,mlp_physics9,gkf,17,inner_val,0,Sr3SbCl3
verified_only,mlp_physics9,gkf,17,inner_val,1,Ba3AsCl3
verified_only,mlp_physics9,gkf,17,inner_val,1,Ba3AsI3
verified_only,mlp_physics9,gkf,17,inner_val,1,Sr3AsCl3
verified_only,mlp_physics9,gkf,17,inner_val,1,Ca3PCl3
verified_only,mlp_physics9,gkf,17,inner_val,1,Mg3PBr3
verified_only,mlp_physics9,gkf,17,inner_val,2,Ba3AsCl3
verified_only,mlp_physics9,gkf,17,inner_val,2,Ca3AsBr3
verified_only,mlp_physics9,gkf,17,inner_val,2,Ca3AsF3
verified_only,mlp_physics9,gkf,17,inner_val,2,Ca3PCl3
verified_only,mlp_physics9,gkf,17,inner_val,2,Sr3PBr3
verified_only,mlp_physics9,gkf,17,inner_val,3,Ba3AsCl3
verified_only,mlp_physics9,gkf,17,inner_val,3,Ba3AsI3
verified_only,mlp_physics9,gkf,17,inner_val,3,Sr3AsCl3
verified_only,mlp_physics9,gkf,17,inner_val,3,Ca3PI3
verified_only,mlp_physics9,gkf,17,inner_val,3,Mg3SbBr3
verified_only,mlp_physics9,gkf,17,inner_val,4,Mg3BiI3
verified_only,mlp_physics9,gkf,17,inner_val,4,Sr3PBr3
verified_only,mlp_physics9,gkf,17,inner_val,4,Sr3PCl3
verified_only,mlp_physics9,gkf,17,inner_val,4,Sr3PI3
verified_only,mlp_physics9,gkf,17,inner_val,4,Mg3SbI3
verified_only,mlp_physics9,gkf,18,test,,Ba3AsCl3
verified_only,mlp_physics9,gkf,18,test,,Sr3AsCl3
verified_only,mlp_physics9,gkf,18,test,,Ca3PCl3
verified_only,mlp_physics9,gkf,18,test,,Sr3PBr3
verified_only,mlp_physics9,gkf,18,test,,Sr3PI3
verified_only,mlp_physics9,gkf,18,test,,Mg3SbI3
verified_only,mlp_physics9,gkf,18,inner_val,0,Sr3AsI3
verified_only,mlp_physics9,gkf,18,inner_val,0,Ca3BiI3
verified_only,mlp_physics9,gkf,18,inner_val,0,Mg3BiBr3
verified_only,mlp_physics9,gkf,18,inner_val,0,Ca3SbBr3
verified_only,mlp_physics9,gkf,18,inner_val,0,Ca3SbF3
verified_only,mlp_physics9,gkf,18,inner_val,1,Ca3AsBr3
verified_only,mlp_physics9,gkf,18,inner_val,1,Ca3AsF3
verified_only,mlp_physics9,gkf,18,inner_val,1,Ca3SbCl3
verified_only,mlp_physics9,gkf,18,inner_val,1,Ca3SbF3
verified_only,mlp_physics9,gkf,18,inner_val,1,Mg3SbF3
verified_only,mlp_physics9,gkf,18,inner_val,2,Mg3PCl3
verified_only,mlp_physics9,gkf,18,inner_val,2,Sr3PCl3
verified_only,mlp_physics9,gkf,18,inner_val,2,Ca3SbCl3
verified_only,mlp_physics9,gkf,18,inner_val,2,Mg3SbBr3
verified_only,mlp_physics9,gkf,18,inner_val,2,Mg3SbCl3
verified_only,mlp_physics9,gkf,18,inner_val,3,Mg3BiI3
verified_only,mlp_physics9,gkf,18,inner_val,3,Ca3PI3
verified_only,mlp_physics9,gkf,18,inner_val,3,Sr3PCl3
verified_only,mlp_physics9,gkf,18,inner_val,3,Ca3SbF3
verified_only,mlp_physics9,gkf,18,inner_val,3,Sr3SbI3
verified_only,mlp_physics9,gkf,18,inner_val,4,Ba3AsI3
verified_only,mlp_physics9,gkf,18,inner_val,4,Mg3AsBr3
verified_only,mlp_physics9,gkf,18,inner_val,4,Ca3PBr3
verified_only,mlp_physics9,gkf,18,inner_val,4,Ca3PF3
verified_only,mlp_physics9,gkf,18,inner_val,4,Ca3SbF3
verified_only,mlp_physics9,gkf,19,test,,Mg3AsBr3
verified_only,mlp_physics9,gkf,19,test,,Mg3BiBr3
verified_only,mlp_physics9,gkf,19,test,,Mg3PBr3
verified_only,mlp_physics9,gkf,19,test,,Ca3SbCl3
verified_only,mlp_physics9,gkf,19,test,,Mg3SbBr3
verified_only,mlp_physics9,gkf,19,test,,Sr3SbI3
verified_only,mlp_physics9,gkf,19,inner_val,0,Sr3AsI3
verified_only,mlp_physics9,gkf,19,inner_val,0,Ca3BiI3
verified_only,mlp_physics9,gkf,19,inner_val,0,Ca3PCl3
verified_only,mlp_physics9,gkf,19,inner_val,0,Mg3PI3
verified_only,mlp_physics9,gkf,19,inner_val,0,Sr3SbCl3
verified_only,mlp_physics9,gkf,19,inner_val,1,Ba3AsI3
verified_only,mlp_physics9,gkf,19,inner_val,1,Ca3PCl3
verified_only,mlp_physics9,gkf,19,inner_val,1,Sr3PBr3
verified_only,mlp_physics9,gkf,19,inner_val,1,Ca3SbF3
verified_only,mlp_physics9,gkf,19,inner_val,1,Mg3SbCl3
verified_only,mlp_physics9,gkf,19,inner_val,2,Ca3AsF3
verified_only,mlp_physics9,gkf,19,inner_val,2,Sr3AsCl3
verified_only,mlp_physics9,gkf,19,inner_val,2,Ca3PBr3
verified_only,mlp_physics9,gkf,19,inner_val,2,Ba3SbI3
verified_only,mlp_physics9,gkf,19,inner_val,2,Mg3SbI3
verified_only,mlp_physics9,gkf,19,inner_val,3,Ba3AsCl3
verified_only,mlp_physics9,gkf,19,inner_val,3,Sr3AsI3
verified_only,mlp_physics9,gkf,19,inner_val,3,Mg3PCl3
verified_only,mlp_physics9,gkf,19,inner_val,3,Ba3SbBr3
verified_only,mlp_physics9,gkf,19,inner_val,3,Ca3SbBr3
verified_only,mlp_physics9,gkf,19,inner_val,4,Ca3PCl3
verified_only,mlp_physics9,gkf,19,inner_val,4,Ca3PF3
verified_only,mlp_physics9,gkf,19,inner_val,4,Ba3SbBr3
verified_only,mlp_physics9,gkf,19,inner_val,4,Ca3SbF3
verified_only,mlp_physics9,gkf,19,inner_val,4,Mg3SbI3
verified_only,mlp_physics9,gkf,20,test,,Ca3AsF3
verified_only,mlp_physics9,gkf,20,test,,Sr3AsCl3
verified_only,mlp_physics9,gkf,20,test,,Ca3PI3
verified_only,mlp_physics9,gkf,20,test,,Mg3PCl3
verified_only,mlp_physics9,gkf,20,test,,Mg3PI3
verified_only,mlp_physics9,gkf,20,test,,Ba3SbI3
verified_only,mlp_physics9,gkf,20,test,,Ca3SbCl3
verified_only,mlp_physics9,gkf,20,inner_val,0,Ca3AsBr3
verified_only,mlp_physics9,gkf,20,inner_val,0,Sr3AsI3
verified_only,mlp_physics9,gkf,20,inner_val,0,Ba3SbBr3
verified_only,mlp_physics9,gkf,20,inner_val,0,Ca3SbBr3
verified_only,mlp_physics9,gkf,20,inner_val,0,Mg3SbBr3
verified_only,mlp_physics9,gkf,20,inner_val,1,Mg3AsBr3
verified_only,mlp_physics9,gkf,20,inner_val,1,Sr3AsI3
verified_only,mlp_physics9,gkf,20,inner_val,1,Ca3PBr3
verified_only,mlp_physics9,gkf,20,inner_val,1,Ca3SbBr3
verified_only,mlp_physics9,gkf,20,inner_val,1,Mg3SbI3
verified_only,mlp_physics9,gkf,20,inner_val,2,Ba3AsI3
verified_only,mlp_physics9,gkf,20,inner_val,2,Sr3AsI3
verified_only,mlp_physics9,gkf,20,inner_val,2,Mg3BiI3
verified_only,mlp_physics9,gkf,20,inner_val,2,Ca3PF3
verified_only,mlp_physics9,gkf,20,inner_val,2,Sr3SbI3
verified_only,mlp_physics9,gkf,20,inner_val,3,Ba3AsCl3
verified_only,mlp_physics9,gkf,20,inner_val,3,Ca3PBr3
verified_only,mlp_physics9,gkf,20,inner_val,3,Sr3PI3
verified_only,mlp_physics9,gkf,20,inner_val,3,Mg3SbBr3
verified_only,mlp_physics9,gkf,20,inner_val,3,Sr3SbI3
verified_only,mlp_physics9,gkf,20,inner_val,4,Mg3AsBr3
verified_only,mlp_physics9,gkf,20,inner_val,4,Sr3PBr3
verified_only,mlp_physics9,gkf,20,inner_val,4,Sr3PCl3
verified_only,mlp_physics9,gkf,20,inner_val,4,Ba3SbBr3
verified_only,mlp_physics9,gkf,20,inner_val,4,Mg3SbCl3
verified_only,mlp_physics9,gkf,21,test,,Mg3AsBr3
verified_only,mlp_physics9,gkf,21,test,,Mg3BiI3
verified_only,mlp_physics9,gkf,21,test,,Ca3PF3
verified_only,mlp_physics9,gkf,21,test,,Sr3PI3
verified_only,mlp_physics9,gkf,21,test,,Mg3SbF3
verified_only,mlp_physics9,gkf,21,test,,Sr3SbCl3
verified_only,mlp_physics9,gkf,21,inner_val,0,Ba3AsCl3
verified_only,mlp_physics9,gkf,21,inner_val,0,Mg3BiBr3
verified_only,mlp_physics9,gkf,21,inner_val,0,Ca3PI3
verified_only,mlp_physics9,gkf,21,inner_val,0,Sr3PCl3
verified_only,mlp_physics9,gkf,21,inner_val,0,Mg3SbBr3
verified_only,mlp_physics9,gkf,21,inner_val,1,Sr3AsCl3
verified_only,mlp_physics9,gkf,21,inner_val,1,Mg3BiBr3
verified_only,mlp_physics9,gkf,21,inner_val,1,Sr3PBr3
verified_only,mlp_physics9,gkf,21,inner_val,1,Ca3SbCl3
verified_only,mlp_physics9,gkf,21,inner_val,1,Ca3SbF3
verified_only,mlp_physics9,gkf,21,inner_val,2,Mg3BiBr3
verified_only,mlp_physics9,gkf,21,inner_val,2,Ca3PI3
verified_only,mlp_physics9,gkf,21,inner_val,2,Mg3PBr3
verified_only,mlp_physics9,gkf,21,inner_val,2,Ca3SbF3
verified_only,mlp_physics9,gkf,21,inner_val,2,Mg3SbBr3
verified_only,mlp_physics9,gkf,21,inner_val,3,Ba3AsI3
verified_only,mlp_physics9,gkf,21,inner_val,3,Ca3AsF3
verified_only,mlp_physics9,gkf,21,inner_val,3,Sr3AsI3
verified_only,mlp_physics9,gkf,21,inner_val,3,Ca3SbBr3
verified_only,mlp_physics9,gkf,21,inner_val,3,Ca3SbF3
verified_only,mlp_physics9,gkf,21,inner_val,4,Ca3AsBr3
verified_only,mlp_physics9,gkf,21,inner_val,4,Ca3PCl3
verified_only,mlp_physics9,gkf,21,inner_val,4,Mg3PBr3
verified_only,mlp_physics9,gkf,21,inner_val,4,Ba3SbI3
verified_only,mlp_physics9,gkf,21,inner_val,4,Ca3SbCl3
verified_only,mlp_physics9,gkf,22,test,,Mg3PBr3
verified_only,mlp_physics9,gkf,22,test,,Sr3PBr3
verified_only,mlp_physics9,gkf,22,test,,Ca3SbF3
verified_only,mlp_physics9,gkf,22,test,,Mg3SbBr3
verified_only,mlp_physics9,gkf,22,test,,Mg3SbCl3
verified_only,mlp_physics9,gkf,22,test,,Mg3SbI3
verified_only,mlp_physics9,gkf,22,inner_val,0,Mg3BiBr3
verified_only,mlp_physics9,gkf,22,inner_val,0,Ca3PI3
verified_only,mlp_physics9,gkf,22,inner_val,0,Sr3PI3
verified_only,mlp_physics9,gkf,22,inner_val,0,Ca3SbBr3
verified_only,mlp_physics9,gkf,22,inner_val,0,Mg3SbF3
verified_only,mlp_physics9,gkf,22,inner_val,1,Mg3AsBr3
verified_only,mlp_physics9,gkf,22,inner_val,1,Sr3AsCl3
verified_only,mlp_physics9,gkf,22,inner_val,1,Ca3PI3
verified_only,mlp_physics9,gkf,22,inner_val,1,Mg3PCl3
verified_only,mlp_physics9,gkf,22,inner_val,1,Mg3PI3
verified_only,mlp_physics9,gkf,22,inner_val,2,Ba3AsI3
verified_only,mlp_physics9,gkf,22,inner_val,2,Mg3PCl3
verified_only,mlp_physics9,gkf,22,inner_val,2,Sr3PI3
verified_only,mlp_physics9,gkf,22,inner_val,2,Ba3SbBr3
verified_only,mlp_physics9,gkf,22,inner_val,2,Ba3SbI3
verified_only,mlp_physics9,gkf,22,inner_val,3,Mg3AsBr3
verified_only,mlp_physics9,gkf,22,inner_val,3,Sr3AsI3
verified_only,mlp_physics9,gkf,22,inner_val,3,Mg3PCl3
verified_only,mlp_physics9,gkf,22,inner_val,3,Mg3PI3
verified_only,mlp_physics9,gkf,22,inner_val,3,Ca3SbCl3
verified_only,mlp_physics9,gkf,22,inner_val,4,Ba3AsI3
verified_only,mlp_physics9,gkf,22,inner_val,4,Sr3AsI3
verified_only,mlp_physics9,gkf,22,inner_val,4,Ca3PF3
verified_only,mlp_physics9,gkf,22,inner_val,4,Sr3PI3
verified_only,mlp_physics9,gkf,22,inner_val,4,Ba3SbI3
verified_only,mlp_physics9,gkf,23,test,,Ba3AsCl3
verified_only,mlp_physics9,gkf,23,test,,Ba3AsI3
verified_only,mlp_physics9,gkf,23,test,,Ca3AsBr3
verified_only,mlp_physics9,gkf,23,test,,Sr3AsI3
verified_only,mlp_physics9,gkf,23,test,,Mg3BiBr3
verified_only,mlp_physics9,gkf,23,test,,Ba3SbBr3
verified_only,mlp_physics9,gkf,23,inner_val,0,Ca3PF3
verified_only,mlp_physics9,gkf,23,inner_val,0,Ca3PI3
verified_only,mlp_physics9,gkf,23,inner_val,0,Mg3PBr3
verified_only,mlp_physics9,gkf,23,inner_val,0,Ca3SbBr3
verified_only,mlp_physics9,gkf,23,inner_val,0,Sr3SbI3
verified_only,mlp_physics9,gkf,23,inner_val,1,Ca3PCl3
verified_only,mlp_physics9,gkf,23,inner_val,1,Ca3PI3
verified_only,mlp_physics9,gkf,23,inner_val,1,Mg3PI3
verified_only,mlp_physics9,gkf,23,inner_val,1,Sr3PI3
verified_only,mlp_physics9,gkf,23,inner_val,1,Sr3SbCl3
verified_only,mlp_physics9,gkf,23,inner_val,2,Sr3AsCl3
verified_only,mlp_physics9,gkf,23,inner_val,2,Ca3BiI3
verified_only,mlp_physics9,gkf,23,inner_val,2,Ca3PI3
verified_only,mlp_physics9,gkf,23,inner_val,2,Ba3SbI3
verified_only,mlp_physics9,gkf,23,inner_val,2,Ca3SbCl3
verified_only,mlp_physics9,gkf,23,inner_val,3,Mg3AsBr3
verified_only,mlp_physics9,gkf,23,inner_val,3,Mg3PI3
verified_only,mlp_physics9,gkf,23,inner_val,3,Mg3SbF3
verified_only,mlp_physics9,gkf,23,inner_val,3,Mg3SbI3
verified_only,mlp_physics9,gkf,23,inner_val,3,Sr3SbCl3
verified_only,mlp_physics9,gkf,23,inner_val,4,Mg3BiI3
verified_only,mlp_physics9,gkf,23,inner_val,4,Ca3PCl3
verified_only,mlp_physics9,gkf,23,inner_val,4,Sr3PCl3
verified_only,mlp_physics9,gkf,23,inner_val,4,Mg3SbBr3
verified_only,mlp_physics9,gkf,23,inner_val,4,Mg3SbF3
verified_only,mlp_physics9,gkf,24,test,,Ca3BiI3
verified_only,mlp_physics9,gkf,24,test,,Ca3PBr3
verified_only,mlp_physics9,gkf,24,test,,Ca3PCl3
verified_only,mlp_physics9,gkf,24,test,,Sr3PCl3
verified_only,mlp_physics9,gkf,24,test,,Ca3SbBr3
verified_only,mlp_physics9,gkf,24,test,,Sr3SbI3
verified_only,mlp_physics9,gkf,24,inner_val,0,Ca3PI3
verified_only,mlp_physics9,gkf,24,inner_val,0,Mg3PI3
verified_only,mlp_physics9,gkf,24,inner_val,0,Sr3PI3
verified_only,mlp_physics9,gkf,24,inner_val,0,Ba3SbI3
verified_only,mlp_physics9,gkf,24,inner_val,0,Ca3SbCl3
verified_only,mlp_physics9,gkf,24,inner_val,1,Ba3AsI3
verified_only,mlp_physics9,gkf,24,inner_val,1,Sr3AsI3
verified_only,mlp_physics9,gkf,24,inner_val,1,Ca3PF3
verified_only,mlp_physics9,gkf,24,inner_val,1,Ca3PI3
verified_only,mlp_physics9,gkf,24,inner_val,1,Mg3PI3
verified_only,mlp_physics9,gkf,24,inner_val,2,Mg3BiBr3
verified_only,mlp_physics9,gkf,24,inner_val,2,Sr3PI3
verified_only,mlp_physics9,gkf,24,inner_val,2,Mg3SbCl3
verified_only,mlp_physics9,gkf,24,inner_val,2,Mg3SbI3
verified_only,mlp_physics9,gkf,24,inner_val,2,Sr3SbCl3
verified_only,mlp_physics9,gkf,24,inner_val,3,Ca3AsF3
verified_only,mlp_physics9,gkf,24,inner_val,3,Mg3AsBr3
verified_only,mlp_physics9,gkf,24,inner_val,3,Sr3AsCl3
verified_only,mlp_physics9,gkf,24,inner_val,3,Sr3AsI3
verified_only,mlp_physics9,gkf,24,inner_val,3,Sr3PI3
verified_only,mlp_physics9,gkf,24,inner_val,4,Ba3AsI3
verified_only,mlp_physics9,gkf,24,inner_val,4,Sr3AsI3
verified_only,mlp_physics9,gkf,24,inner_val,4,Mg3BiBr3
verified_only,mlp_physics9,gkf,24,inner_val,4,Ca3PF3
verified_only,mlp_physics9,gkf,24,inner_val,4,Mg3SbI3
verified_only,mlp_physics9,gkf,25,test,,Ba3AsCl3
verified_only,mlp_physics9,gkf,25,test,,Sr3AsCl3
verified_only,mlp_physics9,gkf,25,test,,Sr3AsI3
verified_only,mlp_physics9,gkf,25,test,,Ca3PBr3
verified_only,mlp_physics9,gkf,25,test,,Mg3PBr3
verified_only,mlp_physics9,gkf,25,test,,Ca3SbBr3
verified_only,mlp_physics9,gkf,25,test,,Ca3SbF3
verified_only,mlp_physics9,gkf,25,inner_val,0,Ba3AsI3
verified_only,mlp_physics9,gkf,25,inner_val,0,Mg3BiI3
verified_only,mlp_physics9,gkf,25,inner_val,0,Sr3PI3
verified_only,mlp_physics9,gkf,25,inner_val,0,Ca3SbCl3
verified_only,mlp_physics9,gkf,25,inner_val,0,Sr3SbCl3
verified_only,mlp_physics9,gkf,25,inner_val,1,Ca3AsF3
verified_only,mlp_physics9,gkf,25,inner_val,1,Ca3PI3
verified_only,mlp_physics9,gkf,25,inner_val,1,Sr3PBr3
verified_only,mlp_physics9,gkf,25,inner_val,1,Sr3PCl3
verified_only,mlp_physics9,gkf,25,inner_val,1,Ca3SbCl3
verified_only,mlp_physics9,gkf,25,inner_val,2,Ca3PCl3
verified_only,mlp_physics9,gkf,25,inner_val,2,Ca3PI3
verified_only,mlp_physics9,gkf,25,inner_val,2,Ba3SbBr3
verified_only,mlp_physics9,gkf,25,inner_val,2,Mg3SbBr3
verified_only,mlp_physics9,gkf,25,inner_val,2,Mg3SbCl3
verified_only,mlp_physics9,gkf,25,inner_val,3,Ca3PI3
verified_only,mlp_physics9,gkf,25,inner_val,3,Ba3SbBr3
verified_only,mlp_physics9,gkf,25,inner_val,3,Ba3SbI3
verified_only,mlp_physics9,gkf,25,inner_val,3,Ca3SbCl3
verified_only,mlp_physics9,gkf,25,inner_val,3,Sr3SbCl3
verified_only,mlp_physics9,gkf,25,inner_val,4,Ca3PI3
verified_only,mlp_physics9,gkf,25,inner_val,4,Sr3PBr3
verified_only,mlp_physics9,gkf,25,inner_val,4,Sr3PI3
verified_only,mlp_physics9,gkf,25,inner_val,4,Mg3SbBr3
verified_only,mlp_physics9,gkf,25,inner_val,4,Sr3SbI3
verified_only,mlp_physics9,gkf,26,test,,Ba3AsI3
verified_only,mlp_physics9,gkf,26,test,,Ca3AsF3
verified_only,mlp_physics9,gkf,26,test,,Ca3PCl3
verified_only,mlp_physics9,gkf,26,test,,Ba3SbBr3
verified_only,mlp_physics9,gkf,26,test,,Mg3SbF3
verified_only,mlp_physics9,gkf,26,test,,Sr3SbI3
verified_only,mlp_physics9,gkf,26,inner_val,0,Ca3AsBr3
verified_only,mlp_physics9,gkf,26,inner_val,0,Sr3AsI3
verified_only,mlp_physics9,gkf,26,inner_val,0,Mg3BiBr3
verified_only,mlp_physics9,gkf,26,inner_val,0,Mg3PBr3
verified_only,mlp_physics9,gkf,26,inner_val,0,Mg3SbCl3
verified_only,mlp_physics9,gkf,26,inner_val,1,Sr3AsI3
verified_only,mlp_physics9,gkf,26,inner_val,1,Ca3BiI3
verified_only,mlp_physics9,gkf,26,inner_val,1,Mg3PCl3
verified_only,mlp_physics9,gkf,26,inner_val,1,Ba3SbI3
verified_only,mlp_physics9,gkf,26,inner_val,1,Mg3SbCl3
verified_only,mlp_physics9,gkf,26,inner_val,2,Mg3AsBr3
verified_only,mlp_physics9,gkf,26,inner_val,2,Mg3PCl3
verified_only,mlp_physics9,gkf,26,inner_val,2,Ca3SbCl3
verified_only,mlp_physics9,gkf,26,inner_val,2,Mg3SbI3
verified_only,mlp_physics9,gkf,26,inner_val,2,Sr3SbCl3
verified_only,mlp_physics9,gkf,26,inner_val,3,Sr3AsCl3
verified_only,mlp_physics9,gkf,26,inner_val,3,Ca3BiI3
verified_only,mlp_physics9,gkf,26,inner_val,3,Sr3PCl3
verified_only,mlp_physics9,gkf,26,inner_val,3,Sr3PI3
verified_only,mlp_physics9,gkf,26,inner_val,3,Ca3SbCl3
verified_only,mlp_physics9,gkf,26,inner_val,4,Mg3AsBr3
verified_only,mlp_physics9,gkf,26,inner_val,4,Sr3PBr3
verified_only,mlp_physics9,gkf,26,inner_val,4,Sr3PI3
verified_only,mlp_physics9,gkf,26,inner_val,4,Mg3SbCl3
verified_only,mlp_physics9,gkf,26,inner_val,4,Mg3SbI3
verified_only,mlp_physics9,gkf,27,test,,Mg3BiBr3
verified_only,mlp_physics9,gkf,27,test,,Ca3PI3
verified_only,mlp_physics9,gkf,27,test,,Mg3SbBr3
verified_only,mlp_physics9,gkf,27,test,,Mg3SbCl3
verified_only,mlp_physics9,gkf,27,test,,Mg3SbI3
verified_only,mlp_physics9,gkf,27,test,,Sr3SbCl3
verified_only,mlp_physics9,gkf,27,inner_val,0,Ca3AsF3
verified_only,mlp_physics9,gkf,27,inner_val,0,Mg3AsBr3
verified_only,mlp_physics9,gkf,27,inner_val,0,Sr3AsI3
verified_only,mlp_physics9,gkf,27,inner_val,0,Ca3BiI3
verified_only,mlp_physics9,gkf,27,inner_val,0,Sr3PBr3
verified_only,mlp_physics9,gkf,27,inner_val,1,Ba3AsI3
verified_only,mlp_physics9,gkf,27,inner_val,1,Ca3BiI3
verified_only,mlp_physics9,gkf,27,inner_val,1,Ba3SbBr3
verified_only,mlp_physics9,gkf,27,inner_val,1,Mg3SbF3
verified_only,mlp_physics9,gkf,27,inner_val,1,Sr3SbI3
verified_only,mlp_physics9,gkf,27,inner_val,2,Ca3AsBr3
verified_only,mlp_physics9,gkf,27,inner_val,2,Mg3AsBr3
verified_only,mlp_physics9,gkf,27,inner_val,2,Mg3PBr3
verified_only,mlp_physics9,gkf,27,inner_val,2,Ba3SbBr3
verified_only,mlp_physics9,gkf,27,inner_val,2,Ca3SbCl3
verified_only,mlp_physics9,gkf,27,inner_val,3,Ba3AsCl3
verified_only,mlp_physics9,gkf,27,inner_val,3,Ca3AsF3
verified_only,mlp_physics9,gkf,27,inner_val,3,Sr3AsI3
verified_only,mlp_physics9,gkf,27,inner_val,3,Mg3PCl3
verified_only,mlp_physics9,gkf,27,inner_val,3,Mg3SbF3
verified_only,mlp_physics9,gkf,27,inner_val,4,Mg3BiI3
verified_only,mlp_physics9,gkf,27,inner_val,4,Ca3PBr3
verified_only,mlp_physics9,gkf,27,inner_val,4,Ca3PF3
verified_only,mlp_physics9,gkf,27,inner_val,4,Ba3SbI3
verified_only,mlp_physics9,gkf,27,inner_val,4,Ca3SbCl3
verified_only,mlp_physics9,gkf,28,test,,Ca3AsBr3
verified_only,mlp_physics9,gkf,28,test,,Mg3AsBr3
verified_only,mlp_physics9,gkf,28,test,,Mg3PI3
verified_only,mlp_physics9,gkf,28,test,,Sr3PBr3
verified_only,mlp_physics9,gkf,28,test,,Sr3PI3
verified_only,mlp_physics9,gkf,28,test,,Ba3SbI3
verified_only,mlp_physics9,gkf,28,inner_val,0,Sr3AsCl3
verified_only,mlp_physics9,gkf,28,inner_val,0,Ca3PCl3
verified_only,mlp_physics9,gkf,28,inner_val,0,Ca3PF3
verified_only,mlp_physics9,gkf,28,inner_val,0,Mg3PCl3
verified_only,mlp_physics9,gkf,28,inner_val,0,Ba3SbBr3
verified_only,mlp_physics9,gkf,28,inner_val,1,Mg3PBr3
verified_only,mlp_physics9,gkf,28,inner_val,1,Ca3SbBr3
verified_only,mlp_physics9,gkf,28,inner_val,1,Mg3SbI3
verified_only,mlp_physics9,gkf,28,inner_val,1,Sr3SbCl3
verified_only,mlp_physics9,gkf,28,inner_val,1,Sr3SbI3
verified_only,mlp_physics9,gkf,28,inner_val,2,Ca3PBr3
verified_only,mlp_physics9,gkf,28,inner_val,2,Ba3SbBr3
verified_only,mlp_physics9,gkf,28,inner_val,2,Mg3SbBr3
verified_only,mlp_physics9,gkf,28,inner_val,2,Mg3SbCl3
verified_only,mlp_physics9,gkf,28,inner_val,2,Sr3SbCl3
verified_only,mlp_physics9,gkf,28,inner_val,3,Ba3AsCl3
verified_only,mlp_physics9,gkf,28,inner_val,3,Mg3BiI3
verified_only,mlp_physics9,gkf,28,inner_val,3,Mg3PBr3
verified_only,mlp_physics9,gkf,28,inner_val,3,Mg3SbI3
verified_only,mlp_physics9,gkf,28,inner_val,3,Sr3SbI3
verified_only,mlp_physics9,gkf,28,inner_val,4,Mg3BiBr3
verified_only,mlp_physics9,gkf,28,inner_val,4,Ca3PBr3
verified_only,mlp_physics9,gkf,28,inner_val,4,Mg3PBr3
verified_only,mlp_physics9,gkf,28,inner_val,4,Mg3SbBr3
verified_only,mlp_physics9,gkf,28,inner_val,4,Mg3SbCl3
verified_only,mlp_physics9,gkf,29,test,,Ca3BiI3
verified_only,mlp_physics9,gkf,29,test,,Mg3BiI3
verified_only,mlp_physics9,gkf,29,test,,Ca3PF3
verified_only,mlp_physics9,gkf,29,test,,Mg3PCl3
verified_only,mlp_physics9,gkf,29,test,,Sr3PCl3
verified_only,mlp_physics9,gkf,29,test,,Ca3SbCl3
verified_only,mlp_physics9,gkf,29,inner_val,0,Ba3AsCl3
verified_only,mlp_physics9,gkf,29,inner_val,0,Ca3PBr3
verified_only,mlp_physics9,gkf,29,inner_val,0,Ca3PCl3
verified_only,mlp_physics9,gkf,29,inner_val,0,Mg3SbBr3
verified_only,mlp_physics9,gkf,29,inner_val,0,Sr3SbCl3
verified_only,mlp_physics9,gkf,29,inner_val,1,Mg3AsBr3
verified_only,mlp_physics9,gkf,29,inner_val,1,Mg3BiBr3
verified_only,mlp_physics9,gkf,29,inner_val,1,Ba3SbBr3
verified_only,mlp_physics9,gkf,29,inner_val,1,Ca3SbF3
verified_only,mlp_physics9,gkf,29,inner_val,1,Sr3SbCl3
verified_only,mlp_physics9,gkf,29,inner_val,2,Ca3AsF3
verified_only,mlp_physics9,gkf,29,inner_val,2,Mg3AsBr3
verified_only,mlp_physics9,gkf,29,inner_val,2,Mg3PBr3
verified_only,mlp_physics9,gkf,29,inner_val,2,Sr3PI3
verified_only,mlp_physics9,gkf,29,inner_val,2,Ba3SbBr3
verified_only,mlp_physics9,gkf,29,inner_val,3,Ba3AsCl3
verified_only,mlp_physics9,gkf,29,inner_val,3,Ca3AsF3
verified_only,mlp_physics9,gkf,29,inner_val,3,Sr3AsI3
verified_only,mlp_physics9,gkf,29,inner_val,3,Mg3SbCl3
verified_only,mlp_physics9,gkf,29,inner_val,3,Mg3SbI3
verified_only,mlp_physics9,gkf,29,inner_val,4,Mg3PBr3
verified_only,mlp_physics9,gkf,29,inner_val,4,Ca3SbF3
verified_only,mlp_physics9,gkf,29,inner_val,4,Mg3SbBr3
verified_only,mlp_physics9,gkf,29,inner_val,4,Mg3SbF3
verified_only,mlp_physics9,gkf,29,inner_val,4,Mg3SbI3
verified_only,mlp_physics9,gkf,30,test,,Ba3AsI3
verified_only,mlp_physics9,gkf,30,test,,Mg3AsBr3
verified_only,mlp_physics9,gkf,30,test,,Mg3BiBr3
verified_only,mlp_physics9,gkf,30,test,,Mg3PBr3
verified_only,mlp_physics9,gkf,30,test,,Ba3SbI3
verified_only,mlp_physics9,gkf,30,test,,Ca3SbBr3
verified_only,mlp_physics9,gkf,30,test,,Mg3SbCl3
verified_only,mlp_physics9,gkf,30,inner_val,0,Sr3AsCl3
verified_only,mlp_physics9,gkf,30,inner_val,0,Sr3AsI3
verified_only,mlp_physics9,gkf,30,inner_val,0,Sr3PBr3
verified_only,mlp_physics9,gkf,30,inner_val,0,Mg3SbBr3
verified_only,mlp_physics9,gkf,30,inner_val,0,Mg3SbF3
verified_only,mlp_physics9,gkf,30,inner_val,1,Ba3AsCl3
verified_only,mlp_physics9,gkf,30,inner_val,1,Ca3AsBr3
verified_only,mlp_physics9,gkf,30,inner_val,1,Mg3PCl3
verified_only,mlp_physics9,gkf,30,inner_val,1,Ca3SbCl3
verified_only,mlp_physics9,gkf,30,inner_val,1,Sr3SbI3
verified_only,mlp_physics9,gkf,30,inner_val,2,Ca3AsF3
verified_only,mlp_physics9,gkf,30,inner_val,2,Sr3AsCl3
verified_only,mlp_physics9,gkf,30,inner_val,2,Mg3BiI3
verified_only,mlp_physics9,gkf,30,inner_val,2,Ca3PBr3
verified_only,mlp_physics9,gkf,30,inner_val,2,Mg3PI3
verified_only,mlp_physics9,gkf,30,inner_val,3,Ca3AsBr3
verified_only,mlp_physics9,gkf,30,inner_val,3,Ca3BiI3
verified_only,mlp_physics9,gkf,30,inner_val,3,Ca3SbF3
verified_only,mlp_physics9,gkf,30,inner_val,3,Mg3SbF3
verified_only,mlp_physics9,gkf,30,inner_val,3,Sr3SbCl3
verified_only,mlp_physics9,gkf,30,inner_val,4,Ba3AsCl3
verified_only,mlp_physics9,gkf,30,inner_val,4,Sr3AsCl3
verified_only,mlp_physics9,gkf,30,inner_val,4,Mg3BiI3
verified_only,mlp_physics9,gkf,30,inner_val,4,Ca3PI3
verified_only,mlp_physics9,gkf,30,inner_val,4,Mg3SbF3
verified_only,mlp_physics9,gkf,31,test,,Ca3AsBr3
verified_only,mlp_physics9,gkf,31,test,,Mg3BiI3
verified_only,mlp_physics9,gkf,31,test,,Ca3PF3
verified_only,mlp_physics9,gkf,31,test,,Mg3PCl3
verified_only,mlp_physics9,gkf,31,test,,Sr3PI3
verified_only,mlp_physics9,gkf,31,test,,Mg3SbI3
verified_only,mlp_physics9,gkf,31,inner_val,0,Mg3AsBr3
verified_only,mlp_physics9,gkf,31,inner_val,0,Sr3AsCl3
verified_only,mlp_physics9,gkf,31,inner_val,0,Ca3PBr3
verified_only,mlp_physics9,gkf,31,inner_val,0,Ca3SbCl3
verified_only,mlp_physics9,gkf,31,inner_val,0,Sr3SbCl3
verified_only,mlp_physics9,gkf,31,inner_val,1,Ba3AsCl3
verified_only,mlp_physics9,gkf,31,inner_val,1,Mg3AsBr3
verified_only,mlp_physics9,gkf,31,inner_val,1,Ca3PCl3
verified_only,mlp_physics9,gkf,31,inner_val,1,Sr3PBr3
verified_only,mlp_physics9,gkf,31,inner_val,1,Ba3SbBr3
verified_only,mlp_physics9,gkf,31,inner_val,2,Ca3AsF3
verified_only,mlp_physics9,gkf,31,inner_val,2,Ca3BiI3
verified_only,mlp_physics9,gkf,31,inner_val,2,Ba3SbI3
verified_only,mlp_physics9,gkf,31,inner_val,2,Ca3SbF3
verified_only,mlp_physics9,gkf,31,inner_val,2,Sr3SbI3
verified_only,mlp_physics9,gkf,31,inner_val,3,Ba3AsCl3
verified_only,mlp_physics9,gkf,31,inner_val,3,Ca3PCl3
verified_only,mlp_physics9,gkf,31,inner_val,3,Ba3SbBr3
verified_only,mlp_physics9,gkf,31,inner_val,3,Ca3SbBr3
verified_only,mlp_physics9,gkf,31,inner_val,3,Ca3SbCl3
verified_only,mlp_physics9,gkf,31,inner_val,4,Sr3AsCl3
verified_only,mlp_physics9,gkf,31,inner_val,4,Mg3PI3
verified_only,mlp_physics9,gkf,31,inner_val,4,Sr3PBr3
verified_only,mlp_physics9,gkf,31,inner_val,4,Ca3SbF3
verified_only,mlp_physics9,gkf,31,inner_val,4,Mg3SbCl3
verified_only,mlp_physics9,gkf,32,test,,Ca3AsF3
verified_only,mlp_physics9,gkf,32,test,,Ca3PBr3
verified_only,mlp_physics9,gkf,32,test,,Ca3SbF3
verified_only,mlp_physics9,gkf,32,test,,Mg3SbBr3
verified_only,mlp_physics9,gkf,32,test,,Sr3SbCl3
verified_only,mlp_physics9,gkf,32,test,,Sr3SbI3
verified_only,mlp_physics9,gkf,32,inner_val,0,Ba3AsCl3
verified_only,mlp_physics9,gkf,32,inner_val,0,Mg3PI3
verified_only,mlp_physics9,gkf,32,inner_val,0,Sr3PBr3
verified_only,mlp_physics9,gkf,32,inner_val,0,Ca3SbCl3
verified_only,mlp_physics9,gkf,32,inner_val,0,Mg3SbF3
verified_only,mlp_physics9,gkf,32,inner_val,1,Ba3AsCl3
verified_only,mlp_physics9,gkf,32,inner_val,1,Ca3AsBr3
verified_only,mlp_physics9,gkf,32,inner_val,1,Ca3BiI3
verified_only,mlp_physics9,gkf,32,inner_val,1,Mg3PBr3
verified_only,mlp_physics9,gkf,32,inner_val,1,Ba3SbI3
verified_only,mlp_physics9,gkf,32,inner_val,2,Ca3AsBr3
verified_only,mlp_physics9,gkf,32,inner_val,2,Ca3PCl3
verified_only,mlp_physics9,gkf,32,inner_val,2,Mg3PBr3
verified_only,mlp_physics9,gkf,32,inner_val,2,Sr3PBr3
verified_only,mlp_physics9,gkf,32,inner_val,2,Sr3PI3
verified_only,mlp_physics9,gkf,32,inner_val,3,Ca3AsBr3
verified_only,mlp_physics9,gkf,32,inner_val,3,Sr3AsI3
verified_only,mlp_physics9,gkf,32,inner_val,3,Mg3BiI3
verified_only,mlp_physics9,gkf,32,inner_val,3,Ca3PCl3
verified_only,mlp_physics9,gkf,32,inner_val,3,Ca3SbBr3
verified_only,mlp_physics9,gkf,32,inner_val,4,Ba3AsCl3
verified_only,mlp_physics9,gkf,32,inner_val,4,Sr3AsI3
verified_only,mlp_physics9,gkf,32,inner_val,4,Ca3PCl3
verified_only,mlp_physics9,gkf,32,inner_val,4,Mg3PI3
verified_only,mlp_physics9,gkf,32,inner_val,4,Mg3SbF3
verified_only,mlp_physics9,gkf,33,test,,Ba3AsCl3
verified_only,mlp_physics9,gkf,33,test,,Ca3PCl3
verified_only,mlp_physics9,gkf,33,test,,Mg3PI3
verified_only,mlp_physics9,gkf,33,test,,Sr3PBr3
verified_only,mlp_physics9,gkf,33,test,,Ba3SbBr3
verified_only,mlp_physics9,gkf,33,test,,Ca3SbCl3
verified_only,mlp_physics9,gkf,33,inner_val,0,Ba3AsI3
verified_only,mlp_physics9,gkf,33,inner_val,0,Ca3AsF3
verified_only,mlp_physics9,gkf,33,inner_val,0,Mg3AsBr3
verified_only,mlp_physics9,gkf,33,inner_val,0,Ca3PF3
verified_only,mlp_physics9,gkf,33,inner_val,0,Mg3SbI3
verified_only,mlp_physics9,gkf,33,inner_val,1,Ca3AsBr3
verified_only,mlp_physics9,gkf,33,inner_val,1,Mg3AsBr3
verified_only,mlp_physics9,gkf,33,inner_val,1,Mg3BiBr3
verified_only,mlp_physics9,gkf,33,inner_val,1,Ba3SbI3
verified_only,mlp_physics9,gkf,33,inner_val,1,Mg3SbF3
verified_only,mlp_physics9,gkf,33,inner_val,2,Ca3BiI3
verified_only,mlp_physics9,gkf,33,inner_val,2,Ca3PBr3
verified_only,mlp_physics9,gkf,33,inner_val,2,Ba3SbI3
verified_only,mlp_physics9,gkf,33,inner_val,2,Mg3SbBr3
verified_only,mlp_physics9,gkf,33,inner_val,2,Sr3SbCl3
verified_only,mlp_physics9,gkf,33,inner_val,3,Ba3AsI3
verified_only,mlp_physics9,gkf,33,inner_val,3,Sr3AsCl3
verified_only,mlp_physics9,gkf,33,inner_val,3,Mg3BiI3
verified_only,mlp_physics9,gkf,33,inner_val,3,Ca3PF3
verified_only,mlp_physics9,gkf,33,inner_val,3,Sr3SbI3
verified_only,mlp_physics9,gkf,33,inner_val,4,Ca3AsBr3
verified_only,mlp_physics9,gkf,33,inner_val,4,Mg3AsBr3
verified_only,mlp_physics9,gkf,33,inner_val,4,Mg3SbBr3
verified_only,mlp_physics9,gkf,33,inner_val,4,Mg3SbCl3
verified_only,mlp_physics9,gkf,33,inner_val,4,Sr3SbCl3
verified_only,mlp_physics9,gkf,34,test,,Sr3AsCl3
verified_only,mlp_physics9,gkf,34,test,,Sr3AsI3
verified_only,mlp_physics9,gkf,34,test,,Ca3BiI3
verified_only,mlp_physics9,gkf,34,test,,Ca3PI3
verified_only,mlp_physics9,gkf,34,test,,Sr3PCl3
verified_only,mlp_physics9,gkf,34,test,,Mg3SbF3
verified_only,mlp_physics9,gkf,34,inner_val,0,Ca3AsBr3
verified_only,mlp_physics9,gkf,34,inner_val,0,Mg3BiBr3
verified_only,mlp_physics9,gkf,34,inner_val,0,Mg3PI3
verified_only,mlp_physics9,gkf,34,inner_val,0,Ba3SbBr3
verified_only,mlp_physics9,gkf,34,inner_val,0,Ca3SbCl3
verified_only,mlp_physics9,gkf,34,inner_val,1,Ca3AsBr3
verified_only,mlp_physics9,gkf,34,inner_val,1,Ca3PF3
verified_only,mlp_physics9,gkf,34,inner_val,1,Ba3SbI3
verified_only,mlp_physics9,gkf,34,inner_val,1,Sr3SbCl3
verified_only,mlp_physics9,gkf,34,inner_val,1,Sr3SbI3
verified_only,mlp_physics9,gkf,34,inner_val,2,Mg3BiBr3
verified_only,mlp_physics9,gkf,34,inner_val,2,Mg3BiI3
verified_only,mlp_physics9,gkf,34,inner_val,2,Mg3PI3
verified_only,mlp_physics9,gkf,34,inner_val,2,Ca3SbCl3
verified_only,mlp_physics9,gkf,34,inner_val,2,Mg3SbBr3
verified_only,mlp_physics9,gkf,34,inner_val,3,Ca3PCl3
verified_only,mlp_physics9,gkf,34,inner_val,3,Ba3SbI3
verified_only,mlp_physics9,gkf,34,inner_val,3,Ca3SbCl3
verified_only,mlp_physics9,gkf,34,inner_val,3,Sr3SbCl3
verified_only,mlp_physics9,gkf,34,inner_val,3,Sr3SbI3
verified_only,mlp_physics9,gkf,34,inner_val,4,Ba3AsCl3
verified_only,mlp_physics9,gkf,34,inner_val,4,Ca3PBr3
verified_only,mlp_physics9,gkf,34,inner_val,4,Mg3PI3
verified_only,mlp_physics9,gkf,34,inner_val,4,Sr3PBr3
verified_only,mlp_physics9,gkf,34,inner_val,4,Sr3SbI3
verified_only,mlp_physics9,gkf,35,test,,Ca3PCl3
verified_only,mlp_physics9,gkf,35,test,,Ca3PI3
verified_only,mlp_physics9,gkf,35,test,,Sr3PBr3
verified_only,mlp_physics9,gkf,35,test,,Sr3PCl3
verified_only,mlp_physics9,gkf,35,test,,Ba3SbI3
verified_only,mlp_physics9,gkf,35,test,,Ca3SbCl3
verified_only,mlp_physics9,gkf,35,test,,Ca3SbF3
verified_only,mlp_physics9,gkf,35,inner_val,0,Ca3BiI3
verified_only,mlp_physics9,gkf,35,inner_val,0,Mg3PBr3
verified_only,mlp_physics9,gkf,35,inner_val,0,Mg3PCl3
verified_only,mlp_physics9,gkf,35,inner_val,0,Ca3SbBr3
verified_only,mlp_physics9,gkf,35,inner_val,0,Mg3SbF3
verified_only,mlp_physics9,gkf,35,inner_val,1,Ca3AsF3
verified_only,mlp_physics9,gkf,35,inner_val,1,Sr3AsI3
verified_only,mlp_physics9,gkf,35,inner_val,1,Ca3PF3
verified_only,mlp_physics9,gkf,35,inner_val,1,Ba3SbBr3
verified_only,mlp_physics9,gkf,35,inner_val,1,Sr3SbCl3
verified_only,mlp_physics9,gkf,35,inner_val,2,Ba3AsCl3
verified_only,mlp_physics9,gkf,35,inner_val,2,Ba3AsI3
verified_only,mlp_physics9,gkf,35,inner_val,2,Sr3AsI3
verified_only,mlp_physics9,gkf,35,inner_val,2,Mg3PCl3
verified_only,mlp_physics9,gkf,35,inner_val,2,Ba3SbBr3
verified_only,mlp_physics9,gkf,35,inner_val,3,Ba3AsI3
verified_only,mlp_physics9,gkf,35,inner_val,3,Mg3AsBr3
verified_only,mlp_physics9,gkf,35,inner_val,3,Mg3PI3
verified_only,mlp_physics9,gkf,35,inner_val,3,Ca3SbBr3
verified_only,mlp_physics9,gkf,35,inner_val,3,Sr3SbCl3
verified_only,mlp_physics9,gkf,35,inner_val,4,Ca3AsBr3
verified_only,mlp_physics9,gkf,35,inner_val,4,Sr3AsCl3
verified_only,mlp_physics9,gkf,35,inner_val,4,Mg3PBr3
verified_only,mlp_physics9,gkf,35,inner_val,4,Mg3SbBr3
verified_only,mlp_physics9,gkf,35,inner_val,4,Sr3SbI3
verified_only,mlp_physics9,gkf,36,test,,Ca3AsF3
verified_only,mlp_physics9,gkf,36,test,,Sr3AsCl3
verified_only,mlp_physics9,gkf,36,test,,Ca3PBr3
verified_only,mlp_physics9,gkf,36,test,,Ca3PF3
verified_only,mlp_physics9,gkf,36,test,,Mg3PBr3
verified_only,mlp_physics9,gkf,36,test,,Sr3PI3
verified_only,mlp_physics9,gkf,36,inner_val,0,Ba3AsCl3
verified_only,mlp_physics9,gkf,36,inner_val,0,Ba3SbI3
verified_only,mlp_physics9,gkf,36,inner_val,0,Mg3SbBr3
verified_only,mlp_physics9,gkf,36,inner_val,0,Mg3SbF3
verified_only,mlp_physics9,gkf,36,inner_val,0,Sr3SbCl3
verified_only,mlp_physics9,gkf,36,inner_val,1,Sr3PBr3
verified_only,mlp_physics9,gkf,36,inner_val,1,Mg3SbBr3
verified_only,mlp_physics9,gkf,36,inner_val,1,Mg3SbI3
verified_only,mlp_physics9,gkf,36,inner_val,1,Sr3SbCl3
verified_only,mlp_physics9,gkf,36,inner_val,1,Sr3SbI3
verified_only,mlp_physics9,gkf,36,inner_val,2,Ba3AsI3
verified_only,mlp_physics9,gkf,36,inner_val,2,Ca3AsBr3
verified_only,mlp_physics9,gkf,36,inner_val,2,Sr3PCl3
verified_only,mlp_physics9,gkf,36,inner_val,2,Mg3SbI3
verified_only,mlp_physics9,gkf,36,inner_val,2,Sr3SbCl3
verified_only,mlp_physics9,gkf,36,inner_val,3,Ca3BiI3
verified_only,mlp_physics9,gkf,36,inner_val,3,Ba3SbBr3
verified_only,mlp_physics9,gkf,36,inner_val,3,Ca3SbCl3
verified_only,mlp_physics9,gkf,36,inner_val,3,Mg3SbF3
verified_only,mlp_physics9,gkf,36,inner_val,3,Sr3SbCl3
verified_only,mlp_physics9,gkf,36,inner_val,4,Mg3AsBr3
verified_only,mlp_physics9,gkf,36,inner_val,4,Ca3BiI3
verified_only,mlp_physics9,gkf,36,inner_val,4,Mg3PI3
verified_only,mlp_physics9,gkf,36,inner_val,4,Ca3SbCl3
verified_only,mlp_physics9,gkf,36,inner_val,4,Mg3SbBr3
verified_only,mlp_physics9,gkf,37,test,,Ba3AsCl3
verified_only,mlp_physics9,gkf,37,test,,Mg3AsBr3
verified_only,mlp_physics9,gkf,37,test,,Mg3BiBr3
verified_only,mlp_physics9,gkf,37,test,,Mg3PCl3
verified_only,mlp_physics9,gkf,37,test,,Mg3SbF3
verified_only,mlp_physics9,gkf,37,test,,Sr3SbCl3
verified_only,mlp_physics9,gkf,37,inner_val,0,Sr3PCl3
verified_only,mlp_physics9,gkf,37,inner_val,0,Ca3SbBr3
verified_only,mlp_physics9,gkf,37,inner_val,0,Ca3SbF3
verified_only,mlp_physics9,gkf,37,inner_val,0,Mg3SbCl3
verified_only,mlp_physics9,gkf,37,inner_val,0,Mg3SbI3
verified_only,mlp_physics9,gkf,37,inner_val,1,Ca3AsBr3
verified_only,mlp_physics9,gkf,37,inner_val,1,Sr3AsCl3
verified_only,mlp_physics9,gkf,37,inner_val,1,Mg3BiI3
verified_only,mlp_physics9,gkf,37,inner_val,1,Ca3PCl3
verified_only,mlp_physics9,gkf,37,inner_val,1,Ca3SbBr3
verified_only,mlp_physics9,gkf,37,inner_val,2,Ca3AsBr3
verified_only,mlp_physics9,gkf,37,inner_val,2,Sr3AsCl3
verified_only,mlp_physics9,gkf,37,inner_val,2,Ca3PBr3
verified_only,mlp_physics9,gkf,37,inner_val,2,Sr3PCl3
verified_only,mlp_physics9,gkf,37,inner_val,2,Sr3SbI3
verified_only,mlp_physics9,gkf,37,inner_val,3,Sr3AsI3
verified_only,mlp_physics9,gkf,37,inner_val,3,Ca3PBr3
verified_only,mlp_physics9,gkf,37,inner_val,3,Mg3PI3
verified_only,mlp_physics9,gkf,37,inner_val,3,Ca3SbBr3
verified_only,mlp_physics9,gkf,37,inner_val,3,Ca3SbF3
verified_only,mlp_physics9,gkf,37,inner_val,4,Ca3AsBr3
verified_only,mlp_physics9,gkf,37,inner_val,4,Ca3PCl3
verified_only,mlp_physics9,gkf,37,inner_val,4,Ca3PF3
verified_only,mlp_physics9,gkf,37,inner_val,4,Ca3PI3
verified_only,mlp_physics9,gkf,37,inner_val,4,Sr3SbI3
verified_only,mlp_physics9,gkf,38,test,,Ca3AsBr3
verified_only,mlp_physics9,gkf,38,test,,Ba3SbBr3
verified_only,mlp_physics9,gkf,38,test,,Mg3SbBr3
verified_only,mlp_physics9,gkf,38,test,,Mg3SbCl3
verified_only,mlp_physics9,gkf,38,test,,Mg3SbI3
verified_only,mlp_physics9,gkf,38,test,,Sr3SbI3
verified_only,mlp_physics9,gkf,38,inner_val,0,Mg3BiBr3
verified_only,mlp_physics9,gkf,38,inner_val,0,Ca3PCl3
verified_only,mlp_physics9,gkf,38,inner_val,0,Sr3PBr3
verified_only,mlp_physics9,gkf,38,inner_val,0,Ba3SbI3
verified_only,mlp_physics9,gkf,38,inner_val,0,Sr3SbCl3
verified_only,mlp_physics9,gkf,38,inner_val,1,Ba3AsI3
verified_only,mlp_physics9,gkf,38,inner_val,1,Mg3AsBr3
verified_only,mlp_physics9,gkf,38,inner_val,1,Sr3AsCl3
verified_only,mlp_physics9,gkf,38,inner_val,1,Mg3PI3
verified_only,mlp_physics9,gkf,38,inner_val,1,Ca3SbF3
verified_only,mlp_physics9,gkf,38,inner_val,2,Ba3AsI3
verified_only,mlp_physics9,gkf,38,inner_val,2,Ca3PBr3
verified_only,mlp_physics9,gkf,38,inner_val,2,Ca3PF3
verified_only,mlp_physics9,gkf,38,inner_val,2,Mg3SbF3
verified_only,mlp_physics9,gkf,38,inner_val,2,Sr3SbCl3
verified_only,mlp_physics9,gkf,38,inner_val,3,Ca3AsF3
verified_only,mlp_physics9,gkf,38,inner_val,3,Mg3BiI3
verified_only,mlp_physics9,gkf,38,inner_val,3,Mg3PBr3
verified_only,mlp_physics9,gkf,38,inner_val,3,Mg3PCl3
verified_only,mlp_physics9,gkf,38,inner_val,3,Ba3SbI3
verified_only,mlp_physics9,gkf,38,inner_val,4,Sr3AsI3
verified_only,mlp_physics9,gkf,38,inner_val,4,Ca3PBr3
verified_only,mlp_physics9,gkf,38,inner_val,4,Ca3PCl3
verified_only,mlp_physics9,gkf,38,inner_val,4,Mg3PI3
verified_only,mlp_physics9,gkf,38,inner_val,4,Sr3PI3
verified_only,mlp_physics9,gkf,39,test,,Ba3AsI3
verified_only,mlp_physics9,gkf,39,test,,Sr3AsI3
verified_only,mlp_physics9,gkf,39,test,,Ca3BiI3
verified_only,mlp_physics9,gkf,39,test,,Mg3BiI3
verified_only,mlp_physics9,gkf,39,test,,Mg3PI3
verified_only,mlp_physics9,gkf,39,test,,Ca3SbBr3
verified_only,mlp_physics9,gkf,39,inner_val,0,Ca3PCl3
verified_only,mlp_physics9,gkf,39,inner_val,0,Sr3PI3
verified_only,mlp_physics9,gkf,39,inner_val,0,Ca3SbF3
verified_only,mlp_physics9,gkf,39,inner_val,0,Sr3SbCl3
verified_only,mlp_physics9,gkf,39,inner_val,0,Sr3SbI3
verified_only,mlp_physics9,gkf,39,inner_val,1,Mg3AsBr3
verified_only,mlp_physics9,gkf,39,inner_val,1,Ca3PF3
verified_only,mlp_physics9,gkf,39,inner_val,1,Sr3PCl3
verified_only,mlp_physics9,gkf,39,inner_val,1,Ba3SbBr3
verified_only,mlp_physics9,gkf,39,inner_val,1,Sr3SbI3
verified_only,mlp_physics9,gkf,39,inner_val,2,Ca3AsBr3
verified_only,mlp_physics9,gkf,39,inner_val,2,Mg3AsBr3
verified_only,mlp_physics9,gkf,39,inner_val,2,Ca3SbCl3
verified_only,mlp_physics9,gkf,39,inner_val,2,Mg3SbF3
verified_only,mlp_physics9,gkf,39,inner_val,2,Sr3SbCl3
verified_only,mlp_physics9,gkf,39,inner_val,3,Mg3AsBr3
verified_only,mlp_physics9,gkf,39,inner_val,3,Ca3PBr3
verified_only,mlp_physics9,gkf,39,inner_val,3,Sr3PBr3
verified_only,mlp_physics9,gkf,39,inner_val,3,Sr3PCl3
verified_only,mlp_physics9,gkf,39,inner_val,3,Ca3SbF3
verified_only,mlp_physics9,gkf,39,inner_val,4,Ca3PBr3
verified_only,mlp_physics9,gkf,39,inner_val,4,Ca3PI3
verified_only,mlp_physics9,gkf,39,inner_val,4,Sr3PI3
verified_only,mlp_physics9,gkf,39,inner_val,4,Mg3SbBr3
verified_only,mlp_physics9,gkf,39,inner_val,4,Sr3SbI3
verified_only,mlp_physics9,gkf,40,test,,Sr3AsI3
verified_only,mlp_physics9,gkf,40,test,,Mg3BiI3
verified_only,mlp_physics9,gkf,40,test,,Ca3PBr3
verified_only,mlp_physics9,gkf,40,test,,Mg3PBr3
verified_only,mlp_physics9,gkf,40,test,,Mg3PCl3
verified_only,mlp_physics9,gkf,40,test,,Sr3PBr3
verified_only,mlp_physics9,gkf,40,test,,Sr3PCl3
verified_only,mlp_physics9,gkf,40,inner_val,0,Mg3BiBr3
verified_only,mlp_physics9,gkf,40,inner_val,0,Mg3PI3
verified_only,mlp_physics9,gkf,40,inner_val,0,Sr3PI3
verified_only,mlp_physics9,gkf,40,inner_val,0,Ca3SbCl3
verified_only,mlp_physics9,gkf,40,inner_val,0,Ca3SbF3
verified_only,mlp_physics9,gkf,40,inner_val,1,Mg3AsBr3
verified_only,mlp_physics9,gkf,40,inner_val,1,Ca3PI3
verified_only,mlp_physics9,gkf,40,inner_val,1,Mg3PI3
verified_only,mlp_physics9,gkf,40,inner_val,1,Ba3SbBr3
verified_only,mlp_physics9,gkf,40,inner_val,1,Sr3SbCl3
verified_only,mlp_physics9,gkf,40,inner_val,2,Ca3AsBr3
verified_only,mlp_physics9,gkf,40,inner_val,2,Ca3AsF3
verified_only,mlp_physics9,gkf,40,inner_val,2,Ca3PI3
verified_only,mlp_physics9,gkf,40,inner_val,2,Ca3SbCl3
verified_only,mlp_physics9,gkf,40,inner_val,2,Mg3SbBr3
verified_only,mlp_physics9,gkf,40,inner_val,3,Mg3BiBr3
verified_only,mlp_physics9,gkf,40,inner_val,3,Ca3PF3
verified_only,mlp_physics9,gkf,40,inner_val,3,Mg3SbBr3
verified_only,mlp_physics9,gkf,40,inner_val,3,Mg3SbI3
verified_only,mlp_physics9,gkf,40,inner_val,3,Sr3SbCl3
verified_only,mlp_physics9,gkf,40,inner_val,4,Ba3AsI3
verified_only,mlp_physics9,gkf,40,inner_val,4,Sr3AsCl3
verified_only,mlp_physics9,gkf,40,inner_val,4,Mg3BiBr3
verified_only,mlp_physics9,gkf,40,inner_val,4,Ba3SbBr3
verified_only,mlp_physics9,gkf,40,inner_val,4,Sr3SbCl3
verified_only,mlp_physics9,gkf,41,test,,Mg3AsBr3
verified_only,mlp_physics9,gkf,41,test,,Ca3BiI3
verified_only,mlp_physics9,gkf,41,test,,Ca3PF3
verified_only,mlp_physics9,gkf,41,test,,Ca3SbBr3
verified_only,mlp_physics9,gkf,41,test,,Ca3SbF3
verified_only,mlp_physics9,gkf,41,test,,Mg3SbF3
verified_only,mlp_physics9,gkf,41,inner_val,0,Ca3PCl3
verified_only,mlp_physics9,gkf,41,inner_val,0,Mg3PCl3
verified_only,mlp_physics9,gkf,41,inner_val,0,Ca3SbCl3
verified_only,mlp_physics9,gkf,41,inner_val,0,Mg3SbCl3
verified_only,mlp_physics9,gkf,41,inner_val,0,Sr3SbCl3
verified_only,mlp_physics9,gkf,41,inner_val,1,Ba3AsI3
verified_only,mlp_physics9,gkf,41,inner_val,1,Sr3PCl3
verified_only,mlp_physics9,gkf,41,inner_val,1,Ba3SbI3
verified_only,mlp_physics9,gkf,41,inner_val,1,Mg3SbCl3
verified_only,mlp_physics9,gkf,41,inner_val,1,Sr3SbI3
verified_only,mlp_physics9,gkf,41,inner_val,2,Ca3AsF3
verified_only,mlp_physics9,gkf,41,inner_val,2,Sr3AsCl3
verified_only,mlp_physics9,gkf,41,inner_val,2,Mg3BiI3
verified_only,mlp_physics9,gkf,41,inner_val,2,Ca3PCl3
verified_only,mlp_physics9,gkf,41,inner_val,2,Ba3SbI3
verified_only,mlp_physics9,gkf,41,inner_val,3,Ca3AsF3
verified_only,mlp_physics9,gkf,41,inner_val,3,Sr3AsCl3
verified_only,mlp_physics9,gkf,41,inner_val,3,Mg3PBr3
verified_only,mlp_physics9,gkf,41,inner_val,3,Ba3SbI3
verified_only,mlp_physics9,gkf,41,inner_val,3,Sr3SbI3
verified_only,mlp_physics9,gkf,41,inner_val,4,Sr3AsCl3
verified_only,mlp_physics9,gkf,41,inner_val,4,Ba3SbBr3
verified_only,mlp_physics9,gkf,41,inner_val,4,Ba3SbI3
verified_only,mlp_physics9,gkf,41,inner_val,4,Mg3SbCl3
verified_only,mlp_physics9,gkf,41,inner_val,4,Mg3SbI3
verified_only,mlp_physics9,gkf,42,test,,Sr3AsCl3
verified_only,mlp_physics9,gkf,42,test,,Ca3PCl3
verified_only,mlp_physics9,gkf,42,test,,Ba3SbBr3
verified_only,mlp_physics9,gkf,42,test,,Ba3SbI3
verified_only,mlp_physics9,gkf,42,test,,Ca3SbCl3
verified_only,mlp_physics9,gkf,42,test,,Mg3SbBr3
verified_only,mlp_physics9,gkf,42,inner_val,0,Ba3AsI3
verified_only,mlp_physics9,gkf,42,inner_val,0,Ca3AsBr3
verified_only,mlp_physics9,gkf,42,inner_val,0,Sr3AsI3
verified_only,mlp_physics9,gkf,42,inner_val,0,Ca3PI3
verified_only,mlp_physics9,gkf,42,inner_val,0,Mg3SbCl3
verified_only,mlp_physics9,gkf,42,inner_val,1,Ca3AsBr3
verified_only,mlp_physics9,gkf,42,inner_val,1,Ca3PF3
verified_only,mlp_physics9,gkf,42,inner_val,1,Mg3PI3
verified_only,mlp_physics9,gkf,42,inner_val,1,Sr3PBr3
verified_only,mlp_physics9,gkf,42,inner_val,1,Sr3SbI3
verified_only,mlp_physics9,gkf,42,inner_val,2,Ba3AsI3
verified_only,mlp_physics9,gkf,42,inner_val,2,Mg3PBr3
verified_only,mlp_physics9,gkf,42,inner_val,2,Sr3PCl3
verified_only,mlp_physics9,gkf,42,inner_val,2,Sr3PI3
verified_only,mlp_physics9,gkf,42,inner_val,2,Mg3SbCl3
verified_only,mlp_physics9,gkf,42,inner_val,3,Mg3AsBr3
verified_only,mlp_physics9,gkf,42,inner_val,3,Mg3BiBr3
verified_only,mlp_physics9,gkf,42,inner_val,3,Sr3PBr3
verified_only,mlp_physics9,gkf,42,inner_val,3,Mg3SbI3
verified_only,mlp_physics9,gkf,42,inner_val,3,Sr3SbI3
verified_only,mlp_physics9,gkf,42,inner_val,4,Ba3AsCl3
verified_only,mlp_physics9,gkf,42,inner_val,4,Mg3BiBr3
verified_only,mlp_physics9,gkf,42,inner_val,4,Mg3PBr3
verified_only,mlp_physics9,gkf,42,inner_val,4,Sr3PCl3
verified_only,mlp_physics9,gkf,42,inner_val,4,Ca3SbF3
verified_only,mlp_physics9,gkf,43,test,,Ba3AsCl3
verified_only,mlp_physics9,gkf,43,test,,Mg3BiBr3
verified_only,mlp_physics9,gkf,43,test,,Ca3PI3
verified_only,mlp_physics9,gkf,43,test,,Sr3PI3
verified_only,mlp_physics9,gkf,43,test,,Mg3SbCl3
verified_only,mlp_physics9,gkf,43,test,,Sr3SbCl3
verified_only,mlp_physics9,gkf,43,inner_val,0,Ca3PCl3
verified_only,mlp_physics9,gkf,43,inner_val,0,Mg3PCl3
verified_only,mlp_physics9,gkf,43,inner_val,0,Ba3SbBr3
verified_only,mlp_physics9,gkf,43,inner_val,0,Ca3SbF3
verified_only,mlp_physics9,gkf,43,inner_val,0,Mg3SbI3
verified_only,mlp_physics9,gkf,43,inner_val,1,Ca3AsBr3
verified_only,mlp_physics9,gkf,43,inner_val,1,Mg3AsBr3
verified_only,mlp_physics9,gkf,43,inner_val,1,Mg3PCl3
verified_only,mlp_physics9,gkf,43,inner_val,1,Sr3PBr3
verified_only,mlp_physics9,gkf,43,inner_val,1,Sr3SbI3
verified_only,mlp_physics9,gkf,43,inner_val,2,Ba3AsI3
verified_only,mlp_physics9,gkf,43,inner_val,2,Ca3AsBr3
verified_only,mlp_physics9,gkf,43,inner_val,2,Ca3PF3
verified_only,mlp_physics9,gkf,43,inner_val,2,Sr3PCl3
verified_only,mlp_physics9,gkf,43,inner_val,2,Ba3SbI3
verified_only,mlp_physics9,gkf,43,inner_val,3,Sr3AsI3
verified_only,mlp_physics9,gkf,43,inner_val,3,Mg3PI3
verified_only,mlp_physics9,gkf,43,inner_val,3,Ca3SbF3
verified_only,mlp_physics9,gkf,43,inner_val,3,Mg3SbI3
verified_only,mlp_physics9,gkf,43,inner_val,3,Sr3SbI3
verified_only,mlp_physics9,gkf,43,inner_val,4,Ca3PF3
verified_only,mlp_physics9,gkf,43,inner_val,4,Ba3SbBr3
verified_only,mlp_physics9,gkf,43,inner_val,4,Ba3SbI3
verified_only,mlp_physics9,gkf,43,inner_val,4,Ca3SbCl3
verified_only,mlp_physics9,gkf,43,inner_val,4,Mg3SbI3
verified_only,mlp_physics9,gkf,44,test,,Ba3AsI3
verified_only,mlp_physics9,gkf,44,test,,Ca3AsBr3
verified_only,mlp_physics9,gkf,44,test,,Ca3AsF3
verified_only,mlp_physics9,gkf,44,test,,Mg3PI3
verified_only,mlp_physics9,gkf,44,test,,Mg3SbI3
verified_only,mlp_physics9,gkf,44,test,,Sr3SbI3
verified_only,mlp_physics9,gkf,44,inner_val,0,Ba3AsCl3
verified_only,mlp_physics9,gkf,44,inner_val,0,Sr3AsI3
verified_only,mlp_physics9,gkf,44,inner_val,0,Mg3BiI3
verified_only,mlp_physics9,gkf,44,inner_val,0,Mg3SbCl3
verified_only,mlp_physics9,gkf,44,inner_val,0,Mg3SbF3
verified_only,mlp_physics9,gkf,44,inner_val,1,Sr3AsCl3
verified_only,mlp_physics9,gkf,44,inner_val,1,Sr3AsI3
verified_only,mlp_physics9,gkf,44,inner_val,1,Mg3BiBr3
verified_only,mlp_physics9,gkf,44,inner_val,1,Ca3PI3
verified_only,mlp_physics9,gkf,44,inner_val,1,Ca3SbF3
verified_only,mlp_physics9,gkf,44,inner_val,2,Mg3AsBr3
verified_only,mlp_physics9,gkf,44,inner_val,2,Ca3PCl3
verified_only,mlp_physics9,gkf,44,inner_val,2,Ca3PF3
verified_only,mlp_physics9,gkf,44,inner_val,2,Ca3PI3
verified_only,mlp_physics9,gkf,44,inner_val,2,Ca3SbCl3
verified_only,mlp_physics9,gkf,44,inner_val,3,Ca3PBr3
verified_only,mlp_physics9,gkf,44,inner_val,3,Ca3PI3
verified_only,mlp_physics9,gkf,44,inner_val,3,Sr3PBr3
verified_only,mlp_physics9,gkf,44,inner_val,3,Sr3PI3
verified_only,mlp_physics9,gkf,44,inner_val,3,Sr3SbCl3
verified_only,mlp_physics9,gkf,44,inner_val,4,Mg3AsBr3
verified_only,mlp_physics9,gkf,44,inner_val,4,Sr3AsCl3
verified_only,mlp_physics9,gkf,44,inner_val,4,Ba3SbI3
verified_only,mlp_physics9,gkf,44,inner_val,4,Ca3SbF3
verified_only,mlp_physics9,gkf,44,inner_val,4,Mg3SbF3
verified_only,mlp_physics9,gkf,45,test,,Ca3AsF3
verified_only,mlp_physics9,gkf,45,test,,Sr3PBr3
verified_only,mlp_physics9,gkf,45,test,,Sr3PI3
verified_only,mlp_physics9,gkf,45,test,,Ba3SbI3
verified_only,mlp_physics9,gkf,45,test,,Mg3SbBr3
verified_only,mlp_physics9,gkf,45,test,,Mg3SbCl3
verified_only,mlp_physics9,gkf,45,test,,Mg3SbI3
verified_only,mlp_physics9,gkf,45,inner_val,0,Sr3AsCl3
verified_only,mlp_physics9,gkf,45,inner_val,0,Mg3PBr3
verified_only,mlp_physics9,gkf,45,inner_val,0,Sr3PCl3
verified_only,mlp_physics9,gkf,45,inner_val,0,Ca3SbCl3
verified_only,mlp_physics9,gkf,45,inner_val,0,Ca3SbF3
verified_only,mlp_physics9,gkf,45,inner_val,1,Ca3BiI3
verified_only,mlp_physics9,gkf,45,inner_val,1,Mg3PBr3
verified_only,mlp_physics9,gkf,45,inner_val,1,Mg3PCl3
verified_only,mlp_physics9,gkf,45,inner_val,1,Ca3SbCl3
verified_only,mlp_physics9,gkf,45,inner_val,1,Mg3SbF3
verified_only,mlp_physics9,gkf,45,inner_val,2,Mg3AsBr3
verified_only,mlp_physics9,gkf,45,inner_val,2,Ca3BiI3
verified_only,mlp_physics9,gkf,45,inner_val,2,Ca3PI3
verified_only,mlp_physics9,gkf,45,inner_val,2,Ca3SbCl3
verified_only,mlp_physics9,gkf,45,inner_val,2,Sr3SbI3
verified_only,mlp_physics9,gkf,45,inner_val,3,Ca3AsBr3
verified_only,mlp_physics9,gkf,45,inner_val,3,Ca3PBr3
verified_only,mlp_physics9,gkf,45,inner_val,3,Mg3PCl3
verified_only,mlp_physics9,gkf,45,inner_val,3,Ca3SbCl3
verified_only,mlp_physics9,gkf,45,inner_val,3,Sr3SbCl3
verified_only,mlp_physics9,gkf,45,inner_val,4,Ba3AsI3
verified_only,mlp_physics9,gkf,45,inner_val,4,Sr3AsI3
verified_only,mlp_physics9,gkf,45,inner_val,4,Ca3BiI3
verified_only,mlp_physics9,gkf,45,inner_val,4,Mg3PCl3
verified_only,mlp_physics9,gkf,45,inner_val,4,Sr3SbCl3
verified_only,mlp_physics9,gkf,46,test,,Ca3AsBr3
verified_only,mlp_physics9,gkf,46,test,,Mg3AsBr3
verified_only,mlp_physics9,gkf,46,test,,Ca3PCl3
verified_only,mlp_physics9,gkf,46,test,,Mg3PI3
verified_only,mlp_physics9,gkf,46,test,,Ca3SbBr3
verified_only,mlp_physics9,gkf,46,test,,Ca3SbCl3
verified_only,mlp_physics9,gkf,46,inner_val,0,Ba3AsCl3
verified_only,mlp_physics9,gkf,46,inner_val,0,Ca3BiI3
verified_only,mlp_physics9,gkf,46,inner_val,0,Mg3BiBr3
verified_only,mlp_physics9,gkf,46,inner_val,0,Ca3PBr3
verified_only,mlp_physics9,gkf,46,inner_val,0,Ba3SbBr3
verified_only,mlp_physics9,gkf,46,inner_val,1,Ba3AsCl3
verified_only,mlp_physics9,gkf,46,inner_val,1,Mg3PBr3
verified_only,mlp_physics9,gkf,46,inner_val,1,Ba3SbBr3
verified_only,mlp_physics9,gkf,46,inner_val,1,Sr3SbCl3
verified_only,mlp_physics9,gkf,46,inner_val,1,Sr3SbI3
verified_only,mlp_physics9,gkf,46,inner_val,2,Sr3AsCl3
verified_only,mlp_physics9,gkf,46,inner_val,2,Ca3SbF3
verified_only,mlp_physics9,gkf,46,inner_val,2,Mg3SbCl3
verified_only,mlp_physics9,gkf,46,inner_val,2,Mg3SbF3
verified_only,mlp_physics9,gkf,46,inner_val,2,Sr3SbI3
verified_only,mlp_physics9,gkf,46,inner_val,3,Ca3AsF3
verified_only,mlp_physics9,gkf,46,inner_val,3,Sr3AsI3
verified_only,mlp_physics9,gkf,46,inner_val,3,Mg3BiBr3
verified_only,mlp_physics9,gkf,46,inner_val,3,Mg3SbCl3
verified_only,mlp_physics9,gkf,46,inner_val,3,Mg3SbI3
verified_only,mlp_physics9,gkf,46,inner_val,4,Ba3AsCl3
verified_only,mlp_physics9,gkf,46,inner_val,4,Mg3PBr3
verified_only,mlp_physics9,gkf,46,inner_val,4,Sr3PCl3
verified_only,mlp_physics9,gkf,46,inner_val,4,Ba3SbI3
verified_only,mlp_physics9,gkf,46,inner_val,4,Sr3SbCl3
verified_only,mlp_physics9,gkf,47,test,,Ba3AsI3
verified_only,mlp_physics9,gkf,47,test,,Mg3BiBr3
verified_only,mlp_physics9,gkf,47,test,,Mg3BiI3
verified_only,mlp_physics9,gkf,47,test,,Mg3PCl3
verified_only,mlp_physics9,gkf,47,test,,Sr3PCl3
verified_only,mlp_physics9,gkf,47,test,,Ca3SbF3
verified_only,mlp_physics9,gkf,47,inner_val,0,Ca3AsBr3
verified_only,mlp_physics9,gkf,47,inner_val,0,Ca3AsF3
verified_only,mlp_physics9,gkf,47,inner_val,0,Sr3PI3
verified_only,mlp_physics9,gkf,47,inner_val,0,Mg3SbBr3
verified_only,mlp_physics9,gkf,47,inner_val,0,Mg3SbCl3
verified_only,mlp_physics9,gkf,47,inner_val,1,Ca3PI3
verified_only,mlp_physics9,gkf,47,inner_val,1,Sr3PI3
verified_only,mlp_physics9,gkf,47,inner_val,1,Ca3SbBr3
verified_only,mlp_physics9,gkf,47,inner_val,1,Ca3SbCl3
verified_only,mlp_physics9,gkf,47,inner_val,1,Mg3SbBr3
verified_only,mlp_physics9,gkf,47,inner_val,2,Ca3AsF3
verified_only,mlp_physics9,gkf,47,inner_val,2,Mg3AsBr3
verified_only,mlp_physics9,gkf,47,inner_val,2,Sr3PBr3
verified_only,mlp_physics9,gkf,47,inner_val,2,Mg3SbBr3
verified_only,mlp_physics9,gkf,47,inner_val,2,Sr3SbI3
verified_only,mlp_physics9,gkf,47,inner_val,3,Ca3BiI3
verified_only,mlp_physics9,gkf,47,inner_val,3,Ca3PBr3
verified_only,mlp_physics9,gkf,47,inner_val,3,Ca3PI3
verified_only,mlp_physics9,gkf,47,inner_val,3,Ba3SbBr3
verified_only,mlp_physics9,gkf,47,inner_val,3,Mg3SbBr3
verified_only,mlp_physics9,gkf,47,inner_val,4,Ca3AsBr3
verified_only,mlp_physics9,gkf,47,inner_val,4,Ca3BiI3
verified_only,mlp_physics9,gkf,47,inner_val,4,Ca3PI3
verified_only,mlp_physics9,gkf,47,inner_val,4,Sr3PBr3
verified_only,mlp_physics9,gkf,47,inner_val,4,Sr3SbI3
verified_only,mlp_physics9,gkf,48,test,,Sr3AsI3
verified_only,mlp_physics9,gkf,48,test,,Ca3PF3
verified_only,mlp_physics9,gkf,48,test,,Ba3SbBr3
verified_only,mlp_physics9,gkf,48,test,,Mg3SbF3
verified_only,mlp_physics9,gkf,48,test,,Sr3SbCl3
verified_only,mlp_physics9,gkf,48,test,,Sr3SbI3
verified_only,mlp_physics9,gkf,48,inner_val,0,Ba3AsCl3
verified_only,mlp_physics9,gkf,48,inner_val,0,Mg3PI3
verified_only,mlp_physics9,gkf,48,inner_val,0,Sr3PI3
verified_only,mlp_physics9,gkf,48,inner_val,0,Mg3SbBr3
verified_only,mlp_physics9,gkf,48,inner_val,0,Mg3SbCl3
verified_only,mlp_physics9,gkf,48,inner_val,1,Ca3BiI3
verified_only,mlp_physics9,gkf,48,inner_val,1,Mg3BiI3
verified_only,mlp_physics9,gkf,48,inner_val,1,Ca3PI3
verified_only,mlp_physics9,gkf,48,inner_val,1,Mg3PI3
verified_only,mlp_physics9,gkf,48,inner_val,1,Ca3SbF3
verified_only,mlp_physics9,gkf,48,inner_val,2,Ca3AsF3
verified_only,mlp_physics9,gkf,48,inner_val,2,Mg3BiI3
verified_only,mlp_physics9,gkf,48,inner_val,2,Ca3PI3
verified_only,mlp_physics9,gkf,48,inner_val,2,Mg3PI3
verified_only,mlp_physics9,gkf,48,inner_val,2,Ca3SbBr3
verified_only,mlp_physics9,gkf,48,inner_val,3,Sr3AsCl3
verified_only,mlp_physics9,gkf,48,inner_val,3,Mg3BiBr3
verified_only,mlp_physics9,gkf,48,inner_val,3,Ca3PBr3
verified_only,mlp_physics9,gkf,48,inner_val,3,Sr3PBr3
verified_only,mlp_physics9,gkf,48,inner_val,3,Sr3PCl3
verified_only,mlp_physics9,gkf,48,inner_val,4,Ba3AsI3
verified_only,mlp_physics9,gkf,48,inner_val,4,Ca3AsF3
verified_only,mlp_physics9,gkf,48,inner_val,4,Ca3BiI3
verified_only,mlp_physics9,gkf,48,inner_val,4,Ca3PI3
verified_only,mlp_physics9,gkf,48,inner_val,4,Ca3SbCl3
verified_only,mlp_physics9,gkf,49,test,,Ba3AsCl3
verified_only,mlp_physics9,gkf,49,test,,Sr3AsCl3
verified_only,mlp_physics9,gkf,49,test,,Ca3BiI3
verified_only,mlp_physics9,gkf,49,test,,Ca3PBr3
verified_only,mlp_physics9,gkf,49,test,,Ca3PI3
verified_only,mlp_physics9,gkf,49,test,,Mg3PBr3
verified_only,mlp_physics9,gkf,49,inner_val,0,Ba3AsI3
verified_only,mlp_physics9,gkf,49,inner_val,0,Ca3AsBr3
verified_only,mlp_physics9,gkf,49,inner_val,0,Ba3SbI3
verified_only,mlp_physics9,gkf,49,inner_val,0,Ca3SbBr3
verified_only,mlp_physics9,gkf,49,inner_val,0,Sr3SbCl3
verified_only,mlp_physics9,gkf,49,inner_val,1,Mg3BiBr3
verified_only,mlp_physics9,gkf,49,inner_val,1,Ca3PF3
verified_only,mlp_physics9,gkf,49,inner_val,1,Mg3PI3
verified_only,mlp_physics9,gkf,49,inner_val,1,Ba3SbBr3
verified_only,mlp_physics9,gkf,49,inner_val,1,Mg3SbBr3
verified_only,mlp_physics9,gkf,49,inner_val,2,Ba3AsI3
verified_only,mlp_physics9,gkf,49,inner_val,2,Mg3AsBr3
verified_only,mlp_physics9,gkf,49,inner_val,2,Ca3PF3
verified_only,mlp_physics9,gkf,49,inner_val,2,Ba3SbBr3
verified_only,mlp_physics9,gkf,49,inner_val,2,Ca3SbBr3
verified_only,mlp_physics9,gkf,49,inner_val,3,Ca3AsBr3
verified_only,mlp_physics9,gkf,49,inner_val,3,Ca3PCl3
verified_only,mlp_physics9,gkf,49,inner_val,3,Mg3PCl3
verified_only,mlp_physics9,gkf,49,inner_val,3,Sr3PI3
verified_only,mlp_physics9,gkf,49,inner_val,3,Ca3SbF3
verified_only,mlp_physics9,gkf,49,inner_val,4,Ba3AsI3
verified_only,mlp_physics9,gkf,49,inner_val,4,Ca3AsBr3
verified_only,mlp_physics9,gkf,49,inner_val,4,Mg3BiI3
verified_only,mlp_physics9,gkf,49,inner_val,4,Mg3PCl3
verified_only,mlp_physics9,gkf,49,inner_val,4,Ba3SbI3
verified_only,mlp_magpie,lobo,0,test,,Ba3AsCl3
verified_only,mlp_magpie,lobo,0,test,,Ba3AsI3
verified_only,mlp_magpie,lobo,0,test,,Ca3AsBr3
verified_only,mlp_magpie,lobo,0,test,,Ca3AsF3
verified_only,mlp_magpie,lobo,0,test,,Mg3AsBr3
verified_only,mlp_magpie,lobo,0,test,,Sr3AsCl3
verified_only,mlp_magpie,lobo,0,test,,Sr3AsI3
verified_only,mlp_magpie,lobo,0,inner_val,0,Mg3PI3
verified_only,mlp_magpie,lobo,0,inner_val,0,Sr3PBr3
verified_only,mlp_magpie,lobo,0,inner_val,0,Sr3PCl3
verified_only,mlp_magpie,lobo,0,inner_val,0,Ca3SbCl3
verified_only,mlp_magpie,lobo,0,inner_val,0,Mg3SbI3
verified_only,mlp_magpie,lobo,0,inner_val,1,Ca3PBr3
verified_only,mlp_magpie,lobo,0,inner_val,1,Ba3SbBr3
verified_only,mlp_magpie,lobo,0,inner_val,1,Ba3SbI3
verified_only,mlp_magpie,lobo,0,inner_val,1,Mg3SbF3
verified_only,mlp_magpie,lobo,0,inner_val,1,Sr3SbCl3
verified_only,mlp_magpie,lobo,0,inner_val,2,Mg3PI3
verified_only,mlp_magpie,lobo,0,inner_val,2,Sr3PBr3
verified_only,mlp_magpie,lobo,0,inner_val,2,Sr3PCl3
verified_only,mlp_magpie,lobo,0,inner_val,2,Ca3SbBr3
verified_only,mlp_magpie,lobo,0,inner_val,2,Mg3SbF3
verified_only,mlp_magpie,lobo,0,inner_val,3,Sr3PI3
verified_only,mlp_magpie,lobo,0,inner_val,3,Ba3SbBr3
verified_only,mlp_magpie,lobo,0,inner_val,3,Mg3SbF3
verified_only,mlp_magpie,lobo,0,inner_val,3,Mg3SbI3
verified_only,mlp_magpie,lobo,0,inner_val,3,Sr3SbCl3
verified_only,mlp_magpie,lobo,0,inner_val,4,Ca3PBr3
verified_only,mlp_magpie,lobo,0,inner_val,4,Ca3PI3
verified_only,mlp_magpie,lobo,0,inner_val,4,Mg3PCl3
verified_only,mlp_magpie,lobo,0,inner_val,4,Sr3PI3
verified_only,mlp_magpie,lobo,0,inner_val,4,Sr3SbI3
verified_only,mlp_magpie,lobo,1,test,,Ca3BiI3
verified_only,mlp_magpie,lobo,1,test,,Mg3BiBr3
verified_only,mlp_magpie,lobo,1,test,,Mg3BiI3
verified_only,mlp_magpie,lobo,1,inner_val,0,Ba3AsCl3
verified_only,mlp_magpie,lobo,1,inner_val,0,Ca3AsBr3
verified_only,mlp_magpie,lobo,1,inner_val,0,Ca3AsF3
verified_only,mlp_magpie,lobo,1,inner_val,0,Mg3SbBr3
verified_only,mlp_magpie,lobo,1,inner_val,0,Mg3SbI3
verified_only,mlp_magpie,lobo,1,inner_val,0,Sr3SbI3
verified_only,mlp_magpie,lobo,1,inner_val,1,Mg3PI3
verified_only,mlp_magpie,lobo,1,inner_val,1,Sr3PBr3
verified_only,mlp_magpie,lobo,1,inner_val,1,Ba3SbI3
verified_only,mlp_magpie,lobo,1,inner_val,1,Mg3SbCl3
verified_only,mlp_magpie,lobo,1,inner_val,1,Mg3SbF3
verified_only,mlp_magpie,lobo,1,inner_val,1,Sr3SbCl3
verified_only,mlp_magpie,lobo,1,inner_val,2,Ca3AsBr3
verified_only,mlp_magpie,lobo,1,inner_val,2,Mg3PI3
verified_only,mlp_magpie,lobo,1,inner_val,2,Sr3PCl3
verified_only,mlp_magpie,lobo,1,inner_val,2,Ba3SbBr3
verified_only,mlp_magpie,lobo,1,inner_val,2,Mg3SbBr3
verified_only,mlp_magpie,lobo,1,inner_val,2,Mg3SbI3
verified_only,mlp_magpie,lobo,1,inner_val,3,Sr3AsCl3
verified_only,mlp_magpie,lobo,1,inner_val,3,Ca3PBr3
verified_only,mlp_magpie,lobo,1,inner_val,3,Ca3SbCl3
verified_only,mlp_magpie,lobo,1,inner_val,3,Mg3SbCl3
verified_only,mlp_magpie,lobo,1,inner_val,3,Mg3SbF3
verified_only,mlp_magpie,lobo,1,inner_val,3,Sr3SbCl3
verified_only,mlp_magpie,lobo,1,inner_val,4,Ca3AsF3
verified_only,mlp_magpie,lobo,1,inner_val,4,Sr3AsCl3
verified_only,mlp_magpie,lobo,1,inner_val,4,Ca3PBr3
verified_only,mlp_magpie,lobo,1,inner_val,4,Mg3PCl3
verified_only,mlp_magpie,lobo,1,inner_val,4,Sr3PI3
verified_only,mlp_magpie,lobo,1,inner_val,4,Mg3SbBr3
verified_only,mlp_magpie,lobo,2,test,,Ca3PBr3
verified_only,mlp_magpie,lobo,2,test,,Ca3PCl3
verified_only,mlp_magpie,lobo,2,test,,Ca3PF3
verified_only,mlp_magpie,lobo,2,test,,Ca3PI3
verified_only,mlp_magpie,lobo,2,test,,Mg3PBr3
verified_only,mlp_magpie,lobo,2,test,,Mg3PCl3
verified_only,mlp_magpie,lobo,2,test,,Mg3PI3
verified_only,mlp_magpie,lobo,2,test,,Sr3PBr3
verified_only,mlp_magpie,lobo,2,test,,Sr3PCl3
verified_only,mlp_magpie,lobo,2,test,,Sr3PI3
verified_only,mlp_magpie,lobo,2,inner_val,0,Ba3AsCl3
verified_only,mlp_magpie,lobo,2,inner_val,0,Mg3AsBr3
verified_only,mlp_magpie,lobo,2,inner_val,0,Sr3AsI3
verified_only,mlp_magpie,lobo,2,inner_val,0,Mg3SbBr3
verified_only,mlp_magpie,lobo,2,inner_val,0,Sr3SbCl3
verified_only,mlp_magpie,lobo,2,inner_val,1,Ca3AsF3
verified_only,mlp_magpie,lobo,2,inner_val,1,Mg3BiBr3
verified_only,mlp_magpie,lobo,2,inner_val,1,Ca3SbCl3
verified_only,mlp_magpie,lobo,2,inner_val,1,Mg3SbCl3
verified_only,mlp_magpie,lobo,2,inner_val,1,Sr3SbI3
verified_only,mlp_magpie,lobo,2,inner_val,2,Ba3AsI3
verified_only,mlp_magpie,lobo,2,inner_val,2,Sr3AsCl3
verified_only,mlp_magpie,lobo,2,inner_val,2,Ca3BiI3
verified_only,mlp_magpie,lobo,2,inner_val,2,Ca3SbCl3
verified_only,mlp_magpie,lobo,2,inner_val,2,Ca3SbF3
verified_only,mlp_magpie,lobo,2,inner_val,3,Ba3AsI3
verified_only,mlp_magpie,lobo,2,inner_val,3,Mg3BiBr3
verified_only,mlp_magpie,lobo,2,inner_val,3,Mg3BiI3
verified_only,mlp_magpie,lobo,2,inner_val,3,Ba3SbBr3
verified_only,mlp_magpie,lobo,2,inner_val,3,Ca3SbBr3
verified_only,mlp_magpie,lobo,2,inner_val,4,Sr3AsI3
verified_only,mlp_magpie,lobo,2,inner_val,4,Ba3SbBr3
verified_only,mlp_magpie,lobo,2,inner_val,4,Ca3SbBr3
verified_only,mlp_magpie,lobo,2,inner_val,4,Ca3SbCl3
verified_only,mlp_magpie,lobo,2,inner_val,4,Ca3SbF3
verified_only,mlp_magpie,lobo,3,test,,Ba3SbBr3
verified_only,mlp_magpie,lobo,3,test,,Ba3SbI3
verified_only,mlp_magpie,lobo,3,test,,Ca3SbBr3
verified_only,mlp_magpie,lobo,3,test,,Ca3SbCl3
verified_only,mlp_magpie,lobo,3,test,,Ca3SbF3
verified_only,mlp_magpie,lobo,3,test,,Mg3SbBr3
verified_only,mlp_magpie,lobo,3,test,,Mg3SbCl3
verified_only,mlp_magpie,lobo,3,test,,Mg3SbF3
verified_only,mlp_magpie,lobo,3,test,,Mg3SbI3
verified_only,mlp_magpie,lobo,3,test,,Sr3SbCl3
verified_only,mlp_magpie,lobo,3,test,,Sr3SbI3
verified_only,mlp_magpie,lobo,3,inner_val,0,Ba3AsI3
verified_only,mlp_magpie,lobo,3,inner_val,0,Ca3BiI3
verified_only,mlp_magpie,lobo,3,inner_val,0,Ca3PI3
verified_only,mlp_magpie,lobo,3,inner_val,0,Mg3PI3
verified_only,mlp_magpie,lobo,3,inner_val,1,Ca3PCl3
verified_only,mlp_magpie,lobo,3,inner_val,1,Ca3PF3
verified_only,mlp_magpie,lobo,3,inner_val,1,Ca3PI3
verified_only,mlp_magpie,lobo,3,inner_val,1,Mg3PI3
verified_only,mlp_magpie,lobo,3,inner_val,2,Ba3AsI3
verified_only,mlp_magpie,lobo,3,inner_val,2,Sr3AsCl3
verified_only,mlp_magpie,lobo,3,inner_val,2,Mg3BiBr3
verified_only,mlp_magpie,lobo,3,inner_val,2,Ca3PCl3
verified_only,mlp_magpie,lobo,3,inner_val,3,Sr3AsI3
verified_only,mlp_magpie,lobo,3,inner_val,3,Ca3PCl3
verified_only,mlp_magpie,lobo,3,inner_val,3,Mg3PCl3
verified_only,mlp_magpie,lobo,3,inner_val,3,Sr3PCl3
verified_only,mlp_magpie,lobo,3,inner_val,4,Mg3AsBr3
verified_only,mlp_magpie,lobo,3,inner_val,4,Ca3PF3
verified_only,mlp_magpie,lobo,3,inner_val,4,Mg3PI3
verified_only,mlp_magpie,lobo,3,inner_val,4,Sr3PBr3
verified_only,mlp_magpie,loao,0,test,,Ba3AsCl3
verified_only,mlp_magpie,loao,0,test,,Ba3AsI3
verified_only,mlp_magpie,loao,0,test,,Ba3SbBr3
verified_only,mlp_magpie,loao,0,test,,Ba3SbI3
verified_only,mlp_magpie,loao,0,inner_val,0,Sr3AsCl3
verified_only,mlp_magpie,loao,0,inner_val,0,Ca3PI3
verified_only,mlp_magpie,loao,0,inner_val,0,Sr3PBr3
verified_only,mlp_magpie,loao,0,inner_val,0,Ca3SbCl3
verified_only,mlp_magpie,loao,0,inner_val,0,Mg3SbBr3
verified_only,mlp_magpie,loao,0,inner_val,0,Sr3SbI3
verified_only,mlp_magpie,loao,0,inner_val,1,Ca3AsBr3
verified_only,mlp_magpie,loao,0,inner_val,1,Ca3AsF3
verified_only,mlp_magpie,loao,0,inner_val,1,Ca3PBr3
verified_only,mlp_magpie,loao,0,inner_val,1,Sr3PI3
verified_only,mlp_magpie,loao,0,inner_val,1,Mg3SbBr3
verified_only,mlp_magpie,loao,0,inner_val,1,Mg3SbI3
verified_only,mlp_magpie,loao,0,inner_val,2,Sr3AsCl3
verified_only,mlp_magpie,loao,0,inner_val,2,Sr3AsI3
verified_only,mlp_magpie,loao,0,inner_val,2,Mg3BiI3
verified_only,mlp_magpie,loao,0,inner_val,2,Sr3PI3
verified_only,mlp_magpie,loao,0,inner_val,2,Ca3SbBr3
verified_only,mlp_magpie,loao,0,inner_val,2,Mg3SbF3
verified_only,mlp_magpie,loao,0,inner_val,3,Ca3AsBr3
verified_only,mlp_magpie,loao,0,inner_val,3,Ca3BiI3
verified_only,mlp_magpie,loao,0,inner_val,3,Mg3PBr3
verified_only,mlp_magpie,loao,0,inner_val,3,Sr3PCl3
verified_only,mlp_magpie,loao,0,inner_val,3,Ca3SbBr3
verified_only,mlp_magpie,loao,0,inner_val,3,Sr3SbCl3
verified_only,mlp_magpie,loao,0,inner_val,4,Ca3PBr3
verified_only,mlp_magpie,loao,0,inner_val,4,Ca3PI3
verified_only,mlp_magpie,loao,0,inner_val,4,Mg3PBr3
verified_only,mlp_magpie,loao,0,inner_val,4,Mg3SbCl3
verified_only,mlp_magpie,loao,0,inner_val,4,Sr3SbCl3
verified_only,mlp_magpie,loao,0,inner_val,4,Sr3SbI3
verified_only,mlp_magpie,loao,1,test,,Ca3AsBr3
verified_only,mlp_magpie,loao,1,test,,Ca3AsF3
verified_only,mlp_magpie,loao,1,test,,Ca3BiI3
verified_only,mlp_magpie,loao,1,test,,Ca3PBr3
verified_only,mlp_magpie,loao,1,test,,Ca3PCl3
verified_only,mlp_magpie,loao,1,test,,Ca3PF3
verified_only,mlp_magpie,loao,1,test,,Ca3PI3
verified_only,mlp_magpie,loao,1,test,,Ca3SbBr3
verified_only,mlp_magpie,loao,1,test,,Ca3SbCl3
verified_only,mlp_magpie,loao,1,test,,Ca3SbF3
verified_only,mlp_magpie,loao,1,inner_val,0,Ba3AsCl3
verified_only,mlp_magpie,loao,1,inner_val,0,Sr3AsCl3
verified_only,mlp_magpie,loao,1,inner_val,0,Sr3AsI3
verified_only,mlp_magpie,loao,1,inner_val,0,Sr3SbCl3
verified_only,mlp_magpie,loao,1,inner_val,0,Sr3SbI3
verified_only,mlp_magpie,loao,1,inner_val,1,Mg3AsBr3
verified_only,mlp_magpie,loao,1,inner_val,1,Mg3BiI3
verified_only,mlp_magpie,loao,1,inner_val,1,Mg3PI3
verified_only,mlp_magpie,loao,1,inner_val,1,Sr3PCl3
verified_only,mlp_magpie,loao,1,inner_val,1,Mg3SbBr3
verified_only,mlp_magpie,loao,1,inner_val,2,Mg3AsBr3
verified_only,mlp_magpie,loao,1,inner_val,2,Sr3PCl3
verified_only,mlp_magpie,loao,1,inner_val,2,Ba3SbBr3
verified_only,mlp_magpie,loao,1,inner_val,2,Sr3SbCl3
verified_only,mlp_magpie,loao,1,inner_val,2,Sr3SbI3
verified_only,mlp_magpie,loao,1,inner_val,3,Sr3AsCl3
verified_only,mlp_magpie,loao,1,inner_val,3,Mg3BiI3
verified_only,mlp_magpie,loao,1,inner_val,3,Mg3PBr3
verified_only,mlp_magpie,loao,1,inner_val,3,Sr3PI3
verified_only,mlp_magpie,loao,1,inner_val,3,Mg3SbCl3
verified_only,mlp_magpie,loao,1,inner_val,4,Mg3BiBr3
verified_only,mlp_magpie,loao,1,inner_val,4,Mg3BiI3
verified_only,mlp_magpie,loao,1,inner_val,4,Mg3PBr3
verified_only,mlp_magpie,loao,1,inner_val,4,Sr3PBr3
verified_only,mlp_magpie,loao,1,inner_val,4,Sr3PI3
verified_only,mlp_magpie,loao,2,test,,Mg3AsBr3
verified_only,mlp_magpie,loao,2,test,,Mg3BiBr3
verified_only,mlp_magpie,loao,2,test,,Mg3BiI3
verified_only,mlp_magpie,loao,2,test,,Mg3PBr3
verified_only,mlp_magpie,loao,2,test,,Mg3PCl3
verified_only,mlp_magpie,loao,2,test,,Mg3PI3
verified_only,mlp_magpie,loao,2,test,,Mg3SbBr3
verified_only,mlp_magpie,loao,2,test,,Mg3SbCl3
verified_only,mlp_magpie,loao,2,test,,Mg3SbF3
verified_only,mlp_magpie,loao,2,test,,Mg3SbI3
verified_only,mlp_magpie,loao,2,inner_val,0,Ba3AsCl3
verified_only,mlp_magpie,loao,2,inner_val,0,Ca3PI3
verified_only,mlp_magpie,loao,2,inner_val,0,Sr3PI3
verified_only,mlp_magpie,loao,2,inner_val,0,Ca3SbF3
verified_only,mlp_magpie,loao,2,inner_val,0,Sr3SbCl3
verified_only,mlp_magpie,loao,2,inner_val,1,Ca3AsF3
verified_only,mlp_magpie,loao,2,inner_val,1,Sr3AsCl3
verified_only,mlp_magpie,loao,2,inner_val,1,Ca3PCl3
verified_only,mlp_magpie,loao,2,inner_val,1,Ca3SbBr3
verified_only,mlp_magpie,loao,2,inner_val,1,Sr3SbI3
verified_only,mlp_magpie,loao,2,inner_val,2,Ba3AsI3
verified_only,mlp_magpie,loao,2,inner_val,2,Ca3BiI3
verified_only,mlp_magpie,loao,2,inner_val,2,Ca3PCl3
verified_only,mlp_magpie,loao,2,inner_val,2,Ca3PF3
verified_only,mlp_magpie,loao,2,inner_val,2,Sr3PCl3
verified_only,mlp_magpie,loao,2,inner_val,3,Ba3AsI3
verified_only,mlp_magpie,loao,2,inner_val,3,Ca3PBr3
verified_only,mlp_magpie,loao,2,inner_val,3,Ba3SbBr3
verified_only,mlp_magpie,loao,2,inner_val,3,Ca3SbBr3
verified_only,mlp_magpie,loao,2,inner_val,3,Ca3SbCl3
verified_only,mlp_magpie,loao,2,inner_val,4,Ca3PBr3
verified_only,mlp_magpie,loao,2,inner_val,4,Ca3PCl3
verified_only,mlp_magpie,loao,2,inner_val,4,Ca3PF3
verified_only,mlp_magpie,loao,2,inner_val,4,Sr3PI3
verified_only,mlp_magpie,loao,2,inner_val,4,Ba3SbBr3
verified_only,mlp_magpie,loao,3,test,,Sr3AsCl3
verified_only,mlp_magpie,loao,3,test,,Sr3AsI3
verified_only,mlp_magpie,loao,3,test,,Sr3PBr3
verified_only,mlp_magpie,loao,3,test,,Sr3PCl3
verified_only,mlp_magpie,loao,3,test,,Sr3PI3
verified_only,mlp_magpie,loao,3,test,,Sr3SbCl3
verified_only,mlp_magpie,loao,3,test,,Sr3SbI3
verified_only,mlp_magpie,loao,3,inner_val,0,Ba3AsI3
verified_only,mlp_magpie,loao,3,inner_val,0,Ca3AsBr3
verified_only,mlp_magpie,loao,3,inner_val,0,Mg3BiI3
verified_only,mlp_magpie,loao,3,inner_val,0,Mg3PCl3
verified_only,mlp_magpie,loao,3,inner_val,0,Ba3SbI3
verified_only,mlp_magpie,loao,3,inner_val,1,Mg3AsBr3
verified_only,mlp_magpie,loao,3,inner_val,1,Mg3PI3
verified_only,mlp_magpie,loao,3,inner_val,1,Ca3SbF3
verified_only,mlp_magpie,loao,3,inner_val,1,Mg3SbBr3
verified_only,mlp_magpie,loao,3,inner_val,1,Mg3SbCl3
verified_only,mlp_magpie,loao,3,inner_val,2,Ba3AsI3
verified_only,mlp_magpie,loao,3,inner_val,2,Ca3BiI3
verified_only,mlp_magpie,loao,3,inner_val,2,Mg3PCl3
verified_only,mlp_magpie,loao,3,inner_val,2,Ca3SbBr3
verified_only,mlp_magpie,loao,3,inner_val,2,Mg3SbBr3
verified_only,mlp_magpie,loao,3,inner_val,3,Ca3BiI3
verified_only,mlp_magpie,loao,3,inner_val,3,Mg3BiBr3
verified_only,mlp_magpie,loao,3,inner_val,3,Ca3PF3
verified_only,mlp_magpie,loao,3,inner_val,3,Mg3PBr3
verified_only,mlp_magpie,loao,3,inner_val,3,Ca3SbF3
verified_only,mlp_magpie,loao,3,inner_val,4,Mg3AsBr3
verified_only,mlp_magpie,loao,3,inner_val,4,Mg3BiBr3
verified_only,mlp_magpie,loao,3,inner_val,4,Mg3PCl3
verified_only,mlp_magpie,loao,3,inner_val,4,Mg3PI3
verified_only,mlp_magpie,loao,3,inner_val,4,Ca3SbF3
verified_only,mlp_magpie,gkf,0,test,,Mg3BiBr3
verified_only,mlp_magpie,gkf,0,test,,Ca3PCl3
verified_only,mlp_magpie,gkf,0,test,,Ca3PF3
verified_only,mlp_magpie,gkf,0,test,,Mg3PBr3
verified_only,mlp_magpie,gkf,0,test,,Sr3PCl3
verified_only,mlp_magpie,gkf,0,test,,Mg3SbI3
verified_only,mlp_magpie,gkf,0,test,,Sr3SbCl3
verified_only,mlp_magpie,gkf,0,inner_val,0,Sr3AsCl3
verified_only,mlp_magpie,gkf,0,inner_val,0,Sr3AsI3
verified_only,mlp_magpie,gkf,0,inner_val,0,Ca3PI3
verified_only,mlp_magpie,gkf,0,inner_val,0,Mg3PCl3
verified_only,mlp_magpie,gkf,0,inner_val,0,Mg3SbF3
verified_only,mlp_magpie,gkf,0,inner_val,1,Ba3AsCl3
verified_only,mlp_magpie,gkf,0,inner_val,1,Ba3AsI3
verified_only,mlp_magpie,gkf,0,inner_val,1,Sr3PI3
verified_only,mlp_magpie,gkf,0,inner_val,1,Ba3SbI3
verified_only,mlp_magpie,gkf,0,inner_val,1,Mg3SbCl3
verified_only,mlp_magpie,gkf,0,inner_val,2,Sr3AsCl3
verified_only,mlp_magpie,gkf,0,inner_val,2,Sr3AsI3
verified_only,mlp_magpie,gkf,0,inner_val,2,Ca3PBr3
verified_only,mlp_magpie,gkf,0,inner_val,2,Mg3PCl3
verified_only,mlp_magpie,gkf,0,inner_val,2,Mg3SbCl3
verified_only,mlp_magpie,gkf,0,inner_val,3,Ba3AsCl3
verified_only,mlp_magpie,gkf,0,inner_val,3,Sr3PBr3
verified_only,mlp_magpie,gkf,0,inner_val,3,Sr3PI3
verified_only,mlp_magpie,gkf,0,inner_val,3,Mg3SbCl3
verified_only,mlp_magpie,gkf,0,inner_val,3,Mg3SbF3
verified_only,mlp_magpie,gkf,0,inner_val,4,Ca3BiI3
verified_only,mlp_magpie,gkf,0,inner_val,4,Mg3BiI3
verified_only,mlp_magpie,gkf,0,inner_val,4,Sr3PBr3
verified_only,mlp_magpie,gkf,0,inner_val,4,Ba3SbI3
verified_only,mlp_magpie,gkf,0,inner_val,4,Sr3SbI3
verified_only,mlp_magpie,gkf,1,test,,Ba3AsCl3
verified_only,mlp_magpie,gkf,1,test,,Ca3AsBr3
verified_only,mlp_magpie,gkf,1,test,,Ca3AsF3
verified_only,mlp_magpie,gkf,1,test,,Sr3AsCl3
verified_only,mlp_magpie,gkf,1,test,,Mg3BiI3
verified_only,mlp_magpie,gkf,1,test,,Ca3SbCl3
verified_only,mlp_magpie,gkf,1,inner_val,0,Ba3AsI3
verified_only,mlp_magpie,gkf,1,inner_val,0,Ca3PF3
verified_only,mlp_magpie,gkf,1,inner_val,0,Mg3PBr3
verified_only,mlp_magpie,gkf,1,inner_val,0,Sr3PI3
verified_only,mlp_magpie,gkf,1,inner_val,0,Ca3SbF3
verified_only,mlp_magpie,gkf,1,inner_val,1,Sr3AsI3
verified_only,mlp_magpie,gkf,1,inner_val,1,Mg3PBr3
verified_only,mlp_magpie,gkf,1,inner_val,1,Sr3PCl3
verified_only,mlp_magpie,gkf,1,inner_val,1,Mg3SbF3
verified_only,mlp_magpie,gkf,1,inner_val,1,Mg3SbI3
verified_only,mlp_magpie,gkf,1,inner_val,2,Ca3PBr3
verified_only,mlp_magpie,gkf,1,inner_val,2,Sr3PBr3
verified_only,mlp_magpie,gkf,1,inner_val,2,Sr3PCl3
verified_only,mlp_magpie,gkf,1,inner_val,2,Ba3SbI3
verified_only,mlp_magpie,gkf,1,inner_val,2,Mg3SbCl3
verified_only,mlp_magpie,gkf,1,inner_val,3,Mg3BiBr3
verified_only,mlp_magpie,gkf,1,inner_val,3,Ca3PI3
verified_only,mlp_magpie,gkf,1,inner_val,3,Sr3PI3
verified_only,mlp_magpie,gkf,1,inner_val,3,Mg3SbCl3
verified_only,mlp_magpie,gkf,1,inner_val,3,Mg3SbF3
verified_only,mlp_magpie,gkf,1,inner_val,4,Ca3PF3
verified_only,mlp_magpie,gkf,1,inner_val,4,Mg3PBr3
verified_only,mlp_magpie,gkf,1,inner_val,4,Sr3PBr3
verified_only,mlp_magpie,gkf,1,inner_val,4,Sr3PI3
verified_only,mlp_magpie,gkf,1,inner_val,4,Sr3SbI3
verified_only,mlp_magpie,gkf,2,test,,Ba3AsI3
verified_only,mlp_magpie,gkf,2,test,,Sr3AsI3
verified_only,mlp_magpie,gkf,2,test,,Ba3SbBr3
verified_only,mlp_magpie,gkf,2,test,,Ca3SbBr3
verified_only,mlp_magpie,gkf,2,test,,Ca3SbF3
verified_only,mlp_magpie,gkf,2,test,,Mg3SbF3
verified_only,mlp_magpie,gkf,2,inner_val,0,Ba3AsCl3
verified_only,mlp_magpie,gkf,2,inner_val,0,Mg3PI3
verified_only,mlp_magpie,gkf,2,inner_val,0,Sr3PI3
verified_only,mlp_magpie,gkf,2,inner_val,0,Mg3SbI3
verified_only,mlp_magpie,gkf,2,inner_val,0,Sr3SbCl3
verified_only,mlp_magpie,gkf,2,inner_val,1,Mg3BiBr3
verified_only,mlp_magpie,gkf,2,inner_val,1,Ca3PF3
verified_only,mlp_magpie,gkf,2,inner_val,1,Mg3PCl3
verified_only,mlp_magpie,gkf,2,inner_val,1,Mg3SbCl3
verified_only,mlp_magpie,gkf,2,inner_val,1,Sr3SbCl3
verified_only,mlp_magpie,gkf,2,inner_val,2,Ca3PI3
verified_only,mlp_magpie,gkf,2,inner_val,2,Mg3PBr3
verified_only,mlp_magpie,gkf,2,inner_val,2,Sr3PCl3
verified_only,mlp_magpie,gkf,2,inner_val,2,Ca3SbCl3
verified_only,mlp_magpie,gkf,2,inner_val,2,Mg3SbBr3
verified_only,mlp_magpie,gkf,2,inner_val,3,Ca3AsBr3
verified_only,mlp_magpie,gkf,2,inner_val,3,Mg3BiBr3
verified_only,mlp_magpie,gkf,2,inner_val,3,Ca3PF3
verified_only,mlp_magpie,gkf,2,inner_val,3,Mg3PI3
verified_only,mlp_magpie,gkf,2,inner_val,3,Ba3SbI3
verified_only,mlp_magpie,gkf,2,inner_val,4,Ca3AsBr3
verified_only,mlp_magpie,gkf,2,inner_val,4,Ca3PF3
verified_only,mlp_magpie,gkf,2,inner_val,4,Ca3PI3
verified_only,mlp_magpie,gkf,2,inner_val,4,Mg3PBr3
verified_only,mlp_magpie,gkf,2,inner_val,4,Sr3PBr3
verified_only,mlp_magpie,gkf,3,test,,Mg3PCl3
verified_only,mlp_magpie,gkf,3,test,,Sr3PBr3
verified_only,mlp_magpie,gkf,3,test,,Ba3SbI3
verified_only,mlp_magpie,gkf,3,test,,Mg3SbBr3
verified_only,mlp_magpie,gkf,3,test,,Mg3SbCl3
verified_only,mlp_magpie,gkf,3,test,,Sr3SbI3
verified_only,mlp_magpie,gkf,3,inner_val,0,Ba3AsI3
verified_only,mlp_magpie,gkf,3,inner_val,0,Sr3AsCl3
verified_only,mlp_magpie,gkf,3,inner_val,0,Ca3SbF3
verified_only,mlp_magpie,gkf,3,inner_val,0,Mg3SbF3
verified_only,mlp_magpie,gkf,3,inner_val,0,Mg3SbI3
verified_only,mlp_magpie,gkf,3,inner_val,1,Sr3AsCl3
verified_only,mlp_magpie,gkf,3,inner_val,1,Sr3AsI3
verified_only,mlp_magpie,gkf,3,inner_val,1,Mg3BiBr3
verified_only,mlp_magpie,gkf,3,inner_val,1,Sr3PCl3
verified_only,mlp_magpie,gkf,3,inner_val,1,Mg3SbF3
verified_only,mlp_magpie,gkf,3,inner_val,2,Ba3AsI3
verified_only,mlp_magpie,gkf,3,inner_val,2,Mg3BiI3
verified_only,mlp_magpie,gkf,3,inner_val,2,Ca3PBr3
verified_only,mlp_magpie,gkf,3,inner_val,2,Ca3SbBr3
verified_only,mlp_magpie,gkf,3,inner_val,2,Ca3SbF3
verified_only,mlp_magpie,gkf,3,inner_val,3,Mg3AsBr3
verified_only,mlp_magpie,gkf,3,inner_val,3,Mg3BiI3
verified_only,mlp_magpie,gkf,3,inner_val,3,Ca3PBr3
verified_only,mlp_magpie,gkf,3,inner_val,3,Ca3PI3
verified_only,mlp_magpie,gkf,3,inner_val,3,Mg3PI3
verified_only,mlp_magpie,gkf,3,inner_val,4,Mg3AsBr3
verified_only,mlp_magpie,gkf,3,inner_val,4,Sr3AsCl3
verified_only,mlp_magpie,gkf,3,inner_val,4,Sr3AsI3
verified_only,mlp_magpie,gkf,3,inner_val,4,Mg3BiI3
verified_only,mlp_magpie,gkf,3,inner_val,4,Ca3PI3
verified_only,mlp_magpie,gkf,4,test,,Mg3AsBr3
verified_only,mlp_magpie,gkf,4,test,,Ca3BiI3
verified_only,mlp_magpie,gkf,4,test,,Ca3PBr3
verified_only,mlp_magpie,gkf,4,test,,Ca3PI3
verified_only,mlp_magpie,gkf,4,test,,Mg3PI3
verified_only,mlp_magpie,gkf,4,test,,Sr3PI3
verified_only,mlp_magpie,gkf,4,inner_val,0,Sr3AsCl3
verified_only,mlp_magpie,gkf,4,inner_val,0,Mg3BiI3
verified_only,mlp_magpie,gkf,4,inner_val,0,Ca3PCl3
verified_only,mlp_magpie,gkf,4,inner_val,0,Mg3PCl3
verified_only,mlp_magpie,gkf,4,inner_val,0,Sr3SbCl3
verified_only,mlp_magpie,gkf,4,inner_val,1,Ca3AsF3
verified_only,mlp_magpie,gkf,4,inner_val,1,Sr3AsCl3
verified_only,mlp_magpie,gkf,4,inner_val,1,Ca3SbBr3
verified_only,mlp_magpie,gkf,4,inner_val,1,Ca3SbCl3
verified_only,mlp_magpie,gkf,4,inner_val,1,Sr3SbCl3
verified_only,mlp_magpie,gkf,4,inner_val,2,Sr3AsI3
verified_only,mlp_magpie,gkf,4,inner_val,2,Mg3PBr3
verified_only,mlp_magpie,gkf,4,inner_val,2,Mg3SbCl3
verified_only,mlp_magpie,gkf,4,inner_val,2,Mg3SbF3
verified_only,mlp_magpie,gkf,4,inner_val,2,Sr3SbCl3
verified_only,mlp_magpie,gkf,4,inner_val,3,Ca3AsBr3
verified_only,mlp_magpie,gkf,4,inner_val,3,Mg3PCl3
verified_only,mlp_magpie,gkf,4,inner_val,3,Ba3SbI3
verified_only,mlp_magpie,gkf,4,inner_val,3,Ca3SbBr3
verified_only,mlp_magpie,gkf,4,inner_val,3,Ca3SbF3
verified_only,mlp_magpie,gkf,4,inner_val,4,Sr3AsCl3
verified_only,mlp_magpie,gkf,4,inner_val,4,Mg3BiI3
verified_only,mlp_magpie,gkf,4,inner_val,4,Ca3PCl3
verified_only,mlp_magpie,gkf,4,inner_val,4,Ca3SbCl3
verified_only,mlp_magpie,gkf,4,inner_val,4,Mg3SbCl3
verified_only,mlp_magpie,gkf,5,test,,Ba3AsCl3
verified_only,mlp_magpie,gkf,5,test,,Ca3AsF3
verified_only,mlp_magpie,gkf,5,test,,Ca3PBr3
verified_only,mlp_magpie,gkf,5,test,,Sr3PI3
verified_only,mlp_magpie,gkf,5,test,,Ca3SbF3
verified_only,mlp_magpie,gkf,5,test,,Mg3SbBr3
verified_only,mlp_magpie,gkf,5,test,,Mg3SbCl3
verified_only,mlp_magpie,gkf,5,inner_val,0,Sr3AsCl3
verified_only,mlp_magpie,gkf,5,inner_val,0,Sr3PBr3
verified_only,mlp_magpie,gkf,5,inner_val,0,Sr3PCl3
verified_only,mlp_magpie,gkf,5,inner_val,0,Ba3SbBr3
verified_only,mlp_magpie,gkf,5,inner_val,0,Mg3SbF3
verified_only,mlp_magpie,gkf,5,inner_val,1,Mg3AsBr3
verified_only,mlp_magpie,gkf,5,inner_val,1,Ca3BiI3
verified_only,mlp_magpie,gkf,5,inner_val,1,Ca3PF3
verified_only,mlp_magpie,gkf,5,inner_val,1,Sr3PCl3
verified_only,mlp_magpie,gkf,5,inner_val,1,Ba3SbBr3
verified_only,mlp_magpie,gkf,5,inner_val,2,Sr3AsI3
verified_only,mlp_magpie,gkf,5,inner_val,2,Ca3PF3
verified_only,mlp_magpie,gkf,5,inner_val,2,Mg3PBr3
verified_only,mlp_magpie,gkf,5,inner_val,2,Sr3PBr3
verified_only,mlp_magpie,gkf,5,inner_val,2,Ba3SbI3
verified_only,mlp_magpie,gkf,5,inner_val,3,Sr3AsI3
verified_only,mlp_magpie,gkf,5,inner_val,3,Mg3PI3
verified_only,mlp_magpie,gkf,5,inner_val,3,Ba3SbI3
verified_only,mlp_magpie,gkf,5,inner_val,3,Ca3SbBr3
verified_only,mlp_magpie,gkf,5,inner_val,3,Mg3SbF3
verified_only,mlp_magpie,gkf,5,inner_val,4,Mg3BiI3
verified_only,mlp_magpie,gkf,5,inner_val,4,Ba3SbI3
verified_only,mlp_magpie,gkf,5,inner_val,4,Ca3SbBr3
verified_only,mlp_magpie,gkf,5,inner_val,4,Mg3SbF3
verified_only,mlp_magpie,gkf,5,inner_val,4,Sr3SbCl3
verified_only,mlp_magpie,gkf,6,test,,Sr3AsI3
verified_only,mlp_magpie,gkf,6,test,,Mg3BiI3
verified_only,mlp_magpie,gkf,6,test,,Ca3PI3
verified_only,mlp_magpie,gkf,6,test,,Ca3SbCl3
verified_only,mlp_magpie,gkf,6,test,,Mg3SbI3
verified_only,mlp_magpie,gkf,6,test,,Sr3SbI3
verified_only,mlp_magpie,gkf,6,inner_val,0,Ca3AsF3
verified_only,mlp_magpie,gkf,6,inner_val,0,Ca3BiI3
verified_only,mlp_magpie,gkf,6,inner_val,0,Ca3PF3
verified_only,mlp_magpie,gkf,6,inner_val,0,Mg3PBr3
verified_only,mlp_magpie,gkf,6,inner_val,0,Mg3PI3
verified_only,mlp_magpie,gkf,6,inner_val,1,Ba3AsCl3
verified_only,mlp_magpie,gkf,6,inner_val,1,Ca3BiI3
verified_only,mlp_magpie,gkf,6,inner_val,1,Ca3PF3
verified_only,mlp_magpie,gkf,6,inner_val,1,Mg3PCl3
verified_only,mlp_magpie,gkf,6,inner_val,1,Ba3SbI3
verified_only,mlp_magpie,gkf,6,inner_val,2,Ca3AsF3
verified_only,mlp_magpie,gkf,6,inner_val,2,Ca3BiI3
verified_only,mlp_magpie,gkf,6,inner_val,2,Ca3PBr3
verified_only,mlp_magpie,gkf,6,inner_val,2,Ca3PF3
verified_only,mlp_magpie,gkf,6,inner_val,2,Ba3SbI3
verified_only,mlp_magpie,gkf,6,inner_val,3,Ba3AsCl3
verified_only,mlp_magpie,gkf,6,inner_val,3,Ba3AsI3
verified_only,mlp_magpie,gkf,6,inner_val,3,Mg3AsBr3
verified_only,mlp_magpie,gkf,6,inner_val,3,Ca3BiI3
verified_only,mlp_magpie,gkf,6,inner_val,3,Ba3SbI3
verified_only,mlp_magpie,gkf,6,inner_val,4,Ca3PBr3
verified_only,mlp_magpie,gkf,6,inner_val,4,Mg3PCl3
verified_only,mlp_magpie,gkf,6,inner_val,4,Sr3PBr3
verified_only,mlp_magpie,gkf,6,inner_val,4,Sr3PI3
verified_only,mlp_magpie,gkf,6,inner_val,4,Ba3SbBr3
verified_only,mlp_magpie,gkf,7,test,,Ba3AsI3
verified_only,mlp_magpie,gkf,7,test,,Sr3AsCl3
verified_only,mlp_magpie,gkf,7,test,,Ca3BiI3
verified_only,mlp_magpie,gkf,7,test,,Ca3PCl3
verified_only,mlp_magpie,gkf,7,test,,Mg3PBr3
verified_only,mlp_magpie,gkf,7,test,,Ba3SbI3
verified_only,mlp_magpie,gkf,7,inner_val,0,Sr3AsI3
verified_only,mlp_magpie,gkf,7,inner_val,0,Ca3PF3
verified_only,mlp_magpie,gkf,7,inner_val,0,Mg3SbCl3
verified_only,mlp_magpie,gkf,7,inner_val,0,Mg3SbF3
verified_only,mlp_magpie,gkf,7,inner_val,0,Sr3SbI3
verified_only,mlp_magpie,gkf,7,inner_val,1,Mg3AsBr3
verified_only,mlp_magpie,gkf,7,inner_val,1,Mg3BiI3
verified_only,mlp_magpie,gkf,7,inner_val,1,Ca3PF3
verified_only,mlp_magpie,gkf,7,inner_val,1,Mg3PI3
verified_only,mlp_magpie,gkf,7,inner_val,1,Sr3SbCl3
verified_only,mlp_magpie,gkf,7,inner_val,2,Ba3AsCl3
verified_only,mlp_magpie,gkf,7,inner_val,2,Mg3BiBr3
verified_only,mlp_magpie,gkf,7,inner_val,2,Ca3PBr3
verified_only,mlp_magpie,gkf,7,inner_val,2,Sr3PCl3
verified_only,mlp_magpie,gkf,7,inner_val,2,Sr3SbCl3
verified_only,mlp_magpie,gkf,7,inner_val,3,Ca3AsF3
verified_only,mlp_magpie,gkf,7,inner_val,3,Sr3AsI3
verified_only,mlp_magpie,gkf,7,inner_val,3,Ca3PBr3
verified_only,mlp_magpie,gkf,7,inner_val,3,Ca3PI3
verified_only,mlp_magpie,gkf,7,inner_val,3,Sr3SbCl3
verified_only,mlp_magpie,gkf,7,inner_val,4,Ca3AsBr3
verified_only,mlp_magpie,gkf,7,inner_val,4,Mg3BiI3
verified_only,mlp_magpie,gkf,7,inner_val,4,Ca3PBr3
verified_only,mlp_magpie,gkf,7,inner_val,4,Ca3PI3
verified_only,mlp_magpie,gkf,7,inner_val,4,Ca3SbF3
verified_only,mlp_magpie,gkf,8,test,,Ca3AsBr3
verified_only,mlp_magpie,gkf,8,test,,Mg3PCl3
verified_only,mlp_magpie,gkf,8,test,,Mg3PI3
verified_only,mlp_magpie,gkf,8,test,,Ba3SbBr3
verified_only,mlp_magpie,gkf,8,test,,Ca3SbBr3
verified_only,mlp_magpie,gkf,8,test,,Mg3SbF3
verified_only,mlp_magpie,gkf,8,inner_val,0,Ca3BiI3
verified_only,mlp_magpie,gkf,8,inner_val,0,Mg3BiBr3
verified_only,mlp_magpie,gkf,8,inner_val,0,Ca3PBr3
verified_only,mlp_magpie,gkf,8,inner_val,0,Sr3PI3
verified_only,mlp_magpie,gkf,8,inner_val,0,Mg3SbBr3
verified_only,mlp_magpie,gkf,8,inner_val,1,Sr3PBr3
verified_only,mlp_magpie,gkf,8,inner_val,1,Sr3PI3
verified_only,mlp_magpie,gkf,8,inner_val,1,Ca3SbCl3
verified_only,mlp_magpie,gkf,8,inner_val,1,Ca3SbF3
verified_only,mlp_magpie,gkf,8,inner_val,1,Mg3SbCl3
verified_only,mlp_magpie,gkf,8,inner_val,2,Mg3AsBr3
verified_only,mlp_magpie,gkf,8,inner_val,2,Mg3BiBr3
verified_only,mlp_magpie,gkf,8,inner_val,2,Ca3PCl3
verified_only,mlp_magpie,gkf,8,inner_val,2,Ca3PI3
verified_only,mlp_magpie,gkf,8,inner_val,2,Ca3SbF3
verified_only,mlp_magpie,gkf,8,inner_val,3,Ba3AsCl3
verified_only,mlp_magpie,gkf,8,inner_val,3,Ca3PF3
verified_only,mlp_magpie,gkf,8,inner_val,3,Mg3PBr3
verified_only,mlp_magpie,gkf,8,inner_val,3,Ba3SbI3
verified_only,mlp_magpie,gkf,8,inner_val,3,Mg3SbI3
verified_only,mlp_magpie,gkf,8,inner_val,4,Ca3BiI3
verified_only,mlp_magpie,gkf,8,inner_val,4,Ca3PI3
verified_only,mlp_magpie,gkf,8,inner_val,4,Sr3PBr3
verified_only,mlp_magpie,gkf,8,inner_val,4,Sr3PI3
verified_only,mlp_magpie,gkf,8,inner_val,4,Mg3SbBr3
verified_only,mlp_magpie,gkf,9,test,,Mg3AsBr3
verified_only,mlp_magpie,gkf,9,test,,Mg3BiBr3
verified_only,mlp_magpie,gkf,9,test,,Ca3PF3
verified_only,mlp_magpie,gkf,9,test,,Sr3PBr3
verified_only,mlp_magpie,gkf,9,test,,Sr3PCl3
verified_only,mlp_magpie,gkf,9,test,,Sr3SbCl3
verified_only,mlp_magpie,gkf,9,inner_val,0,Ba3AsI3
verified_only,mlp_magpie,gkf,9,inner_val,0,Sr3AsI3
verified_only,mlp_magpie,gkf,9,inner_val,0,Ca3PBr3
verified_only,mlp_magpie,gkf,9,inner_val,0,Sr3PI3
verified_only,mlp_magpie,gkf,9,inner_val,0,Ca3SbF3
verified_only,mlp_magpie,gkf,9,inner_val,1,Ca3AsF3
verified_only,mlp_magpie,gkf,9,inner_val,1,Sr3AsCl3
verified_only,mlp_magpie,gkf,9,inner_val,1,Mg3BiI3
verified_only,mlp_magpie,gkf,9,inner_val,1,Sr3PI3
verified_only,mlp_magpie,gkf,9,inner_val,1,Ba3SbI3
verified_only,mlp_magpie,gkf,9,inner_val,2,Mg3BiI3
verified_only,mlp_magpie,gkf,9,inner_val,2,Ba3SbBr3
verified_only,mlp_magpie,gkf,9,inner_val,2,Ca3SbBr3
verified_only,mlp_magpie,gkf,9,inner_val,2,Ca3SbF3
verified_only,mlp_magpie,gkf,9,inner_val,2,Mg3SbCl3
verified_only,mlp_magpie,gkf,9,inner_val,3,Ba3AsCl3
verified_only,mlp_magpie,gkf,9,inner_val,3,Ca3AsF3
verified_only,mlp_magpie,gkf,9,inner_val,3,Sr3AsCl3
verified_only,mlp_magpie,gkf,9,inner_val,3,Ca3BiI3
verified_only,mlp_magpie,gkf,9,inner_val,3,Ba3SbBr3
verified_only,mlp_magpie,gkf,9,inner_val,4,Ca3AsF3
verified_only,mlp_magpie,gkf,9,inner_val,4,Ca3BiI3
verified_only,mlp_magpie,gkf,9,inner_val,4,Mg3PBr3
verified_only,mlp_magpie,gkf,9,inner_val,4,Ba3SbBr3
verified_only,mlp_magpie,gkf,9,inner_val,4,Sr3SbI3
verified_only,mlp_magpie,gkf,10,test,,Ba3AsCl3
verified_only,mlp_magpie,gkf,10,test,,Ca3AsBr3
verified_only,mlp_magpie,gkf,10,test,,Sr3AsI3
verified_only,mlp_magpie,gkf,10,test,,Ca3PCl3
verified_only,mlp_magpie,gkf,10,test,,Ca3PI3
verified_only,mlp_magpie,gkf,10,test,,Mg3SbBr3
verified_only,mlp_magpie,gkf,10,test,,Sr3SbI3
verified_only,mlp_magpie,gkf,10,inner_val,0,Ca3BiI3
verified_only,mlp_magpie,gkf,10,inner_val,0,Mg3BiI3
verified_only,mlp_magpie,gkf,10,inner_val,0,Ca3PBr3
verified_only,mlp_magpie,gkf,10,inner_val,0,Mg3PCl3
verified_only,mlp_magpie,gkf,10,inner_val,0,Sr3PCl3
verified_only,mlp_magpie,gkf,10,inner_val,1,Ba3AsI3
verified_only,mlp_magpie,gkf,10,inner_val,1,Ca3PF3
verified_only,mlp_magpie,gkf,10,inner_val,1,Mg3SbCl3
verified_only,mlp_magpie,gkf,10,inner_val,1,Mg3SbF3
verified_only,mlp_magpie,gkf,10,inner_val,1,Sr3SbCl3
verified_only,mlp_magpie,gkf,10,inner_val,2,Mg3AsBr3
verified_only,mlp_magpie,gkf,10,inner_val,2,Sr3AsCl3
verified_only,mlp_magpie,gkf,10,inner_val,2,Mg3PI3
verified_only,mlp_magpie,gkf,10,inner_val,2,Sr3PCl3
verified_only,mlp_magpie,gkf,10,inner_val,2,Sr3PI3
verified_only,mlp_magpie,gkf,10,inner_val,3,Sr3AsCl3
verified_only,mlp_magpie,gkf,10,inner_val,3,Mg3PCl3
verified_only,mlp_magpie,gkf,10,inner_val,3,Mg3PI3
verified_only,mlp_magpie,gkf,10,inner_val,3,Sr3PI3
verified_only,mlp_magpie,gkf,10,inner_val,3,Ca3SbF3
verified_only,mlp_magpie,gkf,10,inner_val,4,Ba3AsI3
verified_only,mlp_magpie,gkf,10,inner_val,4,Ca3BiI3
verified_only,mlp_magpie,gkf,10,inner_val,4,Mg3PI3
verified_only,mlp_magpie,gkf,10,inner_val,4,Ca3SbF3
verified_only,mlp_magpie,gkf,10,inner_val,4,Mg3SbI3
verified_only,mlp_magpie,gkf,11,test,,Sr3AsCl3
verified_only,mlp_magpie,gkf,11,test,,Mg3BiBr3
verified_only,mlp_magpie,gkf,11,test,,Mg3PCl3
verified_only,mlp_magpie,gkf,11,test,,Sr3PBr3
verified_only,mlp_magpie,gkf,11,test,,Mg3SbI3
verified_only,mlp_magpie,gkf,11,test,,Sr3SbCl3
verified_only,mlp_magpie,gkf,11,inner_val,0,Ca3AsBr3
verified_only,mlp_magpie,gkf,11,inner_val,0,Mg3BiI3
verified_only,mlp_magpie,gkf,11,inner_val,0,Ca3PCl3
verified_only,mlp_magpie,gkf,11,inner_val,0,Mg3PBr3
verified_only,mlp_magpie,gkf,11,inner_val,0,Ca3SbF3
verified_only,mlp_magpie,gkf,11,inner_val,1,Ca3AsF3
verified_only,mlp_magpie,gkf,11,inner_val,1,Ca3BiI3
verified_only,mlp_magpie,gkf,11,inner_val,1,Ca3PBr3
verified_only,mlp_magpie,gkf,11,inner_val,1,Ca3PI3
verified_only,mlp_magpie,gkf,11,inner_val,1,Mg3SbCl3
verified_only,mlp_magpie,gkf,11,inner_val,2,Ba3AsI3
verified_only,mlp_magpie,gkf,11,inner_val,2,Ca3AsBr3
verified_only,mlp_magpie,gkf,11,inner_val,2,Mg3AsBr3
verified_only,mlp_magpie,gkf,11,inner_val,2,Mg3SbF3
verified_only,mlp_magpie,gkf,11,inner_val,2,Sr3SbI3
verified_only,mlp_magpie,gkf,11,inner_val,3,Ba3AsI3
verified_only,mlp_magpie,gkf,11,inner_val,3,Mg3PBr3
verified_only,mlp_magpie,gkf,11,inner_val,3,Ba3SbBr3
verified_only,mlp_magpie,gkf,11,inner_val,3,Ba3SbI3
verified_only,mlp_magpie,gkf,11,inner_val,3,Ca3SbBr3
verified_only,mlp_magpie,gkf,11,inner_val,4,Ba3AsCl3
verified_only,mlp_magpie,gkf,11,inner_val,4,Mg3BiI3
verified_only,mlp_magpie,gkf,11,inner_val,4,Ca3PCl3
verified_only,mlp_magpie,gkf,11,inner_val,4,Sr3PCl3
verified_only,mlp_magpie,gkf,11,inner_val,4,Ca3SbCl3
verified_only,mlp_magpie,gkf,12,test,,Ba3AsI3
verified_only,mlp_magpie,gkf,12,test,,Ca3AsF3
verified_only,mlp_magpie,gkf,12,test,,Ca3PF3
verified_only,mlp_magpie,gkf,12,test,,Mg3PI3
verified_only,mlp_magpie,gkf,12,test,,Ca3SbCl3
verified_only,mlp_magpie,gkf,12,test,,Mg3SbCl3
verified_only,mlp_magpie,gkf,12,inner_val,0,Ca3BiI3
verified_only,mlp_magpie,gkf,12,inner_val,0,Mg3PCl3
verified_only,mlp_magpie,gkf,12,inner_val,0,Ba3SbI3
verified_only,mlp_magpie,gkf,12,inner_val,0,Ca3SbBr3
verified_only,mlp_magpie,gkf,12,inner_val,0,Sr3SbI3
verified_only,mlp_magpie,gkf,12,inner_val,1,Ba3AsCl3
verified_only,mlp_magpie,gkf,12,inner_val,1,Ca3AsBr3
verified_only,mlp_magpie,gkf,12,inner_val,1,Mg3AsBr3
verified_only,mlp_magpie,gkf,12,inner_val,1,Ca3BiI3
verified_only,mlp_magpie,gkf,12,inner_val,1,Sr3PCl3
verified_only,mlp_magpie,gkf,12,inner_val,2,Ca3PCl3
verified_only,mlp_magpie,gkf,12,inner_val,2,Sr3PBr3
verified_only,mlp_magpie,gkf,12,inner_val,2,Sr3PCl3
verified_only,mlp_magpie,gkf,12,inner_val,2,Ca3SbF3
verified_only,mlp_magpie,gkf,12,inner_val,2,Mg3SbBr3
verified_only,mlp_magpie,gkf,12,inner_val,3,Mg3BiI3
verified_only,mlp_magpie,gkf,12,inner_val,3,Ca3PBr3
verified_only,mlp_magpie,gkf,12,inner_val,3,Ca3PCl3
verified_only,mlp_magpie,gkf,12,inner_val,3,Ba3SbBr3
verified_only,mlp_magpie,gkf,12,inner_val,3,Sr3SbI3
verified_only,mlp_magpie,gkf,12,inner_val,4,Ba3AsCl3
verified_only,mlp_magpie,gkf,12,inner_val,4,Sr3AsCl3
verified_only,mlp_magpie,gkf,12,inner_val,4,Mg3PBr3
verified_only,mlp_magpie,gkf,12,inner_val,4,Sr3PBr3
verified_only,mlp_magpie,gkf,12,inner_val,4,Sr3SbCl3
verified_only,mlp_magpie,gkf,13,test,,Mg3BiI3
verified_only,mlp_magpie,gkf,13,test,,Mg3PBr3
verified_only,mlp_magpie,gkf,13,test,,Sr3PCl3
verified_only,mlp_magpie,gkf,13,test,,Ba3SbI3
verified_only,mlp_magpie,gkf,13,test,,Ca3SbF3
verified_only,mlp_magpie,gkf,13,test,,Mg3SbF3
verified_only,mlp_magpie,gkf,13,inner_val,0,Ba3AsI3
verified_only,mlp_magpie,gkf,13,inner_val,0,Ca3PCl3
verified_only,mlp_magpie,gkf,13,inner_val,0,Ca3PI3
verified_only,mlp_magpie,gkf,13,inner_val,0,Sr3PBr3
verified_only,mlp_magpie,gkf,13,inner_val,0,Mg3SbCl3
verified_only,mlp_magpie,gkf,13,inner_val,1,Ba3AsCl3
verified_only,mlp_magpie,gkf,13,inner_val,1,Ca3PF3
verified_only,mlp_magpie,gkf,13,inner_val,1,Sr3PBr3
verified_only,mlp_magpie,gkf,13,inner_val,1,Mg3SbBr3
verified_only,mlp_magpie,gkf,13,inner_val,1,Sr3SbI3
verified_only,mlp_magpie,gkf,13,inner_val,2,Ba3AsCl3
verified_only,mlp_magpie,gkf,13,inner_val,2,Ba3AsI3
verified_only,mlp_magpie,gkf,13,inner_val,2,Ca3PBr3
verified_only,mlp_magpie,gkf,13,inner_val,2,Ca3SbBr3
verified_only,mlp_magpie,gkf,13,inner_val,2,Mg3SbCl3
verified_only,mlp_magpie,gkf,13,inner_val,3,Ca3AsBr3
verified_only,mlp_magpie,gkf,13,inner_val,3,Mg3PCl3
verified_only,mlp_magpie,gkf,13,inner_val,3,Mg3SbBr3
verified_only,mlp_magpie,gkf,13,inner_val,3,Mg3SbCl3
verified_only,mlp_magpie,gkf,13,inner_val,3,Mg3SbI3
verified_only,mlp_magpie,gkf,13,inner_val,4,Ba3AsI3
verified_only,mlp_magpie,gkf,13,inner_val,4,Sr3AsI3
verified_only,mlp_magpie,gkf,13,inner_val,4,Ca3PBr3
verified_only,mlp_magpie,gkf,13,inner_val,4,Ca3SbBr3
verified_only,mlp_magpie,gkf,13,inner_val,4,Mg3SbBr3
verified_only,mlp_magpie,gkf,14,test,,Mg3AsBr3
verified_only,mlp_magpie,gkf,14,test,,Ca3BiI3
verified_only,mlp_magpie,gkf,14,test,,Ca3PBr3
verified_only,mlp_magpie,gkf,14,test,,Sr3PI3
verified_only,mlp_magpie,gkf,14,test,,Ba3SbBr3
verified_only,mlp_magpie,gkf,14,test,,Ca3SbBr3
verified_only,mlp_magpie,gkf,14,inner_val,0,Ba3AsCl3
verified_only,mlp_magpie,gkf,14,inner_val,0,Mg3PBr3
verified_only,mlp_magpie,gkf,14,inner_val,0,Ba3SbI3
verified_only,mlp_magpie,gkf,14,inner_val,0,Mg3SbF3
verified_only,mlp_magpie,gkf,14,inner_val,0,Mg3SbI3
verified_only,mlp_magpie,gkf,14,inner_val,1,Ba3AsI3
verified_only,mlp_magpie,gkf,14,inner_val,1,Mg3BiBr3
verified_only,mlp_magpie,gkf,14,inner_val,1,Mg3SbBr3
verified_only,mlp_magpie,gkf,14,inner_val,1,Mg3SbF3
verified_only,mlp_magpie,gkf,14,inner_val,1,Sr3SbCl3
verified_only,mlp_magpie,gkf,14,inner_val,2,Mg3PCl3
verified_only,mlp_magpie,gkf,14,inner_val,2,Mg3PI3
verified_only,mlp_magpie,gkf,14,inner_val,2,Ba3SbI3
verified_only,mlp_magpie,gkf,14,inner_val,2,Mg3SbF3
verified_only,mlp_magpie,gkf,14,inner_val,2,Sr3SbI3
verified_only,mlp_magpie,gkf,14,inner_val,3,Ba3AsCl3
verified_only,mlp_magpie,gkf,14,inner_val,3,Mg3PI3
verified_only,mlp_magpie,gkf,14,inner_val,3,Sr3PBr3
verified_only,mlp_magpie,gkf,14,inner_val,3,Sr3PCl3
verified_only,mlp_magpie,gkf,14,inner_val,3,Sr3SbCl3
verified_only,mlp_magpie,gkf,14,inner_val,4,Ba3AsCl3
verified_only,mlp_magpie,gkf,14,inner_val,4,Ca3AsF3
verified_only,mlp_magpie,gkf,14,inner_val,4,Mg3BiI3
verified_only,mlp_magpie,gkf,14,inner_val,4,Ca3SbF3
verified_only,mlp_magpie,gkf,14,inner_val,4,Sr3SbI3
verified_only,mlp_magpie,gkf,15,test,,Ba3AsI3
verified_only,mlp_magpie,gkf,15,test,,Ca3AsBr3
verified_only,mlp_magpie,gkf,15,test,,Ca3AsF3
verified_only,mlp_magpie,gkf,15,test,,Sr3AsI3
verified_only,mlp_magpie,gkf,15,test,,Ca3PF3
verified_only,mlp_magpie,gkf,15,test,,Mg3PCl3
verified_only,mlp_magpie,gkf,15,test,,Ba3SbI3
verified_only,mlp_magpie,gkf,15,inner_val,0,Mg3AsBr3
verified_only,mlp_magpie,gkf,15,inner_val,0,Mg3BiBr3
verified_only,mlp_magpie,gkf,15,inner_val,0,Ca3PBr3
verified_only,mlp_magpie,gkf,15,inner_val,0,Mg3PI3
verified_only,mlp_magpie,gkf,15,inner_val,0,Ba3SbBr3
verified_only,mlp_magpie,gkf,15,inner_val,1,Ca3BiI3
verified_only,mlp_magpie,gkf,15,inner_val,1,Mg3BiI3
verified_only,mlp_magpie,gkf,15,inner_val,1,Sr3PI3
verified_only,mlp_magpie,gkf,15,inner_val,1,Mg3SbBr3
verified_only,mlp_magpie,gkf,15,inner_val,1,Sr3SbCl3
verified_only,mlp_magpie,gkf,15,inner_val,2,Ca3PI3
verified_only,mlp_magpie,gkf,15,inner_val,2,Mg3PI3
verified_only,mlp_magpie,gkf,15,inner_val,2,Sr3PBr3
verified_only,mlp_magpie,gkf,15,inner_val,2,Ca3SbBr3
verified_only,mlp_magpie,gkf,15,inner_val,2,Mg3SbCl3
verified_only,mlp_magpie,gkf,15,inner_val,3,Ba3AsCl3
verified_only,mlp_magpie,gkf,15,inner_val,3,Mg3BiI3
verified_only,mlp_magpie,gkf,15,inner_val,3,Ca3PCl3
verified_only,mlp_magpie,gkf,15,inner_val,3,Mg3PBr3
verified_only,mlp_magpie,gkf,15,inner_val,3,Ca3SbCl3
verified_only,mlp_magpie,gkf,15,inner_val,4,Mg3AsBr3
verified_only,mlp_magpie,gkf,15,inner_val,4,Ca3BiI3
verified_only,mlp_magpie,gkf,15,inner_val,4,Sr3PI3
verified_only,mlp_magpie,gkf,15,inner_val,4,Sr3SbCl3
verified_only,mlp_magpie,gkf,15,inner_val,4,Sr3SbI3
verified_only,mlp_magpie,gkf,16,test,,Mg3BiI3
verified_only,mlp_magpie,gkf,16,test,,Ca3PI3
verified_only,mlp_magpie,gkf,16,test,,Sr3PCl3
verified_only,mlp_magpie,gkf,16,test,,Ba3SbBr3
verified_only,mlp_magpie,gkf,16,test,,Ca3SbF3
verified_only,mlp_magpie,gkf,16,test,,Sr3SbCl3
verified_only,mlp_magpie,gkf,16,inner_val,0,Sr3AsCl3
verified_only,mlp_magpie,gkf,16,inner_val,0,Mg3BiBr3
verified_only,mlp_magpie,gkf,16,inner_val,0,Ca3PBr3
verified_only,mlp_magpie,gkf,16,inner_val,0,Mg3SbBr3
verified_only,mlp_magpie,gkf,16,inner_val,0,Mg3SbF3
verified_only,mlp_magpie,gkf,16,inner_val,1,Ca3AsF3
verified_only,mlp_magpie,gkf,16,inner_val,1,Sr3AsI3
verified_only,mlp_magpie,gkf,16,inner_val,1,Ca3PBr3
verified_only,mlp_magpie,gkf,16,inner_val,1,Sr3PBr3
verified_only,mlp_magpie,gkf,16,inner_val,1,Ba3SbI3
verified_only,mlp_magpie,gkf,16,inner_val,2,Ba3AsCl3
verified_only,mlp_magpie,gkf,16,inner_val,2,Mg3AsBr3
verified_only,mlp_magpie,gkf,16,inner_val,2,Ca3PBr3
verified_only,mlp_magpie,gkf,16,inner_val,2,Ca3PF3
verified_only,mlp_magpie,gkf,16,inner_val,2,Mg3PBr3
verified_only,mlp_magpie,gkf,16,inner_val,3,Sr3AsCl3
verified_only,mlp_magpie,gkf,16,inner_val,3,Ca3BiI3
verified_only,mlp_magpie,gkf,16,inner_val,3,Ca3PCl3
verified_only,mlp_magpie,gkf,16,inner_val,3,Mg3PBr3
verified_only,mlp_magpie,gkf,16,inner_val,3,Mg3PCl3
verified_only,mlp_magpie,gkf,16,inner_val,4,Mg3BiBr3
verified_only,mlp_magpie,gkf,16,inner_val,4,Ca3PF3
verified_only,mlp_magpie,gkf,16,inner_val,4,Mg3PI3
verified_only,mlp_magpie,gkf,16,inner_val,4,Ba3SbI3
verified_only,mlp_magpie,gkf,16,inner_val,4,Sr3SbI3
verified_only,mlp_magpie,gkf,17,test,,Ca3BiI3
verified_only,mlp_magpie,gkf,17,test,,Ca3PBr3
verified_only,mlp_magpie,gkf,17,test,,Mg3PI3
verified_only,mlp_magpie,gkf,17,test,,Ca3SbBr3
verified_only,mlp_magpie,gkf,17,test,,Mg3SbCl3
verified_only,mlp_magpie,gkf,17,test,,Mg3SbF3
verified_only,mlp_magpie,gkf,17,inner_val,0,Ba3AsI3
verified_only,mlp_magpie,gkf,17,inner_val,0,Sr3AsCl3
verified_only,mlp_magpie,gkf,17,inner_val,0,Sr3PCl3
verified_only,mlp_magpie,gkf,17,inner_val,0,Ca3SbCl3
verified_only,mlp_magpie,gkf,17,inner_val,0,Sr3SbCl3
verified_only,mlp_magpie,gkf,17,inner_val,1,Ba3AsCl3
verified_only,mlp_magpie,gkf,17,inner_val,1,Ba3AsI3
verified_only,mlp_magpie,gkf,17,inner_val,1,Sr3AsCl3
verified_only,mlp_magpie,gkf,17,inner_val,1,Ca3PCl3
verified_only,mlp_magpie,gkf,17,inner_val,1,Mg3PBr3
verified_only,mlp_magpie,gkf,17,inner_val,2,Ba3AsCl3
verified_only,mlp_magpie,gkf,17,inner_val,2,Ca3AsBr3
verified_only,mlp_magpie,gkf,17,inner_val,2,Ca3AsF3
verified_only,mlp_magpie,gkf,17,inner_val,2,Ca3PCl3
verified_only,mlp_magpie,gkf,17,inner_val,2,Sr3PBr3
verified_only,mlp_magpie,gkf,17,inner_val,3,Ba3AsCl3
verified_only,mlp_magpie,gkf,17,inner_val,3,Ba3AsI3
verified_only,mlp_magpie,gkf,17,inner_val,3,Sr3AsCl3
verified_only,mlp_magpie,gkf,17,inner_val,3,Ca3PI3
verified_only,mlp_magpie,gkf,17,inner_val,3,Mg3SbBr3
verified_only,mlp_magpie,gkf,17,inner_val,4,Mg3BiI3
verified_only,mlp_magpie,gkf,17,inner_val,4,Sr3PBr3
verified_only,mlp_magpie,gkf,17,inner_val,4,Sr3PCl3
verified_only,mlp_magpie,gkf,17,inner_val,4,Sr3PI3
verified_only,mlp_magpie,gkf,17,inner_val,4,Mg3SbI3
verified_only,mlp_magpie,gkf,18,test,,Ba3AsCl3
verified_only,mlp_magpie,gkf,18,test,,Sr3AsCl3
verified_only,mlp_magpie,gkf,18,test,,Ca3PCl3
verified_only,mlp_magpie,gkf,18,test,,Sr3PBr3
verified_only,mlp_magpie,gkf,18,test,,Sr3PI3
verified_only,mlp_magpie,gkf,18,test,,Mg3SbI3
verified_only,mlp_magpie,gkf,18,inner_val,0,Sr3AsI3
verified_only,mlp_magpie,gkf,18,inner_val,0,Ca3BiI3
verified_only,mlp_magpie,gkf,18,inner_val,0,Mg3BiBr3
verified_only,mlp_magpie,gkf,18,inner_val,0,Ca3SbBr3
verified_only,mlp_magpie,gkf,18,inner_val,0,Ca3SbF3
verified_only,mlp_magpie,gkf,18,inner_val,1,Ca3AsBr3
verified_only,mlp_magpie,gkf,18,inner_val,1,Ca3AsF3
verified_only,mlp_magpie,gkf,18,inner_val,1,Ca3SbCl3
verified_only,mlp_magpie,gkf,18,inner_val,1,Ca3SbF3
verified_only,mlp_magpie,gkf,18,inner_val,1,Mg3SbF3
verified_only,mlp_magpie,gkf,18,inner_val,2,Mg3PCl3
verified_only,mlp_magpie,gkf,18,inner_val,2,Sr3PCl3
verified_only,mlp_magpie,gkf,18,inner_val,2,Ca3SbCl3
verified_only,mlp_magpie,gkf,18,inner_val,2,Mg3SbBr3
verified_only,mlp_magpie,gkf,18,inner_val,2,Mg3SbCl3
verified_only,mlp_magpie,gkf,18,inner_val,3,Mg3BiI3
verified_only,mlp_magpie,gkf,18,inner_val,3,Ca3PI3
verified_only,mlp_magpie,gkf,18,inner_val,3,Sr3PCl3
verified_only,mlp_magpie,gkf,18,inner_val,3,Ca3SbF3
verified_only,mlp_magpie,gkf,18,inner_val,3,Sr3SbI3
verified_only,mlp_magpie,gkf,18,inner_val,4,Ba3AsI3
verified_only,mlp_magpie,gkf,18,inner_val,4,Mg3AsBr3
verified_only,mlp_magpie,gkf,18,inner_val,4,Ca3PBr3
verified_only,mlp_magpie,gkf,18,inner_val,4,Ca3PF3
verified_only,mlp_magpie,gkf,18,inner_val,4,Ca3SbF3
verified_only,mlp_magpie,gkf,19,test,,Mg3AsBr3
verified_only,mlp_magpie,gkf,19,test,,Mg3BiBr3
verified_only,mlp_magpie,gkf,19,test,,Mg3PBr3
verified_only,mlp_magpie,gkf,19,test,,Ca3SbCl3
verified_only,mlp_magpie,gkf,19,test,,Mg3SbBr3
verified_only,mlp_magpie,gkf,19,test,,Sr3SbI3
verified_only,mlp_magpie,gkf,19,inner_val,0,Sr3AsI3
verified_only,mlp_magpie,gkf,19,inner_val,0,Ca3BiI3
verified_only,mlp_magpie,gkf,19,inner_val,0,Ca3PCl3
verified_only,mlp_magpie,gkf,19,inner_val,0,Mg3PI3
verified_only,mlp_magpie,gkf,19,inner_val,0,Sr3SbCl3
verified_only,mlp_magpie,gkf,19,inner_val,1,Ba3AsI3
verified_only,mlp_magpie,gkf,19,inner_val,1,Ca3PCl3
verified_only,mlp_magpie,gkf,19,inner_val,1,Sr3PBr3
verified_only,mlp_magpie,gkf,19,inner_val,1,Ca3SbF3
verified_only,mlp_magpie,gkf,19,inner_val,1,Mg3SbCl3
verified_only,mlp_magpie,gkf,19,inner_val,2,Ca3AsF3
verified_only,mlp_magpie,gkf,19,inner_val,2,Sr3AsCl3
verified_only,mlp_magpie,gkf,19,inner_val,2,Ca3PBr3
verified_only,mlp_magpie,gkf,19,inner_val,2,Ba3SbI3
verified_only,mlp_magpie,gkf,19,inner_val,2,Mg3SbI3
verified_only,mlp_magpie,gkf,19,inner_val,3,Ba3AsCl3
verified_only,mlp_magpie,gkf,19,inner_val,3,Sr3AsI3
verified_only,mlp_magpie,gkf,19,inner_val,3,Mg3PCl3
verified_only,mlp_magpie,gkf,19,inner_val,3,Ba3SbBr3
verified_only,mlp_magpie,gkf,19,inner_val,3,Ca3SbBr3
verified_only,mlp_magpie,gkf,19,inner_val,4,Ca3PCl3
verified_only,mlp_magpie,gkf,19,inner_val,4,Ca3PF3
verified_only,mlp_magpie,gkf,19,inner_val,4,Ba3SbBr3
verified_only,mlp_magpie,gkf,19,inner_val,4,Ca3SbF3
verified_only,mlp_magpie,gkf,19,inner_val,4,Mg3SbI3
verified_only,mlp_magpie,gkf,20,test,,Ca3AsF3
verified_only,mlp_magpie,gkf,20,test,,Sr3AsCl3
verified_only,mlp_magpie,gkf,20,test,,Ca3PI3
verified_only,mlp_magpie,gkf,20,test,,Mg3PCl3
verified_only,mlp_magpie,gkf,20,test,,Mg3PI3
verified_only,mlp_magpie,gkf,20,test,,Ba3SbI3
verified_only,mlp_magpie,gkf,20,test,,Ca3SbCl3
verified_only,mlp_magpie,gkf,20,inner_val,0,Ca3AsBr3
verified_only,mlp_magpie,gkf,20,inner_val,0,Sr3AsI3
verified_only,mlp_magpie,gkf,20,inner_val,0,Ba3SbBr3
verified_only,mlp_magpie,gkf,20,inner_val,0,Ca3SbBr3
verified_only,mlp_magpie,gkf,20,inner_val,0,Mg3SbBr3
verified_only,mlp_magpie,gkf,20,inner_val,1,Mg3AsBr3
verified_only,mlp_magpie,gkf,20,inner_val,1,Sr3AsI3
verified_only,mlp_magpie,gkf,20,inner_val,1,Ca3PBr3
verified_only,mlp_magpie,gkf,20,inner_val,1,Ca3SbBr3
verified_only,mlp_magpie,gkf,20,inner_val,1,Mg3SbI3
verified_only,mlp_magpie,gkf,20,inner_val,2,Ba3AsI3
verified_only,mlp_magpie,gkf,20,inner_val,2,Sr3AsI3
verified_only,mlp_magpie,gkf,20,inner_val,2,Mg3BiI3
verified_only,mlp_magpie,gkf,20,inner_val,2,Ca3PF3
verified_only,mlp_magpie,gkf,20,inner_val,2,Sr3SbI3
verified_only,mlp_magpie,gkf,20,inner_val,3,Ba3AsCl3
verified_only,mlp_magpie,gkf,20,inner_val,3,Ca3PBr3
verified_only,mlp_magpie,gkf,20,inner_val,3,Sr3PI3
verified_only,mlp_magpie,gkf,20,inner_val,3,Mg3SbBr3
verified_only,mlp_magpie,gkf,20,inner_val,3,Sr3SbI3
verified_only,mlp_magpie,gkf,20,inner_val,4,Mg3AsBr3
verified_only,mlp_magpie,gkf,20,inner_val,4,Sr3PBr3
verified_only,mlp_magpie,gkf,20,inner_val,4,Sr3PCl3
verified_only,mlp_magpie,gkf,20,inner_val,4,Ba3SbBr3
verified_only,mlp_magpie,gkf,20,inner_val,4,Mg3SbCl3
verified_only,mlp_magpie,gkf,21,test,,Mg3AsBr3
verified_only,mlp_magpie,gkf,21,test,,Mg3BiI3
verified_only,mlp_magpie,gkf,21,test,,Ca3PF3
verified_only,mlp_magpie,gkf,21,test,,Sr3PI3
verified_only,mlp_magpie,gkf,21,test,,Mg3SbF3
verified_only,mlp_magpie,gkf,21,test,,Sr3SbCl3
verified_only,mlp_magpie,gkf,21,inner_val,0,Ba3AsCl3
verified_only,mlp_magpie,gkf,21,inner_val,0,Mg3BiBr3
verified_only,mlp_magpie,gkf,21,inner_val,0,Ca3PI3
verified_only,mlp_magpie,gkf,21,inner_val,0,Sr3PCl3
verified_only,mlp_magpie,gkf,21,inner_val,0,Mg3SbBr3
verified_only,mlp_magpie,gkf,21,inner_val,1,Sr3AsCl3
verified_only,mlp_magpie,gkf,21,inner_val,1,Mg3BiBr3
verified_only,mlp_magpie,gkf,21,inner_val,1,Sr3PBr3
verified_only,mlp_magpie,gkf,21,inner_val,1,Ca3SbCl3
verified_only,mlp_magpie,gkf,21,inner_val,1,Ca3SbF3
verified_only,mlp_magpie,gkf,21,inner_val,2,Mg3BiBr3
verified_only,mlp_magpie,gkf,21,inner_val,2,Ca3PI3
verified_only,mlp_magpie,gkf,21,inner_val,2,Mg3PBr3
verified_only,mlp_magpie,gkf,21,inner_val,2,Ca3SbF3
verified_only,mlp_magpie,gkf,21,inner_val,2,Mg3SbBr3
verified_only,mlp_magpie,gkf,21,inner_val,3,Ba3AsI3
verified_only,mlp_magpie,gkf,21,inner_val,3,Ca3AsF3
verified_only,mlp_magpie,gkf,21,inner_val,3,Sr3AsI3
verified_only,mlp_magpie,gkf,21,inner_val,3,Ca3SbBr3
verified_only,mlp_magpie,gkf,21,inner_val,3,Ca3SbF3
verified_only,mlp_magpie,gkf,21,inner_val,4,Ca3AsBr3
verified_only,mlp_magpie,gkf,21,inner_val,4,Ca3PCl3
verified_only,mlp_magpie,gkf,21,inner_val,4,Mg3PBr3
verified_only,mlp_magpie,gkf,21,inner_val,4,Ba3SbI3
verified_only,mlp_magpie,gkf,21,inner_val,4,Ca3SbCl3
verified_only,mlp_magpie,gkf,22,test,,Mg3PBr3
verified_only,mlp_magpie,gkf,22,test,,Sr3PBr3
verified_only,mlp_magpie,gkf,22,test,,Ca3SbF3
verified_only,mlp_magpie,gkf,22,test,,Mg3SbBr3
verified_only,mlp_magpie,gkf,22,test,,Mg3SbCl3
verified_only,mlp_magpie,gkf,22,test,,Mg3SbI3
verified_only,mlp_magpie,gkf,22,inner_val,0,Mg3BiBr3
verified_only,mlp_magpie,gkf,22,inner_val,0,Ca3PI3
verified_only,mlp_magpie,gkf,22,inner_val,0,Sr3PI3
verified_only,mlp_magpie,gkf,22,inner_val,0,Ca3SbBr3
verified_only,mlp_magpie,gkf,22,inner_val,0,Mg3SbF3
verified_only,mlp_magpie,gkf,22,inner_val,1,Mg3AsBr3
verified_only,mlp_magpie,gkf,22,inner_val,1,Sr3AsCl3
verified_only,mlp_magpie,gkf,22,inner_val,1,Ca3PI3
verified_only,mlp_magpie,gkf,22,inner_val,1,Mg3PCl3
verified_only,mlp_magpie,gkf,22,inner_val,1,Mg3PI3
verified_only,mlp_magpie,gkf,22,inner_val,2,Ba3AsI3
verified_only,mlp_magpie,gkf,22,inner_val,2,Mg3PCl3
verified_only,mlp_magpie,gkf,22,inner_val,2,Sr3PI3
verified_only,mlp_magpie,gkf,22,inner_val,2,Ba3SbBr3
verified_only,mlp_magpie,gkf,22,inner_val,2,Ba3SbI3
verified_only,mlp_magpie,gkf,22,inner_val,3,Mg3AsBr3
verified_only,mlp_magpie,gkf,22,inner_val,3,Sr3AsI3
verified_only,mlp_magpie,gkf,22,inner_val,3,Mg3PCl3
verified_only,mlp_magpie,gkf,22,inner_val,3,Mg3PI3
verified_only,mlp_magpie,gkf,22,inner_val,3,Ca3SbCl3
verified_only,mlp_magpie,gkf,22,inner_val,4,Ba3AsI3
verified_only,mlp_magpie,gkf,22,inner_val,4,Sr3AsI3
verified_only,mlp_magpie,gkf,22,inner_val,4,Ca3PF3
verified_only,mlp_magpie,gkf,22,inner_val,4,Sr3PI3
verified_only,mlp_magpie,gkf,22,inner_val,4,Ba3SbI3
verified_only,mlp_magpie,gkf,23,test,,Ba3AsCl3
verified_only,mlp_magpie,gkf,23,test,,Ba3AsI3
verified_only,mlp_magpie,gkf,23,test,,Ca3AsBr3
verified_only,mlp_magpie,gkf,23,test,,Sr3AsI3
verified_only,mlp_magpie,gkf,23,test,,Mg3BiBr3
verified_only,mlp_magpie,gkf,23,test,,Ba3SbBr3
verified_only,mlp_magpie,gkf,23,inner_val,0,Ca3PF3
verified_only,mlp_magpie,gkf,23,inner_val,0,Ca3PI3
verified_only,mlp_magpie,gkf,23,inner_val,0,Mg3PBr3
verified_only,mlp_magpie,gkf,23,inner_val,0,Ca3SbBr3
verified_only,mlp_magpie,gkf,23,inner_val,0,Sr3SbI3
verified_only,mlp_magpie,gkf,23,inner_val,1,Ca3PCl3
verified_only,mlp_magpie,gkf,23,inner_val,1,Ca3PI3
verified_only,mlp_magpie,gkf,23,inner_val,1,Mg3PI3
verified_only,mlp_magpie,gkf,23,inner_val,1,Sr3PI3
verified_only,mlp_magpie,gkf,23,inner_val,1,Sr3SbCl3
verified_only,mlp_magpie,gkf,23,inner_val,2,Sr3AsCl3
verified_only,mlp_magpie,gkf,23,inner_val,2,Ca3BiI3
verified_only,mlp_magpie,gkf,23,inner_val,2,Ca3PI3
verified_only,mlp_magpie,gkf,23,inner_val,2,Ba3SbI3
verified_only,mlp_magpie,gkf,23,inner_val,2,Ca3SbCl3
verified_only,mlp_magpie,gkf,23,inner_val,3,Mg3AsBr3
verified_only,mlp_magpie,gkf,23,inner_val,3,Mg3PI3
verified_only,mlp_magpie,gkf,23,inner_val,3,Mg3SbF3
verified_only,mlp_magpie,gkf,23,inner_val,3,Mg3SbI3
verified_only,mlp_magpie,gkf,23,inner_val,3,Sr3SbCl3
verified_only,mlp_magpie,gkf,23,inner_val,4,Mg3BiI3
verified_only,mlp_magpie,gkf,23,inner_val,4,Ca3PCl3
verified_only,mlp_magpie,gkf,23,inner_val,4,Sr3PCl3
verified_only,mlp_magpie,gkf,23,inner_val,4,Mg3SbBr3
verified_only,mlp_magpie,gkf,23,inner_val,4,Mg3SbF3
verified_only,mlp_magpie,gkf,24,test,,Ca3BiI3
verified_only,mlp_magpie,gkf,24,test,,Ca3PBr3
verified_only,mlp_magpie,gkf,24,test,,Ca3PCl3
verified_only,mlp_magpie,gkf,24,test,,Sr3PCl3
verified_only,mlp_magpie,gkf,24,test,,Ca3SbBr3
verified_only,mlp_magpie,gkf,24,test,,Sr3SbI3
verified_only,mlp_magpie,gkf,24,inner_val,0,Ca3PI3
verified_only,mlp_magpie,gkf,24,inner_val,0,Mg3PI3
verified_only,mlp_magpie,gkf,24,inner_val,0,Sr3PI3
verified_only,mlp_magpie,gkf,24,inner_val,0,Ba3SbI3
verified_only,mlp_magpie,gkf,24,inner_val,0,Ca3SbCl3
verified_only,mlp_magpie,gkf,24,inner_val,1,Ba3AsI3
verified_only,mlp_magpie,gkf,24,inner_val,1,Sr3AsI3
verified_only,mlp_magpie,gkf,24,inner_val,1,Ca3PF3
verified_only,mlp_magpie,gkf,24,inner_val,1,Ca3PI3
verified_only,mlp_magpie,gkf,24,inner_val,1,Mg3PI3
verified_only,mlp_magpie,gkf,24,inner_val,2,Mg3BiBr3
verified_only,mlp_magpie,gkf,24,inner_val,2,Sr3PI3
verified_only,mlp_magpie,gkf,24,inner_val,2,Mg3SbCl3
verified_only,mlp_magpie,gkf,24,inner_val,2,Mg3SbI3
verified_only,mlp_magpie,gkf,24,inner_val,2,Sr3SbCl3
verified_only,mlp_magpie,gkf,24,inner_val,3,Ca3AsF3
verified_only,mlp_magpie,gkf,24,inner_val,3,Mg3AsBr3
verified_only,mlp_magpie,gkf,24,inner_val,3,Sr3AsCl3
verified_only,mlp_magpie,gkf,24,inner_val,3,Sr3AsI3
verified_only,mlp_magpie,gkf,24,inner_val,3,Sr3PI3
verified_only,mlp_magpie,gkf,24,inner_val,4,Ba3AsI3
verified_only,mlp_magpie,gkf,24,inner_val,4,Sr3AsI3
verified_only,mlp_magpie,gkf,24,inner_val,4,Mg3BiBr3
verified_only,mlp_magpie,gkf,24,inner_val,4,Ca3PF3
verified_only,mlp_magpie,gkf,24,inner_val,4,Mg3SbI3
verified_only,mlp_magpie,gkf,25,test,,Ba3AsCl3
verified_only,mlp_magpie,gkf,25,test,,Sr3AsCl3
verified_only,mlp_magpie,gkf,25,test,,Sr3AsI3
verified_only,mlp_magpie,gkf,25,test,,Ca3PBr3
verified_only,mlp_magpie,gkf,25,test,,Mg3PBr3
verified_only,mlp_magpie,gkf,25,test,,Ca3SbBr3
verified_only,mlp_magpie,gkf,25,test,,Ca3SbF3
verified_only,mlp_magpie,gkf,25,inner_val,0,Ba3AsI3
verified_only,mlp_magpie,gkf,25,inner_val,0,Mg3BiI3
verified_only,mlp_magpie,gkf,25,inner_val,0,Sr3PI3
verified_only,mlp_magpie,gkf,25,inner_val,0,Ca3SbCl3
verified_only,mlp_magpie,gkf,25,inner_val,0,Sr3SbCl3
verified_only,mlp_magpie,gkf,25,inner_val,1,Ca3AsF3
verified_only,mlp_magpie,gkf,25,inner_val,1,Ca3PI3
verified_only,mlp_magpie,gkf,25,inner_val,1,Sr3PBr3
verified_only,mlp_magpie,gkf,25,inner_val,1,Sr3PCl3
verified_only,mlp_magpie,gkf,25,inner_val,1,Ca3SbCl3
verified_only,mlp_magpie,gkf,25,inner_val,2,Ca3PCl3
verified_only,mlp_magpie,gkf,25,inner_val,2,Ca3PI3
verified_only,mlp_magpie,gkf,25,inner_val,2,Ba3SbBr3
verified_only,mlp_magpie,gkf,25,inner_val,2,Mg3SbBr3
verified_only,mlp_magpie,gkf,25,inner_val,2,Mg3SbCl3
verified_only,mlp_magpie,gkf,25,inner_val,3,Ca3PI3
verified_only,mlp_magpie,gkf,25,inner_val,3,Ba3SbBr3
verified_only,mlp_magpie,gkf,25,inner_val,3,Ba3SbI3
verified_only,mlp_magpie,gkf,25,inner_val,3,Ca3SbCl3
verified_only,mlp_magpie,gkf,25,inner_val,3,Sr3SbCl3
verified_only,mlp_magpie,gkf,25,inner_val,4,Ca3PI3
verified_only,mlp_magpie,gkf,25,inner_val,4,Sr3PBr3
verified_only,mlp_magpie,gkf,25,inner_val,4,Sr3PI3
verified_only,mlp_magpie,gkf,25,inner_val,4,Mg3SbBr3
verified_only,mlp_magpie,gkf,25,inner_val,4,Sr3SbI3
verified_only,mlp_magpie,gkf,26,test,,Ba3AsI3
verified_only,mlp_magpie,gkf,26,test,,Ca3AsF3
verified_only,mlp_magpie,gkf,26,test,,Ca3PCl3
verified_only,mlp_magpie,gkf,26,test,,Ba3SbBr3
verified_only,mlp_magpie,gkf,26,test,,Mg3SbF3
verified_only,mlp_magpie,gkf,26,test,,Sr3SbI3
verified_only,mlp_magpie,gkf,26,inner_val,0,Ca3AsBr3
verified_only,mlp_magpie,gkf,26,inner_val,0,Sr3AsI3
verified_only,mlp_magpie,gkf,26,inner_val,0,Mg3BiBr3
verified_only,mlp_magpie,gkf,26,inner_val,0,Mg3PBr3
verified_only,mlp_magpie,gkf,26,inner_val,0,Mg3SbCl3
verified_only,mlp_magpie,gkf,26,inner_val,1,Sr3AsI3
verified_only,mlp_magpie,gkf,26,inner_val,1,Ca3BiI3
verified_only,mlp_magpie,gkf,26,inner_val,1,Mg3PCl3
verified_only,mlp_magpie,gkf,26,inner_val,1,Ba3SbI3
verified_only,mlp_magpie,gkf,26,inner_val,1,Mg3SbCl3
verified_only,mlp_magpie,gkf,26,inner_val,2,Mg3AsBr3
verified_only,mlp_magpie,gkf,26,inner_val,2,Mg3PCl3
verified_only,mlp_magpie,gkf,26,inner_val,2,Ca3SbCl3
verified_only,mlp_magpie,gkf,26,inner_val,2,Mg3SbI3
verified_only,mlp_magpie,gkf,26,inner_val,2,Sr3SbCl3
verified_only,mlp_magpie,gkf,26,inner_val,3,Sr3AsCl3
verified_only,mlp_magpie,gkf,26,inner_val,3,Ca3BiI3
verified_only,mlp_magpie,gkf,26,inner_val,3,Sr3PCl3
verified_only,mlp_magpie,gkf,26,inner_val,3,Sr3PI3
verified_only,mlp_magpie,gkf,26,inner_val,3,Ca3SbCl3
verified_only,mlp_magpie,gkf,26,inner_val,4,Mg3AsBr3
verified_only,mlp_magpie,gkf,26,inner_val,4,Sr3PBr3
verified_only,mlp_magpie,gkf,26,inner_val,4,Sr3PI3
verified_only,mlp_magpie,gkf,26,inner_val,4,Mg3SbCl3
verified_only,mlp_magpie,gkf,26,inner_val,4,Mg3SbI3
verified_only,mlp_magpie,gkf,27,test,,Mg3BiBr3
verified_only,mlp_magpie,gkf,27,test,,Ca3PI3
verified_only,mlp_magpie,gkf,27,test,,Mg3SbBr3
verified_only,mlp_magpie,gkf,27,test,,Mg3SbCl3
verified_only,mlp_magpie,gkf,27,test,,Mg3SbI3
verified_only,mlp_magpie,gkf,27,test,,Sr3SbCl3
verified_only,mlp_magpie,gkf,27,inner_val,0,Ca3AsF3
verified_only,mlp_magpie,gkf,27,inner_val,0,Mg3AsBr3
verified_only,mlp_magpie,gkf,27,inner_val,0,Sr3AsI3
verified_only,mlp_magpie,gkf,27,inner_val,0,Ca3BiI3
verified_only,mlp_magpie,gkf,27,inner_val,0,Sr3PBr3
verified_only,mlp_magpie,gkf,27,inner_val,1,Ba3AsI3
verified_only,mlp_magpie,gkf,27,inner_val,1,Ca3BiI3
verified_only,mlp_magpie,gkf,27,inner_val,1,Ba3SbBr3
verified_only,mlp_magpie,gkf,27,inner_val,1,Mg3SbF3
verified_only,mlp_magpie,gkf,27,inner_val,1,Sr3SbI3
verified_only,mlp_magpie,gkf,27,inner_val,2,Ca3AsBr3
verified_only,mlp_magpie,gkf,27,inner_val,2,Mg3AsBr3
verified_only,mlp_magpie,gkf,27,inner_val,2,Mg3PBr3
verified_only,mlp_magpie,gkf,27,inner_val,2,Ba3SbBr3
verified_only,mlp_magpie,gkf,27,inner_val,2,Ca3SbCl3
verified_only,mlp_magpie,gkf,27,inner_val,3,Ba3AsCl3
verified_only,mlp_magpie,gkf,27,inner_val,3,Ca3AsF3
verified_only,mlp_magpie,gkf,27,inner_val,3,Sr3AsI3
verified_only,mlp_magpie,gkf,27,inner_val,3,Mg3PCl3
verified_only,mlp_magpie,gkf,27,inner_val,3,Mg3SbF3
verified_only,mlp_magpie,gkf,27,inner_val,4,Mg3BiI3
verified_only,mlp_magpie,gkf,27,inner_val,4,Ca3PBr3
verified_only,mlp_magpie,gkf,27,inner_val,4,Ca3PF3
verified_only,mlp_magpie,gkf,27,inner_val,4,Ba3SbI3
verified_only,mlp_magpie,gkf,27,inner_val,4,Ca3SbCl3
verified_only,mlp_magpie,gkf,28,test,,Ca3AsBr3
verified_only,mlp_magpie,gkf,28,test,,Mg3AsBr3
verified_only,mlp_magpie,gkf,28,test,,Mg3PI3
verified_only,mlp_magpie,gkf,28,test,,Sr3PBr3
verified_only,mlp_magpie,gkf,28,test,,Sr3PI3
verified_only,mlp_magpie,gkf,28,test,,Ba3SbI3
verified_only,mlp_magpie,gkf,28,inner_val,0,Sr3AsCl3
verified_only,mlp_magpie,gkf,28,inner_val,0,Ca3PCl3
verified_only,mlp_magpie,gkf,28,inner_val,0,Ca3PF3
verified_only,mlp_magpie,gkf,28,inner_val,0,Mg3PCl3
verified_only,mlp_magpie,gkf,28,inner_val,0,Ba3SbBr3
verified_only,mlp_magpie,gkf,28,inner_val,1,Mg3PBr3
verified_only,mlp_magpie,gkf,28,inner_val,1,Ca3SbBr3
verified_only,mlp_magpie,gkf,28,inner_val,1,Mg3SbI3
verified_only,mlp_magpie,gkf,28,inner_val,1,Sr3SbCl3
verified_only,mlp_magpie,gkf,28,inner_val,1,Sr3SbI3
verified_only,mlp_magpie,gkf,28,inner_val,2,Ca3PBr3
verified_only,mlp_magpie,gkf,28,inner_val,2,Ba3SbBr3
verified_only,mlp_magpie,gkf,28,inner_val,2,Mg3SbBr3
verified_only,mlp_magpie,gkf,28,inner_val,2,Mg3SbCl3
verified_only,mlp_magpie,gkf,28,inner_val,2,Sr3SbCl3
verified_only,mlp_magpie,gkf,28,inner_val,3,Ba3AsCl3
verified_only,mlp_magpie,gkf,28,inner_val,3,Mg3BiI3
verified_only,mlp_magpie,gkf,28,inner_val,3,Mg3PBr3
verified_only,mlp_magpie,gkf,28,inner_val,3,Mg3SbI3
verified_only,mlp_magpie,gkf,28,inner_val,3,Sr3SbI3
verified_only,mlp_magpie,gkf,28,inner_val,4,Mg3BiBr3
verified_only,mlp_magpie,gkf,28,inner_val,4,Ca3PBr3
verified_only,mlp_magpie,gkf,28,inner_val,4,Mg3PBr3
verified_only,mlp_magpie,gkf,28,inner_val,4,Mg3SbBr3
verified_only,mlp_magpie,gkf,28,inner_val,4,Mg3SbCl3
verified_only,mlp_magpie,gkf,29,test,,Ca3BiI3
verified_only,mlp_magpie,gkf,29,test,,Mg3BiI3
verified_only,mlp_magpie,gkf,29,test,,Ca3PF3
verified_only,mlp_magpie,gkf,29,test,,Mg3PCl3
verified_only,mlp_magpie,gkf,29,test,,Sr3PCl3
verified_only,mlp_magpie,gkf,29,test,,Ca3SbCl3
verified_only,mlp_magpie,gkf,29,inner_val,0,Ba3AsCl3
verified_only,mlp_magpie,gkf,29,inner_val,0,Ca3PBr3
verified_only,mlp_magpie,gkf,29,inner_val,0,Ca3PCl3
verified_only,mlp_magpie,gkf,29,inner_val,0,Mg3SbBr3
verified_only,mlp_magpie,gkf,29,inner_val,0,Sr3SbCl3
verified_only,mlp_magpie,gkf,29,inner_val,1,Mg3AsBr3
verified_only,mlp_magpie,gkf,29,inner_val,1,Mg3BiBr3
verified_only,mlp_magpie,gkf,29,inner_val,1,Ba3SbBr3
verified_only,mlp_magpie,gkf,29,inner_val,1,Ca3SbF3
verified_only,mlp_magpie,gkf,29,inner_val,1,Sr3SbCl3
verified_only,mlp_magpie,gkf,29,inner_val,2,Ca3AsF3
verified_only,mlp_magpie,gkf,29,inner_val,2,Mg3AsBr3
verified_only,mlp_magpie,gkf,29,inner_val,2,Mg3PBr3
verified_only,mlp_magpie,gkf,29,inner_val,2,Sr3PI3
verified_only,mlp_magpie,gkf,29,inner_val,2,Ba3SbBr3
verified_only,mlp_magpie,gkf,29,inner_val,3,Ba3AsCl3
verified_only,mlp_magpie,gkf,29,inner_val,3,Ca3AsF3
verified_only,mlp_magpie,gkf,29,inner_val,3,Sr3AsI3
verified_only,mlp_magpie,gkf,29,inner_val,3,Mg3SbCl3
verified_only,mlp_magpie,gkf,29,inner_val,3,Mg3SbI3
verified_only,mlp_magpie,gkf,29,inner_val,4,Mg3PBr3
verified_only,mlp_magpie,gkf,29,inner_val,4,Ca3SbF3
verified_only,mlp_magpie,gkf,29,inner_val,4,Mg3SbBr3
verified_only,mlp_magpie,gkf,29,inner_val,4,Mg3SbF3
verified_only,mlp_magpie,gkf,29,inner_val,4,Mg3SbI3
verified_only,mlp_magpie,gkf,30,test,,Ba3AsI3
verified_only,mlp_magpie,gkf,30,test,,Mg3AsBr3
verified_only,mlp_magpie,gkf,30,test,,Mg3BiBr3
verified_only,mlp_magpie,gkf,30,test,,Mg3PBr3
verified_only,mlp_magpie,gkf,30,test,,Ba3SbI3
verified_only,mlp_magpie,gkf,30,test,,Ca3SbBr3
verified_only,mlp_magpie,gkf,30,test,,Mg3SbCl3
verified_only,mlp_magpie,gkf,30,inner_val,0,Sr3AsCl3
verified_only,mlp_magpie,gkf,30,inner_val,0,Sr3AsI3
verified_only,mlp_magpie,gkf,30,inner_val,0,Sr3PBr3
verified_only,mlp_magpie,gkf,30,inner_val,0,Mg3SbBr3
verified_only,mlp_magpie,gkf,30,inner_val,0,Mg3SbF3
verified_only,mlp_magpie,gkf,30,inner_val,1,Ba3AsCl3
verified_only,mlp_magpie,gkf,30,inner_val,1,Ca3AsBr3
verified_only,mlp_magpie,gkf,30,inner_val,1,Mg3PCl3
verified_only,mlp_magpie,gkf,30,inner_val,1,Ca3SbCl3
verified_only,mlp_magpie,gkf,30,inner_val,1,Sr3SbI3
verified_only,mlp_magpie,gkf,30,inner_val,2,Ca3AsF3
verified_only,mlp_magpie,gkf,30,inner_val,2,Sr3AsCl3
verified_only,mlp_magpie,gkf,30,inner_val,2,Mg3BiI3
verified_only,mlp_magpie,gkf,30,inner_val,2,Ca3PBr3
verified_only,mlp_magpie,gkf,30,inner_val,2,Mg3PI3
verified_only,mlp_magpie,gkf,30,inner_val,3,Ca3AsBr3
verified_only,mlp_magpie,gkf,30,inner_val,3,Ca3BiI3
verified_only,mlp_magpie,gkf,30,inner_val,3,Ca3SbF3
verified_only,mlp_magpie,gkf,30,inner_val,3,Mg3SbF3
verified_only,mlp_magpie,gkf,30,inner_val,3,Sr3SbCl3
verified_only,mlp_magpie,gkf,30,inner_val,4,Ba3AsCl3
verified_only,mlp_magpie,gkf,30,inner_val,4,Sr3AsCl3
verified_only,mlp_magpie,gkf,30,inner_val,4,Mg3BiI3
verified_only,mlp_magpie,gkf,30,inner_val,4,Ca3PI3
verified_only,mlp_magpie,gkf,30,inner_val,4,Mg3SbF3
verified_only,mlp_magpie,gkf,31,test,,Ca3AsBr3
verified_only,mlp_magpie,gkf,31,test,,Mg3BiI3
verified_only,mlp_magpie,gkf,31,test,,Ca3PF3
verified_only,mlp_magpie,gkf,31,test,,Mg3PCl3
verified_only,mlp_magpie,gkf,31,test,,Sr3PI3
verified_only,mlp_magpie,gkf,31,test,,Mg3SbI3
verified_only,mlp_magpie,gkf,31,inner_val,0,Mg3AsBr3
verified_only,mlp_magpie,gkf,31,inner_val,0,Sr3AsCl3
verified_only,mlp_magpie,gkf,31,inner_val,0,Ca3PBr3
verified_only,mlp_magpie,gkf,31,inner_val,0,Ca3SbCl3
verified_only,mlp_magpie,gkf,31,inner_val,0,Sr3SbCl3
verified_only,mlp_magpie,gkf,31,inner_val,1,Ba3AsCl3
verified_only,mlp_magpie,gkf,31,inner_val,1,Mg3AsBr3
verified_only,mlp_magpie,gkf,31,inner_val,1,Ca3PCl3
verified_only,mlp_magpie,gkf,31,inner_val,1,Sr3PBr3
verified_only,mlp_magpie,gkf,31,inner_val,1,Ba3SbBr3
verified_only,mlp_magpie,gkf,31,inner_val,2,Ca3AsF3
verified_only,mlp_magpie,gkf,31,inner_val,2,Ca3BiI3
verified_only,mlp_magpie,gkf,31,inner_val,2,Ba3SbI3
verified_only,mlp_magpie,gkf,31,inner_val,2,Ca3SbF3
verified_only,mlp_magpie,gkf,31,inner_val,2,Sr3SbI3
verified_only,mlp_magpie,gkf,31,inner_val,3,Ba3AsCl3
verified_only,mlp_magpie,gkf,31,inner_val,3,Ca3PCl3
verified_only,mlp_magpie,gkf,31,inner_val,3,Ba3SbBr3
verified_only,mlp_magpie,gkf,31,inner_val,3,Ca3SbBr3
verified_only,mlp_magpie,gkf,31,inner_val,3,Ca3SbCl3
verified_only,mlp_magpie,gkf,31,inner_val,4,Sr3AsCl3
verified_only,mlp_magpie,gkf,31,inner_val,4,Mg3PI3
verified_only,mlp_magpie,gkf,31,inner_val,4,Sr3PBr3
verified_only,mlp_magpie,gkf,31,inner_val,4,Ca3SbF3
verified_only,mlp_magpie,gkf,31,inner_val,4,Mg3SbCl3
verified_only,mlp_magpie,gkf,32,test,,Ca3AsF3
verified_only,mlp_magpie,gkf,32,test,,Ca3PBr3
verified_only,mlp_magpie,gkf,32,test,,Ca3SbF3
verified_only,mlp_magpie,gkf,32,test,,Mg3SbBr3
verified_only,mlp_magpie,gkf,32,test,,Sr3SbCl3
verified_only,mlp_magpie,gkf,32,test,,Sr3SbI3
verified_only,mlp_magpie,gkf,32,inner_val,0,Ba3AsCl3
verified_only,mlp_magpie,gkf,32,inner_val,0,Mg3PI3
verified_only,mlp_magpie,gkf,32,inner_val,0,Sr3PBr3
verified_only,mlp_magpie,gkf,32,inner_val,0,Ca3SbCl3
verified_only,mlp_magpie,gkf,32,inner_val,0,Mg3SbF3
verified_only,mlp_magpie,gkf,32,inner_val,1,Ba3AsCl3
verified_only,mlp_magpie,gkf,32,inner_val,1,Ca3AsBr3
verified_only,mlp_magpie,gkf,32,inner_val,1,Ca3BiI3
verified_only,mlp_magpie,gkf,32,inner_val,1,Mg3PBr3
verified_only,mlp_magpie,gkf,32,inner_val,1,Ba3SbI3
verified_only,mlp_magpie,gkf,32,inner_val,2,Ca3AsBr3
verified_only,mlp_magpie,gkf,32,inner_val,2,Ca3PCl3
verified_only,mlp_magpie,gkf,32,inner_val,2,Mg3PBr3
verified_only,mlp_magpie,gkf,32,inner_val,2,Sr3PBr3
verified_only,mlp_magpie,gkf,32,inner_val,2,Sr3PI3
verified_only,mlp_magpie,gkf,32,inner_val,3,Ca3AsBr3
verified_only,mlp_magpie,gkf,32,inner_val,3,Sr3AsI3
verified_only,mlp_magpie,gkf,32,inner_val,3,Mg3BiI3
verified_only,mlp_magpie,gkf,32,inner_val,3,Ca3PCl3
verified_only,mlp_magpie,gkf,32,inner_val,3,Ca3SbBr3
verified_only,mlp_magpie,gkf,32,inner_val,4,Ba3AsCl3
verified_only,mlp_magpie,gkf,32,inner_val,4,Sr3AsI3
verified_only,mlp_magpie,gkf,32,inner_val,4,Ca3PCl3
verified_only,mlp_magpie,gkf,32,inner_val,4,Mg3PI3
verified_only,mlp_magpie,gkf,32,inner_val,4,Mg3SbF3
verified_only,mlp_magpie,gkf,33,test,,Ba3AsCl3
verified_only,mlp_magpie,gkf,33,test,,Ca3PCl3
verified_only,mlp_magpie,gkf,33,test,,Mg3PI3
verified_only,mlp_magpie,gkf,33,test,,Sr3PBr3
verified_only,mlp_magpie,gkf,33,test,,Ba3SbBr3
verified_only,mlp_magpie,gkf,33,test,,Ca3SbCl3
verified_only,mlp_magpie,gkf,33,inner_val,0,Ba3AsI3
verified_only,mlp_magpie,gkf,33,inner_val,0,Ca3AsF3
verified_only,mlp_magpie,gkf,33,inner_val,0,Mg3AsBr3
verified_only,mlp_magpie,gkf,33,inner_val,0,Ca3PF3
verified_only,mlp_magpie,gkf,33,inner_val,0,Mg3SbI3
verified_only,mlp_magpie,gkf,33,inner_val,1,Ca3AsBr3
verified_only,mlp_magpie,gkf,33,inner_val,1,Mg3AsBr3
verified_only,mlp_magpie,gkf,33,inner_val,1,Mg3BiBr3
verified_only,mlp_magpie,gkf,33,inner_val,1,Ba3SbI3
verified_only,mlp_magpie,gkf,33,inner_val,1,Mg3SbF3
verified_only,mlp_magpie,gkf,33,inner_val,2,Ca3BiI3
verified_only,mlp_magpie,gkf,33,inner_val,2,Ca3PBr3
verified_only,mlp_magpie,gkf,33,inner_val,2,Ba3SbI3
verified_only,mlp_magpie,gkf,33,inner_val,2,Mg3SbBr3
verified_only,mlp_magpie,gkf,33,inner_val,2,Sr3SbCl3
verified_only,mlp_magpie,gkf,33,inner_val,3,Ba3AsI3
verified_only,mlp_magpie,gkf,33,inner_val,3,Sr3AsCl3
verified_only,mlp_magpie,gkf,33,inner_val,3,Mg3BiI3
verified_only,mlp_magpie,gkf,33,inner_val,3,Ca3PF3
verified_only,mlp_magpie,gkf,33,inner_val,3,Sr3SbI3
verified_only,mlp_magpie,gkf,33,inner_val,4,Ca3AsBr3
verified_only,mlp_magpie,gkf,33,inner_val,4,Mg3AsBr3
verified_only,mlp_magpie,gkf,33,inner_val,4,Mg3SbBr3
verified_only,mlp_magpie,gkf,33,inner_val,4,Mg3SbCl3
verified_only,mlp_magpie,gkf,33,inner_val,4,Sr3SbCl3
verified_only,mlp_magpie,gkf,34,test,,Sr3AsCl3
verified_only,mlp_magpie,gkf,34,test,,Sr3AsI3
verified_only,mlp_magpie,gkf,34,test,,Ca3BiI3
verified_only,mlp_magpie,gkf,34,test,,Ca3PI3
verified_only,mlp_magpie,gkf,34,test,,Sr3PCl3
verified_only,mlp_magpie,gkf,34,test,,Mg3SbF3
verified_only,mlp_magpie,gkf,34,inner_val,0,Ca3AsBr3
verified_only,mlp_magpie,gkf,34,inner_val,0,Mg3BiBr3
verified_only,mlp_magpie,gkf,34,inner_val,0,Mg3PI3
verified_only,mlp_magpie,gkf,34,inner_val,0,Ba3SbBr3
verified_only,mlp_magpie,gkf,34,inner_val,0,Ca3SbCl3
verified_only,mlp_magpie,gkf,34,inner_val,1,Ca3AsBr3
verified_only,mlp_magpie,gkf,34,inner_val,1,Ca3PF3
verified_only,mlp_magpie,gkf,34,inner_val,1,Ba3SbI3
verified_only,mlp_magpie,gkf,34,inner_val,1,Sr3SbCl3
verified_only,mlp_magpie,gkf,34,inner_val,1,Sr3SbI3
verified_only,mlp_magpie,gkf,34,inner_val,2,Mg3BiBr3
verified_only,mlp_magpie,gkf,34,inner_val,2,Mg3BiI3
verified_only,mlp_magpie,gkf,34,inner_val,2,Mg3PI3
verified_only,mlp_magpie,gkf,34,inner_val,2,Ca3SbCl3
verified_only,mlp_magpie,gkf,34,inner_val,2,Mg3SbBr3
verified_only,mlp_magpie,gkf,34,inner_val,3,Ca3PCl3
verified_only,mlp_magpie,gkf,34,inner_val,3,Ba3SbI3
verified_only,mlp_magpie,gkf,34,inner_val,3,Ca3SbCl3
verified_only,mlp_magpie,gkf,34,inner_val,3,Sr3SbCl3
verified_only,mlp_magpie,gkf,34,inner_val,3,Sr3SbI3
verified_only,mlp_magpie,gkf,34,inner_val,4,Ba3AsCl3
verified_only,mlp_magpie,gkf,34,inner_val,4,Ca3PBr3
verified_only,mlp_magpie,gkf,34,inner_val,4,Mg3PI3
verified_only,mlp_magpie,gkf,34,inner_val,4,Sr3PBr3
verified_only,mlp_magpie,gkf,34,inner_val,4,Sr3SbI3
verified_only,mlp_magpie,gkf,35,test,,Ca3PCl3
verified_only,mlp_magpie,gkf,35,test,,Ca3PI3
verified_only,mlp_magpie,gkf,35,test,,Sr3PBr3
verified_only,mlp_magpie,gkf,35,test,,Sr3PCl3
verified_only,mlp_magpie,gkf,35,test,,Ba3SbI3
verified_only,mlp_magpie,gkf,35,test,,Ca3SbCl3
verified_only,mlp_magpie,gkf,35,test,,Ca3SbF3
verified_only,mlp_magpie,gkf,35,inner_val,0,Ca3BiI3
verified_only,mlp_magpie,gkf,35,inner_val,0,Mg3PBr3
verified_only,mlp_magpie,gkf,35,inner_val,0,Mg3PCl3
verified_only,mlp_magpie,gkf,35,inner_val,0,Ca3SbBr3
verified_only,mlp_magpie,gkf,35,inner_val,0,Mg3SbF3
verified_only,mlp_magpie,gkf,35,inner_val,1,Ca3AsF3
verified_only,mlp_magpie,gkf,35,inner_val,1,Sr3AsI3
verified_only,mlp_magpie,gkf,35,inner_val,1,Ca3PF3
verified_only,mlp_magpie,gkf,35,inner_val,1,Ba3SbBr3
verified_only,mlp_magpie,gkf,35,inner_val,1,Sr3SbCl3
verified_only,mlp_magpie,gkf,35,inner_val,2,Ba3AsCl3
verified_only,mlp_magpie,gkf,35,inner_val,2,Ba3AsI3
verified_only,mlp_magpie,gkf,35,inner_val,2,Sr3AsI3
verified_only,mlp_magpie,gkf,35,inner_val,2,Mg3PCl3
verified_only,mlp_magpie,gkf,35,inner_val,2,Ba3SbBr3
verified_only,mlp_magpie,gkf,35,inner_val,3,Ba3AsI3
verified_only,mlp_magpie,gkf,35,inner_val,3,Mg3AsBr3
verified_only,mlp_magpie,gkf,35,inner_val,3,Mg3PI3
verified_only,mlp_magpie,gkf,35,inner_val,3,Ca3SbBr3
verified_only,mlp_magpie,gkf,35,inner_val,3,Sr3SbCl3
verified_only,mlp_magpie,gkf,35,inner_val,4,Ca3AsBr3
verified_only,mlp_magpie,gkf,35,inner_val,4,Sr3AsCl3
verified_only,mlp_magpie,gkf,35,inner_val,4,Mg3PBr3
verified_only,mlp_magpie,gkf,35,inner_val,4,Mg3SbBr3
verified_only,mlp_magpie,gkf,35,inner_val,4,Sr3SbI3
verified_only,mlp_magpie,gkf,36,test,,Ca3AsF3
verified_only,mlp_magpie,gkf,36,test,,Sr3AsCl3
verified_only,mlp_magpie,gkf,36,test,,Ca3PBr3
verified_only,mlp_magpie,gkf,36,test,,Ca3PF3
verified_only,mlp_magpie,gkf,36,test,,Mg3PBr3
verified_only,mlp_magpie,gkf,36,test,,Sr3PI3
verified_only,mlp_magpie,gkf,36,inner_val,0,Ba3AsCl3
verified_only,mlp_magpie,gkf,36,inner_val,0,Ba3SbI3
verified_only,mlp_magpie,gkf,36,inner_val,0,Mg3SbBr3
verified_only,mlp_magpie,gkf,36,inner_val,0,Mg3SbF3
verified_only,mlp_magpie,gkf,36,inner_val,0,Sr3SbCl3
verified_only,mlp_magpie,gkf,36,inner_val,1,Sr3PBr3
verified_only,mlp_magpie,gkf,36,inner_val,1,Mg3SbBr3
verified_only,mlp_magpie,gkf,36,inner_val,1,Mg3SbI3
verified_only,mlp_magpie,gkf,36,inner_val,1,Sr3SbCl3
verified_only,mlp_magpie,gkf,36,inner_val,1,Sr3SbI3
verified_only,mlp_magpie,gkf,36,inner_val,2,Ba3AsI3
verified_only,mlp_magpie,gkf,36,inner_val,2,Ca3AsBr3
verified_only,mlp_magpie,gkf,36,inner_val,2,Sr3PCl3
verified_only,mlp_magpie,gkf,36,inner_val,2,Mg3SbI3
verified_only,mlp_magpie,gkf,36,inner_val,2,Sr3SbCl3
verified_only,mlp_magpie,gkf,36,inner_val,3,Ca3BiI3
verified_only,mlp_magpie,gkf,36,inner_val,3,Ba3SbBr3
verified_only,mlp_magpie,gkf,36,inner_val,3,Ca3SbCl3
verified_only,mlp_magpie,gkf,36,inner_val,3,Mg3SbF3
verified_only,mlp_magpie,gkf,36,inner_val,3,Sr3SbCl3
verified_only,mlp_magpie,gkf,36,inner_val,4,Mg3AsBr3
verified_only,mlp_magpie,gkf,36,inner_val,4,Ca3BiI3
verified_only,mlp_magpie,gkf,36,inner_val,4,Mg3PI3
verified_only,mlp_magpie,gkf,36,inner_val,4,Ca3SbCl3
verified_only,mlp_magpie,gkf,36,inner_val,4,Mg3SbBr3
verified_only,mlp_magpie,gkf,37,test,,Ba3AsCl3
verified_only,mlp_magpie,gkf,37,test,,Mg3AsBr3
verified_only,mlp_magpie,gkf,37,test,,Mg3BiBr3
verified_only,mlp_magpie,gkf,37,test,,Mg3PCl3
verified_only,mlp_magpie,gkf,37,test,,Mg3SbF3
verified_only,mlp_magpie,gkf,37,test,,Sr3SbCl3
verified_only,mlp_magpie,gkf,37,inner_val,0,Sr3PCl3
verified_only,mlp_magpie,gkf,37,inner_val,0,Ca3SbBr3
verified_only,mlp_magpie,gkf,37,inner_val,0,Ca3SbF3
verified_only,mlp_magpie,gkf,37,inner_val,0,Mg3SbCl3
verified_only,mlp_magpie,gkf,37,inner_val,0,Mg3SbI3
verified_only,mlp_magpie,gkf,37,inner_val,1,Ca3AsBr3
verified_only,mlp_magpie,gkf,37,inner_val,1,Sr3AsCl3
verified_only,mlp_magpie,gkf,37,inner_val,1,Mg3BiI3
verified_only,mlp_magpie,gkf,37,inner_val,1,Ca3PCl3
verified_only,mlp_magpie,gkf,37,inner_val,1,Ca3SbBr3
verified_only,mlp_magpie,gkf,37,inner_val,2,Ca3AsBr3
verified_only,mlp_magpie,gkf,37,inner_val,2,Sr3AsCl3
verified_only,mlp_magpie,gkf,37,inner_val,2,Ca3PBr3
verified_only,mlp_magpie,gkf,37,inner_val,2,Sr3PCl3
verified_only,mlp_magpie,gkf,37,inner_val,2,Sr3SbI3
verified_only,mlp_magpie,gkf,37,inner_val,3,Sr3AsI3
verified_only,mlp_magpie,gkf,37,inner_val,3,Ca3PBr3
verified_only,mlp_magpie,gkf,37,inner_val,3,Mg3PI3
verified_only,mlp_magpie,gkf,37,inner_val,3,Ca3SbBr3
verified_only,mlp_magpie,gkf,37,inner_val,3,Ca3SbF3
verified_only,mlp_magpie,gkf,37,inner_val,4,Ca3AsBr3
verified_only,mlp_magpie,gkf,37,inner_val,4,Ca3PCl3
verified_only,mlp_magpie,gkf,37,inner_val,4,Ca3PF3
verified_only,mlp_magpie,gkf,37,inner_val,4,Ca3PI3
verified_only,mlp_magpie,gkf,37,inner_val,4,Sr3SbI3
verified_only,mlp_magpie,gkf,38,test,,Ca3AsBr3
verified_only,mlp_magpie,gkf,38,test,,Ba3SbBr3
verified_only,mlp_magpie,gkf,38,test,,Mg3SbBr3
verified_only,mlp_magpie,gkf,38,test,,Mg3SbCl3
verified_only,mlp_magpie,gkf,38,test,,Mg3SbI3
verified_only,mlp_magpie,gkf,38,test,,Sr3SbI3
verified_only,mlp_magpie,gkf,38,inner_val,0,Mg3BiBr3
verified_only,mlp_magpie,gkf,38,inner_val,0,Ca3PCl3
verified_only,mlp_magpie,gkf,38,inner_val,0,Sr3PBr3
verified_only,mlp_magpie,gkf,38,inner_val,0,Ba3SbI3
verified_only,mlp_magpie,gkf,38,inner_val,0,Sr3SbCl3
verified_only,mlp_magpie,gkf,38,inner_val,1,Ba3AsI3
verified_only,mlp_magpie,gkf,38,inner_val,1,Mg3AsBr3
verified_only,mlp_magpie,gkf,38,inner_val,1,Sr3AsCl3
verified_only,mlp_magpie,gkf,38,inner_val,1,Mg3PI3
verified_only,mlp_magpie,gkf,38,inner_val,1,Ca3SbF3
verified_only,mlp_magpie,gkf,38,inner_val,2,Ba3AsI3
verified_only,mlp_magpie,gkf,38,inner_val,2,Ca3PBr3
verified_only,mlp_magpie,gkf,38,inner_val,2,Ca3PF3
verified_only,mlp_magpie,gkf,38,inner_val,2,Mg3SbF3
verified_only,mlp_magpie,gkf,38,inner_val,2,Sr3SbCl3
verified_only,mlp_magpie,gkf,38,inner_val,3,Ca3AsF3
verified_only,mlp_magpie,gkf,38,inner_val,3,Mg3BiI3
verified_only,mlp_magpie,gkf,38,inner_val,3,Mg3PBr3
verified_only,mlp_magpie,gkf,38,inner_val,3,Mg3PCl3
verified_only,mlp_magpie,gkf,38,inner_val,3,Ba3SbI3
verified_only,mlp_magpie,gkf,38,inner_val,4,Sr3AsI3
verified_only,mlp_magpie,gkf,38,inner_val,4,Ca3PBr3
verified_only,mlp_magpie,gkf,38,inner_val,4,Ca3PCl3
verified_only,mlp_magpie,gkf,38,inner_val,4,Mg3PI3
verified_only,mlp_magpie,gkf,38,inner_val,4,Sr3PI3
verified_only,mlp_magpie,gkf,39,test,,Ba3AsI3
verified_only,mlp_magpie,gkf,39,test,,Sr3AsI3
verified_only,mlp_magpie,gkf,39,test,,Ca3BiI3
verified_only,mlp_magpie,gkf,39,test,,Mg3BiI3
verified_only,mlp_magpie,gkf,39,test,,Mg3PI3
verified_only,mlp_magpie,gkf,39,test,,Ca3SbBr3
verified_only,mlp_magpie,gkf,39,inner_val,0,Ca3PCl3
verified_only,mlp_magpie,gkf,39,inner_val,0,Sr3PI3
verified_only,mlp_magpie,gkf,39,inner_val,0,Ca3SbF3
verified_only,mlp_magpie,gkf,39,inner_val,0,Sr3SbCl3
verified_only,mlp_magpie,gkf,39,inner_val,0,Sr3SbI3
verified_only,mlp_magpie,gkf,39,inner_val,1,Mg3AsBr3
verified_only,mlp_magpie,gkf,39,inner_val,1,Ca3PF3
verified_only,mlp_magpie,gkf,39,inner_val,1,Sr3PCl3
verified_only,mlp_magpie,gkf,39,inner_val,1,Ba3SbBr3
verified_only,mlp_magpie,gkf,39,inner_val,1,Sr3SbI3
verified_only,mlp_magpie,gkf,39,inner_val,2,Ca3AsBr3
verified_only,mlp_magpie,gkf,39,inner_val,2,Mg3AsBr3
verified_only,mlp_magpie,gkf,39,inner_val,2,Ca3SbCl3
verified_only,mlp_magpie,gkf,39,inner_val,2,Mg3SbF3
verified_only,mlp_magpie,gkf,39,inner_val,2,Sr3SbCl3
verified_only,mlp_magpie,gkf,39,inner_val,3,Mg3AsBr3
verified_only,mlp_magpie,gkf,39,inner_val,3,Ca3PBr3
verified_only,mlp_magpie,gkf,39,inner_val,3,Sr3PBr3
verified_only,mlp_magpie,gkf,39,inner_val,3,Sr3PCl3
verified_only,mlp_magpie,gkf,39,inner_val,3,Ca3SbF3
verified_only,mlp_magpie,gkf,39,inner_val,4,Ca3PBr3
verified_only,mlp_magpie,gkf,39,inner_val,4,Ca3PI3
verified_only,mlp_magpie,gkf,39,inner_val,4,Sr3PI3
verified_only,mlp_magpie,gkf,39,inner_val,4,Mg3SbBr3
verified_only,mlp_magpie,gkf,39,inner_val,4,Sr3SbI3
verified_only,mlp_magpie,gkf,40,test,,Sr3AsI3
verified_only,mlp_magpie,gkf,40,test,,Mg3BiI3
verified_only,mlp_magpie,gkf,40,test,,Ca3PBr3
verified_only,mlp_magpie,gkf,40,test,,Mg3PBr3
verified_only,mlp_magpie,gkf,40,test,,Mg3PCl3
verified_only,mlp_magpie,gkf,40,test,,Sr3PBr3
verified_only,mlp_magpie,gkf,40,test,,Sr3PCl3
verified_only,mlp_magpie,gkf,40,inner_val,0,Mg3BiBr3
verified_only,mlp_magpie,gkf,40,inner_val,0,Mg3PI3
verified_only,mlp_magpie,gkf,40,inner_val,0,Sr3PI3
verified_only,mlp_magpie,gkf,40,inner_val,0,Ca3SbCl3
verified_only,mlp_magpie,gkf,40,inner_val,0,Ca3SbF3
verified_only,mlp_magpie,gkf,40,inner_val,1,Mg3AsBr3
verified_only,mlp_magpie,gkf,40,inner_val,1,Ca3PI3
verified_only,mlp_magpie,gkf,40,inner_val,1,Mg3PI3
verified_only,mlp_magpie,gkf,40,inner_val,1,Ba3SbBr3
verified_only,mlp_magpie,gkf,40,inner_val,1,Sr3SbCl3
verified_only,mlp_magpie,gkf,40,inner_val,2,Ca3AsBr3
verified_only,mlp_magpie,gkf,40,inner_val,2,Ca3AsF3
verified_only,mlp_magpie,gkf,40,inner_val,2,Ca3PI3
verified_only,mlp_magpie,gkf,40,inner_val,2,Ca3SbCl3
verified_only,mlp_magpie,gkf,40,inner_val,2,Mg3SbBr3
verified_only,mlp_magpie,gkf,40,inner_val,3,Mg3BiBr3
verified_only,mlp_magpie,gkf,40,inner_val,3,Ca3PF3
verified_only,mlp_magpie,gkf,40,inner_val,3,Mg3SbBr3
verified_only,mlp_magpie,gkf,40,inner_val,3,Mg3SbI3
verified_only,mlp_magpie,gkf,40,inner_val,3,Sr3SbCl3
verified_only,mlp_magpie,gkf,40,inner_val,4,Ba3AsI3
verified_only,mlp_magpie,gkf,40,inner_val,4,Sr3AsCl3
verified_only,mlp_magpie,gkf,40,inner_val,4,Mg3BiBr3
verified_only,mlp_magpie,gkf,40,inner_val,4,Ba3SbBr3
verified_only,mlp_magpie,gkf,40,inner_val,4,Sr3SbCl3
verified_only,mlp_magpie,gkf,41,test,,Mg3AsBr3
verified_only,mlp_magpie,gkf,41,test,,Ca3BiI3
verified_only,mlp_magpie,gkf,41,test,,Ca3PF3
verified_only,mlp_magpie,gkf,41,test,,Ca3SbBr3
verified_only,mlp_magpie,gkf,41,test,,Ca3SbF3
verified_only,mlp_magpie,gkf,41,test,,Mg3SbF3
verified_only,mlp_magpie,gkf,41,inner_val,0,Ca3PCl3
verified_only,mlp_magpie,gkf,41,inner_val,0,Mg3PCl3
verified_only,mlp_magpie,gkf,41,inner_val,0,Ca3SbCl3
verified_only,mlp_magpie,gkf,41,inner_val,0,Mg3SbCl3
verified_only,mlp_magpie,gkf,41,inner_val,0,Sr3SbCl3
verified_only,mlp_magpie,gkf,41,inner_val,1,Ba3AsI3
verified_only,mlp_magpie,gkf,41,inner_val,1,Sr3PCl3
verified_only,mlp_magpie,gkf,41,inner_val,1,Ba3SbI3
verified_only,mlp_magpie,gkf,41,inner_val,1,Mg3SbCl3
verified_only,mlp_magpie,gkf,41,inner_val,1,Sr3SbI3
verified_only,mlp_magpie,gkf,41,inner_val,2,Ca3AsF3
verified_only,mlp_magpie,gkf,41,inner_val,2,Sr3AsCl3
verified_only,mlp_magpie,gkf,41,inner_val,2,Mg3BiI3
verified_only,mlp_magpie,gkf,41,inner_val,2,Ca3PCl3
verified_only,mlp_magpie,gkf,41,inner_val,2,Ba3SbI3
verified_only,mlp_magpie,gkf,41,inner_val,3,Ca3AsF3
verified_only,mlp_magpie,gkf,41,inner_val,3,Sr3AsCl3
verified_only,mlp_magpie,gkf,41,inner_val,3,Mg3PBr3
verified_only,mlp_magpie,gkf,41,inner_val,3,Ba3SbI3
verified_only,mlp_magpie,gkf,41,inner_val,3,Sr3SbI3
verified_only,mlp_magpie,gkf,41,inner_val,4,Sr3AsCl3
verified_only,mlp_magpie,gkf,41,inner_val,4,Ba3SbBr3
verified_only,mlp_magpie,gkf,41,inner_val,4,Ba3SbI3
verified_only,mlp_magpie,gkf,41,inner_val,4,Mg3SbCl3
verified_only,mlp_magpie,gkf,41,inner_val,4,Mg3SbI3
verified_only,mlp_magpie,gkf,42,test,,Sr3AsCl3
verified_only,mlp_magpie,gkf,42,test,,Ca3PCl3
verified_only,mlp_magpie,gkf,42,test,,Ba3SbBr3
verified_only,mlp_magpie,gkf,42,test,,Ba3SbI3
verified_only,mlp_magpie,gkf,42,test,,Ca3SbCl3
verified_only,mlp_magpie,gkf,42,test,,Mg3SbBr3
verified_only,mlp_magpie,gkf,42,inner_val,0,Ba3AsI3
verified_only,mlp_magpie,gkf,42,inner_val,0,Ca3AsBr3
verified_only,mlp_magpie,gkf,42,inner_val,0,Sr3AsI3
verified_only,mlp_magpie,gkf,42,inner_val,0,Ca3PI3
verified_only,mlp_magpie,gkf,42,inner_val,0,Mg3SbCl3
verified_only,mlp_magpie,gkf,42,inner_val,1,Ca3AsBr3
verified_only,mlp_magpie,gkf,42,inner_val,1,Ca3PF3
verified_only,mlp_magpie,gkf,42,inner_val,1,Mg3PI3
verified_only,mlp_magpie,gkf,42,inner_val,1,Sr3PBr3
verified_only,mlp_magpie,gkf,42,inner_val,1,Sr3SbI3
verified_only,mlp_magpie,gkf,42,inner_val,2,Ba3AsI3
verified_only,mlp_magpie,gkf,42,inner_val,2,Mg3PBr3
verified_only,mlp_magpie,gkf,42,inner_val,2,Sr3PCl3
verified_only,mlp_magpie,gkf,42,inner_val,2,Sr3PI3
verified_only,mlp_magpie,gkf,42,inner_val,2,Mg3SbCl3
verified_only,mlp_magpie,gkf,42,inner_val,3,Mg3AsBr3
verified_only,mlp_magpie,gkf,42,inner_val,3,Mg3BiBr3
verified_only,mlp_magpie,gkf,42,inner_val,3,Sr3PBr3
verified_only,mlp_magpie,gkf,42,inner_val,3,Mg3SbI3
verified_only,mlp_magpie,gkf,42,inner_val,3,Sr3SbI3
verified_only,mlp_magpie,gkf,42,inner_val,4,Ba3AsCl3
verified_only,mlp_magpie,gkf,42,inner_val,4,Mg3BiBr3
verified_only,mlp_magpie,gkf,42,inner_val,4,Mg3PBr3
verified_only,mlp_magpie,gkf,42,inner_val,4,Sr3PCl3
verified_only,mlp_magpie,gkf,42,inner_val,4,Ca3SbF3
verified_only,mlp_magpie,gkf,43,test,,Ba3AsCl3
verified_only,mlp_magpie,gkf,43,test,,Mg3BiBr3
verified_only,mlp_magpie,gkf,43,test,,Ca3PI3
verified_only,mlp_magpie,gkf,43,test,,Sr3PI3
verified_only,mlp_magpie,gkf,43,test,,Mg3SbCl3
verified_only,mlp_magpie,gkf,43,test,,Sr3SbCl3
verified_only,mlp_magpie,gkf,43,inner_val,0,Ca3PCl3
verified_only,mlp_magpie,gkf,43,inner_val,0,Mg3PCl3
verified_only,mlp_magpie,gkf,43,inner_val,0,Ba3SbBr3
verified_only,mlp_magpie,gkf,43,inner_val,0,Ca3SbF3
verified_only,mlp_magpie,gkf,43,inner_val,0,Mg3SbI3
verified_only,mlp_magpie,gkf,43,inner_val,1,Ca3AsBr3
verified_only,mlp_magpie,gkf,43,inner_val,1,Mg3AsBr3
verified_only,mlp_magpie,gkf,43,inner_val,1,Mg3PCl3
verified_only,mlp_magpie,gkf,43,inner_val,1,Sr3PBr3
verified_only,mlp_magpie,gkf,43,inner_val,1,Sr3SbI3
verified_only,mlp_magpie,gkf,43,inner_val,2,Ba3AsI3
verified_only,mlp_magpie,gkf,43,inner_val,2,Ca3AsBr3
verified_only,mlp_magpie,gkf,43,inner_val,2,Ca3PF3
verified_only,mlp_magpie,gkf,43,inner_val,2,Sr3PCl3
verified_only,mlp_magpie,gkf,43,inner_val,2,Ba3SbI3
verified_only,mlp_magpie,gkf,43,inner_val,3,Sr3AsI3
verified_only,mlp_magpie,gkf,43,inner_val,3,Mg3PI3
verified_only,mlp_magpie,gkf,43,inner_val,3,Ca3SbF3
verified_only,mlp_magpie,gkf,43,inner_val,3,Mg3SbI3
verified_only,mlp_magpie,gkf,43,inner_val,3,Sr3SbI3
verified_only,mlp_magpie,gkf,43,inner_val,4,Ca3PF3
verified_only,mlp_magpie,gkf,43,inner_val,4,Ba3SbBr3
verified_only,mlp_magpie,gkf,43,inner_val,4,Ba3SbI3
verified_only,mlp_magpie,gkf,43,inner_val,4,Ca3SbCl3
verified_only,mlp_magpie,gkf,43,inner_val,4,Mg3SbI3
verified_only,mlp_magpie,gkf,44,test,,Ba3AsI3
verified_only,mlp_magpie,gkf,44,test,,Ca3AsBr3
verified_only,mlp_magpie,gkf,44,test,,Ca3AsF3
verified_only,mlp_magpie,gkf,44,test,,Mg3PI3
verified_only,mlp_magpie,gkf,44,test,,Mg3SbI3
verified_only,mlp_magpie,gkf,44,test,,Sr3SbI3
verified_only,mlp_magpie,gkf,44,inner_val,0,Ba3AsCl3
verified_only,mlp_magpie,gkf,44,inner_val,0,Sr3AsI3
verified_only,mlp_magpie,gkf,44,inner_val,0,Mg3BiI3
verified_only,mlp_magpie,gkf,44,inner_val,0,Mg3SbCl3
verified_only,mlp_magpie,gkf,44,inner_val,0,Mg3SbF3
verified_only,mlp_magpie,gkf,44,inner_val,1,Sr3AsCl3
verified_only,mlp_magpie,gkf,44,inner_val,1,Sr3AsI3
verified_only,mlp_magpie,gkf,44,inner_val,1,Mg3BiBr3
verified_only,mlp_magpie,gkf,44,inner_val,1,Ca3PI3
verified_only,mlp_magpie,gkf,44,inner_val,1,Ca3SbF3
verified_only,mlp_magpie,gkf,44,inner_val,2,Mg3AsBr3
verified_only,mlp_magpie,gkf,44,inner_val,2,Ca3PCl3
verified_only,mlp_magpie,gkf,44,inner_val,2,Ca3PF3
verified_only,mlp_magpie,gkf,44,inner_val,2,Ca3PI3
verified_only,mlp_magpie,gkf,44,inner_val,2,Ca3SbCl3
verified_only,mlp_magpie,gkf,44,inner_val,3,Ca3PBr3
verified_only,mlp_magpie,gkf,44,inner_val,3,Ca3PI3
verified_only,mlp_magpie,gkf,44,inner_val,3,Sr3PBr3
verified_only,mlp_magpie,gkf,44,inner_val,3,Sr3PI3
verified_only,mlp_magpie,gkf,44,inner_val,3,Sr3SbCl3
verified_only,mlp_magpie,gkf,44,inner_val,4,Mg3AsBr3
verified_only,mlp_magpie,gkf,44,inner_val,4,Sr3AsCl3
verified_only,mlp_magpie,gkf,44,inner_val,4,Ba3SbI3
verified_only,mlp_magpie,gkf,44,inner_val,4,Ca3SbF3
verified_only,mlp_magpie,gkf,44,inner_val,4,Mg3SbF3
verified_only,mlp_magpie,gkf,45,test,,Ca3AsF3
verified_only,mlp_magpie,gkf,45,test,,Sr3PBr3
verified_only,mlp_magpie,gkf,45,test,,Sr3PI3
verified_only,mlp_magpie,gkf,45,test,,Ba3SbI3
verified_only,mlp_magpie,gkf,45,test,,Mg3SbBr3
verified_only,mlp_magpie,gkf,45,test,,Mg3SbCl3
verified_only,mlp_magpie,gkf,45,test,,Mg3SbI3
verified_only,mlp_magpie,gkf,45,inner_val,0,Sr3AsCl3
verified_only,mlp_magpie,gkf,45,inner_val,0,Mg3PBr3
verified_only,mlp_magpie,gkf,45,inner_val,0,Sr3PCl3
verified_only,mlp_magpie,gkf,45,inner_val,0,Ca3SbCl3
verified_only,mlp_magpie,gkf,45,inner_val,0,Ca3SbF3
verified_only,mlp_magpie,gkf,45,inner_val,1,Ca3BiI3
verified_only,mlp_magpie,gkf,45,inner_val,1,Mg3PBr3
verified_only,mlp_magpie,gkf,45,inner_val,1,Mg3PCl3
verified_only,mlp_magpie,gkf,45,inner_val,1,Ca3SbCl3
verified_only,mlp_magpie,gkf,45,inner_val,1,Mg3SbF3
verified_only,mlp_magpie,gkf,45,inner_val,2,Mg3AsBr3
verified_only,mlp_magpie,gkf,45,inner_val,2,Ca3BiI3
verified_only,mlp_magpie,gkf,45,inner_val,2,Ca3PI3
verified_only,mlp_magpie,gkf,45,inner_val,2,Ca3SbCl3
verified_only,mlp_magpie,gkf,45,inner_val,2,Sr3SbI3
verified_only,mlp_magpie,gkf,45,inner_val,3,Ca3AsBr3
verified_only,mlp_magpie,gkf,45,inner_val,3,Ca3PBr3
verified_only,mlp_magpie,gkf,45,inner_val,3,Mg3PCl3
verified_only,mlp_magpie,gkf,45,inner_val,3,Ca3SbCl3
verified_only,mlp_magpie,gkf,45,inner_val,3,Sr3SbCl3
verified_only,mlp_magpie,gkf,45,inner_val,4,Ba3AsI3
verified_only,mlp_magpie,gkf,45,inner_val,4,Sr3AsI3
verified_only,mlp_magpie,gkf,45,inner_val,4,Ca3BiI3
verified_only,mlp_magpie,gkf,45,inner_val,4,Mg3PCl3
verified_only,mlp_magpie,gkf,45,inner_val,4,Sr3SbCl3
verified_only,mlp_magpie,gkf,46,test,,Ca3AsBr3
verified_only,mlp_magpie,gkf,46,test,,Mg3AsBr3
verified_only,mlp_magpie,gkf,46,test,,Ca3PCl3
verified_only,mlp_magpie,gkf,46,test,,Mg3PI3
verified_only,mlp_magpie,gkf,46,test,,Ca3SbBr3
verified_only,mlp_magpie,gkf,46,test,,Ca3SbCl3
verified_only,mlp_magpie,gkf,46,inner_val,0,Ba3AsCl3
verified_only,mlp_magpie,gkf,46,inner_val,0,Ca3BiI3
verified_only,mlp_magpie,gkf,46,inner_val,0,Mg3BiBr3
verified_only,mlp_magpie,gkf,46,inner_val,0,Ca3PBr3
verified_only,mlp_magpie,gkf,46,inner_val,0,Ba3SbBr3
verified_only,mlp_magpie,gkf,46,inner_val,1,Ba3AsCl3
verified_only,mlp_magpie,gkf,46,inner_val,1,Mg3PBr3
verified_only,mlp_magpie,gkf,46,inner_val,1,Ba3SbBr3
verified_only,mlp_magpie,gkf,46,inner_val,1,Sr3SbCl3
verified_only,mlp_magpie,gkf,46,inner_val,1,Sr3SbI3
verified_only,mlp_magpie,gkf,46,inner_val,2,Sr3AsCl3
verified_only,mlp_magpie,gkf,46,inner_val,2,Ca3SbF3
verified_only,mlp_magpie,gkf,46,inner_val,2,Mg3SbCl3
verified_only,mlp_magpie,gkf,46,inner_val,2,Mg3SbF3
verified_only,mlp_magpie,gkf,46,inner_val,2,Sr3SbI3
verified_only,mlp_magpie,gkf,46,inner_val,3,Ca3AsF3
verified_only,mlp_magpie,gkf,46,inner_val,3,Sr3AsI3
verified_only,mlp_magpie,gkf,46,inner_val,3,Mg3BiBr3
verified_only,mlp_magpie,gkf,46,inner_val,3,Mg3SbCl3
verified_only,mlp_magpie,gkf,46,inner_val,3,Mg3SbI3
verified_only,mlp_magpie,gkf,46,inner_val,4,Ba3AsCl3
verified_only,mlp_magpie,gkf,46,inner_val,4,Mg3PBr3
verified_only,mlp_magpie,gkf,46,inner_val,4,Sr3PCl3
verified_only,mlp_magpie,gkf,46,inner_val,4,Ba3SbI3
verified_only,mlp_magpie,gkf,46,inner_val,4,Sr3SbCl3
verified_only,mlp_magpie,gkf,47,test,,Ba3AsI3
verified_only,mlp_magpie,gkf,47,test,,Mg3BiBr3
verified_only,mlp_magpie,gkf,47,test,,Mg3BiI3
verified_only,mlp_magpie,gkf,47,test,,Mg3PCl3
verified_only,mlp_magpie,gkf,47,test,,Sr3PCl3
verified_only,mlp_magpie,gkf,47,test,,Ca3SbF3
verified_only,mlp_magpie,gkf,47,inner_val,0,Ca3AsBr3
verified_only,mlp_magpie,gkf,47,inner_val,0,Ca3AsF3
verified_only,mlp_magpie,gkf,47,inner_val,0,Sr3PI3
verified_only,mlp_magpie,gkf,47,inner_val,0,Mg3SbBr3
verified_only,mlp_magpie,gkf,47,inner_val,0,Mg3SbCl3
verified_only,mlp_magpie,gkf,47,inner_val,1,Ca3PI3
verified_only,mlp_magpie,gkf,47,inner_val,1,Sr3PI3
verified_only,mlp_magpie,gkf,47,inner_val,1,Ca3SbBr3
verified_only,mlp_magpie,gkf,47,inner_val,1,Ca3SbCl3
verified_only,mlp_magpie,gkf,47,inner_val,1,Mg3SbBr3
verified_only,mlp_magpie,gkf,47,inner_val,2,Ca3AsF3
verified_only,mlp_magpie,gkf,47,inner_val,2,Mg3AsBr3
verified_only,mlp_magpie,gkf,47,inner_val,2,Sr3PBr3
verified_only,mlp_magpie,gkf,47,inner_val,2,Mg3SbBr3
verified_only,mlp_magpie,gkf,47,inner_val,2,Sr3SbI3
verified_only,mlp_magpie,gkf,47,inner_val,3,Ca3BiI3
verified_only,mlp_magpie,gkf,47,inner_val,3,Ca3PBr3
verified_only,mlp_magpie,gkf,47,inner_val,3,Ca3PI3
verified_only,mlp_magpie,gkf,47,inner_val,3,Ba3SbBr3
verified_only,mlp_magpie,gkf,47,inner_val,3,Mg3SbBr3
verified_only,mlp_magpie,gkf,47,inner_val,4,Ca3AsBr3
verified_only,mlp_magpie,gkf,47,inner_val,4,Ca3BiI3
verified_only,mlp_magpie,gkf,47,inner_val,4,Ca3PI3
verified_only,mlp_magpie,gkf,47,inner_val,4,Sr3PBr3
verified_only,mlp_magpie,gkf,47,inner_val,4,Sr3SbI3
verified_only,mlp_magpie,gkf,48,test,,Sr3AsI3
verified_only,mlp_magpie,gkf,48,test,,Ca3PF3
verified_only,mlp_magpie,gkf,48,test,,Ba3SbBr3
verified_only,mlp_magpie,gkf,48,test,,Mg3SbF3
verified_only,mlp_magpie,gkf,48,test,,Sr3SbCl3
verified_only,mlp_magpie,gkf,48,test,,Sr3SbI3
verified_only,mlp_magpie,gkf,48,inner_val,0,Ba3AsCl3
verified_only,mlp_magpie,gkf,48,inner_val,0,Mg3PI3
verified_only,mlp_magpie,gkf,48,inner_val,0,Sr3PI3
verified_only,mlp_magpie,gkf,48,inner_val,0,Mg3SbBr3
verified_only,mlp_magpie,gkf,48,inner_val,0,Mg3SbCl3
verified_only,mlp_magpie,gkf,48,inner_val,1,Ca3BiI3
verified_only,mlp_magpie,gkf,48,inner_val,1,Mg3BiI3
verified_only,mlp_magpie,gkf,48,inner_val,1,Ca3PI3
verified_only,mlp_magpie,gkf,48,inner_val,1,Mg3PI3
verified_only,mlp_magpie,gkf,48,inner_val,1,Ca3SbF3
verified_only,mlp_magpie,gkf,48,inner_val,2,Ca3AsF3
verified_only,mlp_magpie,gkf,48,inner_val,2,Mg3BiI3
verified_only,mlp_magpie,gkf,48,inner_val,2,Ca3PI3
verified_only,mlp_magpie,gkf,48,inner_val,2,Mg3PI3
verified_only,mlp_magpie,gkf,48,inner_val,2,Ca3SbBr3
verified_only,mlp_magpie,gkf,48,inner_val,3,Sr3AsCl3
verified_only,mlp_magpie,gkf,48,inner_val,3,Mg3BiBr3
verified_only,mlp_magpie,gkf,48,inner_val,3,Ca3PBr3
verified_only,mlp_magpie,gkf,48,inner_val,3,Sr3PBr3
verified_only,mlp_magpie,gkf,48,inner_val,3,Sr3PCl3
verified_only,mlp_magpie,gkf,48,inner_val,4,Ba3AsI3
verified_only,mlp_magpie,gkf,48,inner_val,4,Ca3AsF3
verified_only,mlp_magpie,gkf,48,inner_val,4,Ca3BiI3
verified_only,mlp_magpie,gkf,48,inner_val,4,Ca3PI3
verified_only,mlp_magpie,gkf,48,inner_val,4,Ca3SbCl3
verified_only,mlp_magpie,gkf,49,test,,Ba3AsCl3
verified_only,mlp_magpie,gkf,49,test,,Sr3AsCl3
verified_only,mlp_magpie,gkf,49,test,,Ca3BiI3
verified_only,mlp_magpie,gkf,49,test,,Ca3PBr3
verified_only,mlp_magpie,gkf,49,test,,Ca3PI3
verified_only,mlp_magpie,gkf,49,test,,Mg3PBr3
verified_only,mlp_magpie,gkf,49,inner_val,0,Ba3AsI3
verified_only,mlp_magpie,gkf,49,inner_val,0,Ca3AsBr3
verified_only,mlp_magpie,gkf,49,inner_val,0,Ba3SbI3
verified_only,mlp_magpie,gkf,49,inner_val,0,Ca3SbBr3
verified_only,mlp_magpie,gkf,49,inner_val,0,Sr3SbCl3
verified_only,mlp_magpie,gkf,49,inner_val,1,Mg3BiBr3
verified_only,mlp_magpie,gkf,49,inner_val,1,Ca3PF3
verified_only,mlp_magpie,gkf,49,inner_val,1,Mg3PI3
verified_only,mlp_magpie,gkf,49,inner_val,1,Ba3SbBr3
verified_only,mlp_magpie,gkf,49,inner_val,1,Mg3SbBr3
verified_only,mlp_magpie,gkf,49,inner_val,2,Ba3AsI3
verified_only,mlp_magpie,gkf,49,inner_val,2,Mg3AsBr3
verified_only,mlp_magpie,gkf,49,inner_val,2,Ca3PF3
verified_only,mlp_magpie,gkf,49,inner_val,2,Ba3SbBr3
verified_only,mlp_magpie,gkf,49,inner_val,2,Ca3SbBr3
verified_only,mlp_magpie,gkf,49,inner_val,3,Ca3AsBr3
verified_only,mlp_magpie,gkf,49,inner_val,3,Ca3PCl3
verified_only,mlp_magpie,gkf,49,inner_val,3,Mg3PCl3
verified_only,mlp_magpie,gkf,49,inner_val,3,Sr3PI3
verified_only,mlp_magpie,gkf,49,inner_val,3,Ca3SbF3
verified_only,mlp_magpie,gkf,49,inner_val,4,Ba3AsI3
verified_only,mlp_magpie,gkf,49,inner_val,4,Ca3AsBr3
verified_only,mlp_magpie,gkf,49,inner_val,4,Mg3BiI3
verified_only,mlp_magpie,gkf,49,inner_val,4,Mg3PCl3
verified_only,mlp_magpie,gkf,49,inner_val,4,Ba3SbI3
