dataset,split,repeat,fold,model,formula,A,B,X,y_true,y_pred,sigma
primary,lobo,0,0,gpr_physics9,Ba3AsBr3,Ba,As,Br,0.92,0.9436,0.074789
primary,lobo,0,0,gpr_physics9,Ba3AsCl3,Ba,As,Cl,0.969,0.987054,0.077891
primary,lobo,0,0,gpr_physics9,Ba3AsI3,Ba,As,I,0.802,0.76619,0.079544
primary,lobo,0,1,gpr_physics9,Ba3BiBr3,Ba,Bi,Br,0.912,1.03569,0.082958
primary,lobo,0,1,gpr_physics9,Ba3BiCl3,Ba,Bi,Cl,0.957,1.055027,0.087703
primary,lobo,0,1,gpr_physics9,Ba3BiI3,Ba,Bi,I,0.786,0.846664,0.090407
primary,lobo,0,2,gpr_physics9,Ba3PBr3,Ba,P,Br,0.944,0.939679,0.088601
primary,lobo,0,2,gpr_physics9,Ba3PCl3,Ba,P,Cl,0.964,0.986911,0.091544
primary,lobo,0,2,gpr_physics9,Ba3PI3,Ba,P,I,0.764,0.784219,0.093107
primary,lobo,0,3,gpr_physics9,Ba3SbBr3,Ba,Sb,Br,1.0819,0.910114,0.061527
primary,lobo,0,3,gpr_physics9,Ba3SbCl3,Ba,Sb,Cl,1.002,0.956851,0.062848
primary,lobo,0,3,gpr_physics9,Ba3SbI3,Ba,Sb,I,0.78,0.794494,0.063619
primary,lobo,0,0,gpr_physics9,Ca3AsBr3,Ca,As,Br,1.634,1.859894,0.073787
primary,lobo,0,0,gpr_physics9,Ca3AsF3,Ca,As,F,2.27,2.489044,0.082912
primary,lobo,0,1,gpr_physics9,Ca3BiI3,Ca,Bi,I,1.36,1.386196,0.115548
primary,lobo,0,2,gpr_physics9,Ca3PBr3,Ca,P,Br,1.8846,1.701523,0.092692
primary,lobo,0,2,gpr_physics9,Ca3PCl3,Ca,P,Cl,2.035,1.876808,0.098233
primary,lobo,0,2,gpr_physics9,Ca3PF3,Ca,P,F,2.518,2.252767,0.098331
primary,lobo,0,2,gpr_physics9,Ca3PI3,Ca,P,I,1.4909,1.348519,0.111367
primary,lobo,0,3,gpr_physics9,Ca3SbBr3,Ca,Sb,Br,1.782,1.601307,0.08745
primary,lobo,0,3,gpr_physics9,Ca3SbCl3,Ca,Sb,Cl,1.814,1.773839,0.109328
primary,lobo,0,3,gpr_physics9,Ca3SbF3,Ca,Sb,F,2.19,2.005436,0.142999
primary,lobo,0,0,gpr_physics9,Mg3AsBr3,Mg,As,Br,1.2907,1.457587,0.07592
primary,lobo,0,1,gpr_physics9,Mg3BiBr3,Mg,Bi,Br,0.9648,0.878652,0.084184
primary,lobo,0,1,gpr_physics9,Mg3BiI3,Mg,Bi,I,0.224,-0.004828,0.095432
primary,lobo,0,2,gpr_physics9,Mg3PBr3,Mg,P,Br,1.506,1.211958,0.099658
primary,lobo,0,2,gpr_physics9,Mg3PCl3,Mg,P,Cl,2.297,1.825487,0.109438
primary,lobo,0,2,gpr_physics9,Mg3PI3,Mg,P,I,0.377,0.330486,0.119828
primary,lobo,0,3,gpr_physics9,Mg3SbBr3,Mg,Sb,Br,0.9418,1.07434,0.064746
primary,lobo,0,3,gpr_physics9,Mg3SbCl3,Mg,Sb,Cl,1.7283,1.721364,0.104089
primary,lobo,0,3,gpr_physics9,Mg3SbF3,Mg,Sb,F,3.184,3.376695,0.608578
primary,lobo,0,3,gpr_physics9,Mg3SbI3,Mg,Sb,I,0.1057,0.227476,0.068492
primary,lobo,0,0,gpr_physics9,Sr3AsCl3,Sr,As,Cl,1.7,1.689315,0.073711
primary,lobo,0,0,gpr_physics9,Sr3AsI3,Sr,As,I,1.265,1.285656,0.074859
primary,lobo,0,2,gpr_physics9,Sr3PBr3,Sr,P,Br,1.55,1.560474,0.093259
primary,lobo,0,2,gpr_physics9,Sr3PCl3,Sr,P,Cl,1.677,1.676364,0.091381
primary,lobo,0,2,gpr_physics9,Sr3PI3,Sr,P,I,1.258,1.278449,0.093353
primary,lobo,0,3,gpr_physics9,Sr3SbCl3,Sr,Sb,Cl,1.712,1.530196,0.088697
primary,lobo,0,3,gpr_physics9,Sr3SbI3,Sr,Sb,I,1.31,1.223647,0.06922
primary,lobo,0,0,halide_rule,Ba3AsBr3,Ba,As,Br,0.92,1.285233,
primary,lobo,0,0,halide_rule,Ba3AsCl3,Ba,As,Cl,0.969,1.576256,
primary,lobo,0,0,halide_rule,Ba3AsI3,Ba,As,I,0.802,0.84556,
primary,lobo,0,1,halide_rule,Ba3BiBr3,Ba,Bi,Br,0.912,1.3535,
primary,lobo,0,1,halide_rule,Ba3BiCl3,Ba,Bi,Cl,0.957,1.58983,
primary,lobo,0,1,halide_rule,Ba3BiI3,Ba,Bi,I,0.786,0.905844,
primary,lobo,0,2,halide_rule,Ba3PBr3,Ba,P,Br,0.944,1.1909,
primary,lobo,0,2,halide_rule,Ba3PCl3,Ba,P,Cl,0.964,1.411757,
primary,lobo,0,2,halide_rule,Ba3PI3,Ba,P,I,0.764,0.829087,
primary,lobo,0,3,halide_rule,Ba3SbBr3,Ba,Sb,Br,1.0819,1.289567,
primary,lobo,0,3,halide_rule,Ba3SbCl3,Ba,Sb,Cl,1.002,1.514143,
primary,lobo,0,3,halide_rule,Ba3SbI3,Ba,Sb,I,0.78,0.925211,
primary,lobo,0,0,halide_rule,Ca3AsBr3,Ca,As,Br,1.634,1.285233,
primary,lobo,0,0,halide_rule,Ca3AsF3,Ca,As,F,2.27,2.630667,
primary,lobo,0,1,halide_rule,Ca3BiI3,Ca,Bi,I,1.36,0.905844,
primary,lobo,0,2,halide_rule,Ca3PBr3,Ca,P,Br,1.8846,1.1909,
primary,lobo,0,2,halide_rule,Ca3PCl3,Ca,P,Cl,2.035,1.411757,
primary,lobo,0,2,halide_rule,Ca3PF3,Ca,P,F,2.518,2.548,
primary,lobo,0,2,halide_rule,Ca3PI3,Ca,P,I,1.4909,0.829087,
primary,lobo,0,3,halide_rule,Ca3SbBr3,Ca,Sb,Br,1.782,1.289567,
primary,lobo,0,3,halide_rule,Ca3SbCl3,Ca,Sb,Cl,1.814,1.514143,
primary,lobo,0,3,halide_rule,Ca3SbF3,Ca,Sb,F,2.19,2.394,
primary,lobo,0,0,halide_rule,Mg3AsBr3,Mg,As,Br,1.2907,1.285233,
primary,lobo,0,1,halide_rule,Mg3BiBr3,Mg,Bi,Br,0.9648,1.3535,
primary,lobo,0,1,halide_rule,Mg3BiI3,Mg,Bi,I,0.224,0.905844,
primary,lobo,0,2,halide_rule,Mg3PBr3,Mg,P,Br,1.506,1.1909,
primary,lobo,0,2,halide_rule,Mg3PCl3,Mg,P,Cl,2.297,1.411757,
primary,lobo,0,2,halide_rule,Mg3PI3,Mg,P,I,0.377,0.829087,
primary,lobo,0,3,halide_rule,Mg3SbBr3,Mg,Sb,Br,0.9418,1.289567,
primary,lobo,0,3,halide_rule,Mg3SbCl3,Mg,Sb,Cl,1.7283,1.514143,
primary,lobo,0,3,halide_rule,Mg3SbF3,Mg,Sb,F,3.184,2.394,
primary,lobo,0,3,halide_rule,Mg3SbI3,Mg,Sb,I,0.1057,0.925211,
primary,lobo,0,0,halide_rule,Sr3AsCl3,Sr,As,Cl,1.7,1.576256,
primary,lobo,0,0,halide_rule,Sr3AsI3,Sr,As,I,1.265,0.84556,
primary,lobo,0,2,halide_rule,Sr3PBr3,Sr,P,Br,1.55,1.1909,
primary,lobo,0,2,halide_rule,Sr3PCl3,Sr,P,Cl,1.677,1.411757,
primary,lobo,0,2,halide_rule,Sr3PI3,Sr,P,I,1.258,0.829087,
primary,lobo,0,3,halide_rule,Sr3SbCl3,Sr,Sb,Cl,1.712,1.514143,
primary,lobo,0,3,halide_rule,Sr3SbI3,Sr,Sb,I,1.31,0.925211,
primary,lobo,0,0,mean,Ba3AsBr3,Ba,As,Br,0.92,1.358097,
primary,lobo,0,0,mean,Ba3AsCl3,Ba,As,Cl,0.969,1.358097,
primary,lobo,0,0,mean,Ba3AsI3,Ba,As,I,0.802,1.358097,
primary,lobo,0,1,mean,Ba3BiBr3,Ba,Bi,Br,0.912,1.446906,
primary,lobo,0,1,mean,Ba3BiCl3,Ba,Bi,Cl,0.957,1.446906,
primary,lobo,0,1,mean,Ba3BiI3,Ba,Bi,I,0.786,1.446906,
primary,lobo,0,2,mean,Ba3PBr3,Ba,P,Br,0.944,1.295623,
primary,lobo,0,2,mean,Ba3PCl3,Ba,P,Cl,0.964,1.295623,
primary,lobo,0,2,mean,Ba3PI3,Ba,P,I,0.764,1.295623,
primary,lobo,0,3,mean,Ba3SbBr3,Ba,Sb,Br,1.0819,1.308148,
primary,lobo,0,3,mean,Ba3SbCl3,Ba,Sb,Cl,1.002,1.308148,
primary,lobo,0,3,mean,Ba3SbI3,Ba,Sb,I,0.78,1.308148,
primary,lobo,0,0,mean,Ca3AsBr3,Ca,As,Br,1.634,1.358097,
primary,lobo,0,0,mean,Ca3AsF3,Ca,As,F,2.27,1.358097,
primary,lobo,0,1,mean,Ca3BiI3,Ca,Bi,I,1.36,1.446906,
primary,lobo,0,2,mean,Ca3PBr3,Ca,P,Br,1.8846,1.295623,
primary,lobo,0,2,mean,Ca3PCl3,Ca,P,Cl,2.035,1.295623,
primary,lobo,0,2,mean,Ca3PF3,Ca,P,F,2.518,1.295623,
primary,lobo,0,2,mean,Ca3PI3,Ca,P,I,1.4909,1.295623,
primary,lobo,0,3,mean,Ca3SbBr3,Ca,Sb,Br,1.782,1.308148,
primary,lobo,0,3,mean,Ca3SbCl3,Ca,Sb,Cl,1.814,1.308148,
primary,lobo,0,3,mean,Ca3SbF3,Ca,Sb,F,2.19,1.308148,
primary,lobo,0,0,mean,Mg3AsBr3,Mg,As,Br,1.2907,1.358097,
primary,lobo,0,1,mean,Mg3BiBr3,Mg,Bi,Br,0.9648,1.446906,
primary,lobo,0,1,mean,Mg3BiI3,Mg,Bi,I,0.224,1.446906,
primary,lobo,0,2,mean,Mg3PBr3,Mg,P,Br,1.506,1.295623,
primary,lobo,0,2,mean,Mg3PCl3,Mg,P,Cl,2.297,1.295623,
primary,lobo,0,2,mean,Mg3PI3,Mg,P,I,0.377,1.295623,
primary,lobo,0,3,mean,Mg3SbBr3,Mg,Sb,Br,0.9418,1.308148,
primary,lobo,0,3,mean,Mg3SbCl3,Mg,Sb,Cl,1.7283,1.308148,
primary,lobo,0,3,mean,Mg3SbF3,Mg,Sb,F,3.184,1.308148,
primary,lobo,0,3,mean,Mg3SbI3,Mg,Sb,I,0.1057,1.308148,
primary,lobo,0,0,mean,Sr3AsCl3,Sr,As,Cl,1.7,1.358097,
primary,lobo,0,0,mean,Sr3AsI3,Sr,As,I,1.265,1.358097,
primary,lobo,0,2,mean,Sr3PBr3,Sr,P,Br,1.55,1.295623,
primary,lobo,0,2,mean,Sr3PCl3,Sr,P,Cl,1.677,1.295623,
primary,lobo,0,2,mean,Sr3PI3,Sr,P,I,1.258,1.295623,
primary,lobo,0,3,mean,Sr3SbCl3,Sr,Sb,Cl,1.712,1.308148,
primary,lobo,0,3,mean,Sr3SbI3,Sr,Sb,I,1.31,1.308148,
primary,lobo,0,0,rf_magpie,Ba3AsBr3,Ba,As,Br,0.92,1.11048,
primary,lobo,0,0,rf_magpie,Ba3AsCl3,Ba,As,Cl,0.969,1.154456,
primary,lobo,0,0,rf_magpie,Ba3AsI3,Ba,As,I,0.802,0.926769,
primary,lobo,0,1,rf_magpie,Ba3BiBr3,Ba,Bi,Br,0.912,0.957575,
primary,lobo,0,1,rf_magpie,Ba3BiCl3,Ba,Bi,Cl,0.957,0.887166,
primary,lobo,0,1,rf_magpie,Ba3BiI3,Ba,Bi,I,0.786,0.851843,
primary,lobo,0,2,rf_magpie,Ba3PBr3,Ba,P,Br,0.944,0.945043,
primary,lobo,0,2,rf_magpie,Ba3PCl3,Ba,P,Cl,0.964,1.047977,
primary,lobo,0,2,rf_magpie,Ba3PI3,Ba,P,I,0.764,0.889652,
primary,lobo,0,3,rf_magpie,Ba3SbBr3,Ba,Sb,Br,1.0819,0.966175,
primary,lobo,0,3,rf_magpie,Ba3SbCl3,Ba,Sb,Cl,1.002,0.977715,
primary,lobo,0,3,rf_magpie,Ba3SbI3,Ba,Sb,I,0.78,0.919051,
primary,lobo,0,0,rf_magpie,Ca3AsBr3,Ca,As,Br,1.634,1.753496,
primary,lobo,0,0,rf_magpie,Ca3AsF3,Ca,As,F,2.27,2.389256,
primary,lobo,0,1,rf_magpie,Ca3BiI3,Ca,Bi,I,1.36,1.090222,
primary,lobo,0,2,rf_magpie,Ca3PBr3,Ca,P,Br,1.8846,1.695615,
primary,lobo,0,2,rf_magpie,Ca3PCl3,Ca,P,Cl,2.035,1.82104,
primary,lobo,0,2,rf_magpie,Ca3PF3,Ca,P,F,2.518,2.37819,
primary,lobo,0,2,rf_magpie,Ca3PI3,Ca,P,I,1.4909,1.412081,
primary,lobo,0,3,rf_magpie,Ca3SbBr3,Ca,Sb,Br,1.782,1.426168,
primary,lobo,0,3,rf_magpie,Ca3SbCl3,Ca,Sb,Cl,1.814,1.513815,
primary,lobo,0,3,rf_magpie,Ca3SbF3,Ca,Sb,F,2.19,1.591585,
primary,lobo,0,0,rf_magpie,Mg3AsBr3,Mg,As,Br,1.2907,1.527984,
primary,lobo,0,1,rf_magpie,Mg3BiBr3,Mg,Bi,Br,0.9648,0.798378,
primary,lobo,0,1,rf_magpie,Mg3BiI3,Mg,Bi,I,0.224,0.369249,
primary,lobo,0,2,rf_magpie,Mg3PBr3,Mg,P,Br,1.506,1.383818,
primary,lobo,0,2,rf_magpie,Mg3PCl3,Mg,P,Cl,2.297,1.720652,
primary,lobo,0,2,rf_magpie,Mg3PI3,Mg,P,I,0.377,0.837544,
primary,lobo,0,3,rf_magpie,Mg3SbBr3,Mg,Sb,Br,0.9418,1.10185,
primary,lobo,0,3,rf_magpie,Mg3SbCl3,Mg,Sb,Cl,1.7283,1.280119,
primary,lobo,0,3,rf_magpie,Mg3SbF3,Mg,Sb,F,3.184,1.412585,
primary,lobo,0,3,rf_magpie,Mg3SbI3,Mg,Sb,I,0.1057,0.597847,
primary,lobo,0,0,rf_magpie,Sr3AsCl3,Sr,As,Cl,1.7,1.728216,
primary,lobo,0,0,rf_magpie,Sr3AsI3,Sr,As,I,1.265,1.270452,
primary,lobo,0,2,rf_magpie,Sr3PBr3,Sr,P,Br,1.55,1.503151,
primary,lobo,0,2,rf_magpie,Sr3PCl3,Sr,P,Cl,1.677,1.693113,
primary,lobo,0,2,rf_magpie,Sr3PI3,Sr,P,I,1.258,1.258667,
primary,lobo,0,3,rf_magpie,Sr3SbCl3,Sr,Sb,Cl,1.712,1.359413,
primary,lobo,0,3,rf_magpie,Sr3SbI3,Sr,Sb,I,1.31,1.28841,
primary,lobo,0,0,rf_physics9,Ba3AsBr3,Ba,As,Br,0.92,0.975184,
primary,lobo,0,0,rf_physics9,Ba3AsCl3,Ba,As,Cl,0.969,1.011871,
primary,lobo,0,0,rf_physics9,Ba3AsI3,Ba,As,I,0.802,0.791909,
primary,lobo,0,1,rf_physics9,Ba3BiBr3,Ba,Bi,Br,0.912,1.038994,
primary,lobo,0,1,rf_physics9,Ba3BiCl3,Ba,Bi,Cl,0.957,1.157178,
primary,lobo,0,1,rf_physics9,Ba3BiI3,Ba,Bi,I,0.786,0.820212,
primary,lobo,0,2,rf_physics9,Ba3PBr3,Ba,P,Br,0.944,0.950749,
primary,lobo,0,2,rf_physics9,Ba3PCl3,Ba,P,Cl,0.964,0.989519,
primary,lobo,0,2,rf_physics9,Ba3PI3,Ba,P,I,0.764,0.815666,
primary,lobo,0,3,rf_physics9,Ba3SbBr3,Ba,Sb,Br,1.0819,0.921635,
primary,lobo,0,3,rf_physics9,Ba3SbCl3,Ba,Sb,Cl,1.002,0.988633,
primary,lobo,0,3,rf_physics9,Ba3SbI3,Ba,Sb,I,0.78,0.797823,
primary,lobo,0,0,rf_physics9,Ca3AsBr3,Ca,As,Br,1.634,1.845172,
primary,lobo,0,0,rf_physics9,Ca3AsF3,Ca,As,F,2.27,2.426366,
primary,lobo,0,1,rf_physics9,Ca3BiI3,Ca,Bi,I,1.36,1.226241,
primary,lobo,0,2,rf_physics9,Ca3PBr3,Ca,P,Br,1.8846,1.596525,
primary,lobo,0,2,rf_physics9,Ca3PCl3,Ca,P,Cl,2.035,1.693708,
primary,lobo,0,2,rf_physics9,Ca3PF3,Ca,P,F,2.518,2.195771,
primary,lobo,0,2,rf_physics9,Ca3PI3,Ca,P,I,1.4909,1.279105,
primary,lobo,0,3,rf_physics9,Ca3SbBr3,Ca,Sb,Br,1.782,1.595329,
primary,lobo,0,3,rf_physics9,Ca3SbCl3,Ca,Sb,Cl,1.814,1.895197,
primary,lobo,0,3,rf_physics9,Ca3SbF3,Ca,Sb,F,2.19,2.176695,
primary,lobo,0,0,rf_physics9,Mg3AsBr3,Mg,As,Br,1.2907,1.359927,
primary,lobo,0,1,rf_physics9,Mg3BiBr3,Mg,Bi,Br,0.9648,1.122514,
primary,lobo,0,1,rf_physics9,Mg3BiI3,Mg,Bi,I,0.224,0.331031,
primary,lobo,0,2,rf_physics9,Mg3PBr3,Mg,P,Br,1.506,1.212252,
primary,lobo,0,2,rf_physics9,Mg3PCl3,Mg,P,Cl,2.297,1.622398,
primary,lobo,0,2,rf_physics9,Mg3PI3,Mg,P,I,0.377,0.343752,
primary,lobo,0,3,rf_physics9,Mg3SbBr3,Mg,Sb,Br,0.9418,1.212019,
primary,lobo,0,3,rf_physics9,Mg3SbCl3,Mg,Sb,Cl,1.7283,1.991653,
primary,lobo,0,3,rf_physics9,Mg3SbF3,Mg,Sb,F,3.184,2.195528,
primary,lobo,0,3,rf_physics9,Mg3SbI3,Mg,Sb,I,0.1057,0.437183,
primary,lobo,0,0,rf_physics9,Sr3AsCl3,Sr,As,Cl,1.7,1.729347,
primary,lobo,0,0,rf_physics9,Sr3AsI3,Sr,As,I,1.265,1.317311,
primary,lobo,0,2,rf_physics9,Sr3PBr3,Sr,P,Br,1.55,1.584258,
primary,lobo,0,2,rf_physics9,Sr3PCl3,Sr,P,Cl,1.677,1.660152,
primary,lobo,0,2,rf_physics9,Sr3PI3,Sr,P,I,1.258,1.274475,
primary,lobo,0,3,rf_physics9,Sr3SbCl3,Sr,Sb,Cl,1.712,1.662336,
primary,lobo,0,3,rf_physics9,Sr3SbI3,Sr,Sb,I,1.31,1.220489,
primary,lobo,0,0,ridge_magpie,Ba3AsBr3,Ba,As,Br,0.92,0.846945,
primary,lobo,0,0,ridge_magpie,Ba3AsCl3,Ba,As,Cl,0.969,1.125365,
primary,lobo,0,0,ridge_magpie,Ba3AsI3,Ba,As,I,0.802,0.692822,
primary,lobo,0,1,ridge_magpie,Ba3BiBr3,Ba,Bi,Br,0.912,1.039658,
primary,lobo,0,1,ridge_magpie,Ba3BiCl3,Ba,Bi,Cl,0.957,1.130659,
primary,lobo,0,1,ridge_magpie,Ba3BiI3,Ba,Bi,I,0.786,1.033369,
primary,lobo,0,2,ridge_magpie,Ba3PBr3,Ba,P,Br,0.944,0.922664,
primary,lobo,0,2,ridge_magpie,Ba3PCl3,Ba,P,Cl,0.964,1.286668,
primary,lobo,0,2,ridge_magpie,Ba3PI3,Ba,P,I,0.764,0.85253,
primary,lobo,0,3,ridge_magpie,Ba3SbBr3,Ba,Sb,Br,1.0819,0.880396,
primary,lobo,0,3,ridge_magpie,Ba3SbCl3,Ba,Sb,Cl,1.002,0.920488,
primary,lobo,0,3,ridge_magpie,Ba3SbI3,Ba,Sb,I,0.78,0.838583,
primary,lobo,0,0,ridge_magpie,Ca3AsBr3,Ca,As,Br,1.634,1.82847,
primary,lobo,0,0,ridge_magpie,Ca3AsF3,Ca,As,F,2.27,2.795599,
primary,lobo,0,1,ridge_magpie,Ca3BiI3,Ca,Bi,I,1.36,1.05004,
primary,lobo,0,2,ridge_magpie,Ca3PBr3,Ca,P,Br,1.8846,1.664175,
primary,lobo,0,2,ridge_magpie,Ca3PCl3,Ca,P,Cl,2.035,1.964676,
primary,lobo,0,2,ridge_magpie,Ca3PF3,Ca,P,F,2.518,2.610854,
primary,lobo,0,2,ridge_magpie,Ca3PI3,Ca,P,I,1.4909,1.231743,
primary,lobo,0,3,ridge_magpie,Ca3SbBr3,Ca,Sb,Br,1.782,1.704831,
primary,lobo,0,3,ridge_magpie,Ca3SbCl3,Ca,Sb,Cl,1.814,1.965416,
primary,lobo,0,3,ridge_magpie,Ca3SbF3,Ca,Sb,F,2.19,2.154443,
primary,lobo,0,0,ridge_magpie,Mg3AsBr3,Mg,As,Br,1.2907,1.372937,
primary,lobo,0,1,ridge_magpie,Mg3BiBr3,Mg,Bi,Br,0.9648,1.120616,
primary,lobo,0,1,ridge_magpie,Mg3BiI3,Mg,Bi,I,0.224,0.100284,
primary,lobo,0,2,ridge_magpie,Mg3PBr3,Mg,P,Br,1.506,1.375917,
primary,lobo,0,2,ridge_magpie,Mg3PCl3,Mg,P,Cl,2.297,2.09516,
primary,lobo,0,2,ridge_magpie,Mg3PI3,Mg,P,I,0.377,0.699427,
primary,lobo,0,3,ridge_magpie,Mg3SbBr3,Mg,Sb,Br,0.9418,1.037021,
primary,lobo,0,3,ridge_magpie,Mg3SbCl3,Mg,Sb,Cl,1.7283,1.492272,
primary,lobo,0,3,ridge_magpie,Mg3SbF3,Mg,Sb,F,3.184,1.697252,
primary,lobo,0,3,ridge_magpie,Mg3SbI3,Mg,Sb,I,0.1057,0.421696,
primary,lobo,0,0,ridge_magpie,Sr3AsCl3,Sr,As,Cl,1.7,1.598705,
primary,lobo,0,0,ridge_magpie,Sr3AsI3,Sr,As,I,1.265,1.15108,
primary,lobo,0,2,ridge_magpie,Sr3PBr3,Sr,P,Br,1.55,1.246347,
primary,lobo,0,2,ridge_magpie,Sr3PCl3,Sr,P,Cl,1.677,1.605169,
primary,lobo,0,2,ridge_magpie,Sr3PI3,Sr,P,I,1.258,1.220565,
primary,lobo,0,3,ridge_magpie,Sr3SbCl3,Sr,Sb,Cl,1.712,1.508896,
primary,lobo,0,3,ridge_magpie,Sr3SbI3,Sr,Sb,I,1.31,1.154072,
primary,lobo,0,0,ridge_physics9,Ba3AsBr3,Ba,As,Br,0.92,1.282069,
primary,lobo,0,0,ridge_physics9,Ba3AsCl3,Ba,As,Cl,0.969,1.551002,
primary,lobo,0,0,ridge_physics9,Ba3AsI3,Ba,As,I,0.802,0.874984,
primary,lobo,0,1,ridge_physics9,Ba3BiBr3,Ba,Bi,Br,0.912,1.017652,
primary,lobo,0,1,ridge_physics9,Ba3BiCl3,Ba,Bi,Cl,0.957,1.270274,
primary,lobo,0,1,ridge_physics9,Ba3BiI3,Ba,Bi,I,0.786,0.634373,
primary,lobo,0,2,ridge_physics9,Ba3PBr3,Ba,P,Br,0.944,1.3147,
primary,lobo,0,2,ridge_physics9,Ba3PCl3,Ba,P,Cl,0.964,1.54642,
primary,lobo,0,2,ridge_physics9,Ba3PI3,Ba,P,I,0.764,0.975483,
primary,lobo,0,3,ridge_physics9,Ba3SbBr3,Ba,Sb,Br,1.0819,0.877511,
primary,lobo,0,3,ridge_physics9,Ba3SbCl3,Ba,Sb,Cl,1.002,1.030048,
primary,lobo,0,3,ridge_physics9,Ba3SbI3,Ba,Sb,I,0.78,0.564267,
primary,lobo,0,0,ridge_physics9,Ca3AsBr3,Ca,As,Br,1.634,1.422976,
primary,lobo,0,0,ridge_physics9,Ca3AsF3,Ca,As,F,2.27,2.74173,
primary,lobo,0,1,ridge_physics9,Ca3BiI3,Ca,Bi,I,1.36,0.974345,
primary,lobo,0,2,ridge_physics9,Ca3PBr3,Ca,P,Br,1.8846,1.419412,
primary,lobo,0,2,ridge_physics9,Ca3PCl3,Ca,P,Cl,2.035,1.651132,
primary,lobo,0,2,ridge_physics9,Ca3PF3,Ca,P,F,2.518,2.620493,
primary,lobo,0,2,ridge_physics9,Ca3PI3,Ca,P,I,1.4909,1.080196,
primary,lobo,0,3,ridge_physics9,Ca3SbBr3,Ca,Sb,Br,1.782,1.525913,
primary,lobo,0,3,ridge_physics9,Ca3SbCl3,Ca,Sb,Cl,1.814,1.67845,
primary,lobo,0,3,ridge_physics9,Ca3SbF3,Ca,Sb,F,2.19,1.87928,
primary,lobo,0,0,ridge_physics9,Mg3AsBr3,Mg,As,Br,1.2907,1.36481,
primary,lobo,0,1,ridge_physics9,Mg3BiBr3,Mg,Bi,Br,0.9648,1.267184,
primary,lobo,0,1,ridge_physics9,Mg3BiI3,Mg,Bi,I,0.224,0.883905,
primary,lobo,0,2,ridge_physics9,Mg3PBr3,Mg,P,Br,1.506,1.350658,
primary,lobo,0,2,ridge_physics9,Mg3PCl3,Mg,P,Cl,2.297,1.582377,
primary,lobo,0,2,ridge_physics9,Mg3PI3,Mg,P,I,0.377,1.011441,
primary,lobo,0,3,ridge_physics9,Mg3SbBr3,Mg,Sb,Br,0.9418,1.095582,
primary,lobo,0,3,ridge_physics9,Mg3SbCl3,Mg,Sb,Cl,1.7283,1.248119,
primary,lobo,0,3,ridge_physics9,Mg3SbF3,Mg,Sb,F,3.184,1.448948,
primary,lobo,0,3,ridge_physics9,Mg3SbI3,Mg,Sb,I,0.1057,0.782339,
primary,lobo,0,0,ridge_physics9,Sr3AsCl3,Sr,As,Cl,1.7,1.66114,
primary,lobo,0,0,ridge_physics9,Sr3AsI3,Sr,As,I,1.265,0.985122,
primary,lobo,0,2,ridge_physics9,Sr3PBr3,Sr,P,Br,1.55,1.398413,
primary,lobo,0,2,ridge_physics9,Sr3PCl3,Sr,P,Cl,1.677,1.630133,
primary,lobo,0,2,ridge_physics9,Sr3PI3,Sr,P,I,1.258,1.059196,
primary,lobo,0,3,ridge_physics9,Sr3SbCl3,Sr,Sb,Cl,1.712,1.548755,
primary,lobo,0,3,ridge_physics9,Sr3SbI3,Sr,Sb,I,1.31,1.082974,
primary,lobo,0,0,xgb_magpie,Ba3AsBr3,Ba,As,Br,0.92,1.053121,
primary,lobo,0,0,xgb_magpie,Ba3AsCl3,Ba,As,Cl,0.969,1.060478,
primary,lobo,0,0,xgb_magpie,Ba3AsI3,Ba,As,I,0.802,0.878511,
primary,lobo,0,1,xgb_magpie,Ba3BiBr3,Ba,Bi,Br,0.912,0.962404,
primary,lobo,0,1,xgb_magpie,Ba3BiCl3,Ba,Bi,Cl,0.957,0.81129,
primary,lobo,0,1,xgb_magpie,Ba3BiI3,Ba,Bi,I,0.786,0.765303,
primary,lobo,0,2,xgb_magpie,Ba3PBr3,Ba,P,Br,0.944,0.956064,
primary,lobo,0,2,xgb_magpie,Ba3PCl3,Ba,P,Cl,0.964,1.037531,
primary,lobo,0,2,xgb_magpie,Ba3PI3,Ba,P,I,0.764,0.858073,
primary,lobo,0,3,xgb_magpie,Ba3SbBr3,Ba,Sb,Br,1.0819,0.931584,
primary,lobo,0,3,xgb_magpie,Ba3SbCl3,Ba,Sb,Cl,1.002,0.968547,
primary,lobo,0,3,xgb_magpie,Ba3SbI3,Ba,Sb,I,0.78,0.79302,
primary,lobo,0,0,xgb_magpie,Ca3AsBr3,Ca,As,Br,1.634,1.768718,
primary,lobo,0,0,xgb_magpie,Ca3AsF3,Ca,As,F,2.27,2.49731,
primary,lobo,0,1,xgb_magpie,Ca3BiI3,Ca,Bi,I,1.36,1.158025,
primary,lobo,0,2,xgb_magpie,Ca3PBr3,Ca,P,Br,1.8846,1.723046,
primary,lobo,0,2,xgb_magpie,Ca3PCl3,Ca,P,Cl,2.035,1.949225,
primary,lobo,0,2,xgb_magpie,Ca3PF3,Ca,P,F,2.518,2.726209,
primary,lobo,0,2,xgb_magpie,Ca3PI3,Ca,P,I,1.4909,1.379131,
primary,lobo,0,3,xgb_magpie,Ca3SbBr3,Ca,Sb,Br,1.782,1.585305,
primary,lobo,0,3,xgb_magpie,Ca3SbCl3,Ca,Sb,Cl,1.814,1.771174,
primary,lobo,0,3,xgb_magpie,Ca3SbF3,Ca,Sb,F,2.19,1.888159,
primary,lobo,0,0,xgb_magpie,Mg3AsBr3,Mg,As,Br,1.2907,1.433089,
primary,lobo,0,1,xgb_magpie,Mg3BiBr3,Mg,Bi,Br,0.9648,0.706563,
primary,lobo,0,1,xgb_magpie,Mg3BiI3,Mg,Bi,I,0.224,0.300602,
primary,lobo,0,2,xgb_magpie,Mg3PBr3,Mg,P,Br,1.506,1.629724,
primary,lobo,0,2,xgb_magpie,Mg3PCl3,Mg,P,Cl,2.297,2.206742,
primary,lobo,0,2,xgb_magpie,Mg3PI3,Mg,P,I,0.377,0.702581,
primary,lobo,0,3,xgb_magpie,Mg3SbBr3,Mg,Sb,Br,0.9418,1.262296,
primary,lobo,0,3,xgb_magpie,Mg3SbCl3,Mg,Sb,Cl,1.7283,1.755402,
primary,lobo,0,3,xgb_magpie,Mg3SbF3,Mg,Sb,F,3.184,2.000883,
primary,lobo,0,3,xgb_magpie,Mg3SbI3,Mg,Sb,I,0.1057,0.34675,
primary,lobo,0,0,xgb_magpie,Sr3AsCl3,Sr,As,Cl,1.7,1.690041,
primary,lobo,0,0,xgb_magpie,Sr3AsI3,Sr,As,I,1.265,1.288885,
primary,lobo,0,2,xgb_magpie,Sr3PBr3,Sr,P,Br,1.55,1.606524,
primary,lobo,0,2,xgb_magpie,Sr3PCl3,Sr,P,Cl,1.677,1.722828,
primary,lobo,0,2,xgb_magpie,Sr3PI3,Sr,P,I,1.258,1.29878,
primary,lobo,0,3,xgb_magpie,Sr3SbCl3,Sr,Sb,Cl,1.712,1.461673,
primary,lobo,0,3,xgb_magpie,Sr3SbI3,Sr,Sb,I,1.31,1.19415,
primary,lobo,0,0,xgb_physics9,Ba3AsBr3,Ba,As,Br,0.92,0.955111,
primary,lobo,0,0,xgb_physics9,Ba3AsCl3,Ba,As,Cl,0.969,0.997452,
primary,lobo,0,0,xgb_physics9,Ba3AsI3,Ba,As,I,0.802,0.791998,
primary,lobo,0,1,xgb_physics9,Ba3BiBr3,Ba,Bi,Br,0.912,0.960787,
primary,lobo,0,1,xgb_physics9,Ba3BiCl3,Ba,Bi,Cl,0.957,0.977763,
primary,lobo,0,1,xgb_physics9,Ba3BiI3,Ba,Bi,I,0.786,0.767156,
primary,lobo,0,2,xgb_physics9,Ba3PBr3,Ba,P,Br,0.944,0.972625,
primary,lobo,0,2,xgb_physics9,Ba3PCl3,Ba,P,Cl,0.964,0.987188,
primary,lobo,0,2,xgb_physics9,Ba3PI3,Ba,P,I,0.764,0.917148,
primary,lobo,0,3,xgb_physics9,Ba3SbBr3,Ba,Sb,Br,1.0819,0.894652,
primary,lobo,0,3,xgb_physics9,Ba3SbCl3,Ba,Sb,Cl,1.002,0.969578,
primary,lobo,0,3,xgb_physics9,Ba3SbI3,Ba,Sb,I,0.78,0.814095,
primary,lobo,0,0,xgb_physics9,Ca3AsBr3,Ca,As,Br,1.634,1.882287,
primary,lobo,0,0,xgb_physics9,Ca3AsF3,Ca,As,F,2.27,2.44943,
primary,lobo,0,1,xgb_physics9,Ca3BiI3,Ca,Bi,I,1.36,1.211094,
primary,lobo,0,2,xgb_physics9,Ca3PBr3,Ca,P,Br,1.8846,1.602149,
primary,lobo,0,2,xgb_physics9,Ca3PCl3,Ca,P,Cl,2.035,1.674857,
primary,lobo,0,2,xgb_physics9,Ca3PF3,Ca,P,F,2.518,2.189054,
primary,lobo,0,2,xgb_physics9,Ca3PI3,Ca,P,I,1.4909,1.317323,
primary,lobo,0,3,xgb_physics9,Ca3SbBr3,Ca,Sb,Br,1.782,1.710095,
primary,lobo,0,3,xgb_physics9,Ca3SbCl3,Ca,Sb,Cl,1.814,2.156156,
primary,lobo,0,3,xgb_physics9,Ca3SbF3,Ca,Sb,F,2.19,2.266482,
primary,lobo,0,0,xgb_physics9,Mg3AsBr3,Mg,As,Br,1.2907,1.368153,
primary,lobo,0,1,xgb_physics9,Mg3BiBr3,Mg,Bi,Br,0.9648,1.130295,
primary,lobo,0,1,xgb_physics9,Mg3BiI3,Mg,Bi,I,0.224,0.190321,
primary,lobo,0,2,xgb_physics9,Mg3PBr3,Mg,P,Br,1.506,1.170853,
primary,lobo,0,2,xgb_physics9,Mg3PCl3,Mg,P,Cl,2.297,1.564843,
primary,lobo,0,2,xgb_physics9,Mg3PI3,Mg,P,I,0.377,0.717297,
primary,lobo,0,3,xgb_physics9,Mg3SbBr3,Mg,Sb,Br,0.9418,1.208061,
primary,lobo,0,3,xgb_physics9,Mg3SbCl3,Mg,Sb,Cl,1.7283,2.136115,
primary,lobo,0,3,xgb_physics9,Mg3SbF3,Mg,Sb,F,3.184,2.245968,
primary,lobo,0,3,xgb_physics9,Mg3SbI3,Mg,Sb,I,0.1057,0.357786,
primary,lobo,0,0,xgb_physics9,Sr3AsCl3,Sr,As,Cl,1.7,1.696352,
primary,lobo,0,0,xgb_physics9,Sr3AsI3,Sr,As,I,1.265,1.284147,
primary,lobo,0,2,xgb_physics9,Sr3PBr3,Sr,P,Br,1.55,1.563076,
primary,lobo,0,2,xgb_physics9,Sr3PCl3,Sr,P,Cl,1.677,1.646753,
primary,lobo,0,2,xgb_physics9,Sr3PI3,Sr,P,I,1.258,1.301732,
primary,lobo,0,3,xgb_physics9,Sr3SbCl3,Sr,Sb,Cl,1.712,1.70024,
primary,lobo,0,3,xgb_physics9,Sr3SbI3,Sr,Sb,I,1.31,1.203186,
primary,loao,0,0,gpr_physics9,Ba3AsBr3,Ba,As,Br,0.92,1.206842,0.1817
primary,loao,0,0,gpr_physics9,Ba3AsCl3,Ba,As,Cl,0.969,1.342155,0.198579
primary,loao,0,0,gpr_physics9,Ba3AsI3,Ba,As,I,0.802,1.017679,0.184363
primary,loao,0,0,gpr_physics9,Ba3BiBr3,Ba,Bi,Br,0.912,1.39813,0.228222
primary,loao,0,0,gpr_physics9,Ba3BiCl3,Ba,Bi,Cl,0.957,1.490256,0.241263
primary,loao,0,0,gpr_physics9,Ba3BiI3,Ba,Bi,I,0.786,1.217989,0.230612
primary,loao,0,0,gpr_physics9,Ba3PBr3,Ba,P,Br,0.944,1.186905,0.189249
primary,loao,0,0,gpr_physics9,Ba3PCl3,Ba,P,Cl,0.964,1.335894,0.209627
primary,loao,0,0,gpr_physics9,Ba3PI3,Ba,P,I,0.764,0.994041,0.195273
primary,loao,0,0,gpr_physics9,Ba3SbBr3,Ba,Sb,Br,1.0819,1.325527,0.202701
primary,loao,0,0,gpr_physics9,Ba3SbCl3,Ba,Sb,Cl,1.002,1.431089,0.216052
primary,loao,0,0,gpr_physics9,Ba3SbI3,Ba,Sb,I,0.78,1.141714,0.204238
primary,loao,0,1,gpr_physics9,Ca3AsBr3,Ca,As,Br,1.634,1.17149,1.099272
primary,loao,0,1,gpr_physics9,Ca3AsF3,Ca,As,F,2.27,1.17149,1.099272
primary,loao,0,1,gpr_physics9,Ca3BiI3,Ca,Bi,I,1.36,1.17149,1.099272
primary,loao,0,1,gpr_physics9,Ca3PBr3,Ca,P,Br,1.8846,1.17149,1.099272
primary,loao,0,1,gpr_physics9,Ca3PCl3,Ca,P,Cl,2.035,1.17149,1.099272
primary,loao,0,1,gpr_physics9,Ca3PF3,Ca,P,F,2.518,1.17149,1.099272
primary,loao,0,1,gpr_physics9,Ca3PI3,Ca,P,I,1.4909,1.17149,1.099272
primary,loao,0,1,gpr_physics9,Ca3SbBr3,Ca,Sb,Br,1.782,1.17149,1.099272
primary,loao,0,1,gpr_physics9,Ca3SbCl3,Ca,Sb,Cl,1.814,1.17149,1.099272
primary,loao,0,1,gpr_physics9,Ca3SbF3,Ca,Sb,F,2.19,1.17149,1.099272
primary,loao,0,2,gpr_physics9,Mg3AsBr3,Mg,As,Br,1.2907,1.692873,0.830953
primary,loao,0,2,gpr_physics9,Mg3BiBr3,Mg,Bi,Br,0.9648,1.619087,0.832786
primary,loao,0,2,gpr_physics9,Mg3BiI3,Mg,Bi,I,0.224,1.503228,0.835318
primary,loao,0,2,gpr_physics9,Mg3PBr3,Mg,P,Br,1.506,1.745668,0.832243
primary,loao,0,2,gpr_physics9,Mg3PCl3,Mg,P,Cl,2.297,1.827535,0.831361
primary,loao,0,2,gpr_physics9,Mg3PI3,Mg,P,I,0.377,1.615302,0.838314
primary,loao,0,2,gpr_physics9,Mg3SbBr3,Mg,Sb,Br,0.9418,1.65141,0.831214
primary,loao,0,2,gpr_physics9,Mg3SbCl3,Mg,Sb,Cl,1.7283,1.724697,0.832238
primary,loao,0,2,gpr_physics9,Mg3SbF3,Mg,Sb,F,3.184,1.943868,0.859343
primary,loao,0,2,gpr_physics9,Mg3SbI3,Mg,Sb,I,0.1057,1.532255,0.834412
primary,loao,0,3,gpr_physics9,Sr3AsCl3,Sr,As,Cl,1.7,1.558835,0.108281
primary,loao,0,3,gpr_physics9,Sr3AsI3,Sr,As,I,1.265,1.22018,0.106911
primary,loao,0,3,gpr_physics9,Sr3PBr3,Sr,P,Br,1.55,1.510495,0.10393
primary,loao,0,3,gpr_physics9,Sr3PCl3,Sr,P,Cl,1.677,1.622379,0.108736
primary,loao,0,3,gpr_physics9,Sr3PI3,Sr,P,I,1.258,1.259046,0.107618
primary,loao,0,3,gpr_physics9,Sr3SbCl3,Sr,Sb,Cl,1.712,1.524775,0.108365
primary,loao,0,3,gpr_physics9,Sr3SbI3,Sr,Sb,I,1.31,1.218521,0.10591
primary,loao,0,0,halide_rule,Ba3AsBr3,Ba,As,Br,0.92,1.444237,
primary,loao,0,0,halide_rule,Ba3AsCl3,Ba,As,Cl,0.969,1.8519,
primary,loao,0,0,halide_rule,Ba3AsI3,Ba,As,I,0.802,0.923825,
primary,loao,0,0,halide_rule,Ba3BiBr3,Ba,Bi,Br,0.912,1.444237,
primary,loao,0,0,halide_rule,Ba3BiCl3,Ba,Bi,Cl,0.957,1.8519,
primary,loao,0,0,halide_rule,Ba3BiI3,Ba,Bi,I,0.786,0.923825,
primary,loao,0,0,halide_rule,Ba3PBr3,Ba,P,Br,0.944,1.444237,
primary,loao,0,0,halide_rule,Ba3PCl3,Ba,P,Cl,0.964,1.8519,
primary,loao,0,0,halide_rule,Ba3PI3,Ba,P,I,0.764,0.923825,
primary,loao,0,0,halide_rule,Ba3SbBr3,Ba,Sb,Br,1.0819,1.444237,
primary,loao,0,0,halide_rule,Ba3SbCl3,Ba,Sb,Cl,1.002,1.8519,
primary,loao,0,0,halide_rule,Ba3SbI3,Ba,Sb,I,0.78,0.923825,
primary,loao,0,1,halide_rule,Ca3AsBr3,Ca,As,Br,1.634,1.123467,
primary,loao,0,1,halide_rule,Ca3AsF3,Ca,As,F,2.27,3.184,
primary,loao,0,1,halide_rule,Ca3BiI3,Ca,Bi,I,1.36,0.76717,
primary,loao,0,1,halide_rule,Ca3PBr3,Ca,P,Br,1.8846,1.123467,
primary,loao,0,1,halide_rule,Ca3PCl3,Ca,P,Cl,2.035,1.445144,
primary,loao,0,1,halide_rule,Ca3PF3,Ca,P,F,2.518,3.184,
primary,loao,0,1,halide_rule,Ca3PI3,Ca,P,I,1.4909,0.76717,
primary,loao,0,1,halide_rule,Ca3SbBr3,Ca,Sb,Br,1.782,1.123467,
primary,loao,0,1,halide_rule,Ca3SbCl3,Ca,Sb,Cl,1.814,1.445144,
primary,loao,0,1,halide_rule,Ca3SbF3,Ca,Sb,F,2.19,3.184,
primary,loao,0,2,halide_rule,Mg3AsBr3,Mg,As,Br,1.2907,1.338563,
primary,loao,0,2,halide_rule,Mg3BiBr3,Mg,Bi,Br,0.9648,1.338563,
primary,loao,0,2,halide_rule,Mg3BiI3,Mg,Bi,I,0.224,1.090656,
primary,loao,0,2,halide_rule,Mg3PBr3,Mg,P,Br,1.506,1.338563,
primary,loao,0,2,halide_rule,Mg3PCl3,Mg,P,Cl,2.297,1.425556,
primary,loao,0,2,halide_rule,Mg3PI3,Mg,P,I,0.377,1.090656,
primary,loao,0,2,halide_rule,Mg3SbBr3,Mg,Sb,Br,0.9418,1.338563,
primary,loao,0,2,halide_rule,Mg3SbCl3,Mg,Sb,Cl,1.7283,1.425556,
primary,loao,0,2,halide_rule,Mg3SbF3,Mg,Sb,F,3.184,2.326,
primary,loao,0,2,halide_rule,Mg3SbI3,Mg,Sb,I,0.1057,1.090656,
primary,loao,0,3,halide_rule,Sr3AsCl3,Sr,As,Cl,1.7,1.470788,
primary,loao,0,3,halide_rule,Sr3AsI3,Sr,As,I,1.265,0.743289,
primary,loao,0,3,halide_rule,Sr3PBr3,Sr,P,Br,1.55,1.260164,
primary,loao,0,3,halide_rule,Sr3PCl3,Sr,P,Cl,1.677,1.470788,
primary,loao,0,3,halide_rule,Sr3PI3,Sr,P,I,1.258,0.743289,
primary,loao,0,3,halide_rule,Sr3SbCl3,Sr,Sb,Cl,1.712,1.470788,
primary,loao,0,3,halide_rule,Sr3SbI3,Sr,Sb,I,1.31,0.743289,
primary,loao,0,0,mean,Ba3AsBr3,Ba,As,Br,0.92,1.558141,
primary,loao,0,0,mean,Ba3AsCl3,Ba,As,Cl,0.969,1.558141,
primary,loao,0,0,mean,Ba3AsI3,Ba,As,I,0.802,1.558141,
primary,loao,0,0,mean,Ba3BiBr3,Ba,Bi,Br,0.912,1.558141,
primary,loao,0,0,mean,Ba3BiCl3,Ba,Bi,Cl,0.957,1.558141,
primary,loao,0,0,mean,Ba3BiI3,Ba,Bi,I,0.786,1.558141,
primary,loao,0,0,mean,Ba3PBr3,Ba,P,Br,0.944,1.558141,
primary,loao,0,0,mean,Ba3PCl3,Ba,P,Cl,0.964,1.558141,
primary,loao,0,0,mean,Ba3PI3,Ba,P,I,0.764,1.558141,
primary,loao,0,0,mean,Ba3SbBr3,Ba,Sb,Br,1.0819,1.558141,
primary,loao,0,0,mean,Ba3SbCl3,Ba,Sb,Cl,1.002,1.558141,
primary,loao,0,0,mean,Ba3SbI3,Ba,Sb,I,0.78,1.558141,
primary,loao,0,1,mean,Ca3AsBr3,Ca,As,Br,1.634,1.17149,
primary,loao,0,1,mean,Ca3AsF3,Ca,As,F,2.27,1.17149,
primary,loao,0,1,mean,Ca3BiI3,Ca,Bi,I,1.36,1.17149,
primary,loao,0,1,mean,Ca3PBr3,Ca,P,Br,1.8846,1.17149,
primary,loao,0,1,mean,Ca3PCl3,Ca,P,Cl,2.035,1.17149,
primary,loao,0,1,mean,Ca3PF3,Ca,P,F,2.518,1.17149,
primary,loao,0,1,mean,Ca3PI3,Ca,P,I,1.4909,1.17149,
primary,loao,0,1,mean,Ca3SbBr3,Ca,Sb,Br,1.782,1.17149,
primary,loao,0,1,mean,Ca3SbCl3,Ca,Sb,Cl,1.814,1.17149,
primary,loao,0,1,mean,Ca3SbF3,Ca,Sb,F,2.19,1.17149,
primary,loao,0,2,mean,Mg3AsBr3,Mg,As,Br,1.2907,1.390772,
primary,loao,0,2,mean,Mg3BiBr3,Mg,Bi,Br,0.9648,1.390772,
primary,loao,0,2,mean,Mg3BiI3,Mg,Bi,I,0.224,1.390772,
primary,loao,0,2,mean,Mg3PBr3,Mg,P,Br,1.506,1.390772,
primary,loao,0,2,mean,Mg3PCl3,Mg,P,Cl,2.297,1.390772,
primary,loao,0,2,mean,Mg3PI3,Mg,P,I,0.377,1.390772,
primary,loao,0,2,mean,Mg3SbBr3,Mg,Sb,Br,0.9418,1.390772,
primary,loao,0,2,mean,Mg3SbCl3,Mg,Sb,Cl,1.7283,1.390772,
primary,loao,0,2,mean,Mg3SbF3,Mg,Sb,F,3.184,1.390772,
primary,loao,0,2,mean,Mg3SbI3,Mg,Sb,I,0.1057,1.390772,
primary,loao,0,3,mean,Sr3AsCl3,Sr,As,Cl,1.7,1.327491,
primary,loao,0,3,mean,Sr3AsI3,Sr,As,I,1.265,1.327491,
primary,loao,0,3,mean,Sr3PBr3,Sr,P,Br,1.55,1.327491,
primary,loao,0,3,mean,Sr3PCl3,Sr,P,Cl,1.677,1.327491,
primary,loao,0,3,mean,Sr3PI3,Sr,P,I,1.258,1.327491,
primary,loao,0,3,mean,Sr3SbCl3,Sr,Sb,Cl,1.712,1.327491,
primary,loao,0,3,mean,Sr3SbI3,Sr,Sb,I,1.31,1.327491,
primary,loao,0,0,rf_magpie,Ba3AsBr3,Ba,As,Br,0.92,1.564718,
primary,loao,0,0,rf_magpie,Ba3AsCl3,Ba,As,Cl,0.969,1.571436,
primary,loao,0,0,rf_magpie,Ba3AsI3,Ba,As,I,0.802,1.357185,
primary,loao,0,0,rf_magpie,Ba3BiBr3,Ba,Bi,Br,0.912,1.376386,
primary,loao,0,0,rf_magpie,Ba3BiCl3,Ba,Bi,Cl,0.957,1.469307,
primary,loao,0,0,rf_magpie,Ba3BiI3,Ba,Bi,I,0.786,1.160973,
primary,loao,0,0,rf_magpie,Ba3PBr3,Ba,P,Br,0.944,1.495593,
primary,loao,0,0,rf_magpie,Ba3PCl3,Ba,P,Cl,0.964,1.531971,
primary,loao,0,0,rf_magpie,Ba3PI3,Ba,P,I,0.764,1.340309,
primary,loao,0,0,rf_magpie,Ba3SbBr3,Ba,Sb,Br,1.0819,1.491962,
primary,loao,0,0,rf_magpie,Ba3SbCl3,Ba,Sb,Cl,1.002,1.515054,
primary,loao,0,0,rf_magpie,Ba3SbI3,Ba,Sb,I,0.78,1.19781,
primary,loao,0,1,rf_magpie,Ca3AsBr3,Ca,As,Br,1.634,1.397076,
primary,loao,0,1,rf_magpie,Ca3AsF3,Ca,As,F,2.27,2.409037,
primary,loao,0,1,rf_magpie,Ca3BiI3,Ca,Bi,I,1.36,1.041685,
primary,loao,0,1,rf_magpie,Ca3PBr3,Ca,P,Br,1.8846,1.519265,
primary,loao,0,1,rf_magpie,Ca3PCl3,Ca,P,Cl,2.035,1.799462,
primary,loao,0,1,rf_magpie,Ca3PF3,Ca,P,F,2.518,2.430732,
primary,loao,0,1,rf_magpie,Ca3PI3,Ca,P,I,1.4909,1.231715,
primary,loao,0,1,rf_magpie,Ca3SbBr3,Ca,Sb,Br,1.782,1.342309,
primary,loao,0,1,rf_magpie,Ca3SbCl3,Ca,Sb,Cl,1.814,1.662269,
primary,loao,0,1,rf_magpie,Ca3SbF3,Ca,Sb,F,2.19,2.160485,
primary,loao,0,2,rf_magpie,Mg3AsBr3,Mg,As,Br,1.2907,1.830956,
primary,loao,0,2,rf_magpie,Mg3BiBr3,Mg,Bi,Br,0.9648,1.551812,
primary,loao,0,2,rf_magpie,Mg3BiI3,Mg,Bi,I,0.224,1.344893,
primary,loao,0,2,rf_magpie,Mg3PBr3,Mg,P,Br,1.506,1.843807,
primary,loao,0,2,rf_magpie,Mg3PCl3,Mg,P,Cl,2.297,1.916679,
primary,loao,0,2,rf_magpie,Mg3PI3,Mg,P,I,0.377,1.527687,
primary,loao,0,2,rf_magpie,Mg3SbBr3,Mg,Sb,Br,0.9418,1.783072,
primary,loao,0,2,rf_magpie,Mg3SbCl3,Mg,Sb,Cl,1.7283,1.851931,
primary,loao,0,2,rf_magpie,Mg3SbF3,Mg,Sb,F,3.184,2.010851,
primary,loao,0,2,rf_magpie,Mg3SbI3,Mg,Sb,I,0.1057,1.393146,
primary,loao,0,3,rf_magpie,Sr3AsCl3,Sr,As,Cl,1.7,1.605154,
primary,loao,0,3,rf_magpie,Sr3AsI3,Sr,As,I,1.265,1.154902,
primary,loao,0,3,rf_magpie,Sr3PBr3,Sr,P,Br,1.55,1.42887,
primary,loao,0,3,rf_magpie,Sr3PCl3,Sr,P,Cl,1.677,1.670151,
primary,loao,0,3,rf_magpie,Sr3PI3,Sr,P,I,1.258,1.152571,
primary,loao,0,3,rf_magpie,Sr3SbCl3,Sr,Sb,Cl,1.712,1.455792,
primary,loao,0,3,rf_magpie,Sr3SbI3,Sr,Sb,I,1.31,1.184985,
primary,loao,0,0,rf_physics9,Ba3AsBr3,Ba,As,Br,0.92,1.614428,
primary,loao,0,0,rf_physics9,Ba3AsCl3,Ba,As,Cl,0.969,1.70446,
primary,loao,0,0,rf_physics9,Ba3AsI3,Ba,As,I,0.802,1.277208,
primary,loao,0,0,rf_physics9,Ba3BiBr3,Ba,Bi,Br,0.912,1.638512,
primary,loao,0,0,rf_physics9,Ba3BiCl3,Ba,Bi,Cl,0.957,1.826259,
primary,loao,0,0,rf_physics9,Ba3BiI3,Ba,Bi,I,0.786,1.264106,
primary,loao,0,0,rf_physics9,Ba3PBr3,Ba,P,Br,0.944,1.637685,
primary,loao,0,0,rf_physics9,Ba3PCl3,Ba,P,Cl,0.964,1.747507,
primary,loao,0,0,rf_physics9,Ba3PI3,Ba,P,I,0.764,1.312902,
primary,loao,0,0,rf_physics9,Ba3SbBr3,Ba,Sb,Br,1.0819,1.644337,
primary,loao,0,0,rf_physics9,Ba3SbCl3,Ba,Sb,Cl,1.002,1.721836,
primary,loao,0,0,rf_physics9,Ba3SbI3,Ba,Sb,I,0.78,1.290349,
primary,loao,0,1,rf_physics9,Ca3AsBr3,Ca,As,Br,1.634,1.445729,
primary,loao,0,1,rf_physics9,Ca3AsF3,Ca,As,F,2.27,2.334892,
primary,loao,0,1,rf_physics9,Ca3BiI3,Ca,Bi,I,1.36,1.12885,
primary,loao,0,1,rf_physics9,Ca3PBr3,Ca,P,Br,1.8846,1.491773,
primary,loao,0,1,rf_physics9,Ca3PCl3,Ca,P,Cl,2.035,1.742236,
primary,loao,0,1,rf_physics9,Ca3PF3,Ca,P,F,2.518,2.350916,
primary,loao,0,1,rf_physics9,Ca3PI3,Ca,P,I,1.4909,1.284923,
primary,loao,0,1,rf_physics9,Ca3SbBr3,Ca,Sb,Br,1.782,1.323862,
primary,loao,0,1,rf_physics9,Ca3SbCl3,Ca,Sb,Cl,1.814,1.689399,
primary,loao,0,1,rf_physics9,Ca3SbF3,Ca,Sb,F,2.19,2.52998,
primary,loao,0,2,rf_physics9,Mg3AsBr3,Mg,As,Br,1.2907,1.641162,
primary,loao,0,2,rf_physics9,Mg3BiBr3,Mg,Bi,Br,0.9648,1.682607,
primary,loao,0,2,rf_physics9,Mg3BiI3,Mg,Bi,I,0.224,1.415166,
primary,loao,0,2,rf_physics9,Mg3PBr3,Mg,P,Br,1.506,1.71115,
primary,loao,0,2,rf_physics9,Mg3PCl3,Mg,P,Cl,2.297,1.897748,
primary,loao,0,2,rf_physics9,Mg3PI3,Mg,P,I,0.377,1.45503,
primary,loao,0,2,rf_physics9,Mg3SbBr3,Mg,Sb,Br,0.9418,1.682173,
primary,loao,0,2,rf_physics9,Mg3SbCl3,Mg,Sb,Cl,1.7283,1.809825,
primary,loao,0,2,rf_physics9,Mg3SbF3,Mg,Sb,F,3.184,2.21183,
primary,loao,0,2,rf_physics9,Mg3SbI3,Mg,Sb,I,0.1057,1.404762,
primary,loao,0,3,rf_physics9,Sr3AsCl3,Sr,As,Cl,1.7,1.889498,
primary,loao,0,3,rf_physics9,Sr3AsI3,Sr,As,I,1.265,1.343818,
primary,loao,0,3,rf_physics9,Sr3PBr3,Sr,P,Br,1.55,1.832017,
primary,loao,0,3,rf_physics9,Sr3PCl3,Sr,P,Cl,1.677,2.019007,
primary,loao,0,3,rf_physics9,Sr3PI3,Sr,P,I,1.258,1.356614,
primary,loao,0,3,rf_physics9,Sr3SbCl3,Sr,Sb,Cl,1.712,1.8053,
primary,loao,0,3,rf_physics9,Sr3SbI3,Sr,Sb,I,1.31,1.267848,
primary,loao,0,0,ridge_magpie,Ba3AsBr3,Ba,As,Br,0.92,1.520764,
primary,loao,0,0,ridge_magpie,Ba3AsCl3,Ba,As,Cl,0.969,1.734857,
primary,loao,0,0,ridge_magpie,Ba3AsI3,Ba,As,I,0.802,1.34448,
primary,loao,0,0,ridge_magpie,Ba3BiBr3,Ba,Bi,Br,0.912,1.376421,
primary,loao,0,0,ridge_magpie,Ba3BiCl3,Ba,Bi,Cl,0.957,1.543141,
primary,loao,0,0,ridge_magpie,Ba3BiI3,Ba,Bi,I,0.786,1.202616,
primary,loao,0,0,ridge_magpie,Ba3PBr3,Ba,P,Br,0.944,1.491911,
primary,loao,0,0,ridge_magpie,Ba3PCl3,Ba,P,Cl,0.964,1.695395,
primary,loao,0,0,ridge_magpie,Ba3PI3,Ba,P,I,0.764,1.327396,
primary,loao,0,0,ridge_magpie,Ba3SbBr3,Ba,Sb,Br,1.0819,1.49246,
primary,loao,0,0,ridge_magpie,Ba3SbCl3,Ba,Sb,Cl,1.002,1.674072,
primary,loao,0,0,ridge_magpie,Ba3SbI3,Ba,Sb,I,0.78,1.328986,
primary,loao,0,1,ridge_magpie,Ca3AsBr3,Ca,As,Br,1.634,1.989095,
primary,loao,0,1,ridge_magpie,Ca3AsF3,Ca,As,F,2.27,3.531642,
primary,loao,0,1,ridge_magpie,Ca3BiI3,Ca,Bi,I,1.36,0.899659,
primary,loao,0,1,ridge_magpie,Ca3PBr3,Ca,P,Br,1.8846,1.980593,
primary,loao,0,1,ridge_magpie,Ca3PCl3,Ca,P,Cl,2.035,2.29015,
primary,loao,0,1,ridge_magpie,Ca3PF3,Ca,P,F,2.518,3.564653,
primary,loao,0,1,ridge_magpie,Ca3PI3,Ca,P,I,1.4909,1.107184,
primary,loao,0,1,ridge_magpie,Ca3SbBr3,Ca,Sb,Br,1.782,1.713437,
primary,loao,0,1,ridge_magpie,Ca3SbCl3,Ca,Sb,Cl,1.814,1.991832,
primary,loao,0,1,ridge_magpie,Ca3SbF3,Ca,Sb,F,2.19,3.283984,
primary,loao,0,2,ridge_magpie,Mg3AsBr3,Mg,As,Br,1.2907,1.646702,
primary,loao,0,2,ridge_magpie,Mg3BiBr3,Mg,Bi,Br,0.9648,1.120145,
primary,loao,0,2,ridge_magpie,Mg3BiI3,Mg,Bi,I,0.224,0.940007,
primary,loao,0,2,ridge_magpie,Mg3PBr3,Mg,P,Br,1.506,1.545989,
primary,loao,0,2,ridge_magpie,Mg3PCl3,Mg,P,Cl,2.297,1.76499,
primary,loao,0,2,ridge_magpie,Mg3PI3,Mg,P,I,0.377,1.254467,
primary,loao,0,2,ridge_magpie,Mg3SbBr3,Mg,Sb,Br,0.9418,1.30626,
primary,loao,0,2,ridge_magpie,Mg3SbCl3,Mg,Sb,Cl,1.7283,1.354961,
primary,loao,0,2,ridge_magpie,Mg3SbF3,Mg,Sb,F,3.184,1.754752,
primary,loao,0,2,ridge_magpie,Mg3SbI3,Mg,Sb,I,0.1057,1.152364,
primary,loao,0,3,ridge_magpie,Sr3AsCl3,Sr,As,Cl,1.7,1.368258,
primary,loao,0,3,ridge_magpie,Sr3AsI3,Sr,As,I,1.265,1.147297,
primary,loao,0,3,ridge_magpie,Sr3PBr3,Sr,P,Br,1.55,1.277834,
primary,loao,0,3,ridge_magpie,Sr3PCl3,Sr,P,Cl,1.677,1.459086,
primary,loao,0,3,ridge_magpie,Sr3PI3,Sr,P,I,1.258,1.248369,
primary,loao,0,3,ridge_magpie,Sr3SbCl3,Sr,Sb,Cl,1.712,1.298012,
primary,loao,0,3,ridge_magpie,Sr3SbI3,Sr,Sb,I,1.31,1.2531,
primary,loao,0,0,ridge_physics9,Ba3AsBr3,Ba,As,Br,0.92,1.666828,
primary,loao,0,0,ridge_physics9,Ba3AsCl3,Ba,As,Cl,0.969,1.897047,
primary,loao,0,0,ridge_physics9,Ba3AsI3,Ba,As,I,0.802,1.317431,
primary,loao,0,0,ridge_physics9,Ba3BiBr3,Ba,Bi,Br,0.912,1.524891,
primary,loao,0,0,ridge_physics9,Ba3BiCl3,Ba,Bi,Cl,0.957,1.75908,
primary,loao,0,0,ridge_physics9,Ba3BiI3,Ba,Bi,I,0.786,1.170268,
primary,loao,0,0,ridge_physics9,Ba3PBr3,Ba,P,Br,0.944,1.707345,
primary,loao,0,0,ridge_physics9,Ba3PCl3,Ba,P,Cl,0.964,1.935921,
primary,loao,0,0,ridge_physics9,Ba3PI3,Ba,P,I,0.764,1.36011,
primary,loao,0,0,ridge_physics9,Ba3SbBr3,Ba,Sb,Br,1.0819,1.56257,
primary,loao,0,0,ridge_physics9,Ba3SbCl3,Ba,Sb,Cl,1.002,1.795527,
primary,loao,0,0,ridge_physics9,Ba3SbI3,Ba,Sb,I,0.78,1.209569,
primary,loao,0,1,ridge_physics9,Ca3AsBr3,Ca,As,Br,1.634,1.552667,
primary,loao,0,1,ridge_physics9,Ca3AsF3,Ca,As,F,2.27,3.600681,
primary,loao,0,1,ridge_physics9,Ca3BiI3,Ca,Bi,I,1.36,1.009229,
primary,loao,0,1,ridge_physics9,Ca3PBr3,Ca,P,Br,1.8846,1.648423,
primary,loao,0,1,ridge_physics9,Ca3PCl3,Ca,P,Cl,2.035,1.94389,
primary,loao,0,1,ridge_physics9,Ca3PF3,Ca,P,F,2.518,3.682103,
primary,loao,0,1,ridge_physics9,Ca3PI3,Ca,P,I,1.4909,1.266334,
primary,loao,0,1,ridge_physics9,Ca3SbBr3,Ca,Sb,Br,1.782,1.460941,
primary,loao,0,1,ridge_physics9,Ca3SbCl3,Ca,Sb,Cl,1.814,1.763094,
primary,loao,0,1,ridge_physics9,Ca3SbF3,Ca,Sb,F,2.19,3.532843,
primary,loao,0,2,ridge_physics9,Mg3AsBr3,Mg,As,Br,1.2907,1.850364,
primary,loao,0,2,ridge_physics9,Mg3BiBr3,Mg,Bi,Br,0.9648,1.857921,
primary,loao,0,2,ridge_physics9,Mg3BiI3,Mg,Bi,I,0.224,1.681823,
primary,loao,0,2,ridge_physics9,Mg3PBr3,Mg,P,Br,1.506,1.92773,
primary,loao,0,2,ridge_physics9,Mg3PCl3,Mg,P,Cl,2.297,2.07704,
primary,loao,0,2,ridge_physics9,Mg3PI3,Mg,P,I,0.377,1.680646,
primary,loao,0,2,ridge_physics9,Mg3SbBr3,Mg,Sb,Br,0.9418,1.883723,
primary,loao,0,2,ridge_physics9,Mg3SbCl3,Mg,Sb,Cl,1.7283,1.990944,
primary,loao,0,2,ridge_physics9,Mg3SbF3,Mg,Sb,F,3.184,2.34249,
primary,loao,0,2,ridge_physics9,Mg3SbI3,Mg,Sb,I,0.1057,1.692043,
primary,loao,0,3,ridge_physics9,Sr3AsCl3,Sr,As,Cl,1.7,1.522718,
primary,loao,0,3,ridge_physics9,Sr3AsI3,Sr,As,I,1.265,0.859416,
primary,loao,0,3,ridge_physics9,Sr3PBr3,Sr,P,Br,1.55,1.432871,
primary,loao,0,3,ridge_physics9,Sr3PCl3,Sr,P,Cl,1.677,1.69222,
primary,loao,0,3,ridge_physics9,Sr3PI3,Sr,P,I,1.258,1.034086,
primary,loao,0,3,ridge_physics9,Sr3SbCl3,Sr,Sb,Cl,1.712,1.506906,
primary,loao,0,3,ridge_physics9,Sr3SbI3,Sr,Sb,I,1.31,0.834992,
primary,loao,0,0,xgb_magpie,Ba3AsBr3,Ba,As,Br,0.92,1.531051,
primary,loao,0,0,xgb_magpie,Ba3AsCl3,Ba,As,Cl,0.969,1.59325,
primary,loao,0,0,xgb_magpie,Ba3AsI3,Ba,As,I,0.802,1.262743,
primary,loao,0,0,xgb_magpie,Ba3BiBr3,Ba,Bi,Br,0.912,1.345027,
primary,loao,0,0,xgb_magpie,Ba3BiCl3,Ba,Bi,Cl,0.957,1.495321,
primary,loao,0,0,xgb_magpie,Ba3BiI3,Ba,Bi,I,0.786,1.05947,
primary,loao,0,0,xgb_magpie,Ba3PBr3,Ba,P,Br,0.944,1.487305,
primary,loao,0,0,xgb_magpie,Ba3PCl3,Ba,P,Cl,0.964,1.657713,
primary,loao,0,0,xgb_magpie,Ba3PI3,Ba,P,I,0.764,1.236561,
primary,loao,0,0,xgb_magpie,Ba3SbBr3,Ba,Sb,Br,1.0819,1.413516,
primary,loao,0,0,xgb_magpie,Ba3SbCl3,Ba,Sb,Cl,1.002,1.567699,
primary,loao,0,0,xgb_magpie,Ba3SbI3,Ba,Sb,I,0.78,1.087188,
primary,loao,0,1,xgb_magpie,Ca3AsBr3,Ca,As,Br,1.634,1.515554,
primary,loao,0,1,xgb_magpie,Ca3AsF3,Ca,As,F,2.27,2.798773,
primary,loao,0,1,xgb_magpie,Ca3BiI3,Ca,Bi,I,1.36,1.073501,
primary,loao,0,1,xgb_magpie,Ca3PBr3,Ca,P,Br,1.8846,1.569461,
primary,loao,0,1,xgb_magpie,Ca3PCl3,Ca,P,Cl,2.035,2.147854,
primary,loao,0,1,xgb_magpie,Ca3PF3,Ca,P,F,2.518,2.80005,
primary,loao,0,1,xgb_magpie,Ca3PI3,Ca,P,I,1.4909,1.267595,
primary,loao,0,1,xgb_magpie,Ca3SbBr3,Ca,Sb,Br,1.782,1.519965,
primary,loao,0,1,xgb_magpie,Ca3SbCl3,Ca,Sb,Cl,1.814,1.691373,
primary,loao,0,1,xgb_magpie,Ca3SbF3,Ca,Sb,F,2.19,2.31264,
primary,loao,0,2,xgb_magpie,Mg3AsBr3,Mg,As,Br,1.2907,1.964117,
primary,loao,0,2,xgb_magpie,Mg3BiBr3,Mg,Bi,Br,0.9648,1.681535,
primary,loao,0,2,xgb_magpie,Mg3BiI3,Mg,Bi,I,0.224,1.311781,
primary,loao,0,2,xgb_magpie,Mg3PBr3,Mg,P,Br,1.506,2.076205,
primary,loao,0,2,xgb_magpie,Mg3PCl3,Mg,P,Cl,2.297,2.282881,
primary,loao,0,2,xgb_magpie,Mg3PI3,Mg,P,I,0.377,1.687448,
primary,loao,0,2,xgb_magpie,Mg3SbBr3,Mg,Sb,Br,0.9418,1.881867,
primary,loao,0,2,xgb_magpie,Mg3SbCl3,Mg,Sb,Cl,1.7283,2.072033,
primary,loao,0,2,xgb_magpie,Mg3SbF3,Mg,Sb,F,3.184,2.243412,
primary,loao,0,2,xgb_magpie,Mg3SbI3,Mg,Sb,I,0.1057,1.375614,
primary,loao,0,3,xgb_magpie,Sr3AsCl3,Sr,As,Cl,1.7,1.556202,
primary,loao,0,3,xgb_magpie,Sr3AsI3,Sr,As,I,1.265,1.219249,
primary,loao,0,3,xgb_magpie,Sr3PBr3,Sr,P,Br,1.55,1.590783,
primary,loao,0,3,xgb_magpie,Sr3PCl3,Sr,P,Cl,1.677,1.597658,
primary,loao,0,3,xgb_magpie,Sr3PI3,Sr,P,I,1.258,1.337996,
primary,loao,0,3,xgb_magpie,Sr3SbCl3,Sr,Sb,Cl,1.712,1.377714,
primary,loao,0,3,xgb_magpie,Sr3SbI3,Sr,Sb,I,1.31,1.206168,
primary,loao,0,0,xgb_physics9,Ba3AsBr3,Ba,As,Br,0.92,1.541925,
primary,loao,0,0,xgb_physics9,Ba3AsCl3,Ba,As,Cl,0.969,1.697474,
primary,loao,0,0,xgb_physics9,Ba3AsI3,Ba,As,I,0.802,1.250624,
primary,loao,0,0,xgb_physics9,Ba3BiBr3,Ba,Bi,Br,0.912,1.579483,
primary,loao,0,0,xgb_physics9,Ba3BiCl3,Ba,Bi,Cl,0.957,1.669131,
primary,loao,0,0,xgb_physics9,Ba3BiI3,Ba,Bi,I,0.786,1.314934,
primary,loao,0,0,xgb_physics9,Ba3PBr3,Ba,P,Br,0.944,1.587771,
primary,loao,0,0,xgb_physics9,Ba3PCl3,Ba,P,Cl,0.964,1.701628,
primary,loao,0,0,xgb_physics9,Ba3PI3,Ba,P,I,0.764,1.30712,
primary,loao,0,0,xgb_physics9,Ba3SbBr3,Ba,Sb,Br,1.0819,1.613435,
primary,loao,0,0,xgb_physics9,Ba3SbCl3,Ba,Sb,Cl,1.002,1.668695,
primary,loao,0,0,xgb_physics9,Ba3SbI3,Ba,Sb,I,0.78,1.285005,
primary,loao,0,1,xgb_physics9,Ca3AsBr3,Ca,As,Br,1.634,1.481007,
primary,loao,0,1,xgb_physics9,Ca3AsF3,Ca,As,F,2.27,2.884832,
primary,loao,0,1,xgb_physics9,Ca3BiI3,Ca,Bi,I,1.36,0.738621,
primary,loao,0,1,xgb_physics9,Ca3PBr3,Ca,P,Br,1.8846,1.645903,
primary,loao,0,1,xgb_physics9,Ca3PCl3,Ca,P,Cl,2.035,2.048954,
primary,loao,0,1,xgb_physics9,Ca3PF3,Ca,P,F,2.518,2.932412,
primary,loao,0,1,xgb_physics9,Ca3PI3,Ca,P,I,1.4909,1.015802,
primary,loao,0,1,xgb_physics9,Ca3SbBr3,Ca,Sb,Br,1.782,1.330872,
primary,loao,0,1,xgb_physics9,Ca3SbCl3,Ca,Sb,Cl,1.814,1.770756,
primary,loao,0,1,xgb_physics9,Ca3SbF3,Ca,Sb,F,2.19,2.868948,
primary,loao,0,2,xgb_physics9,Mg3AsBr3,Mg,As,Br,1.2907,1.737482,
primary,loao,0,2,xgb_physics9,Mg3BiBr3,Mg,Bi,Br,0.9648,1.700594,
primary,loao,0,2,xgb_physics9,Mg3BiI3,Mg,Bi,I,0.224,1.34984,
primary,loao,0,2,xgb_physics9,Mg3PBr3,Mg,P,Br,1.506,1.832335,
primary,loao,0,2,xgb_physics9,Mg3PCl3,Mg,P,Cl,2.297,2.001624,
primary,loao,0,2,xgb_physics9,Mg3PI3,Mg,P,I,0.377,1.490528,
primary,loao,0,2,xgb_physics9,Mg3SbBr3,Mg,Sb,Br,0.9418,1.782733,
primary,loao,0,2,xgb_physics9,Mg3SbCl3,Mg,Sb,Cl,1.7283,1.883509,
primary,loao,0,2,xgb_physics9,Mg3SbF3,Mg,Sb,F,3.184,2.197082,
primary,loao,0,2,xgb_physics9,Mg3SbI3,Mg,Sb,I,0.1057,1.372341,
primary,loao,0,3,xgb_physics9,Sr3AsCl3,Sr,As,Cl,1.7,1.761122,
primary,loao,0,3,xgb_physics9,Sr3AsI3,Sr,As,I,1.265,1.224551,
primary,loao,0,3,xgb_physics9,Sr3PBr3,Sr,P,Br,1.55,1.713463,
primary,loao,0,3,xgb_physics9,Sr3PCl3,Sr,P,Cl,1.677,1.887997,
primary,loao,0,3,xgb_physics9,Sr3PI3,Sr,P,I,1.258,1.386704,
primary,loao,0,3,xgb_physics9,Sr3SbCl3,Sr,Sb,Cl,1.712,1.684417,
primary,loao,0,3,xgb_physics9,Sr3SbI3,Sr,Sb,I,1.31,1.187218,
primary,gkf,0,2,gpr_physics9,Ba3AsBr3,Ba,As,Br,0.92,0.886496,0.084427
primary,gkf,0,2,gpr_physics9,Ba3AsCl3,Ba,As,Cl,0.969,0.922999,0.091039
primary,gkf,0,3,gpr_physics9,Ba3AsI3,Ba,As,I,0.802,0.721534,0.079279
primary,gkf,0,3,gpr_physics9,Ba3BiBr3,Ba,Bi,Br,0.912,1.007313,0.077852
primary,gkf,0,0,gpr_physics9,Ba3BiCl3,Ba,Bi,Cl,0.957,1.013386,0.100715
primary,gkf,0,2,gpr_physics9,Ba3BiI3,Ba,Bi,I,0.786,0.947398,0.122771
primary,gkf,0,0,gpr_physics9,Ba3PBr3,Ba,P,Br,0.944,0.917112,0.093503
primary,gkf,0,4,gpr_physics9,Ba3PCl3,Ba,P,Cl,0.964,1.010408,0.095647
primary,gkf,0,1,gpr_physics9,Ba3PI3,Ba,P,I,0.764,0.80227,0.057604
primary,gkf,0,1,gpr_physics9,Ba3SbBr3,Ba,Sb,Br,1.0819,0.919247,0.040876
primary,gkf,0,3,gpr_physics9,Ba3SbCl3,Ba,Sb,Cl,1.002,1.019568,0.074009
primary,gkf,0,2,gpr_physics9,Ba3SbI3,Ba,Sb,I,0.78,0.946382,0.104765
primary,gkf,0,1,gpr_physics9,Ca3AsBr3,Ca,As,Br,1.634,1.736249,0.069734
primary,gkf,0,0,gpr_physics9,Ca3AsF3,Ca,As,F,2.27,2.385525,0.098058
primary,gkf,0,4,gpr_physics9,Ca3BiI3,Ca,Bi,I,1.36,1.264339,0.144673
primary,gkf,0,1,gpr_physics9,Ca3PBr3,Ca,P,Br,1.8846,1.76884,0.078227
primary,gkf,0,1,gpr_physics9,Ca3PCl3,Ca,P,Cl,2.035,1.927772,0.085238
primary,gkf,0,1,gpr_physics9,Ca3PF3,Ca,P,F,2.518,2.309172,0.065802
primary,gkf,0,4,gpr_physics9,Ca3PI3,Ca,P,I,1.4909,1.368183,0.109634
primary,gkf,0,1,gpr_physics9,Ca3SbBr3,Ca,Sb,Br,1.782,1.672624,0.063905
primary,gkf,0,4,gpr_physics9,Ca3SbCl3,Ca,Sb,Cl,1.814,1.950053,0.093033
primary,gkf,0,2,gpr_physics9,Ca3SbF3,Ca,Sb,F,2.19,2.033946,0.218243
primary,gkf,0,4,gpr_physics9,Mg3AsBr3,Mg,As,Br,1.2907,1.342817,0.088547
primary,gkf,0,3,gpr_physics9,Mg3BiBr3,Mg,Bi,Br,0.9648,0.870584,0.093043
primary,gkf,0,1,gpr_physics9,Mg3BiI3,Mg,Bi,I,0.224,0.055764,0.05463
primary,gkf,0,2,gpr_physics9,Mg3PBr3,Mg,P,Br,1.506,1.490494,0.086038
primary,gkf,0,0,gpr_physics9,Mg3PCl3,Mg,P,Cl,2.297,2.035256,0.120194
primary,gkf,0,0,gpr_physics9,Mg3PI3,Mg,P,I,0.377,0.558875,0.137463
primary,gkf,0,4,gpr_physics9,Mg3SbBr3,Mg,Sb,Br,0.9418,1.103528,0.082606
primary,gkf,0,3,gpr_physics9,Mg3SbCl3,Mg,Sb,Cl,1.7283,1.607976,0.112035
primary,gkf,0,0,gpr_physics9,Mg3SbF3,Mg,Sb,F,3.184,3.295538,0.483713
primary,gkf,0,3,gpr_physics9,Mg3SbI3,Mg,Sb,I,0.1057,0.222995,0.079723
primary,gkf,0,2,gpr_physics9,Sr3AsCl3,Sr,As,Cl,1.7,1.54936,0.087494
primary,gkf,0,0,gpr_physics9,Sr3AsI3,Sr,As,I,1.265,1.305645,0.095904
primary,gkf,0,3,gpr_physics9,Sr3PBr3,Sr,P,Br,1.55,1.62686,0.082069
primary,gkf,0,3,gpr_physics9,Sr3PCl3,Sr,P,Cl,1.677,1.757428,0.079525
primary,gkf,0,0,gpr_physics9,Sr3PI3,Sr,P,I,1.258,1.317505,0.101051
primary,gkf,0,2,gpr_physics9,Sr3SbCl3,Sr,Sb,Cl,1.712,1.545116,0.085329
primary,gkf,0,4,gpr_physics9,Sr3SbI3,Sr,Sb,I,1.31,1.229558,0.101706
primary,gkf,1,5,gpr_physics9,Ba3AsBr3,Ba,As,Br,0.92,0.956198,0.080151
primary,gkf,1,8,gpr_physics9,Ba3AsCl3,Ba,As,Cl,0.969,0.995098,0.086178
primary,gkf,1,7,gpr_physics9,Ba3AsI3,Ba,As,I,0.802,0.721696,0.098913
primary,gkf,1,9,gpr_physics9,Ba3BiBr3,Ba,Bi,Br,0.912,0.989982,0.078014
primary,gkf,1,5,gpr_physics9,Ba3BiCl3,Ba,Bi,Cl,0.957,0.989834,0.103035
primary,gkf,1,6,gpr_physics9,Ba3BiI3,Ba,Bi,I,0.786,0.803163,0.085826
primary,gkf,1,9,gpr_physics9,Ba3PBr3,Ba,P,Br,0.944,0.945912,0.081414
primary,gkf,1,7,gpr_physics9,Ba3PCl3,Ba,P,Cl,0.964,1.045123,0.101104
primary,gkf,1,9,gpr_physics9,Ba3PI3,Ba,P,I,0.764,0.798605,0.093704
primary,gkf,1,6,gpr_physics9,Ba3SbBr3,Ba,Sb,Br,1.0819,0.926083,0.068234
primary,gkf,1,5,gpr_physics9,Ba3SbCl3,Ba,Sb,Cl,1.002,0.992696,0.094349
primary,gkf,1,7,gpr_physics9,Ba3SbI3,Ba,Sb,I,0.78,0.810183,0.093341
primary,gkf,1,5,gpr_physics9,Ca3AsBr3,Ca,As,Br,1.634,1.833883,0.081165
primary,gkf,1,9,gpr_physics9,Ca3AsF3,Ca,As,F,2.27,2.231676,0.163306
primary,gkf,1,8,gpr_physics9,Ca3BiI3,Ca,Bi,I,1.36,1.326464,0.137528
primary,gkf,1,6,gpr_physics9,Ca3PBr3,Ca,P,Br,1.8846,1.728341,0.075966
primary,gkf,1,7,gpr_physics9,Ca3PCl3,Ca,P,Cl,2.035,2.016018,0.100573
primary,gkf,1,9,gpr_physics9,Ca3PF3,Ca,P,F,2.518,2.274252,0.221677
primary,gkf,1,6,gpr_physics9,Ca3PI3,Ca,P,I,1.4909,1.297227,0.106022
primary,gkf,1,8,gpr_physics9,Ca3SbBr3,Ca,Sb,Br,1.782,1.623024,0.102305
primary,gkf,1,9,gpr_physics9,Ca3SbCl3,Ca,Sb,Cl,1.814,1.968381,0.089459
primary,gkf,1,6,gpr_physics9,Ca3SbF3,Ca,Sb,F,2.19,2.066716,0.139109
primary,gkf,1,6,gpr_physics9,Mg3AsBr3,Mg,As,Br,1.2907,1.287725,0.072038
primary,gkf,1,5,gpr_physics9,Mg3BiBr3,Mg,Bi,Br,0.9648,1.269377,0.13191
primary,gkf,1,9,gpr_physics9,Mg3BiI3,Mg,Bi,I,0.224,0.011637,0.092907
primary,gkf,1,8,gpr_physics9,Mg3PBr3,Mg,P,Br,1.506,1.442585,0.096646
primary,gkf,1,6,gpr_physics9,Mg3PCl3,Mg,P,Cl,2.297,2.179965,0.110965
primary,gkf,1,5,gpr_physics9,Mg3PI3,Mg,P,I,0.377,0.278481,0.135969
primary,gkf,1,5,gpr_physics9,Mg3SbBr3,Mg,Sb,Br,0.9418,1.308953,0.112294
primary,gkf,1,5,gpr_physics9,Mg3SbCl3,Mg,Sb,Cl,1.7283,2.059837,0.13999
primary,gkf,1,8,gpr_physics9,Mg3SbF3,Mg,Sb,F,3.184,3.263172,0.526893
primary,gkf,1,6,gpr_physics9,Mg3SbI3,Mg,Sb,I,0.1057,0.215064,0.075955
primary,gkf,1,7,gpr_physics9,Sr3AsCl3,Sr,As,Cl,1.7,1.603523,0.091442
primary,gkf,1,7,gpr_physics9,Sr3AsI3,Sr,As,I,1.265,1.211029,0.099776
primary,gkf,1,7,gpr_physics9,Sr3PBr3,Sr,P,Br,1.55,1.569446,0.089982
primary,gkf,1,8,gpr_physics9,Sr3PCl3,Sr,P,Cl,1.677,1.714955,0.091844
primary,gkf,1,8,gpr_physics9,Sr3PI3,Sr,P,I,1.258,1.312767,0.093603
primary,gkf,1,8,gpr_physics9,Sr3SbCl3,Sr,Sb,Cl,1.712,1.576941,0.096771
primary,gkf,1,7,gpr_physics9,Sr3SbI3,Sr,Sb,I,1.31,1.275941,0.101793
primary,gkf,2,12,gpr_physics9,Ba3AsBr3,Ba,As,Br,0.92,0.949808,0.095765
primary,gkf,2,10,gpr_physics9,Ba3AsCl3,Ba,As,Cl,0.969,1.001071,0.103604
primary,gkf,2,11,gpr_physics9,Ba3AsI3,Ba,As,I,0.802,0.738152,0.086244
primary,gkf,2,10,gpr_physics9,Ba3BiBr3,Ba,Bi,Br,0.912,0.942994,0.125426
primary,gkf,2,10,gpr_physics9,Ba3BiCl3,Ba,Bi,Cl,0.957,1.001875,0.146246
primary,gkf,2,10,gpr_physics9,Ba3BiI3,Ba,Bi,I,0.786,0.814231,0.11153
primary,gkf,2,12,gpr_physics9,Ba3PBr3,Ba,P,Br,0.944,0.949205,0.106169
primary,gkf,2,14,gpr_physics9,Ba3PCl3,Ba,P,Cl,0.964,1.033098,0.099271
primary,gkf,2,12,gpr_physics9,Ba3PI3,Ba,P,I,0.764,0.799734,0.112946
primary,gkf,2,10,gpr_physics9,Ba3SbBr3,Ba,Sb,Br,1.0819,0.937289,0.111063
primary,gkf,2,10,gpr_physics9,Ba3SbCl3,Ba,Sb,Cl,1.002,1.001261,0.129099
primary,gkf,2,11,gpr_physics9,Ba3SbI3,Ba,Sb,I,0.78,0.827363,0.080149
primary,gkf,2,13,gpr_physics9,Ca3AsBr3,Ca,As,Br,1.634,1.842365,0.068383
primary,gkf,2,14,gpr_physics9,Ca3AsF3,Ca,As,F,2.27,2.390992,0.091854
primary,gkf,2,14,gpr_physics9,Ca3BiI3,Ca,Bi,I,1.36,1.417077,0.126523
primary,gkf,2,13,gpr_physics9,Ca3PBr3,Ca,P,Br,1.8846,1.859693,0.074847
primary,gkf,2,10,gpr_physics9,Ca3PCl3,Ca,P,Cl,2.035,1.999103,0.10067
primary,gkf,2,13,gpr_physics9,Ca3PF3,Ca,P,F,2.518,2.297849,0.091824
primary,gkf,2,11,gpr_physics9,Ca3PI3,Ca,P,I,1.4909,1.390919,0.130401
primary,gkf,2,11,gpr_physics9,Ca3SbBr3,Ca,Sb,Br,1.782,1.699225,0.080999
primary,gkf,2,13,gpr_physics9,Ca3SbCl3,Ca,Sb,Cl,1.814,1.992302,0.076594
primary,gkf,2,12,gpr_physics9,Ca3SbF3,Ca,Sb,F,2.19,2.106191,0.165255
primary,gkf,2,14,gpr_physics9,Mg3AsBr3,Mg,As,Br,1.2907,1.309407,0.087985
primary,gkf,2,12,gpr_physics9,Mg3BiBr3,Mg,Bi,Br,0.9648,0.916885,0.098508
primary,gkf,2,13,gpr_physics9,Mg3BiI3,Mg,Bi,I,0.224,0.008968,0.077387
primary,gkf,2,12,gpr_physics9,Mg3PBr3,Mg,P,Br,1.506,1.444976,0.097857
primary,gkf,2,10,gpr_physics9,Mg3PCl3,Mg,P,Cl,2.297,2.030284,0.114583
primary,gkf,2,13,gpr_physics9,Mg3PI3,Mg,P,I,0.377,0.496269,0.121605
primary,gkf,2,11,gpr_physics9,Mg3SbBr3,Mg,Sb,Br,0.9418,1.093696,0.074634
primary,gkf,2,13,gpr_physics9,Mg3SbCl3,Mg,Sb,Cl,1.7283,1.769731,0.089455
primary,gkf,2,14,gpr_physics9,Mg3SbF3,Mg,Sb,F,3.184,3.356582,0.499105
primary,gkf,2,12,gpr_physics9,Mg3SbI3,Mg,Sb,I,0.1057,0.221054,0.09442
primary,gkf,2,11,gpr_physics9,Sr3AsCl3,Sr,As,Cl,1.7,1.616048,0.078792
primary,gkf,2,11,gpr_physics9,Sr3AsI3,Sr,As,I,1.265,1.217044,0.100927
primary,gkf,2,13,gpr_physics9,Sr3PBr3,Sr,P,Br,1.55,1.566078,0.071549
primary,gkf,2,14,gpr_physics9,Sr3PCl3,Sr,P,Cl,1.677,1.703436,0.089162
primary,gkf,2,11,gpr_physics9,Sr3PI3,Sr,P,I,1.258,1.266262,0.109453
primary,gkf,2,14,gpr_physics9,Sr3SbCl3,Sr,Sb,Cl,1.712,1.589322,0.092106
primary,gkf,2,12,gpr_physics9,Sr3SbI3,Sr,Sb,I,1.31,1.257226,0.096493
primary,gkf,3,17,gpr_physics9,Ba3AsBr3,Ba,As,Br,0.92,0.935597,0.08664
primary,gkf,3,15,gpr_physics9,Ba3AsCl3,Ba,As,Cl,0.969,0.981986,0.079158
primary,gkf,3,18,gpr_physics9,Ba3AsI3,Ba,As,I,0.802,0.753482,0.092669
primary,gkf,3,15,gpr_physics9,Ba3BiBr3,Ba,Bi,Br,0.912,1.001401,0.083746
primary,gkf,3,18,gpr_physics9,Ba3BiCl3,Ba,Bi,Cl,0.957,1.018955,0.099283
primary,gkf,3,15,gpr_physics9,Ba3BiI3,Ba,Bi,I,0.786,0.84625,0.094268
primary,gkf,3,19,gpr_physics9,Ba3PBr3,Ba,P,Br,0.944,0.997148,0.105066
primary,gkf,3,19,gpr_physics9,Ba3PCl3,Ba,P,Cl,0.964,1.068471,0.112599
primary,gkf,3,19,gpr_physics9,Ba3PI3,Ba,P,I,0.764,0.85822,0.114799
primary,gkf,3,16,gpr_physics9,Ba3SbBr3,Ba,Sb,Br,1.0819,0.914803,0.060196
primary,gkf,3,16,gpr_physics9,Ba3SbCl3,Ba,Sb,Cl,1.002,0.966972,0.061214
primary,gkf,3,19,gpr_physics9,Ba3SbI3,Ba,Sb,I,0.78,0.845037,0.09335
primary,gkf,3,16,gpr_physics9,Ca3AsBr3,Ca,As,Br,1.634,1.798305,0.066232
primary,gkf,3,17,gpr_physics9,Ca3AsF3,Ca,As,F,2.27,2.471417,0.122223
primary,gkf,3,17,gpr_physics9,Ca3BiI3,Ca,Bi,I,1.36,1.343478,0.116214
primary,gkf,3,18,gpr_physics9,Ca3PBr3,Ca,P,Br,1.8846,1.783598,0.093636
primary,gkf,3,16,gpr_physics9,Ca3PCl3,Ca,P,Cl,2.035,2.06131,0.082371
primary,gkf,3,15,gpr_physics9,Ca3PF3,Ca,P,F,2.518,2.343144,0.110324
primary,gkf,3,15,gpr_physics9,Ca3PI3,Ca,P,I,1.4909,1.395902,0.106686
primary,gkf,3,16,gpr_physics9,Ca3SbBr3,Ca,Sb,Br,1.782,1.698566,0.074581
primary,gkf,3,17,gpr_physics9,Ca3SbCl3,Ca,Sb,Cl,1.814,1.92627,0.105931
primary,gkf,3,17,gpr_physics9,Ca3SbF3,Ca,Sb,F,2.19,2.399887,0.178888
primary,gkf,3,18,gpr_physics9,Mg3AsBr3,Mg,As,Br,1.2907,1.301263,0.093713
primary,gkf,3,18,gpr_physics9,Mg3BiBr3,Mg,Bi,Br,0.9648,0.919267,0.098726
primary,gkf,3,15,gpr_physics9,Mg3BiI3,Mg,Bi,I,0.224,-0.108584,0.151216
primary,gkf,3,15,gpr_physics9,Mg3PBr3,Mg,P,Br,1.506,1.497973,0.08773
primary,gkf,3,17,gpr_physics9,Mg3PCl3,Mg,P,Cl,2.297,1.949661,0.117332
primary,gkf,3,19,gpr_physics9,Mg3PI3,Mg,P,I,0.377,0.51645,0.164285
primary,gkf,3,16,gpr_physics9,Mg3SbBr3,Mg,Sb,Br,0.9418,1.067636,0.059953
primary,gkf,3,17,gpr_physics9,Mg3SbCl3,Mg,Sb,Cl,1.7283,1.614282,0.107553
primary,gkf,3,18,gpr_physics9,Mg3SbF3,Mg,Sb,F,3.184,3.280418,0.52171
primary,gkf,3,15,gpr_physics9,Mg3SbI3,Mg,Sb,I,0.1057,-0.011667,0.130567
primary,gkf,3,19,gpr_physics9,Sr3AsCl3,Sr,As,Cl,1.7,1.598493,0.091194
primary,gkf,3,18,gpr_physics9,Sr3AsI3,Sr,As,I,1.265,1.268195,0.09114
primary,gkf,3,18,gpr_physics9,Sr3PBr3,Sr,P,Br,1.55,1.558871,0.095675
primary,gkf,3,16,gpr_physics9,Sr3PCl3,Sr,P,Cl,1.677,1.733083,0.069644
primary,gkf,3,16,gpr_physics9,Sr3PI3,Sr,P,I,1.258,1.297839,0.068689
primary,gkf,3,17,gpr_physics9,Sr3SbCl3,Sr,Sb,Cl,1.712,1.641181,0.100798
primary,gkf,3,19,gpr_physics9,Sr3SbI3,Sr,Sb,I,1.31,1.271502,0.09516
primary,gkf,4,22,gpr_physics9,Ba3AsBr3,Ba,As,Br,0.92,0.943892,0.039375
primary,gkf,4,23,gpr_physics9,Ba3AsCl3,Ba,As,Cl,0.969,0.977772,0.076854
primary,gkf,4,21,gpr_physics9,Ba3AsI3,Ba,As,I,0.802,0.761335,0.10652
primary,gkf,4,21,gpr_physics9,Ba3BiBr3,Ba,Bi,Br,0.912,0.997773,0.092147
primary,gkf,4,20,gpr_physics9,Ba3BiCl3,Ba,Bi,Cl,0.957,1.021964,0.097316
primary,gkf,4,22,gpr_physics9,Ba3BiI3,Ba,Bi,I,0.786,0.764936,0.092786
primary,gkf,4,24,gpr_physics9,Ba3PBr3,Ba,P,Br,0.944,0.922664,0.071327
primary,gkf,4,20,gpr_physics9,Ba3PCl3,Ba,P,Cl,0.964,0.99378,0.099814
primary,gkf,4,21,gpr_physics9,Ba3PI3,Ba,P,I,0.764,0.74512,0.12826
primary,gkf,4,23,gpr_physics9,Ba3SbBr3,Ba,Sb,Br,1.0819,0.928106,0.07332
primary,gkf,4,22,gpr_physics9,Ba3SbCl3,Ba,Sb,Cl,1.002,1.112789,0.046454
primary,gkf,4,22,gpr_physics9,Ba3SbI3,Ba,Sb,I,0.78,0.90004,0.070872
primary,gkf,4,24,gpr_physics9,Ca3AsBr3,Ca,As,Br,1.634,1.830826,0.066993
primary,gkf,4,20,gpr_physics9,Ca3AsF3,Ca,As,F,2.27,2.395584,0.089021
primary,gkf,4,24,gpr_physics9,Ca3BiI3,Ca,Bi,I,1.36,1.421532,0.109379
primary,gkf,4,20,gpr_physics9,Ca3PBr3,Ca,P,Br,1.8846,1.770839,0.089167
primary,gkf,4,21,gpr_physics9,Ca3PCl3,Ca,P,Cl,2.035,2.000606,0.103297
primary,gkf,4,21,gpr_physics9,Ca3PF3,Ca,P,F,2.518,2.312804,0.125459
primary,gkf,4,23,gpr_physics9,Ca3PI3,Ca,P,I,1.4909,1.425032,0.099252
primary,gkf,4,22,gpr_physics9,Ca3SbBr3,Ca,Sb,Br,1.782,1.734509,0.073444
primary,gkf,4,22,gpr_physics9,Ca3SbCl3,Ca,Sb,Cl,1.814,1.897491,0.077863
primary,gkf,4,23,gpr_physics9,Ca3SbF3,Ca,Sb,F,2.19,2.207601,0.121512
primary,gkf,4,24,gpr_physics9,Mg3AsBr3,Mg,As,Br,1.2907,1.357817,0.070724
primary,gkf,4,20,gpr_physics9,Mg3BiBr3,Mg,Bi,Br,0.9648,0.916861,0.095334
primary,gkf,4,23,gpr_physics9,Mg3BiI3,Mg,Bi,I,0.224,0.008038,0.093618
primary,gkf,4,21,gpr_physics9,Mg3PBr3,Mg,P,Br,1.506,1.436989,0.096087
primary,gkf,4,23,gpr_physics9,Mg3PCl3,Mg,P,Cl,2.297,2.079826,0.09814
primary,gkf,4,23,gpr_physics9,Mg3PI3,Mg,P,I,0.377,0.498002,0.121012
primary,gkf,4,24,gpr_physics9,Mg3SbBr3,Mg,Sb,Br,0.9418,1.10466,0.068882
primary,gkf,4,22,gpr_physics9,Mg3SbCl3,Mg,Sb,Cl,1.7283,1.518907,0.050867
primary,gkf,4,21,gpr_physics9,Mg3SbF3,Mg,Sb,F,3.184,3.177354,0.624252
primary,gkf,4,24,gpr_physics9,Mg3SbI3,Mg,Sb,I,0.1057,0.233991,0.072827
primary,gkf,4,22,gpr_physics9,Sr3AsCl3,Sr,As,Cl,1.7,1.564686,0.046127
primary,gkf,4,20,gpr_physics9,Sr3AsI3,Sr,As,I,1.265,1.310077,0.109164
primary,gkf,4,23,gpr_physics9,Sr3PBr3,Sr,P,Br,1.55,1.575143,0.076801
primary,gkf,4,24,gpr_physics9,Sr3PCl3,Sr,P,Cl,1.677,1.707218,0.070009
primary,gkf,4,20,gpr_physics9,Sr3PI3,Sr,P,I,1.258,1.315908,0.110263
primary,gkf,4,21,gpr_physics9,Sr3SbCl3,Sr,Sb,Cl,1.712,1.602598,0.095326
primary,gkf,4,20,gpr_physics9,Sr3SbI3,Sr,Sb,I,1.31,1.294739,0.111433
primary,gkf,5,27,gpr_physics9,Ba3AsBr3,Ba,As,Br,0.92,0.923951,0.076766
primary,gkf,5,29,gpr_physics9,Ba3AsCl3,Ba,As,Cl,0.969,0.973411,0.089528
primary,gkf,5,28,gpr_physics9,Ba3AsI3,Ba,As,I,0.802,0.734901,0.088783
primary,gkf,5,26,gpr_physics9,Ba3BiBr3,Ba,Bi,Br,0.912,0.916919,0.091157
primary,gkf,5,28,gpr_physics9,Ba3BiCl3,Ba,Bi,Cl,0.957,1.006061,0.092024
primary,gkf,5,26,gpr_physics9,Ba3BiI3,Ba,Bi,I,0.786,0.815094,0.092287
primary,gkf,5,26,gpr_physics9,Ba3PBr3,Ba,P,Br,0.944,0.907438,0.083046
primary,gkf,5,26,gpr_physics9,Ba3PCl3,Ba,P,Cl,0.964,0.989485,0.094987
primary,gkf,5,25,gpr_physics9,Ba3PI3,Ba,P,I,0.764,0.781283,0.057376
primary,gkf,5,26,gpr_physics9,Ba3SbBr3,Ba,Sb,Br,1.0819,0.910691,0.081189
primary,gkf,5,26,gpr_physics9,Ba3SbCl3,Ba,Sb,Cl,1.002,0.973182,0.071439
primary,gkf,5,29,gpr_physics9,Ba3SbI3,Ba,Sb,I,0.78,0.812094,0.090754
primary,gkf,5,25,gpr_physics9,Ca3AsBr3,Ca,As,Br,1.634,1.886783,0.068079
primary,gkf,5,26,gpr_physics9,Ca3AsF3,Ca,As,F,2.27,2.395201,0.074883
primary,gkf,5,29,gpr_physics9,Ca3BiI3,Ca,Bi,I,1.36,1.375336,0.157724
primary,gkf,5,25,gpr_physics9,Ca3PBr3,Ca,P,Br,1.8846,1.883076,0.067765
primary,gkf,5,28,gpr_physics9,Ca3PCl3,Ca,P,Cl,2.035,2.000969,0.090658
primary,gkf,5,25,gpr_physics9,Ca3PF3,Ca,P,F,2.518,2.268169,0.060747
primary,gkf,5,27,gpr_physics9,Ca3PI3,Ca,P,I,1.4909,1.384437,0.105478
primary,gkf,5,26,gpr_physics9,Ca3SbBr3,Ca,Sb,Br,1.782,1.634735,0.079034
primary,gkf,5,27,gpr_physics9,Ca3SbCl3,Ca,Sb,Cl,1.814,1.954873,0.08977
primary,gkf,5,27,gpr_physics9,Ca3SbF3,Ca,Sb,F,2.19,2.091884,0.177393
primary,gkf,5,25,gpr_physics9,Mg3AsBr3,Mg,As,Br,1.2907,1.428693,0.084976
primary,gkf,5,29,gpr_physics9,Mg3BiBr3,Mg,Bi,Br,0.9648,0.927959,0.09758
primary,gkf,5,27,gpr_physics9,Mg3BiI3,Mg,Bi,I,0.224,0.034701,0.09981
primary,gkf,5,25,gpr_physics9,Mg3PBr3,Mg,P,Br,1.506,1.475032,0.086471
primary,gkf,5,28,gpr_physics9,Mg3PCl3,Mg,P,Cl,2.297,2.021559,0.107254
primary,gkf,5,27,gpr_physics9,Mg3PI3,Mg,P,I,0.377,0.508705,0.150647
primary,gkf,5,28,gpr_physics9,Mg3SbBr3,Mg,Sb,Br,0.9418,1.130864,0.083953
primary,gkf,5,27,gpr_physics9,Mg3SbCl3,Mg,Sb,Cl,1.7283,1.660102,0.098279
primary,gkf,5,28,gpr_physics9,Mg3SbF3,Mg,Sb,F,3.184,3.185113,0.489092
primary,gkf,5,29,gpr_physics9,Mg3SbI3,Mg,Sb,I,0.1057,0.214323,0.094502
primary,gkf,5,28,gpr_physics9,Sr3AsCl3,Sr,As,Cl,1.7,1.630093,0.087361
primary,gkf,5,27,gpr_physics9,Sr3AsI3,Sr,As,I,1.265,1.227515,0.081604
primary,gkf,5,28,gpr_physics9,Sr3PBr3,Sr,P,Br,1.55,1.573121,0.08529
primary,gkf,5,25,gpr_physics9,Sr3PCl3,Sr,P,Cl,1.677,1.667208,0.052646
primary,gkf,5,29,gpr_physics9,Sr3PI3,Sr,P,I,1.258,1.299819,0.094761
primary,gkf,5,25,gpr_physics9,Sr3SbCl3,Sr,Sb,Cl,1.712,1.553708,0.069926
primary,gkf,5,29,gpr_physics9,Sr3SbI3,Sr,Sb,I,1.31,1.286341,0.116255
primary,gkf,6,32,gpr_physics9,Ba3AsBr3,Ba,As,Br,0.92,0.939092,0.095494
primary,gkf,6,31,gpr_physics9,Ba3AsCl3,Ba,As,Cl,0.969,1.001504,0.063121
primary,gkf,6,33,gpr_physics9,Ba3AsI3,Ba,As,I,0.802,0.762018,0.083057
primary,gkf,6,33,gpr_physics9,Ba3BiBr3,Ba,Bi,Br,0.912,0.98288,0.083592
primary,gkf,6,30,gpr_physics9,Ba3BiCl3,Ba,Bi,Cl,0.957,0.993097,0.085191
primary,gkf,6,34,gpr_physics9,Ba3BiI3,Ba,Bi,I,0.786,0.839716,0.093841
primary,gkf,6,32,gpr_physics9,Ba3PBr3,Ba,P,Br,0.944,0.973956,0.107709
primary,gkf,6,32,gpr_physics9,Ba3PCl3,Ba,P,Cl,0.964,1.049183,0.114296
primary,gkf,6,34,gpr_physics9,Ba3PI3,Ba,P,I,0.764,0.812184,0.096087
primary,gkf,6,30,gpr_physics9,Ba3SbBr3,Ba,Sb,Br,1.0819,0.924926,0.073608
primary,gkf,6,34,gpr_physics9,Ba3SbCl3,Ba,Sb,Cl,1.002,0.991032,0.081619
primary,gkf,6,31,gpr_physics9,Ba3SbI3,Ba,Sb,I,0.78,0.811918,0.063431
primary,gkf,6,31,gpr_physics9,Ca3AsBr3,Ca,As,Br,1.634,1.865132,0.063878
primary,gkf,6,30,gpr_physics9,Ca3AsF3,Ca,As,F,2.27,2.390638,0.078222
primary,gkf,6,30,gpr_physics9,Ca3BiI3,Ca,Bi,I,1.36,1.403754,0.118374
primary,gkf,6,34,gpr_physics9,Ca3PBr3,Ca,P,Br,1.8846,1.824834,0.081831
primary,gkf,6,30,gpr_physics9,Ca3PCl3,Ca,P,Cl,2.035,1.999817,0.089499
primary,gkf,6,31,gpr_physics9,Ca3PF3,Ca,P,F,2.518,2.286554,0.102646
primary,gkf,6,33,gpr_physics9,Ca3PI3,Ca,P,I,1.4909,1.416096,0.107415
primary,gkf,6,33,gpr_physics9,Ca3SbBr3,Ca,Sb,Br,1.782,1.680942,0.085962
primary,gkf,6,31,gpr_physics9,Ca3SbCl3,Ca,Sb,Cl,1.814,1.998213,0.07672
primary,gkf,6,32,gpr_physics9,Ca3SbF3,Ca,Sb,F,2.19,2.094914,0.180228
primary,gkf,6,32,gpr_physics9,Mg3AsBr3,Mg,As,Br,1.2907,1.30198,0.096239
primary,gkf,6,31,gpr_physics9,Mg3BiBr3,Mg,Bi,Br,0.9648,0.915837,0.075775
primary,gkf,6,30,gpr_physics9,Mg3BiI3,Mg,Bi,I,0.224,0.011262,0.093786
primary,gkf,6,33,gpr_physics9,Mg3PBr3,Mg,P,Br,1.506,1.372449,0.112827
primary,gkf,6,33,gpr_physics9,Mg3PCl3,Mg,P,Cl,2.297,1.979746,0.12381
primary,gkf,6,33,gpr_physics9,Mg3PI3,Mg,P,I,0.377,0.564545,0.161833
primary,gkf,6,34,gpr_physics9,Mg3SbBr3,Mg,Sb,Br,0.9418,1.098698,0.07998
primary,gkf,6,30,gpr_physics9,Mg3SbCl3,Mg,Sb,Cl,1.7283,1.719635,0.095483
primary,gkf,6,32,gpr_physics9,Mg3SbF3,Mg,Sb,F,3.184,3.280306,0.503892
primary,gkf,6,33,gpr_physics9,Mg3SbI3,Mg,Sb,I,0.1057,0.285389,0.0984
primary,gkf,6,34,gpr_physics9,Sr3AsCl3,Sr,As,Cl,1.7,1.584829,0.084578
primary,gkf,6,31,gpr_physics9,Sr3AsI3,Sr,As,I,1.265,1.277082,0.069752
primary,gkf,6,30,gpr_physics9,Sr3PBr3,Sr,P,Br,1.55,1.558295,0.080452
primary,gkf,6,32,gpr_physics9,Sr3PCl3,Sr,P,Cl,1.677,1.74265,0.091996
primary,gkf,6,32,gpr_physics9,Sr3PI3,Sr,P,I,1.258,1.310903,0.092344
primary,gkf,6,34,gpr_physics9,Sr3SbCl3,Sr,Sb,Cl,1.712,1.564669,0.089382
primary,gkf,6,31,gpr_physics9,Sr3SbI3,Sr,Sb,I,1.31,1.254755,0.075579
primary,gkf,7,39,gpr_physics9,Ba3AsBr3,Ba,As,Br,0.92,0.953377,0.08565
primary,gkf,7,39,gpr_physics9,Ba3AsCl3,Ba,As,Cl,0.969,1.00731,0.088409
primary,gkf,7,38,gpr_physics9,Ba3AsI3,Ba,As,I,0.802,0.786461,0.104913
primary,gkf,7,36,gpr_physics9,Ba3BiBr3,Ba,Bi,Br,0.912,0.997609,0.07706
primary,gkf,7,39,gpr_physics9,Ba3BiCl3,Ba,Bi,Cl,0.957,1.023859,0.099796
primary,gkf,7,36,gpr_physics9,Ba3BiI3,Ba,Bi,I,0.786,0.83579,0.086881
primary,gkf,7,35,gpr_physics9,Ba3PBr3,Ba,P,Br,0.944,0.887242,0.026068
primary,gkf,7,37,gpr_physics9,Ba3PCl3,Ba,P,Cl,0.964,1.027663,0.101398
primary,gkf,7,38,gpr_physics9,Ba3PI3,Ba,P,I,0.764,0.776747,0.117308
primary,gkf,7,35,gpr_physics9,Ba3SbBr3,Ba,Sb,Br,1.0819,0.937531,0.018378
primary,gkf,7,37,gpr_physics9,Ba3SbCl3,Ba,Sb,Cl,1.002,1.005081,0.08416
primary,gkf,7,39,gpr_physics9,Ba3SbI3,Ba,Sb,I,0.78,0.804911,0.088747
primary,gkf,7,35,gpr_physics9,Ca3AsBr3,Ca,As,Br,1.634,1.875604,0.031803
primary,gkf,7,35,gpr_physics9,Ca3AsF3,Ca,As,F,2.27,2.412908,0.059627
primary,gkf,7,35,gpr_physics9,Ca3BiI3,Ca,Bi,I,1.36,1.401001,0.079424
primary,gkf,7,39,gpr_physics9,Ca3PBr3,Ca,P,Br,1.8846,1.77028,0.091095
primary,gkf,7,37,gpr_physics9,Ca3PCl3,Ca,P,Cl,2.035,2.053179,0.109352
primary,gkf,7,36,gpr_physics9,Ca3PF3,Ca,P,F,2.518,2.369104,0.103308
primary,gkf,7,38,gpr_physics9,Ca3PI3,Ca,P,I,1.4909,1.422827,0.111908
primary,gkf,7,37,gpr_physics9,Ca3SbBr3,Ca,Sb,Br,1.782,1.659905,0.092071
primary,gkf,7,35,gpr_physics9,Ca3SbCl3,Ca,Sb,Cl,1.814,1.991109,0.037158
primary,gkf,7,37,gpr_physics9,Ca3SbF3,Ca,Sb,F,2.19,2.05555,0.1844
primary,gkf,7,38,gpr_physics9,Mg3AsBr3,Mg,As,Br,1.2907,1.246903,0.097702
primary,gkf,7,36,gpr_physics9,Mg3BiBr3,Mg,Bi,Br,0.9648,0.977356,0.093773
primary,gkf,7,36,gpr_physics9,Mg3BiI3,Mg,Bi,I,0.224,0.002996,0.095025
primary,gkf,7,39,gpr_physics9,Mg3PBr3,Mg,P,Br,1.506,1.435761,0.096739
primary,gkf,7,38,gpr_physics9,Mg3PCl3,Mg,P,Cl,2.297,1.949365,0.125644
primary,gkf,7,37,gpr_physics9,Mg3PI3,Mg,P,I,0.377,0.512786,0.159058
primary,gkf,7,36,gpr_physics9,Mg3SbBr3,Mg,Sb,Br,0.9418,1.094207,0.083903
primary,gkf,7,38,gpr_physics9,Mg3SbCl3,Mg,Sb,Cl,1.7283,1.596344,0.11219
primary,gkf,7,37,gpr_physics9,Mg3SbF3,Mg,Sb,F,3.184,3.380339,0.635861
primary,gkf,7,39,gpr_physics9,Mg3SbI3,Mg,Sb,I,0.1057,0.222752,0.093708
primary,gkf,7,36,gpr_physics9,Sr3AsCl3,Sr,As,Cl,1.7,1.642081,0.075568
primary,gkf,7,35,gpr_physics9,Sr3AsI3,Sr,As,I,1.265,1.344792,0.040949
primary,gkf,7,36,gpr_physics9,Sr3PBr3,Sr,P,Br,1.55,1.582176,0.076449
primary,gkf,7,37,gpr_physics9,Sr3PCl3,Sr,P,Cl,1.677,1.750891,0.09549
primary,gkf,7,35,gpr_physics9,Sr3PI3,Sr,P,I,1.258,1.312841,0.037091
primary,gkf,7,38,gpr_physics9,Sr3SbCl3,Sr,Sb,Cl,1.712,1.59514,0.098667
primary,gkf,7,38,gpr_physics9,Sr3SbI3,Sr,Sb,I,1.31,1.233619,0.097332
primary,gkf,8,43,gpr_physics9,Ba3AsBr3,Ba,As,Br,0.92,0.951411,0.100518
primary,gkf,8,41,gpr_physics9,Ba3AsCl3,Ba,As,Cl,0.969,1.016762,0.087395
primary,gkf,8,43,gpr_physics9,Ba3AsI3,Ba,As,I,0.802,0.771048,0.093428
primary,gkf,8,44,gpr_physics9,Ba3BiBr3,Ba,Bi,Br,0.912,1.041858,0.049363
primary,gkf,8,41,gpr_physics9,Ba3BiCl3,Ba,Bi,Cl,0.957,1.044781,0.101487
primary,gkf,8,42,gpr_physics9,Ba3BiI3,Ba,Bi,I,0.786,0.895107,0.104436
primary,gkf,8,43,gpr_physics9,Ba3PBr3,Ba,P,Br,0.944,0.951447,0.113364
primary,gkf,8,43,gpr_physics9,Ba3PCl3,Ba,P,Cl,0.964,1.014185,0.114186
primary,gkf,8,40,gpr_physics9,Ba3PI3,Ba,P,I,0.764,0.803757,0.097864
primary,gkf,8,40,gpr_physics9,Ba3SbBr3,Ba,Sb,Br,1.0819,0.913207,0.075305
primary,gkf,8,41,gpr_physics9,Ba3SbCl3,Ba,Sb,Cl,1.002,1.037015,0.094538
primary,gkf,8,42,gpr_physics9,Ba3SbI3,Ba,Sb,I,0.78,0.894512,0.087967
primary,gkf,8,42,gpr_physics9,Ca3AsBr3,Ca,As,Br,1.634,1.808678,0.068879
primary,gkf,8,44,gpr_physics9,Ca3AsF3,Ca,As,F,2.27,2.414469,0.081789
primary,gkf,8,40,gpr_physics9,Ca3BiI3,Ca,Bi,I,1.36,1.409978,0.128988
primary,gkf,8,44,gpr_physics9,Ca3PBr3,Ca,P,Br,1.8846,1.758575,0.049701
primary,gkf,8,43,gpr_physics9,Ca3PCl3,Ca,P,Cl,2.035,2.018067,0.10847
primary,gkf,8,41,gpr_physics9,Ca3PF3,Ca,P,F,2.518,2.302999,0.111785
primary,gkf,8,42,gpr_physics9,Ca3PI3,Ca,P,I,1.4909,1.397042,0.092958
primary,gkf,8,43,gpr_physics9,Ca3SbBr3,Ca,Sb,Br,1.782,1.65945,0.100357
primary,gkf,8,44,gpr_physics9,Ca3SbCl3,Ca,Sb,Cl,1.814,1.971588,0.071925
primary,gkf,8,40,gpr_physics9,Ca3SbF3,Ca,Sb,F,2.19,2.010005,0.174296
primary,gkf,8,41,gpr_physics9,Mg3AsBr3,Mg,As,Br,1.2907,1.263407,0.085353
primary,gkf,8,43,gpr_physics9,Mg3BiBr3,Mg,Bi,Br,0.9648,0.918304,0.101084
primary,gkf,8,41,gpr_physics9,Mg3BiI3,Mg,Bi,I,0.224,0.006721,0.100027
primary,gkf,8,40,gpr_physics9,Mg3PBr3,Mg,P,Br,1.506,1.525669,0.1009
primary,gkf,8,41,gpr_physics9,Mg3PCl3,Mg,P,Cl,2.297,1.985374,0.113225
primary,gkf,8,40,gpr_physics9,Mg3PI3,Mg,P,I,0.377,0.513677,0.194992
primary,gkf,8,42,gpr_physics9,Mg3SbBr3,Mg,Sb,Br,0.9418,1.096249,0.066658
primary,gkf,8,41,gpr_physics9,Mg3SbCl3,Mg,Sb,Cl,1.7283,1.615264,0.099449
primary,gkf,8,42,gpr_physics9,Mg3SbF3,Mg,Sb,F,3.184,3.3617,0.481284
primary,gkf,8,42,gpr_physics9,Mg3SbI3,Mg,Sb,I,0.1057,0.234335,0.073172
primary,gkf,8,44,gpr_physics9,Sr3AsCl3,Sr,As,Cl,1.7,1.633781,0.069912
primary,gkf,8,42,gpr_physics9,Sr3AsI3,Sr,As,I,1.265,1.266509,0.070059
primary,gkf,8,40,gpr_physics9,Sr3PBr3,Sr,P,Br,1.55,1.543538,0.079286
primary,gkf,8,44,gpr_physics9,Sr3PCl3,Sr,P,Cl,1.677,1.706023,0.060065
primary,gkf,8,44,gpr_physics9,Sr3PI3,Sr,P,I,1.258,1.32866,0.050547
primary,gkf,8,40,gpr_physics9,Sr3SbCl3,Sr,Sb,Cl,1.712,1.57702,0.086507
primary,gkf,8,43,gpr_physics9,Sr3SbI3,Sr,Sb,I,1.31,1.251142,0.100091
primary,gkf,9,48,gpr_physics9,Ba3AsBr3,Ba,As,Br,0.92,0.955371,0.08179
primary,gkf,9,47,gpr_physics9,Ba3AsCl3,Ba,As,Cl,0.969,1.025999,0.086379
primary,gkf,9,48,gpr_physics9,Ba3AsI3,Ba,As,I,0.802,0.77826,0.084593
primary,gkf,9,45,gpr_physics9,Ba3BiBr3,Ba,Bi,Br,0.912,1.04783,0.081113
primary,gkf,9,45,gpr_physics9,Ba3BiCl3,Ba,Bi,Cl,0.957,1.070954,0.089027
primary,gkf,9,49,gpr_physics9,Ba3BiI3,Ba,Bi,I,0.786,0.825836,0.095387
primary,gkf,9,45,gpr_physics9,Ba3PBr3,Ba,P,Br,0.944,0.908938,0.080086
primary,gkf,9,47,gpr_physics9,Ba3PCl3,Ba,P,Cl,0.964,1.045197,0.100838
primary,gkf,9,45,gpr_physics9,Ba3PI3,Ba,P,I,0.764,0.772062,0.096893
primary,gkf,9,47,gpr_physics9,Ba3SbBr3,Ba,Sb,Br,1.0819,0.913674,0.073196
primary,gkf,9,46,gpr_physics9,Ba3SbCl3,Ba,Sb,Cl,1.002,0.985911,0.077526
primary,gkf,9,45,gpr_physics9,Ba3SbI3,Ba,Sb,I,0.78,0.805557,0.072069
primary,gkf,9,45,gpr_physics9,Ca3AsBr3,Ca,As,Br,1.634,1.82968,0.071282
primary,gkf,9,47,gpr_physics9,Ca3AsF3,Ca,As,F,2.27,2.439926,0.10534
primary,gkf,9,47,gpr_physics9,Ca3BiI3,Ca,Bi,I,1.36,1.410885,0.115736
primary,gkf,9,46,gpr_physics9,Ca3PBr3,Ca,P,Br,1.8846,1.701096,0.0919
primary,gkf,9,46,gpr_physics9,Ca3PCl3,Ca,P,Cl,2.035,1.917304,0.100918
primary,gkf,9,48,gpr_physics9,Ca3PF3,Ca,P,F,2.518,2.338118,0.122024
primary,gkf,9,46,gpr_physics9,Ca3PI3,Ca,P,I,1.4909,1.291286,0.111943
primary,gkf,9,48,gpr_physics9,Ca3SbBr3,Ca,Sb,Br,1.782,1.641985,0.10922
primary,gkf,9,48,gpr_physics9,Ca3SbCl3,Ca,Sb,Cl,1.814,1.823793,0.12871
primary,gkf,9,47,gpr_physics9,Ca3SbF3,Ca,Sb,F,2.19,2.307065,0.176272
primary,gkf,9,48,gpr_physics9,Mg3AsBr3,Mg,As,Br,1.2907,1.303095,0.08295
primary,gkf,9,49,gpr_physics9,Mg3BiBr3,Mg,Bi,Br,0.9648,1.039413,0.099346
primary,gkf,9,47,gpr_physics9,Mg3BiI3,Mg,Bi,I,0.224,0.011712,0.094035
primary,gkf,9,47,gpr_physics9,Mg3PBr3,Mg,P,Br,1.506,1.475385,0.082297
primary,gkf,9,46,gpr_physics9,Mg3PCl3,Mg,P,Cl,2.297,2.055347,0.111738
primary,gkf,9,45,gpr_physics9,Mg3PI3,Mg,P,I,0.377,0.461496,0.158643
primary,gkf,9,49,gpr_physics9,Mg3SbBr3,Mg,Sb,Br,0.9418,1.132708,0.090725
primary,gkf,9,46,gpr_physics9,Mg3SbCl3,Mg,Sb,Cl,1.7283,1.603359,0.096421
primary,gkf,9,49,gpr_physics9,Mg3SbF3,Mg,Sb,F,3.184,3.512977,0.502246
primary,gkf,9,46,gpr_physics9,Mg3SbI3,Mg,Sb,I,0.1057,0.226365,0.083971
primary,gkf,9,49,gpr_physics9,Sr3AsCl3,Sr,As,Cl,1.7,1.625346,0.084148
primary,gkf,9,48,gpr_physics9,Sr3AsI3,Sr,As,I,1.265,1.286738,0.083013
primary,gkf,9,49,gpr_physics9,Sr3PBr3,Sr,P,Br,1.55,1.579607,0.084152
primary,gkf,9,46,gpr_physics9,Sr3PCl3,Sr,P,Cl,1.677,1.691147,0.084441
primary,gkf,9,49,gpr_physics9,Sr3PI3,Sr,P,I,1.258,1.314284,0.086889
primary,gkf,9,48,gpr_physics9,Sr3SbCl3,Sr,Sb,Cl,1.712,1.582125,0.10768
primary,gkf,9,45,gpr_physics9,Sr3SbI3,Sr,Sb,I,1.31,1.257535,0.081632
primary,gkf,0,2,halide_rule,Ba3AsBr3,Ba,As,Br,0.92,1.29858,
primary,gkf,0,2,halide_rule,Ba3AsCl3,Ba,As,Cl,0.969,1.559287,
primary,gkf,0,3,halide_rule,Ba3AsI3,Ba,As,I,0.802,0.96149,
primary,gkf,0,3,halide_rule,Ba3BiBr3,Ba,Bi,Br,0.912,1.331667,
primary,gkf,0,0,halide_rule,Ba3BiCl3,Ba,Bi,Cl,0.957,1.511256,
primary,gkf,0,2,halide_rule,Ba3BiI3,Ba,Bi,I,0.786,0.89566,
primary,gkf,0,0,halide_rule,Ba3PBr3,Ba,P,Br,0.944,1.315255,
primary,gkf,0,4,halide_rule,Ba3PCl3,Ba,P,Cl,0.964,1.564144,
primary,gkf,0,1,halide_rule,Ba3PI3,Ba,P,I,0.764,0.95346,
primary,gkf,0,1,halide_rule,Ba3SbBr3,Ba,Sb,Br,1.0819,1.128663,
primary,gkf,0,3,halide_rule,Ba3SbCl3,Ba,Sb,Cl,1.002,1.556,
primary,gkf,0,2,halide_rule,Ba3SbI3,Ba,Sb,I,0.78,0.89566,
primary,gkf,0,1,halide_rule,Ca3AsBr3,Ca,As,Br,1.634,1.128663,
primary,gkf,0,0,halide_rule,Ca3AsF3,Ca,As,F,2.27,2.354,
primary,gkf,0,4,halide_rule,Ca3BiI3,Ca,Bi,I,1.36,0.706856,
primary,gkf,0,1,halide_rule,Ca3PBr3,Ca,P,Br,1.8846,1.128663,
primary,gkf,0,1,halide_rule,Ca3PCl3,Ca,P,Cl,2.035,1.48203,
primary,gkf,0,1,halide_rule,Ca3PF3,Ca,P,F,2.518,2.548,
primary,gkf,0,4,halide_rule,Ca3PI3,Ca,P,I,1.4909,0.706856,
primary,gkf,0,1,halide_rule,Ca3SbBr3,Ca,Sb,Br,1.782,1.128663,
primary,gkf,0,4,halide_rule,Ca3SbCl3,Ca,Sb,Cl,1.814,1.564144,
primary,gkf,0,2,halide_rule,Ca3SbF3,Ca,Sb,F,2.19,2.657333,
primary,gkf,0,4,halide_rule,Mg3AsBr3,Mg,As,Br,1.2907,1.31793,
primary,gkf,0,3,halide_rule,Mg3BiBr3,Mg,Bi,Br,0.9648,1.331667,
primary,gkf,0,1,halide_rule,Mg3BiI3,Mg,Bi,I,0.224,0.95346,
primary,gkf,0,2,halide_rule,Mg3PBr3,Mg,P,Br,1.506,1.29858,
primary,gkf,0,0,halide_rule,Mg3PCl3,Mg,P,Cl,2.297,1.511256,
primary,gkf,0,0,halide_rule,Mg3PI3,Mg,P,I,0.377,0.846956,
primary,gkf,0,4,halide_rule,Mg3SbBr3,Mg,Sb,Br,0.9418,1.31793,
primary,gkf,0,3,halide_rule,Mg3SbCl3,Mg,Sb,Cl,1.7283,1.556,
primary,gkf,0,0,halide_rule,Mg3SbF3,Mg,Sb,F,3.184,2.354,
primary,gkf,0,3,halide_rule,Mg3SbI3,Mg,Sb,I,0.1057,0.96149,
primary,gkf,0,2,halide_rule,Sr3AsCl3,Sr,As,Cl,1.7,1.559287,
primary,gkf,0,0,halide_rule,Sr3AsI3,Sr,As,I,1.265,0.846956,
primary,gkf,0,3,halide_rule,Sr3PBr3,Sr,P,Br,1.55,1.331667,
primary,gkf,0,3,halide_rule,Sr3PCl3,Sr,P,Cl,1.677,1.556,
primary,gkf,0,0,halide_rule,Sr3PI3,Sr,P,I,1.258,0.846956,
primary,gkf,0,2,halide_rule,Sr3SbCl3,Sr,Sb,Cl,1.712,1.559287,
primary,gkf,0,4,halide_rule,Sr3SbI3,Sr,Sb,I,1.31,0.706856,
primary,gkf,1,5,halide_rule,Ba3AsBr3,Ba,As,Br,0.92,1.3689,
primary,gkf,1,8,halide_rule,Ba3AsCl3,Ba,As,Cl,0.969,1.562163,
primary,gkf,1,7,halide_rule,Ba3AsI3,Ba,As,I,0.802,0.7957,
primary,gkf,1,9,halide_rule,Ba3BiBr3,Ba,Bi,Br,0.912,1.35558,
primary,gkf,1,5,halide_rule,Ba3BiCl3,Ba,Bi,Cl,0.957,1.646,
primary,gkf,1,6,halide_rule,Ba3BiI3,Ba,Bi,I,0.786,0.904444,
primary,gkf,1,9,halide_rule,Ba3PBr3,Ba,P,Br,0.944,1.35558,
primary,gkf,1,7,halide_rule,Ba3PCl3,Ba,P,Cl,0.964,1.519537,
primary,gkf,1,9,halide_rule,Ba3PI3,Ba,P,I,0.764,0.95346,
primary,gkf,1,6,halide_rule,Ba3SbBr3,Ba,Sb,Br,1.0819,1.2394,
primary,gkf,1,5,halide_rule,Ba3SbCl3,Ba,Sb,Cl,1.002,1.646,
primary,gkf,1,7,halide_rule,Ba3SbI3,Ba,Sb,I,0.78,0.7957,
primary,gkf,1,5,halide_rule,Ca3AsBr3,Ca,As,Br,1.634,1.3689,
primary,gkf,1,9,halide_rule,Ca3AsF3,Ca,As,F,2.27,2.687,
primary,gkf,1,8,halide_rule,Ca3BiI3,Ca,Bi,I,1.36,0.79046,
primary,gkf,1,6,halide_rule,Ca3PBr3,Ca,P,Br,1.8846,1.2394,
primary,gkf,1,7,halide_rule,Ca3PCl3,Ca,P,Cl,2.035,1.519537,
primary,gkf,1,9,halide_rule,Ca3PF3,Ca,P,F,2.518,2.687,
primary,gkf,1,6,halide_rule,Ca3PI3,Ca,P,I,1.4909,0.904444,
primary,gkf,1,8,halide_rule,Ca3SbBr3,Ca,Sb,Br,1.782,1.21238,
primary,gkf,1,9,halide_rule,Ca3SbCl3,Ca,Sb,Cl,1.814,1.50413,
primary,gkf,1,6,halide_rule,Ca3SbF3,Ca,Sb,F,2.19,2.657333,
primary,gkf,1,6,halide_rule,Mg3AsBr3,Mg,As,Br,1.2907,1.2394,
primary,gkf,1,5,halide_rule,Mg3BiBr3,Mg,Bi,Br,0.9648,1.3689,
primary,gkf,1,9,halide_rule,Mg3BiI3,Mg,Bi,I,0.224,0.95346,
primary,gkf,1,8,halide_rule,Mg3PBr3,Mg,P,Br,1.506,1.21238,
primary,gkf,1,6,halide_rule,Mg3PCl3,Mg,P,Cl,2.297,1.45583,
primary,gkf,1,5,halide_rule,Mg3PI3,Mg,P,I,0.377,0.922327,
primary,gkf,1,5,halide_rule,Mg3SbBr3,Mg,Sb,Br,0.9418,1.3689,
primary,gkf,1,5,halide_rule,Mg3SbCl3,Mg,Sb,Cl,1.7283,1.646,
primary,gkf,1,8,halide_rule,Mg3SbF3,Mg,Sb,F,3.184,2.326,
primary,gkf,1,6,halide_rule,Mg3SbI3,Mg,Sb,I,0.1057,0.904444,
primary,gkf,1,7,halide_rule,Sr3AsCl3,Sr,As,Cl,1.7,1.519537,
primary,gkf,1,7,halide_rule,Sr3AsI3,Sr,As,I,1.265,0.7957,
primary,gkf,1,7,halide_rule,Sr3PBr3,Sr,P,Br,1.55,1.260164,
primary,gkf,1,8,halide_rule,Sr3PCl3,Sr,P,Cl,1.677,1.562163,
primary,gkf,1,8,halide_rule,Sr3PI3,Sr,P,I,1.258,0.79046,
primary,gkf,1,8,halide_rule,Sr3SbCl3,Sr,Sb,Cl,1.712,1.562163,
primary,gkf,1,7,halide_rule,Sr3SbI3,Sr,Sb,I,1.31,0.7957,
primary,gkf,2,12,halide_rule,Ba3AsBr3,Ba,As,Br,0.92,1.384625,
primary,gkf,2,10,halide_rule,Ba3AsCl3,Ba,As,Cl,0.969,1.599217,
primary,gkf,2,11,halide_rule,Ba3AsI3,Ba,As,I,0.802,0.703814,
primary,gkf,2,10,halide_rule,Ba3BiBr3,Ba,Bi,Br,0.912,1.34179,
primary,gkf,2,10,halide_rule,Ba3BiCl3,Ba,Bi,Cl,0.957,1.599217,
primary,gkf,2,10,halide_rule,Ba3BiI3,Ba,Bi,I,0.786,0.885145,
primary,gkf,2,12,halide_rule,Ba3PBr3,Ba,P,Br,0.944,1.384625,
primary,gkf,2,14,halide_rule,Ba3PCl3,Ba,P,Cl,0.964,1.562787,
primary,gkf,2,12,halide_rule,Ba3PI3,Ba,P,I,0.764,0.926989,
primary,gkf,2,10,halide_rule,Ba3SbBr3,Ba,Sb,Br,1.0819,1.34179,
primary,gkf,2,10,halide_rule,Ba3SbCl3,Ba,Sb,Cl,1.002,1.599217,
primary,gkf,2,11,halide_rule,Ba3SbI3,Ba,Sb,I,0.78,0.703814,
primary,gkf,2,13,halide_rule,Ca3AsBr3,Ca,As,Br,1.634,1.149244,
primary,gkf,2,14,halide_rule,Ca3AsF3,Ca,As,F,2.27,2.354,
primary,gkf,2,14,halide_rule,Ca3BiI3,Ca,Bi,I,1.36,0.832964,
primary,gkf,2,13,halide_rule,Ca3PBr3,Ca,P,Br,1.8846,1.149244,
primary,gkf,2,10,halide_rule,Ca3PCl3,Ca,P,Cl,2.035,1.599217,
primary,gkf,2,13,halide_rule,Ca3PF3,Ca,P,F,2.518,2.548,
primary,gkf,2,11,halide_rule,Ca3PI3,Ca,P,I,1.4909,0.703814,
primary,gkf,2,11,halide_rule,Ca3SbBr3,Ca,Sb,Br,1.782,1.2688,
primary,gkf,2,13,halide_rule,Ca3SbCl3,Ca,Sb,Cl,1.814,1.479222,
primary,gkf,2,12,halide_rule,Ca3SbF3,Ca,Sb,F,2.19,2.657333,
primary,gkf,2,14,halide_rule,Mg3AsBr3,Mg,As,Br,1.2907,1.283736,
primary,gkf,2,12,halide_rule,Mg3BiBr3,Mg,Bi,Br,0.9648,1.384625,
primary,gkf,2,13,halide_rule,Mg3BiI3,Mg,Bi,I,0.224,0.99216,
primary,gkf,2,12,halide_rule,Mg3PBr3,Mg,P,Br,1.506,1.384625,
primary,gkf,2,10,halide_rule,Mg3PCl3,Mg,P,Cl,2.297,1.599217,
primary,gkf,2,13,halide_rule,Mg3PI3,Mg,P,I,0.377,0.99216,
primary,gkf,2,11,halide_rule,Mg3SbBr3,Mg,Sb,Br,0.9418,1.2688,
primary,gkf,2,13,halide_rule,Mg3SbCl3,Mg,Sb,Cl,1.7283,1.479222,
primary,gkf,2,14,halide_rule,Mg3SbF3,Mg,Sb,F,3.184,2.354,
primary,gkf,2,12,halide_rule,Mg3SbI3,Mg,Sb,I,0.1057,0.926989,
primary,gkf,2,11,halide_rule,Sr3AsCl3,Sr,As,Cl,1.7,1.51553,
primary,gkf,2,11,halide_rule,Sr3AsI3,Sr,As,I,1.265,0.703814,
primary,gkf,2,13,halide_rule,Sr3PBr3,Sr,P,Br,1.55,1.149244,
primary,gkf,2,14,halide_rule,Sr3PCl3,Sr,P,Cl,1.677,1.562787,
primary,gkf,2,11,halide_rule,Sr3PI3,Sr,P,I,1.258,0.703814,
primary,gkf,2,14,halide_rule,Sr3SbCl3,Sr,Sb,Cl,1.712,1.562787,
primary,gkf,2,12,halide_rule,Sr3SbI3,Sr,Sb,I,1.31,0.926989,
primary,gkf,3,17,halide_rule,Ba3AsBr3,Ba,As,Br,0.92,1.317436,
primary,gkf,3,15,halide_rule,Ba3AsCl3,Ba,As,Cl,0.969,1.58863,
primary,gkf,3,18,halide_rule,Ba3AsI3,Ba,As,I,0.802,0.84556,
primary,gkf,3,15,halide_rule,Ba3BiBr3,Ba,Bi,Br,0.912,1.29938,
primary,gkf,3,18,halide_rule,Ba3BiCl3,Ba,Bi,Cl,0.957,1.58983,
primary,gkf,3,15,halide_rule,Ba3BiI3,Ba,Bi,I,0.786,0.9895,
primary,gkf,3,19,halide_rule,Ba3PBr3,Ba,P,Br,0.944,1.315255,
primary,gkf,3,19,halide_rule,Ba3PCl3,Ba,P,Cl,0.964,1.576811,
primary,gkf,3,19,halide_rule,Ba3PI3,Ba,P,I,0.764,0.91145,
primary,gkf,3,16,halide_rule,Ba3SbBr3,Ba,Sb,Br,1.0819,1.246513,
primary,gkf,3,16,halide_rule,Ba3SbCl3,Ba,Sb,Cl,1.002,1.517663,
primary,gkf,3,19,halide_rule,Ba3SbI3,Ba,Sb,I,0.78,0.91145,
primary,gkf,3,16,halide_rule,Ca3AsBr3,Ca,As,Br,1.634,1.246513,
primary,gkf,3,17,halide_rule,Ca3AsF3,Ca,As,F,2.27,2.851,
primary,gkf,3,17,halide_rule,Ca3BiI3,Ca,Bi,I,1.36,0.832964,
primary,gkf,3,18,halide_rule,Ca3PBr3,Ca,P,Br,1.8846,1.215213,
primary,gkf,3,16,halide_rule,Ca3PCl3,Ca,P,Cl,2.035,1.517663,
primary,gkf,3,15,halide_rule,Ca3PF3,Ca,P,F,2.518,2.548,
primary,gkf,3,15,halide_rule,Ca3PI3,Ca,P,I,1.4909,0.9895,
primary,gkf,3,16,halide_rule,Ca3SbBr3,Ca,Sb,Br,1.782,1.246513,
primary,gkf,3,17,halide_rule,Ca3SbCl3,Ca,Sb,Cl,1.814,1.329143,
primary,gkf,3,17,halide_rule,Ca3SbF3,Ca,Sb,F,2.19,2.851,
primary,gkf,3,18,halide_rule,Mg3AsBr3,Mg,As,Br,1.2907,1.215213,
primary,gkf,3,18,halide_rule,Mg3BiBr3,Mg,Bi,Br,0.9648,1.215213,
primary,gkf,3,15,halide_rule,Mg3BiI3,Mg,Bi,I,0.224,0.9895,
primary,gkf,3,15,halide_rule,Mg3PBr3,Mg,P,Br,1.506,1.29938,
primary,gkf,3,17,halide_rule,Mg3PCl3,Mg,P,Cl,2.297,1.329143,
primary,gkf,3,19,halide_rule,Mg3PI3,Mg,P,I,0.377,0.91145,
primary,gkf,3,16,halide_rule,Mg3SbBr3,Mg,Sb,Br,0.9418,1.246513,
primary,gkf,3,17,halide_rule,Mg3SbCl3,Mg,Sb,Cl,1.7283,1.329143,
primary,gkf,3,18,halide_rule,Mg3SbF3,Mg,Sb,F,3.184,2.326,
primary,gkf,3,15,halide_rule,Mg3SbI3,Mg,Sb,I,0.1057,0.9895,
primary,gkf,3,19,halide_rule,Sr3AsCl3,Sr,As,Cl,1.7,1.576811,
primary,gkf,3,18,halide_rule,Sr3AsI3,Sr,As,I,1.265,0.84556,
primary,gkf,3,18,halide_rule,Sr3PBr3,Sr,P,Br,1.55,1.215213,
primary,gkf,3,16,halide_rule,Sr3PCl3,Sr,P,Cl,1.677,1.517663,
primary,gkf,3,16,halide_rule,Sr3PI3,Sr,P,I,1.258,0.842236,
primary,gkf,3,17,halide_rule,Sr3SbCl3,Sr,Sb,Cl,1.712,1.329143,
primary,gkf,3,19,halide_rule,Sr3SbI3,Sr,Sb,I,1.31,0.91145,
primary,gkf,4,22,halide_rule,Ba3AsBr3,Ba,As,Br,0.92,1.27098,
primary,gkf,4,23,halide_rule,Ba3AsCl3,Ba,As,Cl,0.969,1.509922,
primary,gkf,4,21,halide_rule,Ba3AsI3,Ba,As,I,0.802,0.89566,
primary,gkf,4,21,halide_rule,Ba3BiBr3,Ba,Bi,Br,0.912,1.29938,
primary,gkf,4,20,halide_rule,Ba3BiCl3,Ba,Bi,Cl,0.957,1.659367,
primary,gkf,4,22,halide_rule,Ba3BiI3,Ba,Bi,I,0.786,0.89566,
primary,gkf,4,24,halide_rule,Ba3PBr3,Ba,P,Br,0.944,1.325163,
primary,gkf,4,20,halide_rule,Ba3PCl3,Ba,P,Cl,0.964,1.659367,
primary,gkf,4,21,halide_rule,Ba3PI3,Ba,P,I,0.764,0.89566,
primary,gkf,4,23,halide_rule,Ba3SbBr3,Ba,Sb,Br,1.0819,1.27799,
primary,gkf,4,22,halide_rule,Ba3SbCl3,Ba,Sb,Cl,1.002,1.515857,
primary,gkf,4,22,halide_rule,Ba3SbI3,Ba,Sb,I,0.78,0.89566,
primary,gkf,4,24,halide_rule,Ca3AsBr3,Ca,As,Br,1.634,1.325163,
primary,gkf,4,20,halide_rule,Ca3AsF3,Ca,As,F,2.27,2.630667,
primary,gkf,4,24,halide_rule,Ca3BiI3,Ca,Bi,I,1.36,0.90569,
primary,gkf,4,20,halide_rule,Ca3PBr3,Ca,P,Br,1.8846,1.25624,
primary,gkf,4,21,halide_rule,Ca3PCl3,Ca,P,Cl,2.035,1.456478,
primary,gkf,4,21,halide_rule,Ca3PF3,Ca,P,F,2.518,2.23,
primary,gkf,4,23,halide_rule,Ca3PI3,Ca,P,I,1.4909,0.936744,
primary,gkf,4,22,halide_rule,Ca3SbBr3,Ca,Sb,Br,1.782,1.27098,
primary,gkf,4,22,halide_rule,Ca3SbCl3,Ca,Sb,Cl,1.814,1.515857,
primary,gkf,4,23,halide_rule,Ca3SbF3,Ca,Sb,F,2.19,2.657333,
primary,gkf,4,24,halide_rule,Mg3AsBr3,Mg,As,Br,1.2907,1.325163,
primary,gkf,4,20,halide_rule,Mg3BiBr3,Mg,Bi,Br,0.9648,1.25624,
primary,gkf,4,23,halide_rule,Mg3BiI3,Mg,Bi,I,0.224,0.936744,
primary,gkf,4,21,halide_rule,Mg3PBr3,Mg,P,Br,1.506,1.29938,
primary,gkf,4,23,halide_rule,Mg3PCl3,Mg,P,Cl,2.297,1.509922,
primary,gkf,4,23,halide_rule,Mg3PI3,Mg,P,I,0.377,0.936744,
primary,gkf,4,24,halide_rule,Mg3SbBr3,Mg,Sb,Br,0.9418,1.325163,
primary,gkf,4,22,halide_rule,Mg3SbCl3,Mg,Sb,Cl,1.7283,1.515857,
primary,gkf,4,21,halide_rule,Mg3SbF3,Mg,Sb,F,3.184,2.23,
primary,gkf,4,24,halide_rule,Mg3SbI3,Mg,Sb,I,0.1057,0.90569,
primary,gkf,4,22,halide_rule,Sr3AsCl3,Sr,As,Cl,1.7,1.515857,
primary,gkf,4,20,halide_rule,Sr3AsI3,Sr,As,I,1.265,0.743289,
primary,gkf,4,23,halide_rule,Sr3PBr3,Sr,P,Br,1.55,1.27799,
primary,gkf,4,24,halide_rule,Sr3PCl3,Sr,P,Cl,1.677,1.51783,
primary,gkf,4,20,halide_rule,Sr3PI3,Sr,P,I,1.258,0.743289,
primary,gkf,4,21,halide_rule,Sr3SbCl3,Sr,Sb,Cl,1.712,1.456478,
primary,gkf,4,20,halide_rule,Sr3SbI3,Sr,Sb,I,1.31,0.743289,
primary,gkf,5,27,halide_rule,Ba3AsBr3,Ba,As,Br,0.92,1.317436,
primary,gkf,5,29,halide_rule,Ba3AsCl3,Ba,As,Cl,0.969,1.58863,
primary,gkf,5,28,halide_rule,Ba3AsI3,Ba,As,I,0.802,0.883691,
primary,gkf,5,26,halide_rule,Ba3BiBr3,Ba,Bi,Br,0.912,1.336488,
primary,gkf,5,28,halide_rule,Ba3BiCl3,Ba,Bi,Cl,0.957,1.409471,
primary,gkf,5,26,halide_rule,Ba3BiI3,Ba,Bi,I,0.786,0.885145,
primary,gkf,5,26,halide_rule,Ba3PBr3,Ba,P,Br,0.944,1.336488,
primary,gkf,5,26,halide_rule,Ba3PCl3,Ba,P,Cl,0.964,1.654367,
primary,gkf,5,25,halide_rule,Ba3PI3,Ba,P,I,0.764,0.887145,
primary,gkf,5,26,halide_rule,Ba3SbBr3,Ba,Sb,Br,1.0819,1.336488,
primary,gkf,5,26,halide_rule,Ba3SbCl3,Ba,Sb,Cl,1.002,1.654367,
primary,gkf,5,29,halide_rule,Ba3SbI3,Ba,Sb,I,0.78,0.815557,
primary,gkf,5,25,halide_rule,Ca3AsBr3,Ca,As,Br,1.634,1.137062,
primary,gkf,5,26,halide_rule,Ca3AsF3,Ca,As,F,2.27,2.630667,
primary,gkf,5,29,halide_rule,Ca3BiI3,Ca,Bi,I,1.36,0.815557,
primary,gkf,5,25,halide_rule,Ca3PBr3,Ca,P,Br,1.8846,1.137062,
primary,gkf,5,28,halide_rule,Ca3PCl3,Ca,P,Cl,2.035,1.409471,
primary,gkf,5,25,halide_rule,Ca3PF3,Ca,P,F,2.518,2.548,
primary,gkf,5,27,halide_rule,Ca3PI3,Ca,P,I,1.4909,0.895713,
primary,gkf,5,26,halide_rule,Ca3SbBr3,Ca,Sb,Br,1.782,1.336488,
primary,gkf,5,27,halide_rule,Ca3SbCl3,Ca,Sb,Cl,1.814,1.479222,
primary,gkf,5,27,halide_rule,Ca3SbF3,Ca,Sb,F,2.19,2.657333,
primary,gkf,5,25,halide_rule,Mg3AsBr3,Mg,As,Br,1.2907,1.137062,
primary,gkf,5,29,halide_rule,Mg3BiBr3,Mg,Bi,Br,0.9648,1.313364,
primary,gkf,5,27,halide_rule,Mg3BiI3,Mg,Bi,I,0.224,0.895713,
primary,gkf,5,25,halide_rule,Mg3PBr3,Mg,P,Br,1.506,1.137062,
primary,gkf,5,28,halide_rule,Mg3PCl3,Mg,P,Cl,2.297,1.409471,
primary,gkf,5,27,halide_rule,Mg3PI3,Mg,P,I,0.377,0.895713,
primary,gkf,5,28,halide_rule,Mg3SbBr3,Mg,Sb,Br,0.9418,1.292,
primary,gkf,5,27,halide_rule,Mg3SbCl3,Mg,Sb,Cl,1.7283,1.479222,
primary,gkf,5,28,halide_rule,Mg3SbF3,Mg,Sb,F,3.184,2.326,
primary,gkf,5,29,halide_rule,Mg3SbI3,Mg,Sb,I,0.1057,0.815557,
primary,gkf,5,28,halide_rule,Sr3AsCl3,Sr,As,Cl,1.7,1.409471,
primary,gkf,5,27,halide_rule,Sr3AsI3,Sr,As,I,1.265,0.895713,
primary,gkf,5,28,halide_rule,Sr3PBr3,Sr,P,Br,1.55,1.292,
primary,gkf,5,25,halide_rule,Sr3PCl3,Sr,P,Cl,1.677,1.496256,
primary,gkf,5,29,halide_rule,Sr3PI3,Sr,P,I,1.258,0.815557,
primary,gkf,5,25,halide_rule,Sr3SbCl3,Sr,Sb,Cl,1.712,1.496256,
primary,gkf,5,29,halide_rule,Sr3SbI3,Sr,Sb,I,1.31,0.815557,
primary,gkf,6,32,halide_rule,Ba3AsBr3,Ba,As,Br,0.92,1.3619,
primary,gkf,6,31,halide_rule,Ba3AsCl3,Ba,As,Cl,0.969,1.563589,
primary,gkf,6,33,halide_rule,Ba3AsI3,Ba,As,I,0.802,0.968375,
primary,gkf,6,33,halide_rule,Ba3BiBr3,Ba,Bi,Br,0.912,1.245756,
primary,gkf,6,30,halide_rule,Ba3BiCl3,Ba,Bi,Cl,0.957,1.516875,
primary,gkf,6,34,halide_rule,Ba3BiI3,Ba,Bi,I,0.786,0.89726,
primary,gkf,6,32,halide_rule,Ba3PBr3,Ba,P,Br,0.944,1.3619,
primary,gkf,6,32,halide_rule,Ba3PCl3,Ba,P,Cl,0.964,1.579367,
primary,gkf,6,34,halide_rule,Ba3PI3,Ba,P,I,0.764,0.89726,
primary,gkf,6,30,halide_rule,Ba3SbBr3,Ba,Sb,Br,1.0819,1.27799,
primary,gkf,6,34,halide_rule,Ba3SbCl3,Ba,Sb,Cl,1.002,1.555163,
primary,gkf,6,31,halide_rule,Ba3SbI3,Ba,Sb,I,0.78,0.7964,
primary,gkf,6,31,halide_rule,Ca3AsBr3,Ca,As,Br,1.634,1.2813,
primary,gkf,6,30,halide_rule,Ca3AsF3,Ca,As,F,2.27,2.630667,
primary,gkf,6,30,halide_rule,Ca3BiI3,Ca,Bi,I,1.36,0.89386,
primary,gkf,6,34,halide_rule,Ca3PBr3,Ca,P,Br,1.8846,1.25854,
primary,gkf,6,30,halide_rule,Ca3PCl3,Ca,P,Cl,2.035,1.516875,
primary,gkf,6,31,halide_rule,Ca3PF3,Ca,P,F,2.518,2.548,
primary,gkf,6,33,halide_rule,Ca3PI3,Ca,P,I,1.4909,0.968375,
primary,gkf,6,33,halide_rule,Ca3SbBr3,Ca,Sb,Br,1.782,1.245756,
primary,gkf,6,31,halide_rule,Ca3SbCl3,Ca,Sb,Cl,1.814,1.563589,
primary,gkf,6,32,halide_rule,Ca3SbF3,Ca,Sb,F,2.19,2.394,
primary,gkf,6,32,halide_rule,Mg3AsBr3,Mg,As,Br,1.2907,1.3619,
primary,gkf,6,31,halide_rule,Mg3BiBr3,Mg,Bi,Br,0.9648,1.2813,
primary,gkf,6,30,halide_rule,Mg3BiI3,Mg,Bi,I,0.224,0.89386,
primary,gkf,6,33,halide_rule,Mg3PBr3,Mg,P,Br,1.506,1.245756,
primary,gkf,6,33,halide_rule,Mg3PCl3,Mg,P,Cl,2.297,1.45583,
primary,gkf,6,33,halide_rule,Mg3PI3,Mg,P,I,0.377,0.968375,
primary,gkf,6,34,halide_rule,Mg3SbBr3,Mg,Sb,Br,0.9418,1.25854,
primary,gkf,6,30,halide_rule,Mg3SbCl3,Mg,Sb,Cl,1.7283,1.516875,
primary,gkf,6,32,halide_rule,Mg3SbF3,Mg,Sb,F,3.184,2.394,
primary,gkf,6,33,halide_rule,Mg3SbI3,Mg,Sb,I,0.1057,0.968375,
primary,gkf,6,34,halide_rule,Sr3AsCl3,Sr,As,Cl,1.7,1.555163,
primary,gkf,6,31,halide_rule,Sr3AsI3,Sr,As,I,1.265,0.7964,
primary,gkf,6,30,halide_rule,Sr3PBr3,Sr,P,Br,1.55,1.27799,
primary,gkf,6,32,halide_rule,Sr3PCl3,Sr,P,Cl,1.677,1.579367,
primary,gkf,6,32,halide_rule,Sr3PI3,Sr,P,I,1.258,0.842236,
primary,gkf,6,34,halide_rule,Sr3SbCl3,Sr,Sb,Cl,1.712,1.555163,
primary,gkf,6,31,halide_rule,Sr3SbI3,Sr,Sb,I,1.31,0.7964,
primary,gkf,7,39,halide_rule,Ba3AsBr3,Ba,As,Br,0.92,1.233467,
primary,gkf,7,39,halide_rule,Ba3AsCl3,Ba,As,Cl,0.969,1.658811,
primary,gkf,7,38,halide_rule,Ba3AsI3,Ba,As,I,0.802,0.769463,
primary,gkf,7,36,halide_rule,Ba3BiBr3,Ba,Bi,Br,0.912,1.3804,
primary,gkf,7,39,halide_rule,Ba3BiCl3,Ba,Bi,Cl,0.957,1.658811,
primary,gkf,7,36,halide_rule,Ba3BiI3,Ba,Bi,I,0.786,0.95126,
primary,gkf,7,35,halide_rule,Ba3PBr3,Ba,P,Br,0.944,1.305767,
primary,gkf,7,37,halide_rule,Ba3PCl3,Ba,P,Cl,0.964,1.596757,
primary,gkf,7,38,halide_rule,Ba3PI3,Ba,P,I,0.764,0.769463,
primary,gkf,7,35,halide_rule,Ba3SbBr3,Ba,Sb,Br,1.0819,1.305767,
primary,gkf,7,37,halide_rule,Ba3SbCl3,Ba,Sb,Cl,1.002,1.596757,
primary,gkf,7,39,halide_rule,Ba3SbI3,Ba,Sb,I,0.78,0.96369,
primary,gkf,7,35,halide_rule,Ca3AsBr3,Ca,As,Br,1.634,1.305767,
primary,gkf,7,35,halide_rule,Ca3AsF3,Ca,As,F,2.27,2.630667,
primary,gkf,7,35,halide_rule,Ca3BiI3,Ca,Bi,I,1.36,0.737733,
primary,gkf,7,39,halide_rule,Ca3PBr3,Ca,P,Br,1.8846,1.233467,
primary,gkf,7,37,halide_rule,Ca3PCl3,Ca,P,Cl,2.035,1.596757,
primary,gkf,7,36,halide_rule,Ca3PF3,Ca,P,F,2.518,2.548,
primary,gkf,7,38,halide_rule,Ca3PI3,Ca,P,I,1.4909,0.769463,
primary,gkf,7,37,halide_rule,Ca3SbBr3,Ca,Sb,Br,1.782,1.239073,
primary,gkf,7,35,halide_rule,Ca3SbCl3,Ca,Sb,Cl,1.814,1.50413,
primary,gkf,7,37,halide_rule,Ca3SbF3,Ca,Sb,F,2.19,2.394,
primary,gkf,7,38,halide_rule,Mg3AsBr3,Mg,As,Br,1.2907,1.283736,
primary,gkf,7,36,halide_rule,Mg3BiBr3,Mg,Bi,Br,0.9648,1.3804,
primary,gkf,7,36,halide_rule,Mg3BiI3,Mg,Bi,I,0.224,0.95126,
primary,gkf,7,39,halide_rule,Mg3PBr3,Mg,P,Br,1.506,1.233467,
primary,gkf,7,38,halide_rule,Mg3PCl3,Mg,P,Cl,2.297,1.38975,
primary,gkf,7,37,halide_rule,Mg3PI3,Mg,P,I,0.377,0.922327,
primary,gkf,7,36,halide_rule,Mg3SbBr3,Mg,Sb,Br,0.9418,1.3804,
primary,gkf,7,38,halide_rule,Mg3SbCl3,Mg,Sb,Cl,1.7283,1.38975,
primary,gkf,7,37,halide_rule,Mg3SbF3,Mg,Sb,F,3.184,2.394,
primary,gkf,7,39,halide_rule,Mg3SbI3,Mg,Sb,I,0.1057,0.96369,
primary,gkf,7,36,halide_rule,Sr3AsCl3,Sr,As,Cl,1.7,1.51553,
primary,gkf,7,35,halide_rule,Sr3AsI3,Sr,As,I,1.265,0.737733,
primary,gkf,7,36,halide_rule,Sr3PBr3,Sr,P,Br,1.55,1.3804,
primary,gkf,7,37,halide_rule,Sr3PCl3,Sr,P,Cl,1.677,1.596757,
primary,gkf,7,35,halide_rule,Sr3PI3,Sr,P,I,1.258,0.737733,
primary,gkf,7,38,halide_rule,Sr3SbCl3,Sr,Sb,Cl,1.712,1.38975,
primary,gkf,7,38,halide_rule,Sr3SbI3,Sr,Sb,I,1.31,0.769463,
primary,gkf,8,43,halide_rule,Ba3AsBr3,Ba,As,Br,0.92,1.350125,
primary,gkf,8,41,halide_rule,Ba3AsCl3,Ba,As,Cl,0.969,1.650333,
primary,gkf,8,43,halide_rule,Ba3AsI3,Ba,As,I,0.802,0.84106,
primary,gkf,8,44,halide_rule,Ba3BiBr3,Ba,Bi,Br,0.912,1.26152,
primary,gkf,8,41,halide_rule,Ba3BiCl3,Ba,Bi,Cl,0.957,1.650333,
primary,gkf,8,42,halide_rule,Ba3BiI3,Ba,Bi,I,0.786,0.870714,
primary,gkf,8,43,halide_rule,Ba3PBr3,Ba,P,Br,0.944,1.350125,
primary,gkf,8,43,halide_rule,Ba3PCl3,Ba,P,Cl,0.964,1.539589,
primary,gkf,8,40,halide_rule,Ba3PI3,Ba,P,I,0.764,0.891289,
primary,gkf,8,40,halide_rule,Ba3SbBr3,Ba,Sb,Br,1.0819,1.252656,
primary,gkf,8,41,halide_rule,Ba3SbCl3,Ba,Sb,Cl,1.002,1.650333,
primary,gkf,8,42,halide_rule,Ba3SbI3,Ba,Sb,I,0.78,0.870714,
primary,gkf,8,42,halide_rule,Ca3AsBr3,Ca,As,Br,1.634,1.2836,
primary,gkf,8,44,halide_rule,Ca3AsF3,Ca,As,F,2.27,2.630667,
primary,gkf,8,40,halide_rule,Ca3BiI3,Ca,Bi,I,1.36,0.891289,
primary,gkf,8,44,halide_rule,Ca3PBr3,Ca,P,Br,1.8846,1.26152,
primary,gkf,8,43,halide_rule,Ca3PCl3,Ca,P,Cl,2.035,1.539589,
primary,gkf,8,41,halide_rule,Ca3PF3,Ca,P,F,2.518,2.548,
primary,gkf,8,42,halide_rule,Ca3PI3,Ca,P,I,1.4909,0.870714,
primary,gkf,8,43,halide_rule,Ca3SbBr3,Ca,Sb,Br,1.782,1.350125,
primary,gkf,8,44,halide_rule,Ca3SbCl3,Ca,Sb,Cl,1.814,1.458038,
primary,gkf,8,40,halide_rule,Ca3SbF3,Ca,Sb,F,2.19,2.657333,
primary,gkf,8,41,halide_rule,Mg3AsBr3,Mg,As,Br,1.2907,1.283736,
primary,gkf,8,43,halide_rule,Mg3BiBr3,Mg,Bi,Br,0.9648,1.350125,
primary,gkf,8,41,halide_rule,Mg3BiI3,Mg,Bi,I,0.224,0.936236,
primary,gkf,8,40,halide_rule,Mg3PBr3,Mg,P,Br,1.506,1.252656,
primary,gkf,8,41,halide_rule,Mg3PCl3,Mg,P,Cl,2.297,1.650333,
primary,gkf,8,40,halide_rule,Mg3PI3,Mg,P,I,0.377,0.891289,
primary,gkf,8,42,halide_rule,Mg3SbBr3,Mg,Sb,Br,0.9418,1.2836,
primary,gkf,8,41,halide_rule,Mg3SbCl3,Mg,Sb,Cl,1.7283,1.650333,
primary,gkf,8,42,halide_rule,Mg3SbF3,Mg,Sb,F,3.184,2.326,
primary,gkf,8,42,halide_rule,Mg3SbI3,Mg,Sb,I,0.1057,0.870714,
primary,gkf,8,44,halide_rule,Sr3AsCl3,Sr,As,Cl,1.7,1.458038,
primary,gkf,8,42,halide_rule,Sr3AsI3,Sr,As,I,1.265,0.870714,
primary,gkf,8,40,halide_rule,Sr3PBr3,Sr,P,Br,1.55,1.252656,
primary,gkf,8,44,halide_rule,Sr3PCl3,Sr,P,Cl,1.677,1.458038,
primary,gkf,8,44,halide_rule,Sr3PI3,Sr,P,I,1.258,0.842236,
primary,gkf,8,40,halide_rule,Sr3SbCl3,Sr,Sb,Cl,1.712,1.51433,
primary,gkf,8,43,halide_rule,Sr3SbI3,Sr,Sb,I,1.31,0.84106,
primary,gkf,9,48,halide_rule,Ba3AsBr3,Ba,As,Br,0.92,1.268789,
primary,gkf,9,47,halide_rule,Ba3AsCl3,Ba,As,Cl,0.969,1.658033,
primary,gkf,9,48,halide_rule,Ba3AsI3,Ba,As,I,0.802,0.84556,
primary,gkf,9,45,halide_rule,Ba3BiBr3,Ba,Bi,Br,0.912,1.324644,
primary,gkf,9,45,halide_rule,Ba3BiCl3,Ba,Bi,Cl,0.957,1.58983,
primary,gkf,9,49,halide_rule,Ba3BiI3,Ba,Bi,I,0.786,0.84786,
primary,gkf,9,45,halide_rule,Ba3PBr3,Ba,P,Br,0.944,1.324644,
primary,gkf,9,47,halide_rule,Ba3PCl3,Ba,P,Cl,0.964,1.658033,
primary,gkf,9,45,halide_rule,Ba3PI3,Ba,P,I,0.764,0.91145,
primary,gkf,9,47,halide_rule,Ba3SbBr3,Ba,Sb,Br,1.0819,1.28239,
primary,gkf,9,46,halide_rule,Ba3SbCl3,Ba,Sb,Cl,1.002,1.352667,
primary,gkf,9,45,halide_rule,Ba3SbI3,Ba,Sb,I,0.78,0.91145,
primary,gkf,9,45,halide_rule,Ca3AsBr3,Ca,As,Br,1.634,1.324644,
primary,gkf,9,47,halide_rule,Ca3AsF3,Ca,As,F,2.27,2.851,
primary,gkf,9,47,halide_rule,Ca3BiI3,Ca,Bi,I,1.36,0.89386,
primary,gkf,9,46,halide_rule,Ca3PBr3,Ca,P,Br,1.8846,1.229745,
primary,gkf,9,46,halide_rule,Ca3PCl3,Ca,P,Cl,2.035,1.352667,
primary,gkf,9,48,halide_rule,Ca3PF3,Ca,P,F,2.518,2.548,
primary,gkf,9,46,halide_rule,Ca3PI3,Ca,P,I,1.4909,0.8926,
primary,gkf,9,48,halide_rule,Ca3SbBr3,Ca,Sb,Br,1.782,1.268789,
primary,gkf,9,48,halide_rule,Ca3SbCl3,Ca,Sb,Cl,1.814,1.481033,
primary,gkf,9,47,halide_rule,Ca3SbF3,Ca,Sb,F,2.19,2.851,
primary,gkf,9,48,halide_rule,Mg3AsBr3,Mg,As,Br,1.2907,1.268789,
primary,gkf,9,49,halide_rule,Mg3BiBr3,Mg,Bi,Br,0.9648,1.328356,
primary,gkf,9,47,halide_rule,Mg3BiI3,Mg,Bi,I,0.224,0.89386,
primary,gkf,9,47,halide_rule,Mg3PBr3,Mg,P,Br,1.506,1.28239,
primary,gkf,9,46,halide_rule,Mg3PCl3,Mg,P,Cl,2.297,1.352667,
primary,gkf,9,45,halide_rule,Mg3PI3,Mg,P,I,0.377,0.91145,
primary,gkf,9,49,halide_rule,Mg3SbBr3,Mg,Sb,Br,0.9418,1.328356,
primary,gkf,9,46,halide_rule,Mg3SbCl3,Mg,Sb,Cl,1.7283,1.352667,
primary,gkf,9,49,halide_rule,Mg3SbF3,Mg,Sb,F,3.184,2.326,
primary,gkf,9,46,halide_rule,Mg3SbI3,Mg,Sb,I,0.1057,0.8926,
primary,gkf,9,49,halide_rule,Sr3AsCl3,Sr,As,Cl,1.7,1.51553,
primary,gkf,9,48,halide_rule,Sr3AsI3,Sr,As,I,1.265,0.84556,
primary,gkf,9,49,halide_rule,Sr3PBr3,Sr,P,Br,1.55,1.328356,
primary,gkf,9,46,halide_rule,Sr3PCl3,Sr,P,Cl,1.677,1.352667,
primary,gkf,9,49,halide_rule,Sr3PI3,Sr,P,I,1.258,0.84786,
primary,gkf,9,48,halide_rule,Sr3SbCl3,Sr,Sb,Cl,1.712,1.481033,
primary,gkf,9,45,halide_rule,Sr3SbI3,Sr,Sb,I,1.31,0.91145,
primary,gkf,0,2,mean,Ba3AsBr3,Ba,As,Br,0.92,1.367377,
primary,gkf,0,2,mean,Ba3AsCl3,Ba,As,Cl,0.969,1.367377,
primary,gkf,0,3,mean,Ba3AsI3,Ba,As,I,0.802,1.426126,
primary,gkf,0,3,mean,Ba3BiBr3,Ba,Bi,Br,0.912,1.426126,
primary,gkf,0,0,mean,Ba3BiCl3,Ba,Bi,Cl,0.957,1.303216,
primary,gkf,0,2,mean,Ba3BiI3,Ba,Bi,I,0.786,1.367377,
primary,gkf,0,0,mean,Ba3PBr3,Ba,P,Br,0.944,1.303216,
primary,gkf,0,4,mean,Ba3PCl3,Ba,P,Cl,0.964,1.368134,
primary,gkf,0,1,mean,Ba3PI3,Ba,P,I,0.764,1.32349,
primary,gkf,0,1,mean,Ba3SbBr3,Ba,Sb,Br,1.0819,1.32349,
primary,gkf,0,3,mean,Ba3SbCl3,Ba,Sb,Cl,1.002,1.426126,
primary,gkf,0,2,mean,Ba3SbI3,Ba,Sb,I,0.78,1.367377,
primary,gkf,0,1,mean,Ca3AsBr3,Ca,As,Br,1.634,1.32349,
primary,gkf,0,0,mean,Ca3AsF3,Ca,As,F,2.27,1.303216,
primary,gkf,0,4,mean,Ca3BiI3,Ca,Bi,I,1.36,1.368134,
primary,gkf,0,1,mean,Ca3PBr3,Ca,P,Br,1.8846,1.32349,
primary,gkf,0,1,mean,Ca3PCl3,Ca,P,Cl,2.035,1.32349,
primary,gkf,0,1,mean,Ca3PF3,Ca,P,F,2.518,1.32349,
primary,gkf,0,4,mean,Ca3PI3,Ca,P,I,1.4909,1.368134,
primary,gkf,0,1,mean,Ca3SbBr3,Ca,Sb,Br,1.782,1.32349,
primary,gkf,0,4,mean,Ca3SbCl3,Ca,Sb,Cl,1.814,1.368134,
primary,gkf,0,2,mean,Ca3SbF3,Ca,Sb,F,2.19,1.367377,
primary,gkf,0,4,mean,Mg3AsBr3,Mg,As,Br,1.2907,1.368134,
primary,gkf,0,3,mean,Mg3BiBr3,Mg,Bi,Br,0.9648,1.426126,
primary,gkf,0,1,mean,Mg3BiI3,Mg,Bi,I,0.224,1.32349,
primary,gkf,0,2,mean,Mg3PBr3,Mg,P,Br,1.506,1.367377,
primary,gkf,0,0,mean,Mg3PCl3,Mg,P,Cl,2.297,1.303216,
primary,gkf,0,0,mean,Mg3PI3,Mg,P,I,0.377,1.303216,
primary,gkf,0,4,mean,Mg3SbBr3,Mg,Sb,Br,0.9418,1.368134,
primary,gkf,0,3,mean,Mg3SbCl3,Mg,Sb,Cl,1.7283,1.426126,
primary,gkf,0,0,mean,Mg3SbF3,Mg,Sb,F,3.184,1.303216,
primary,gkf,0,3,mean,Mg3SbI3,Mg,Sb,I,0.1057,1.426126,
primary,gkf,0,2,mean,Sr3AsCl3,Sr,As,Cl,1.7,1.367377,
primary,gkf,0,0,mean,Sr3AsI3,Sr,As,I,1.265,1.303216,
primary,gkf,0,3,mean,Sr3PBr3,Sr,P,Br,1.55,1.426126,
primary,gkf,0,3,mean,Sr3PCl3,Sr,P,Cl,1.677,1.426126,
primary,gkf,0,0,mean,Sr3PI3,Sr,P,I,1.258,1.303216,
primary,gkf,0,2,mean,Sr3SbCl3,Sr,Sb,Cl,1.712,1.367377,
primary,gkf,0,4,mean,Sr3SbI3,Sr,Sb,I,1.31,1.368134,
primary,gkf,1,5,mean,Ba3AsBr3,Ba,As,Br,0.92,1.433123,
primary,gkf,1,8,mean,Ba3AsCl3,Ba,As,Cl,0.969,1.274313,
primary,gkf,1,7,mean,Ba3AsI3,Ba,As,I,0.802,1.372442,
primary,gkf,1,9,mean,Ba3BiBr3,Ba,Bi,Br,0.912,1.359553,
primary,gkf,1,5,mean,Ba3BiCl3,Ba,Bi,Cl,0.957,1.433123,
primary,gkf,1,6,mean,Ba3BiI3,Ba,Bi,I,0.786,1.34919,
primary,gkf,1,9,mean,Ba3PBr3,Ba,P,Br,0.944,1.359553,
primary,gkf,1,7,mean,Ba3PCl3,Ba,P,Cl,0.964,1.372442,
primary,gkf,1,9,mean,Ba3PI3,Ba,P,I,0.764,1.359553,
primary,gkf,1,6,mean,Ba3SbBr3,Ba,Sb,Br,1.0819,1.34919,
primary,gkf,1,5,mean,Ba3SbCl3,Ba,Sb,Cl,1.002,1.433123,
primary,gkf,1,7,mean,Ba3SbI3,Ba,Sb,I,0.78,1.372442,
primary,gkf,1,5,mean,Ca3AsBr3,Ca,As,Br,1.634,1.433123,
primary,gkf,1,9,mean,Ca3AsF3,Ca,As,F,2.27,1.359553,
primary,gkf,1,8,mean,Ca3BiI3,Ca,Bi,I,1.36,1.274313,
primary,gkf,1,6,mean,Ca3PBr3,Ca,P,Br,1.8846,1.34919,
primary,gkf,1,7,mean,Ca3PCl3,Ca,P,Cl,2.035,1.372442,
primary,gkf,1,9,mean,Ca3PF3,Ca,P,F,2.518,1.359553,
primary,gkf,1,6,mean,Ca3PI3,Ca,P,I,1.4909,1.34919,
primary,gkf,1,8,mean,Ca3SbBr3,Ca,Sb,Br,1.782,1.274313,
primary,gkf,1,9,mean,Ca3SbCl3,Ca,Sb,Cl,1.814,1.359553,
primary,gkf,1,6,mean,Ca3SbF3,Ca,Sb,F,2.19,1.34919,
primary,gkf,1,6,mean,Mg3AsBr3,Mg,As,Br,1.2907,1.34919,
primary,gkf,1,5,mean,Mg3BiBr3,Mg,Bi,Br,0.9648,1.433123,
primary,gkf,1,9,mean,Mg3BiI3,Mg,Bi,I,0.224,1.359553,
primary,gkf,1,8,mean,Mg3PBr3,Mg,P,Br,1.506,1.274313,
primary,gkf,1,6,mean,Mg3PCl3,Mg,P,Cl,2.297,1.34919,
primary,gkf,1,5,mean,Mg3PI3,Mg,P,I,0.377,1.433123,
primary,gkf,1,5,mean,Mg3SbBr3,Mg,Sb,Br,0.9418,1.433123,
primary,gkf,1,5,mean,Mg3SbCl3,Mg,Sb,Cl,1.7283,1.433123,
primary,gkf,1,8,mean,Mg3SbF3,Mg,Sb,F,3.184,1.274313,
primary,gkf,1,6,mean,Mg3SbI3,Mg,Sb,I,0.1057,1.34919,
primary,gkf,1,7,mean,Sr3AsCl3,Sr,As,Cl,1.7,1.372442,
primary,gkf,1,7,mean,Sr3AsI3,Sr,As,I,1.265,1.372442,
primary,gkf,1,7,mean,Sr3PBr3,Sr,P,Br,1.55,1.372442,
primary,gkf,1,8,mean,Sr3PCl3,Sr,P,Cl,1.677,1.274313,
primary,gkf,1,8,mean,Sr3PI3,Sr,P,I,1.258,1.274313,
primary,gkf,1,8,mean,Sr3SbCl3,Sr,Sb,Cl,1.712,1.274313,
primary,gkf,1,7,mean,Sr3SbI3,Sr,Sb,I,1.31,1.372442,
primary,gkf,2,12,mean,Ba3AsBr3,Ba,As,Br,0.92,1.427329,
primary,gkf,2,10,mean,Ba3AsCl3,Ba,As,Cl,0.969,1.384252,
primary,gkf,2,11,mean,Ba3AsI3,Ba,As,I,0.802,1.384903,
primary,gkf,2,10,mean,Ba3BiBr3,Ba,Bi,Br,0.912,1.384252,
primary,gkf,2,10,mean,Ba3BiCl3,Ba,Bi,Cl,0.957,1.384252,
primary,gkf,2,10,mean,Ba3BiI3,Ba,Bi,I,0.786,1.384252,
primary,gkf,2,12,mean,Ba3PBr3,Ba,P,Br,0.944,1.427329,
primary,gkf,2,14,mean,Ba3PCl3,Ba,P,Cl,0.964,1.265437,
primary,gkf,2,12,mean,Ba3PI3,Ba,P,I,0.764,1.427329,
primary,gkf,2,10,mean,Ba3SbBr3,Ba,Sb,Br,1.0819,1.384252,
primary,gkf,2,10,mean,Ba3SbCl3,Ba,Sb,Cl,1.002,1.384252,
primary,gkf,2,11,mean,Ba3SbI3,Ba,Sb,I,0.78,1.384903,
primary,gkf,2,13,mean,Ca3AsBr3,Ca,As,Br,1.634,1.329735,
primary,gkf,2,14,mean,Ca3AsF3,Ca,As,F,2.27,1.265437,
primary,gkf,2,14,mean,Ca3BiI3,Ca,Bi,I,1.36,1.265437,
primary,gkf,2,13,mean,Ca3PBr3,Ca,P,Br,1.8846,1.329735,
primary,gkf,2,10,mean,Ca3PCl3,Ca,P,Cl,2.035,1.384252,
primary,gkf,2,13,mean,Ca3PF3,Ca,P,F,2.518,1.329735,
primary,gkf,2,11,mean,Ca3PI3,Ca,P,I,1.4909,1.384903,
primary,gkf,2,11,mean,Ca3SbBr3,Ca,Sb,Br,1.782,1.384903,
primary,gkf,2,13,mean,Ca3SbCl3,Ca,Sb,Cl,1.814,1.329735,
primary,gkf,2,12,mean,Ca3SbF3,Ca,Sb,F,2.19,1.427329,
primary,gkf,2,14,mean,Mg3AsBr3,Mg,As,Br,1.2907,1.265437,
primary,gkf,2,12,mean,Mg3BiBr3,Mg,Bi,Br,0.9648,1.427329,
primary,gkf,2,13,mean,Mg3BiI3,Mg,Bi,I,0.224,1.329735,
primary,gkf,2,12,mean,Mg3PBr3,Mg,P,Br,1.506,1.427329,
primary,gkf,2,10,mean,Mg3PCl3,Mg,P,Cl,2.297,1.384252,
primary,gkf,2,13,mean,Mg3PI3,Mg,P,I,0.377,1.329735,
primary,gkf,2,11,mean,Mg3SbBr3,Mg,Sb,Br,0.9418,1.384903,
primary,gkf,2,13,mean,Mg3SbCl3,Mg,Sb,Cl,1.7283,1.329735,
primary,gkf,2,14,mean,Mg3SbF3,Mg,Sb,F,3.184,1.265437,
primary,gkf,2,12,mean,Mg3SbI3,Mg,Sb,I,0.1057,1.427329,
primary,gkf,2,11,mean,Sr3AsCl3,Sr,As,Cl,1.7,1.384903,
primary,gkf,2,11,mean,Sr3AsI3,Sr,As,I,1.265,1.384903,
primary,gkf,2,13,mean,Sr3PBr3,Sr,P,Br,1.55,1.329735,
primary,gkf,2,14,mean,Sr3PCl3,Sr,P,Cl,1.677,1.265437,
primary,gkf,2,11,mean,Sr3PI3,Sr,P,I,1.258,1.384903,
primary,gkf,2,14,mean,Sr3SbCl3,Sr,Sb,Cl,1.712,1.265437,
primary,gkf,2,12,mean,Sr3SbI3,Sr,Sb,I,1.31,1.427329,
primary,gkf,3,17,mean,Ba3AsBr3,Ba,As,Br,0.92,1.24711,
primary,gkf,3,15,mean,Ba3AsCl3,Ba,As,Cl,0.969,1.433552,
primary,gkf,3,18,mean,Ba3AsI3,Ba,As,I,0.802,1.32431,
primary,gkf,3,15,mean,Ba3BiBr3,Ba,Bi,Br,0.912,1.433552,
primary,gkf,3,18,mean,Ba3BiCl3,Ba,Bi,Cl,0.957,1.32431,
primary,gkf,3,15,mean,Ba3BiI3,Ba,Bi,I,0.786,1.433552,
primary,gkf,3,19,mean,Ba3PBr3,Ba,P,Br,0.944,1.441022,
primary,gkf,3,19,mean,Ba3PCl3,Ba,P,Cl,0.964,1.441022,
primary,gkf,3,19,mean,Ba3PI3,Ba,P,I,0.764,1.441022,
primary,gkf,3,16,mean,Ba3SbBr3,Ba,Sb,Br,1.0819,1.34,
primary,gkf,3,16,mean,Ba3SbCl3,Ba,Sb,Cl,1.002,1.34,
primary,gkf,3,19,mean,Ba3SbI3,Ba,Sb,I,0.78,1.441022,
primary,gkf,3,16,mean,Ca3AsBr3,Ca,As,Br,1.634,1.34,
primary,gkf,3,17,mean,Ca3AsF3,Ca,As,F,2.27,1.24711,
primary,gkf,3,17,mean,Ca3BiI3,Ca,Bi,I,1.36,1.24711,
primary,gkf,3,18,mean,Ca3PBr3,Ca,P,Br,1.8846,1.32431,
primary,gkf,3,16,mean,Ca3PCl3,Ca,P,Cl,2.035,1.34,
primary,gkf,3,15,mean,Ca3PF3,Ca,P,F,2.518,1.433552,
primary,gkf,3,15,mean,Ca3PI3,Ca,P,I,1.4909,1.433552,
primary,gkf,3,16,mean,Ca3SbBr3,Ca,Sb,Br,1.782,1.34,
primary,gkf,3,17,mean,Ca3SbCl3,Ca,Sb,Cl,1.814,1.24711,
primary,gkf,3,17,mean,Ca3SbF3,Ca,Sb,F,2.19,1.24711,
primary,gkf,3,18,mean,Mg3AsBr3,Mg,As,Br,1.2907,1.32431,
primary,gkf,3,18,mean,Mg3BiBr3,Mg,Bi,Br,0.9648,1.32431,
primary,gkf,3,15,mean,Mg3BiI3,Mg,Bi,I,0.224,1.433552,
primary,gkf,3,15,mean,Mg3PBr3,Mg,P,Br,1.506,1.433552,
primary,gkf,3,17,mean,Mg3PCl3,Mg,P,Cl,2.297,1.24711,
primary,gkf,3,19,mean,Mg3PI3,Mg,P,I,0.377,1.441022,
primary,gkf,3,16,mean,Mg3SbBr3,Mg,Sb,Br,0.9418,1.34,
primary,gkf,3,17,mean,Mg3SbCl3,Mg,Sb,Cl,1.7283,1.24711,
primary,gkf,3,18,mean,Mg3SbF3,Mg,Sb,F,3.184,1.32431,
primary,gkf,3,15,mean,Mg3SbI3,Mg,Sb,I,0.1057,1.433552,
primary,gkf,3,19,mean,Sr3AsCl3,Sr,As,Cl,1.7,1.441022,
primary,gkf,3,18,mean,Sr3AsI3,Sr,As,I,1.265,1.32431,
primary,gkf,3,18,mean,Sr3PBr3,Sr,P,Br,1.55,1.32431,
primary,gkf,3,16,mean,Sr3PCl3,Sr,P,Cl,1.677,1.34,
primary,gkf,3,16,mean,Sr3PI3,Sr,P,I,1.258,1.34,
primary,gkf,3,17,mean,Sr3SbCl3,Sr,Sb,Cl,1.712,1.24711,
primary,gkf,3,19,mean,Sr3SbI3,Sr,Sb,I,1.31,1.441022,
primary,gkf,4,22,mean,Ba3AsBr3,Ba,As,Br,0.92,1.369013,
primary,gkf,4,23,mean,Ba3AsCl3,Ba,As,Cl,0.969,1.379739,
primary,gkf,4,21,mean,Ba3AsI3,Ba,As,I,0.802,1.274797,
primary,gkf,4,21,mean,Ba3BiBr3,Ba,Bi,Br,0.912,1.274797,
primary,gkf,4,20,mean,Ba3BiCl3,Ba,Bi,Cl,0.957,1.357365,
primary,gkf,4,22,mean,Ba3BiI3,Ba,Bi,I,0.786,1.369013,
primary,gkf,4,24,mean,Ba3PBr3,Ba,P,Br,0.944,1.406203,
primary,gkf,4,20,mean,Ba3PCl3,Ba,P,Cl,0.964,1.357365,
primary,gkf,4,21,mean,Ba3PI3,Ba,P,I,0.764,1.274797,
primary,gkf,4,23,mean,Ba3SbBr3,Ba,Sb,Br,1.0819,1.379739,
primary,gkf,4,22,mean,Ba3SbCl3,Ba,Sb,Cl,1.002,1.369013,
primary,gkf,4,22,mean,Ba3SbI3,Ba,Sb,I,0.78,1.369013,
primary,gkf,4,24,mean,Ca3AsBr3,Ca,As,Br,1.634,1.406203,
primary,gkf,4,20,mean,Ca3AsF3,Ca,As,F,2.27,1.357365,
primary,gkf,4,24,mean,Ca3BiI3,Ca,Bi,I,1.36,1.406203,
primary,gkf,4,20,mean,Ca3PBr3,Ca,P,Br,1.8846,1.357365,
primary,gkf,4,21,mean,Ca3PCl3,Ca,P,Cl,2.035,1.274797,
primary,gkf,4,21,mean,Ca3PF3,Ca,P,F,2.518,1.274797,
primary,gkf,4,23,mean,Ca3PI3,Ca,P,I,1.4909,1.379739,
primary,gkf,4,22,mean,Ca3SbBr3,Ca,Sb,Br,1.782,1.369013,
primary,gkf,4,22,mean,Ca3SbCl3,Ca,Sb,Cl,1.814,1.369013,
primary,gkf,4,23,mean,Ca3SbF3,Ca,Sb,F,2.19,1.379739,
primary,gkf,4,24,mean,Mg3AsBr3,Mg,As,Br,1.2907,1.406203,
primary,gkf,4,20,mean,Mg3BiBr3,Mg,Bi,Br,0.9648,1.357365,
primary,gkf,4,23,mean,Mg3BiI3,Mg,Bi,I,0.224,1.379739,
primary,gkf,4,21,mean,Mg3PBr3,Mg,P,Br,1.506,1.274797,
primary,gkf,4,23,mean,Mg3PCl3,Mg,P,Cl,2.297,1.379739,
primary,gkf,4,23,mean,Mg3PI3,Mg,P,I,0.377,1.379739,
primary,gkf,4,24,mean,Mg3SbBr3,Mg,Sb,Br,0.9418,1.406203,
primary,gkf,4,22,mean,Mg3SbCl3,Mg,Sb,Cl,1.7283,1.369013,
primary,gkf,4,21,mean,Mg3SbF3,Mg,Sb,F,3.184,1.274797,
primary,gkf,4,24,mean,Mg3SbI3,Mg,Sb,I,0.1057,1.406203,
primary,gkf,4,22,mean,Sr3AsCl3,Sr,As,Cl,1.7,1.369013,
primary,gkf,4,20,mean,Sr3AsI3,Sr,As,I,1.265,1.357365,
primary,gkf,4,23,mean,Sr3PBr3,Sr,P,Br,1.55,1.379739,
primary,gkf,4,24,mean,Sr3PCl3,Sr,P,Cl,1.677,1.406203,
primary,gkf,4,20,mean,Sr3PI3,Sr,P,I,1.258,1.357365,
primary,gkf,4,21,mean,Sr3SbCl3,Sr,Sb,Cl,1.712,1.274797,
primary,gkf,4,20,mean,Sr3SbI3,Sr,Sb,I,1.31,1.357365,
primary,gkf,5,27,mean,Ba3AsBr3,Ba,As,Br,0.92,1.385242,
primary,gkf,5,29,mean,Ba3AsCl3,Ba,As,Cl,0.969,1.443881,
primary,gkf,5,28,mean,Ba3AsI3,Ba,As,I,0.802,1.273706,
primary,gkf,5,26,mean,Ba3BiBr3,Ba,Bi,Br,0.912,1.393865,
primary,gkf,5,28,mean,Ba3BiCl3,Ba,Bi,Cl,0.957,1.273706,
primary,gkf,5,26,mean,Ba3BiI3,Ba,Bi,I,0.786,1.393865,
primary,gkf,5,26,mean,Ba3PBr3,Ba,P,Br,0.944,1.393865,
primary,gkf,5,26,mean,Ba3PCl3,Ba,P,Cl,0.964,1.393865,
primary,gkf,5,25,mean,Ba3PI3,Ba,P,I,0.764,1.289206,
primary,gkf,5,26,mean,Ba3SbBr3,Ba,Sb,Br,1.0819,1.393865,
primary,gkf,5,26,mean,Ba3SbCl3,Ba,Sb,Cl,1.002,1.393865,
primary,gkf,5,29,mean,Ba3SbI3,Ba,Sb,I,0.78,1.443881,
primary,gkf,5,25,mean,Ca3AsBr3,Ca,As,Br,1.634,1.289206,
primary,gkf,5,26,mean,Ca3AsF3,Ca,As,F,2.27,1.393865,
primary,gkf,5,29,mean,Ca3BiI3,Ca,Bi,I,1.36,1.443881,
primary,gkf,5,25,mean,Ca3PBr3,Ca,P,Br,1.8846,1.289206,
primary,gkf,5,28,mean,Ca3PCl3,Ca,P,Cl,2.035,1.273706,
primary,gkf,5,25,mean,Ca3PF3,Ca,P,F,2.518,1.289206,
primary,gkf,5,27,mean,Ca3PI3,Ca,P,I,1.4909,1.385242,
primary,gkf,5,26,mean,Ca3SbBr3,Ca,Sb,Br,1.782,1.393865,
primary,gkf,5,27,mean,Ca3SbCl3,Ca,Sb,Cl,1.814,1.385242,
primary,gkf,5,27,mean,Ca3SbF3,Ca,Sb,F,2.19,1.385242,
primary,gkf,5,25,mean,Mg3AsBr3,Mg,As,Br,1.2907,1.289206,
primary,gkf,5,29,mean,Mg3BiBr3,Mg,Bi,Br,0.9648,1.443881,
primary,gkf,5,27,mean,Mg3BiI3,Mg,Bi,I,0.224,1.385242,
primary,gkf,5,25,mean,Mg3PBr3,Mg,P,Br,1.506,1.289206,
primary,gkf,5,28,mean,Mg3PCl3,Mg,P,Cl,2.297,1.273706,
primary,gkf,5,27,mean,Mg3PI3,Mg,P,I,0.377,1.385242,
primary,gkf,5,28,mean,Mg3SbBr3,Mg,Sb,Br,0.9418,1.273706,
primary,gkf,5,27,mean,Mg3SbCl3,Mg,Sb,Cl,1.7283,1.385242,
primary,gkf,5,28,mean,Mg3SbF3,Mg,Sb,F,3.184,1.273706,
primary,gkf,5,29,mean,Mg3SbI3,Mg,Sb,I,0.1057,1.443881,
primary,gkf,5,28,mean,Sr3AsCl3,Sr,As,Cl,1.7,1.273706,
primary,gkf,5,27,mean,Sr3AsI3,Sr,As,I,1.265,1.385242,
primary,gkf,5,28,mean,Sr3PBr3,Sr,P,Br,1.55,1.273706,
primary,gkf,5,25,mean,Sr3PCl3,Sr,P,Cl,1.677,1.289206,
primary,gkf,5,29,mean,Sr3PI3,Sr,P,I,1.258,1.443881,
primary,gkf,5,25,mean,Sr3SbCl3,Sr,Sb,Cl,1.712,1.289206,
primary,gkf,5,29,mean,Sr3SbI3,Sr,Sb,I,1.31,1.443881,
primary,gkf,6,32,mean,Ba3AsBr3,Ba,As,Br,0.92,1.307226,
primary,gkf,6,31,mean,Ba3AsCl3,Ba,As,Cl,0.969,1.345061,
primary,gkf,6,33,mean,Ba3AsI3,Ba,As,I,0.802,1.409003,
primary,gkf,6,33,mean,Ba3BiBr3,Ba,Bi,Br,0.912,1.409003,
primary,gkf,6,30,mean,Ba3BiCl3,Ba,Bi,Cl,0.957,1.346629,
primary,gkf,6,34,mean,Ba3BiI3,Ba,Bi,I,0.786,1.380041,
primary,gkf,6,32,mean,Ba3PBr3,Ba,P,Br,0.944,1.307226,
primary,gkf,6,32,mean,Ba3PCl3,Ba,P,Cl,0.964,1.307226,
primary,gkf,6,34,mean,Ba3PI3,Ba,P,I,0.764,1.380041,
primary,gkf,6,30,mean,Ba3SbBr3,Ba,Sb,Br,1.0819,1.346629,
primary,gkf,6,34,mean,Ba3SbCl3,Ba,Sb,Cl,1.002,1.380041,
primary,gkf,6,31,mean,Ba3SbI3,Ba,Sb,I,0.78,1.345061,
primary,gkf,6,31,mean,Ca3AsBr3,Ca,As,Br,1.634,1.345061,
primary,gkf,6,30,mean,Ca3AsF3,Ca,As,F,2.27,1.346629,
primary,gkf,6,30,mean,Ca3BiI3,Ca,Bi,I,1.36,1.346629,
primary,gkf,6,34,mean,Ca3PBr3,Ca,P,Br,1.8846,1.380041,
primary,gkf,6,30,mean,Ca3PCl3,Ca,P,Cl,2.035,1.346629,
primary,gkf,6,31,mean,Ca3PF3,Ca,P,F,2.518,1.345061,
primary,gkf,6,33,mean,Ca3PI3,Ca,P,I,1.4909,1.409003,
primary,gkf,6,33,mean,Ca3SbBr3,Ca,Sb,Br,1.782,1.409003,
primary,gkf,6,31,mean,Ca3SbCl3,Ca,Sb,Cl,1.814,1.345061,
primary,gkf,6,32,mean,Ca3SbF3,Ca,Sb,F,2.19,1.307226,
primary,gkf,6,32,mean,Mg3AsBr3,Mg,As,Br,1.2907,1.307226,
primary,gkf,6,31,mean,Mg3BiBr3,Mg,Bi,Br,0.9648,1.345061,
primary,gkf,6,30,mean,Mg3BiI3,Mg,Bi,I,0.224,1.346629,
primary,gkf,6,33,mean,Mg3PBr3,Mg,P,Br,1.506,1.409003,
primary,gkf,6,33,mean,Mg3PCl3,Mg,P,Cl,2.297,1.409003,
primary,gkf,6,33,mean,Mg3PI3,Mg,P,I,0.377,1.409003,
primary,gkf,6,34,mean,Mg3SbBr3,Mg,Sb,Br,0.9418,1.380041,
primary,gkf,6,30,mean,Mg3SbCl3,Mg,Sb,Cl,1.7283,1.346629,
primary,gkf,6,32,mean,Mg3SbF3,Mg,Sb,F,3.184,1.307226,
primary,gkf,6,33,mean,Mg3SbI3,Mg,Sb,I,0.1057,1.409003,
primary,gkf,6,34,mean,Sr3AsCl3,Sr,As,Cl,1.7,1.380041,
primary,gkf,6,31,mean,Sr3AsI3,Sr,As,I,1.265,1.345061,
primary,gkf,6,30,mean,Sr3PBr3,Sr,P,Br,1.55,1.346629,
primary,gkf,6,32,mean,Sr3PCl3,Sr,P,Cl,1.677,1.307226,
primary,gkf,6,32,mean,Sr3PI3,Sr,P,I,1.258,1.307226,
primary,gkf,6,34,mean,Sr3SbCl3,Sr,Sb,Cl,1.712,1.380041,
primary,gkf,6,31,mean,Sr3SbI3,Sr,Sb,I,1.31,1.345061,
primary,gkf,7,39,mean,Ba3AsBr3,Ba,As,Br,0.92,1.432169,
primary,gkf,7,39,mean,Ba3AsCl3,Ba,As,Cl,0.969,1.432169,
primary,gkf,7,38,mean,Ba3AsI3,Ba,As,I,0.802,1.340542,
primary,gkf,7,36,mean,Ba3BiBr3,Ba,Bi,Br,0.912,1.398552,
primary,gkf,7,39,mean,Ba3BiCl3,Ba,Bi,Cl,0.957,1.432169,
primary,gkf,7,36,mean,Ba3BiI3,Ba,Bi,I,0.786,1.398552,
primary,gkf,7,35,mean,Ba3PBr3,Ba,P,Br,0.944,1.333058,
primary,gkf,7,37,mean,Ba3PCl3,Ba,P,Cl,0.964,1.281958,
primary,gkf,7,38,mean,Ba3PI3,Ba,P,I,0.764,1.340542,
primary,gkf,7,35,mean,Ba3SbBr3,Ba,Sb,Br,1.0819,1.333058,
primary,gkf,7,37,mean,Ba3SbCl3,Ba,Sb,Cl,1.002,1.281958,
primary,gkf,7,39,mean,Ba3SbI3,Ba,Sb,I,0.78,1.432169,
primary,gkf,7,35,mean,Ca3AsBr3,Ca,As,Br,1.634,1.333058,
primary,gkf,7,35,mean,Ca3AsF3,Ca,As,F,2.27,1.333058,
primary,gkf,7,35,mean,Ca3BiI3,Ca,Bi,I,1.36,1.333058,
primary,gkf,7,39,mean,Ca3PBr3,Ca,P,Br,1.8846,1.432169,
primary,gkf,7,37,mean,Ca3PCl3,Ca,P,Cl,2.035,1.281958,
primary,gkf,7,36,mean,Ca3PF3,Ca,P,F,2.518,1.398552,
primary,gkf,7,38,mean,Ca3PI3,Ca,P,I,1.4909,1.340542,
primary,gkf,7,37,mean,Ca3SbBr3,Ca,Sb,Br,1.782,1.281958,
primary,gkf,7,35,mean,Ca3SbCl3,Ca,Sb,Cl,1.814,1.333058,
primary,gkf,7,37,mean,Ca3SbF3,Ca,Sb,F,2.19,1.281958,
primary,gkf,7,38,mean,Mg3AsBr3,Mg,As,Br,1.2907,1.340542,
primary,gkf,7,36,mean,Mg3BiBr3,Mg,Bi,Br,0.9648,1.398552,
primary,gkf,7,36,mean,Mg3BiI3,Mg,Bi,I,0.224,1.398552,
primary,gkf,7,39,mean,Mg3PBr3,Mg,P,Br,1.506,1.432169,
primary,gkf,7,38,mean,Mg3PCl3,Mg,P,Cl,2.297,1.340542,
primary,gkf,7,37,mean,Mg3PI3,Mg,P,I,0.377,1.281958,
primary,gkf,7,36,mean,Mg3SbBr3,Mg,Sb,Br,0.9418,1.398552,
primary,gkf,7,38,mean,Mg3SbCl3,Mg,Sb,Cl,1.7283,1.340542,
primary,gkf,7,37,mean,Mg3SbF3,Mg,Sb,F,3.184,1.281958,
primary,gkf,7,39,mean,Mg3SbI3,Mg,Sb,I,0.1057,1.432169,
primary,gkf,7,36,mean,Sr3AsCl3,Sr,As,Cl,1.7,1.398552,
primary,gkf,7,35,mean,Sr3AsI3,Sr,As,I,1.265,1.333058,
primary,gkf,7,36,mean,Sr3PBr3,Sr,P,Br,1.55,1.398552,
primary,gkf,7,37,mean,Sr3PCl3,Sr,P,Cl,1.677,1.281958,
primary,gkf,7,35,mean,Sr3PI3,Sr,P,I,1.258,1.333058,
primary,gkf,7,38,mean,Sr3SbCl3,Sr,Sb,Cl,1.712,1.340542,
primary,gkf,7,38,mean,Sr3SbI3,Sr,Sb,I,1.31,1.340542,
primary,gkf,8,43,mean,Ba3AsBr3,Ba,As,Br,0.92,1.394513,
primary,gkf,8,41,mean,Ba3AsCl3,Ba,As,Cl,0.969,1.353732,
primary,gkf,8,43,mean,Ba3AsI3,Ba,As,I,0.802,1.394513,
primary,gkf,8,44,mean,Ba3BiBr3,Ba,Bi,Br,0.912,1.294878,
primary,gkf,8,41,mean,Ba3BiCl3,Ba,Bi,Cl,0.957,1.353732,
primary,gkf,8,42,mean,Ba3BiI3,Ba,Bi,I,0.786,1.379494,
primary,gkf,8,43,mean,Ba3PBr3,Ba,P,Br,0.944,1.394513,
primary,gkf,8,43,mean,Ba3PCl3,Ba,P,Cl,0.964,1.394513,
primary,gkf,8,40,mean,Ba3PI3,Ba,P,I,0.764,1.36809,
primary,gkf,8,40,mean,Ba3SbBr3,Ba,Sb,Br,1.0819,1.36809,
primary,gkf,8,41,mean,Ba3SbCl3,Ba,Sb,Cl,1.002,1.353732,
primary,gkf,8,42,mean,Ba3SbI3,Ba,Sb,I,0.78,1.379494,
primary,gkf,8,42,mean,Ca3AsBr3,Ca,As,Br,1.634,1.379494,
primary,gkf,8,44,mean,Ca3AsF3,Ca,As,F,2.27,1.294878,
primary,gkf,8,40,mean,Ca3BiI3,Ca,Bi,I,1.36,1.36809,
primary,gkf,8,44,mean,Ca3PBr3,Ca,P,Br,1.8846,1.294878,
primary,gkf,8,43,mean,Ca3PCl3,Ca,P,Cl,2.035,1.394513,
primary,gkf,8,41,mean,Ca3PF3,Ca,P,F,2.518,1.353732,
primary,gkf,8,42,mean,Ca3PI3,Ca,P,I,1.4909,1.379494,
primary,gkf,8,43,mean,Ca3SbBr3,Ca,Sb,Br,1.782,1.394513,
primary,gkf,8,44,mean,Ca3SbCl3,Ca,Sb,Cl,1.814,1.294878,
primary,gkf,8,40,mean,Ca3SbF3,Ca,Sb,F,2.19,1.36809,
primary,gkf,8,41,mean,Mg3AsBr3,Mg,As,Br,1.2907,1.353732,
primary,gkf,8,43,mean,Mg3BiBr3,Mg,Bi,Br,0.9648,1.394513,
primary,gkf,8,41,mean,Mg3BiI3,Mg,Bi,I,0.224,1.353732,
primary,gkf,8,40,mean,Mg3PBr3,Mg,P,Br,1.506,1.36809,
primary,gkf,8,41,mean,Mg3PCl3,Mg,P,Cl,2.297,1.353732,
primary,gkf,8,40,mean,Mg3PI3,Mg,P,I,0.377,1.36809,
primary,gkf,8,42,mean,Mg3SbBr3,Mg,Sb,Br,0.9418,1.379494,
primary,gkf,8,41,mean,Mg3SbCl3,Mg,Sb,Cl,1.7283,1.353732,
primary,gkf,8,42,mean,Mg3SbF3,Mg,Sb,F,3.184,1.379494,
primary,gkf,8,42,mean,Mg3SbI3,Mg,Sb,I,0.1057,1.379494,
primary,gkf,8,44,mean,Sr3AsCl3,Sr,As,Cl,1.7,1.294878,
primary,gkf,8,42,mean,Sr3AsI3,Sr,As,I,1.265,1.379494,
primary,gkf,8,40,mean,Sr3PBr3,Sr,P,Br,1.55,1.36809,
primary,gkf,8,44,mean,Sr3PCl3,Sr,P,Cl,1.677,1.294878,
primary,gkf,8,44,mean,Sr3PI3,Sr,P,I,1.258,1.294878,
primary,gkf,8,40,mean,Sr3SbCl3,Sr,Sb,Cl,1.712,1.36809,
primary,gkf,8,43,mean,Sr3SbI3,Sr,Sb,I,1.31,1.394513,
primary,gkf,9,48,mean,Ba3AsBr3,Ba,As,Br,0.92,1.317677,
primary,gkf,9,47,mean,Ba3AsCl3,Ba,As,Cl,0.969,1.367316,
primary,gkf,9,48,mean,Ba3AsI3,Ba,As,I,0.802,1.317677,
primary,gkf,9,45,mean,Ba3BiBr3,Ba,Bi,Br,0.912,1.460442,
primary,gkf,9,45,mean,Ba3BiCl3,Ba,Bi,Cl,0.957,1.460442,
primary,gkf,9,49,mean,Ba3BiI3,Ba,Bi,I,0.786,1.330222,
primary,gkf,9,45,mean,Ba3PBr3,Ba,P,Br,0.944,1.460442,
primary,gkf,9,47,mean,Ba3PCl3,Ba,P,Cl,0.964,1.367316,
primary,gkf,9,45,mean,Ba3PI3,Ba,P,I,0.764,1.460442,
primary,gkf,9,47,mean,Ba3SbBr3,Ba,Sb,Br,1.0819,1.367316,
primary,gkf,9,46,mean,Ba3SbCl3,Ba,Sb,Cl,1.002,1.31391,
primary,gkf,9,45,mean,Ba3SbI3,Ba,Sb,I,0.78,1.460442,
primary,gkf,9,45,mean,Ca3AsBr3,Ca,As,Br,1.634,1.460442,
primary,gkf,9,47,mean,Ca3AsF3,Ca,As,F,2.27,1.367316,
primary,gkf,9,47,mean,Ca3BiI3,Ca,Bi,I,1.36,1.367316,
primary,gkf,9,46,mean,Ca3PBr3,Ca,P,Br,1.8846,1.31391,
primary,gkf,9,46,mean,Ca3PCl3,Ca,P,Cl,2.035,1.31391,
primary,gkf,9,48,mean,Ca3PF3,Ca,P,F,2.518,1.317677,
primary,gkf,9,46,mean,Ca3PI3,Ca,P,I,1.4909,1.31391,
primary,gkf,9,48,mean,Ca3SbBr3,Ca,Sb,Br,1.782,1.317677,
primary,gkf,9,48,mean,Ca3SbCl3,Ca,Sb,Cl,1.814,1.317677,
primary,gkf,9,47,mean,Ca3SbF3,Ca,Sb,F,2.19,1.367316,
primary,gkf,9,48,mean,Mg3AsBr3,Mg,As,Br,1.2907,1.317677,
primary,gkf,9,49,mean,Mg3BiBr3,Mg,Bi,Br,0.9648,1.330222,
primary,gkf,9,47,mean,Mg3BiI3,Mg,Bi,I,0.224,1.367316,
primary,gkf,9,47,mean,Mg3PBr3,Mg,P,Br,1.506,1.367316,
primary,gkf,9,46,mean,Mg3PCl3,Mg,P,Cl,2.297,1.31391,
primary,gkf,9,45,mean,Mg3PI3,Mg,P,I,0.377,1.460442,
primary,gkf,9,49,mean,Mg3SbBr3,Mg,Sb,Br,0.9418,1.330222,
primary,gkf,9,46,mean,Mg3SbCl3,Mg,Sb,Cl,1.7283,1.31391,
primary,gkf,9,49,mean,Mg3SbF3,Mg,Sb,F,3.184,1.330222,
primary,gkf,9,46,mean,Mg3SbI3,Mg,Sb,I,0.1057,1.31391,
primary,gkf,9,49,mean,Sr3AsCl3,Sr,As,Cl,1.7,1.330222,
primary,gkf,9,48,mean,Sr3AsI3,Sr,As,I,1.265,1.317677,
primary,gkf,9,49,mean,Sr3PBr3,Sr,P,Br,1.55,1.330222,
primary,gkf,9,46,mean,Sr3PCl3,Sr,P,Cl,1.677,1.31391,
primary,gkf,9,49,mean,Sr3PI3,Sr,P,I,1.258,1.330222,
primary,gkf,9,48,mean,Sr3SbCl3,Sr,Sb,Cl,1.712,1.317677,
primary,gkf,9,45,mean,Sr3SbI3,Sr,Sb,I,1.31,1.460442,
primary,gkf,0,2,rf_magpie,Ba3AsBr3,Ba,As,Br,0.92,1.102274,
primary,gkf,0,2,rf_magpie,Ba3AsCl3,Ba,As,Cl,0.969,1.19175,
primary,gkf,0,3,rf_magpie,Ba3AsI3,Ba,As,I,0.802,0.865893,
primary,gkf,0,3,rf_magpie,Ba3BiBr3,Ba,Bi,Br,0.912,0.949412,
primary,gkf,0,0,rf_magpie,Ba3BiCl3,Ba,Bi,Cl,0.957,0.901909,
primary,gkf,0,2,rf_magpie,Ba3BiI3,Ba,Bi,I,0.786,0.876301,
primary,gkf,0,0,rf_magpie,Ba3PBr3,Ba,P,Br,0.944,0.967021,
primary,gkf,0,4,rf_magpie,Ba3PCl3,Ba,P,Cl,0.964,0.992077,
primary,gkf,0,1,rf_magpie,Ba3PI3,Ba,P,I,0.764,0.874668,
primary,gkf,0,1,rf_magpie,Ba3SbBr3,Ba,Sb,Br,1.0819,0.933485,
primary,gkf,0,3,rf_magpie,Ba3SbCl3,Ba,Sb,Cl,1.002,1.029568,
primary,gkf,0,2,rf_magpie,Ba3SbI3,Ba,Sb,I,0.78,0.874114,
primary,gkf,0,1,rf_magpie,Ca3AsBr3,Ca,As,Br,1.634,1.485364,
primary,gkf,0,0,rf_magpie,Ca3AsF3,Ca,As,F,2.27,2.203214,
primary,gkf,0,4,rf_magpie,Ca3BiI3,Ca,Bi,I,1.36,0.975217,
primary,gkf,0,1,rf_magpie,Ca3PBr3,Ca,P,Br,1.8846,1.565813,
primary,gkf,0,1,rf_magpie,Ca3PCl3,Ca,P,Cl,2.035,1.90933,
primary,gkf,0,1,rf_magpie,Ca3PF3,Ca,P,F,2.518,2.283668,
primary,gkf,0,4,rf_magpie,Ca3PI3,Ca,P,I,1.4909,1.226628,
primary,gkf,0,1,rf_magpie,Ca3SbBr3,Ca,Sb,Br,1.782,1.448813,
primary,gkf,0,4,rf_magpie,Ca3SbCl3,Ca,Sb,Cl,1.814,1.801735,
primary,gkf,0,2,rf_magpie,Ca3SbF3,Ca,Sb,F,2.19,2.28205,
primary,gkf,0,4,rf_magpie,Mg3AsBr3,Mg,As,Br,1.2907,1.673025,
primary,gkf,0,3,rf_magpie,Mg3BiBr3,Mg,Bi,Br,0.9648,0.803689,
primary,gkf,0,1,rf_magpie,Mg3BiI3,Mg,Bi,I,0.224,0.389822,
primary,gkf,0,2,rf_magpie,Mg3PBr3,Mg,P,Br,1.506,1.451863,
primary,gkf,0,0,rf_magpie,Mg3PCl3,Mg,P,Cl,2.297,1.68,
primary,gkf,0,0,rf_magpie,Mg3PI3,Mg,P,I,0.377,0.832175,
primary,gkf,0,4,rf_magpie,Mg3SbBr3,Mg,Sb,Br,0.9418,1.613793,
primary,gkf,0,3,rf_magpie,Mg3SbCl3,Mg,Sb,Cl,1.7283,1.878882,
primary,gkf,0,0,rf_magpie,Mg3SbF3,Mg,Sb,F,3.184,1.752524,
primary,gkf,0,3,rf_magpie,Mg3SbI3,Mg,Sb,I,0.1057,0.564872,
primary,gkf,0,2,rf_magpie,Sr3AsCl3,Sr,As,Cl,1.7,1.646369,
primary,gkf,0,0,rf_magpie,Sr3AsI3,Sr,As,I,1.265,1.278554,
primary,gkf,0,3,rf_magpie,Sr3PBr3,Sr,P,Br,1.55,1.502681,
primary,gkf,0,3,rf_magpie,Sr3PCl3,Sr,P,Cl,1.677,1.75843,
primary,gkf,0,0,rf_magpie,Sr3PI3,Sr,P,I,1.258,1.312144,
primary,gkf,0,2,rf_magpie,Sr3SbCl3,Sr,Sb,Cl,1.712,1.546928,
primary,gkf,0,4,rf_magpie,Sr3SbI3,Sr,Sb,I,1.31,1.184999,
primary,gkf,1,5,rf_magpie,Ba3AsBr3,Ba,As,Br,0.92,1.028617,
primary,gkf,1,8,rf_magpie,Ba3AsCl3,Ba,As,Cl,0.969,1.117762,
primary,gkf,1,7,rf_magpie,Ba3AsI3,Ba,As,I,0.802,0.950989,
primary,gkf,1,9,rf_magpie,Ba3BiBr3,Ba,Bi,Br,0.912,0.978648,
primary,gkf,1,5,rf_magpie,Ba3BiCl3,Ba,Bi,Cl,0.957,0.940024,
primary,gkf,1,6,rf_magpie,Ba3BiI3,Ba,Bi,I,0.786,0.838667,
primary,gkf,1,9,rf_magpie,Ba3PBr3,Ba,P,Br,0.944,0.961415,
primary,gkf,1,7,rf_magpie,Ba3PCl3,Ba,P,Cl,0.964,1.066511,
primary,gkf,1,9,rf_magpie,Ba3PI3,Ba,P,I,0.764,0.893973,
primary,gkf,1,6,rf_magpie,Ba3SbBr3,Ba,Sb,Br,1.0819,0.935735,
primary,gkf,1,5,rf_magpie,Ba3SbCl3,Ba,Sb,Cl,1.002,0.982801,
primary,gkf,1,7,rf_magpie,Ba3SbI3,Ba,Sb,I,0.78,0.92072,
primary,gkf,1,5,rf_magpie,Ca3AsBr3,Ca,As,Br,1.634,1.796518,
primary,gkf,1,9,rf_magpie,Ca3AsF3,Ca,As,F,2.27,2.259635,
primary,gkf,1,8,rf_magpie,Ca3BiI3,Ca,Bi,I,1.36,1.133303,
primary,gkf,1,6,rf_magpie,Ca3PBr3,Ca,P,Br,1.8846,1.670271,
primary,gkf,1,7,rf_magpie,Ca3PCl3,Ca,P,Cl,2.035,1.924641,
primary,gkf,1,9,rf_magpie,Ca3PF3,Ca,P,F,2.518,2.302653,
primary,gkf,1,6,rf_magpie,Ca3PI3,Ca,P,I,1.4909,1.325995,
primary,gkf,1,8,rf_magpie,Ca3SbBr3,Ca,Sb,Br,1.782,1.52898,
primary,gkf,1,9,rf_magpie,Ca3SbCl3,Ca,Sb,Cl,1.814,1.770296,
primary,gkf,1,6,rf_magpie,Ca3SbF3,Ca,Sb,F,2.19,2.357799,
primary,gkf,1,6,rf_magpie,Mg3AsBr3,Mg,As,Br,1.2907,1.434389,
primary,gkf,1,5,rf_magpie,Mg3BiBr3,Mg,Bi,Br,0.9648,1.03588,
primary,gkf,1,9,rf_magpie,Mg3BiI3,Mg,Bi,I,0.224,0.404197,
primary,gkf,1,8,rf_magpie,Mg3PBr3,Mg,P,Br,1.506,1.500371,
primary,gkf,1,6,rf_magpie,Mg3PCl3,Mg,P,Cl,2.297,1.874485,
primary,gkf,1,5,rf_magpie,Mg3PI3,Mg,P,I,0.377,0.954512,
primary,gkf,1,5,rf_magpie,Mg3SbBr3,Mg,Sb,Br,0.9418,1.459623,
primary,gkf,1,5,rf_magpie,Mg3SbCl3,Mg,Sb,Cl,1.7283,1.948242,
primary,gkf,1,8,rf_magpie,Mg3SbF3,Mg,Sb,F,3.184,1.946629,
primary,gkf,1,6,rf_magpie,Mg3SbI3,Mg,Sb,I,0.1057,0.531744,
primary,gkf,1,7,rf_magpie,Sr3AsCl3,Sr,As,Cl,1.7,1.685011,
primary,gkf,1,7,rf_magpie,Sr3AsI3,Sr,As,I,1.265,1.298732,
primary,gkf,1,7,rf_magpie,Sr3PBr3,Sr,P,Br,1.55,1.584592,
primary,gkf,1,8,rf_magpie,Sr3PCl3,Sr,P,Cl,1.677,1.793033,
primary,gkf,1,8,rf_magpie,Sr3PI3,Sr,P,I,1.258,1.233258,
primary,gkf,1,8,rf_magpie,Sr3SbCl3,Sr,Sb,Cl,1.712,1.533818,
primary,gkf,1,7,rf_magpie,Sr3SbI3,Sr,Sb,I,1.31,1.272813,
primary,gkf,2,12,rf_magpie,Ba3AsBr3,Ba,As,Br,0.92,1.043406,
primary,gkf,2,10,rf_magpie,Ba3AsCl3,Ba,As,Cl,0.969,1.266968,
primary,gkf,2,11,rf_magpie,Ba3AsI3,Ba,As,I,0.802,0.941424,
primary,gkf,2,10,rf_magpie,Ba3BiBr3,Ba,Bi,Br,0.912,0.92802,
primary,gkf,2,10,rf_magpie,Ba3BiCl3,Ba,Bi,Cl,0.957,0.991875,
primary,gkf,2,10,rf_magpie,Ba3BiI3,Ba,Bi,I,0.786,0.848253,
primary,gkf,2,12,rf_magpie,Ba3PBr3,Ba,P,Br,0.944,0.976905,
primary,gkf,2,14,rf_magpie,Ba3PCl3,Ba,P,Cl,0.964,1.083797,
primary,gkf,2,12,rf_magpie,Ba3PI3,Ba,P,I,0.764,0.887693,
primary,gkf,2,10,rf_magpie,Ba3SbBr3,Ba,Sb,Br,1.0819,0.960697,
primary,gkf,2,10,rf_magpie,Ba3SbCl3,Ba,Sb,Cl,1.002,1.106301,
primary,gkf,2,11,rf_magpie,Ba3SbI3,Ba,Sb,I,0.78,0.936298,
primary,gkf,2,13,rf_magpie,Ca3AsBr3,Ca,As,Br,1.634,1.68658,
primary,gkf,2,14,rf_magpie,Ca3AsF3,Ca,As,F,2.27,2.21112,
primary,gkf,2,14,rf_magpie,Ca3BiI3,Ca,Bi,I,1.36,1.103991,
primary,gkf,2,13,rf_magpie,Ca3PBr3,Ca,P,Br,1.8846,1.708701,
primary,gkf,2,10,rf_magpie,Ca3PCl3,Ca,P,Cl,2.035,1.84754,
primary,gkf,2,13,rf_magpie,Ca3PF3,Ca,P,F,2.518,2.284736,
primary,gkf,2,11,rf_magpie,Ca3PI3,Ca,P,I,1.4909,1.235164,
primary,gkf,2,11,rf_magpie,Ca3SbBr3,Ca,Sb,Br,1.782,1.612143,
primary,gkf,2,13,rf_magpie,Ca3SbCl3,Ca,Sb,Cl,1.814,1.766851,
primary,gkf,2,12,rf_magpie,Ca3SbF3,Ca,Sb,F,2.19,2.261202,
primary,gkf,2,14,rf_magpie,Mg3AsBr3,Mg,As,Br,1.2907,1.447497,
primary,gkf,2,12,rf_magpie,Mg3BiBr3,Mg,Bi,Br,0.9648,0.803774,
primary,gkf,2,13,rf_magpie,Mg3BiI3,Mg,Bi,I,0.224,0.459663,
primary,gkf,2,12,rf_magpie,Mg3PBr3,Mg,P,Br,1.506,1.414406,
primary,gkf,2,10,rf_magpie,Mg3PCl3,Mg,P,Cl,2.297,1.672439,
primary,gkf,2,13,rf_magpie,Mg3PI3,Mg,P,I,0.377,0.888534,
primary,gkf,2,11,rf_magpie,Mg3SbBr3,Mg,Sb,Br,0.9418,1.398916,
primary,gkf,2,13,rf_magpie,Mg3SbCl3,Mg,Sb,Cl,1.7283,1.893963,
primary,gkf,2,14,rf_magpie,Mg3SbF3,Mg,Sb,F,3.184,2.0045,
primary,gkf,2,12,rf_magpie,Mg3SbI3,Mg,Sb,I,0.1057,0.603756,
primary,gkf,2,11,rf_magpie,Sr3AsCl3,Sr,As,Cl,1.7,1.705957,
primary,gkf,2,11,rf_magpie,Sr3AsI3,Sr,As,I,1.265,1.215833,
primary,gkf,2,13,rf_magpie,Sr3PBr3,Sr,P,Br,1.55,1.513776,
primary,gkf,2,14,rf_magpie,Sr3PCl3,Sr,P,Cl,1.677,1.77042,
primary,gkf,2,11,rf_magpie,Sr3PI3,Sr,P,I,1.258,1.148066,
primary,gkf,2,14,rf_magpie,Sr3SbCl3,Sr,Sb,Cl,1.712,1.598993,
primary,gkf,2,12,rf_magpie,Sr3SbI3,Sr,Sb,I,1.31,1.21064,
primary,gkf,3,17,rf_magpie,Ba3AsBr3,Ba,As,Br,0.92,1.071463,
primary,gkf,3,15,rf_magpie,Ba3AsCl3,Ba,As,Cl,0.969,1.15665,
primary,gkf,3,18,rf_magpie,Ba3AsI3,Ba,As,I,0.802,0.859195,
primary,gkf,3,15,rf_magpie,Ba3BiBr3,Ba,Bi,Br,0.912,0.967123,
primary,gkf,3,18,rf_magpie,Ba3BiCl3,Ba,Bi,Cl,0.957,0.944197,
primary,gkf,3,15,rf_magpie,Ba3BiI3,Ba,Bi,I,0.786,0.862514,
primary,gkf,3,19,rf_magpie,Ba3PBr3,Ba,P,Br,0.944,0.990002,
primary,gkf,3,19,rf_magpie,Ba3PCl3,Ba,P,Cl,0.964,1.188187,
primary,gkf,3,19,rf_magpie,Ba3PI3,Ba,P,I,0.764,0.944304,
primary,gkf,3,16,rf_magpie,Ba3SbBr3,Ba,Sb,Br,1.0819,0.914885,
primary,gkf,3,16,rf_magpie,Ba3SbCl3,Ba,Sb,Cl,1.002,1.005164,
primary,gkf,3,19,rf_magpie,Ba3SbI3,Ba,Sb,I,0.78,0.901566,
primary,gkf,3,16,rf_magpie,Ca3AsBr3,Ca,As,Br,1.634,1.675357,
primary,gkf,3,17,rf_magpie,Ca3AsF3,Ca,As,F,2.27,2.507152,
primary,gkf,3,17,rf_magpie,Ca3BiI3,Ca,Bi,I,1.36,1.156819,
primary,gkf,3,18,rf_magpie,Ca3PBr3,Ca,P,Br,1.8846,1.6938,
primary,gkf,3,16,rf_magpie,Ca3PCl3,Ca,P,Cl,2.035,1.909189,
primary,gkf,3,15,rf_magpie,Ca3PF3,Ca,P,F,2.518,2.340659,
primary,gkf,3,15,rf_magpie,Ca3PI3,Ca,P,I,1.4909,1.358299,
primary,gkf,3,16,rf_magpie,Ca3SbBr3,Ca,Sb,Br,1.782,1.605767,
primary,gkf,3,17,rf_magpie,Ca3SbCl3,Ca,Sb,Cl,1.814,1.777097,
primary,gkf,3,17,rf_magpie,Ca3SbF3,Ca,Sb,F,2.19,2.446481,
primary,gkf,3,18,rf_magpie,Mg3AsBr3,Mg,As,Br,1.2907,1.393986,
primary,gkf,3,18,rf_magpie,Mg3BiBr3,Mg,Bi,Br,0.9648,0.757105,
primary,gkf,3,15,rf_magpie,Mg3BiI3,Mg,Bi,I,0.224,0.702192,
primary,gkf,3,15,rf_magpie,Mg3PBr3,Mg,P,Br,1.506,1.497348,
primary,gkf,3,17,rf_magpie,Mg3PCl3,Mg,P,Cl,2.297,1.691631,
primary,gkf,3,19,rf_magpie,Mg3PI3,Mg,P,I,0.377,0.956335,
primary,gkf,3,16,rf_magpie,Mg3SbBr3,Mg,Sb,Br,0.9418,1.429038,
primary,gkf,3,17,rf_magpie,Mg3SbCl3,Mg,Sb,Cl,1.7283,1.462039,
primary,gkf,3,18,rf_magpie,Mg3SbF3,Mg,Sb,F,3.184,1.928166,
primary,gkf,3,15,rf_magpie,Mg3SbI3,Mg,Sb,I,0.1057,0.703237,
primary,gkf,3,19,rf_magpie,Sr3AsCl3,Sr,As,Cl,1.7,1.71607,
primary,gkf,3,18,rf_magpie,Sr3AsI3,Sr,As,I,1.265,1.274742,
primary,gkf,3,18,rf_magpie,Sr3PBr3,Sr,P,Br,1.55,1.561057,
primary,gkf,3,16,rf_magpie,Sr3PCl3,Sr,P,Cl,1.677,1.727856,
primary,gkf,3,16,rf_magpie,Sr3PI3,Sr,P,I,1.258,1.250821,
primary,gkf,3,17,rf_magpie,Sr3SbCl3,Sr,Sb,Cl,1.712,1.587739,
primary,gkf,3,19,rf_magpie,Sr3SbI3,Sr,Sb,I,1.31,1.238476,
primary,gkf,4,22,rf_magpie,Ba3AsBr3,Ba,As,Br,0.92,1.059508,
primary,gkf,4,23,rf_magpie,Ba3AsCl3,Ba,As,Cl,0.969,1.234996,
primary,gkf,4,21,rf_magpie,Ba3AsI3,Ba,As,I,0.802,0.944339,
primary,gkf,4,21,rf_magpie,Ba3BiBr3,Ba,Bi,Br,0.912,0.990512,
primary,gkf,4,20,rf_magpie,Ba3BiCl3,Ba,Bi,Cl,0.957,0.957471,
primary,gkf,4,22,rf_magpie,Ba3BiI3,Ba,Bi,I,0.786,0.908619,
primary,gkf,4,24,rf_magpie,Ba3PBr3,Ba,P,Br,0.944,0.965978,
primary,gkf,4,20,rf_magpie,Ba3PCl3,Ba,P,Cl,0.964,1.142907,
primary,gkf,4,21,rf_magpie,Ba3PI3,Ba,P,I,0.764,0.968992,
primary,gkf,4,23,rf_magpie,Ba3SbBr3,Ba,Sb,Br,1.0819,0.915282,
primary,gkf,4,22,rf_magpie,Ba3SbCl3,Ba,Sb,Cl,1.002,1.015945,
primary,gkf,4,22,rf_magpie,Ba3SbI3,Ba,Sb,I,0.78,0.926411,
primary,gkf,4,24,rf_magpie,Ca3AsBr3,Ca,As,Br,1.634,1.792232,
primary,gkf,4,20,rf_magpie,Ca3AsF3,Ca,As,F,2.27,2.331758,
primary,gkf,4,24,rf_magpie,Ca3BiI3,Ca,Bi,I,1.36,1.096968,
primary,gkf,4,20,rf_magpie,Ca3PBr3,Ca,P,Br,1.8846,1.65352,
primary,gkf,4,21,rf_magpie,Ca3PCl3,Ca,P,Cl,2.035,1.9051,
primary,gkf,4,21,rf_magpie,Ca3PF3,Ca,P,F,2.518,2.191463,
primary,gkf,4,23,rf_magpie,Ca3PI3,Ca,P,I,1.4909,1.291405,
primary,gkf,4,22,rf_magpie,Ca3SbBr3,Ca,Sb,Br,1.782,1.593123,
primary,gkf,4,22,rf_magpie,Ca3SbCl3,Ca,Sb,Cl,1.814,1.807708,
primary,gkf,4,23,rf_magpie,Ca3SbF3,Ca,Sb,F,2.19,2.361354,
primary,gkf,4,24,rf_magpie,Mg3AsBr3,Mg,As,Br,1.2907,1.704787,
primary,gkf,4,20,rf_magpie,Mg3BiBr3,Mg,Bi,Br,0.9648,0.830409,
primary,gkf,4,23,rf_magpie,Mg3BiI3,Mg,Bi,I,0.224,0.477503,
primary,gkf,4,21,rf_magpie,Mg3PBr3,Mg,P,Br,1.506,1.423093,
primary,gkf,4,23,rf_magpie,Mg3PCl3,Mg,P,Cl,2.297,1.802782,
primary,gkf,4,23,rf_magpie,Mg3PI3,Mg,P,I,0.377,0.862325,
primary,gkf,4,24,rf_magpie,Mg3SbBr3,Mg,Sb,Br,0.9418,1.670276,
primary,gkf,4,22,rf_magpie,Mg3SbCl3,Mg,Sb,Cl,1.7283,1.925455,
primary,gkf,4,21,rf_magpie,Mg3SbF3,Mg,Sb,F,3.184,1.937837,
primary,gkf,4,24,rf_magpie,Mg3SbI3,Mg,Sb,I,0.1057,0.786135,
primary,gkf,4,22,rf_magpie,Sr3AsCl3,Sr,As,Cl,1.7,1.695018,
primary,gkf,4,20,rf_magpie,Sr3AsI3,Sr,As,I,1.265,1.140639,
primary,gkf,4,23,rf_magpie,Sr3PBr3,Sr,P,Br,1.55,1.419353,
primary,gkf,4,24,rf_magpie,Sr3PCl3,Sr,P,Cl,1.677,1.783733,
primary,gkf,4,20,rf_magpie,Sr3PI3,Sr,P,I,1.258,1.17005,
primary,gkf,4,21,rf_magpie,Sr3SbCl3,Sr,Sb,Cl,1.712,1.56351,
primary,gkf,4,20,rf_magpie,Sr3SbI3,Sr,Sb,I,1.31,1.141983,
primary,gkf,5,27,rf_magpie,Ba3AsBr3,Ba,As,Br,0.92,1.037924,
primary,gkf,5,29,rf_magpie,Ba3AsCl3,Ba,As,Cl,0.969,1.14323,
primary,gkf,5,28,rf_magpie,Ba3AsI3,Ba,As,I,0.802,0.843907,
primary,gkf,5,26,rf_magpie,Ba3BiBr3,Ba,Bi,Br,0.912,0.927838,
primary,gkf,5,28,rf_magpie,Ba3BiCl3,Ba,Bi,Cl,0.957,0.939801,
primary,gkf,5,26,rf_magpie,Ba3BiI3,Ba,Bi,I,0.786,0.839266,
primary,gkf,5,26,rf_magpie,Ba3PBr3,Ba,P,Br,0.944,0.984862,
primary,gkf,5,26,rf_magpie,Ba3PCl3,Ba,P,Cl,0.964,1.196124,
primary,gkf,5,25,rf_magpie,Ba3PI3,Ba,P,I,0.764,0.883947,
primary,gkf,5,26,rf_magpie,Ba3SbBr3,Ba,Sb,Br,1.0819,0.955432,
primary,gkf,5,26,rf_magpie,Ba3SbCl3,Ba,Sb,Cl,1.002,1.115275,
primary,gkf,5,29,rf_magpie,Ba3SbI3,Ba,Sb,I,0.78,0.890438,
primary,gkf,5,25,rf_magpie,Ca3AsBr3,Ca,As,Br,1.634,1.706617,
primary,gkf,5,26,rf_magpie,Ca3AsF3,Ca,As,F,2.27,2.373556,
primary,gkf,5,29,rf_magpie,Ca3BiI3,Ca,Bi,I,1.36,1.036142,
primary,gkf,5,25,rf_magpie,Ca3PBr3,Ca,P,Br,1.8846,1.74888,
primary,gkf,5,28,rf_magpie,Ca3PCl3,Ca,P,Cl,2.035,1.853582,
primary,gkf,5,25,rf_magpie,Ca3PF3,Ca,P,F,2.518,2.338638,
primary,gkf,5,27,rf_magpie,Ca3PI3,Ca,P,I,1.4909,1.356679,
primary,gkf,5,26,rf_magpie,Ca3SbBr3,Ca,Sb,Br,1.782,1.598519,
primary,gkf,5,27,rf_magpie,Ca3SbCl3,Ca,Sb,Cl,1.814,1.751566,
primary,gkf,5,27,rf_magpie,Ca3SbF3,Ca,Sb,F,2.19,2.38697,
primary,gkf,5,25,rf_magpie,Mg3AsBr3,Mg,As,Br,1.2907,1.643257,
primary,gkf,5,29,rf_magpie,Mg3BiBr3,Mg,Bi,Br,0.9648,0.707006,
primary,gkf,5,27,rf_magpie,Mg3BiI3,Mg,Bi,I,0.224,0.472784,
primary,gkf,5,25,rf_magpie,Mg3PBr3,Mg,P,Br,1.506,1.831308,
primary,gkf,5,28,rf_magpie,Mg3PCl3,Mg,P,Cl,2.297,1.629382,
primary,gkf,5,27,rf_magpie,Mg3PI3,Mg,P,I,0.377,0.844667,
primary,gkf,5,28,rf_magpie,Mg3SbBr3,Mg,Sb,Br,0.9418,1.398045,
primary,gkf,5,27,rf_magpie,Mg3SbCl3,Mg,Sb,Cl,1.7283,1.768368,
primary,gkf,5,28,rf_magpie,Mg3SbF3,Mg,Sb,F,3.184,1.846012,
primary,gkf,5,29,rf_magpie,Mg3SbI3,Mg,Sb,I,0.1057,0.632648,
primary,gkf,5,28,rf_magpie,Sr3AsCl3,Sr,As,Cl,1.7,1.68726,
primary,gkf,5,27,rf_magpie,Sr3AsI3,Sr,As,I,1.265,1.268946,
primary,gkf,5,28,rf_magpie,Sr3PBr3,Sr,P,Br,1.55,1.545514,
primary,gkf,5,25,rf_magpie,Sr3PCl3,Sr,P,Cl,1.677,1.845279,
primary,gkf,5,29,rf_magpie,Sr3PI3,Sr,P,I,1.258,1.210711,
primary,gkf,5,25,rf_magpie,Sr3SbCl3,Sr,Sb,Cl,1.712,1.726396,
primary,gkf,5,29,rf_magpie,Sr3SbI3,Sr,Sb,I,1.31,1.218611,
primary,gkf,6,32,rf_magpie,Ba3AsBr3,Ba,As,Br,0.92,1.057151,
primary,gkf,6,31,rf_magpie,Ba3AsCl3,Ba,As,Cl,0.969,1.124088,
primary,gkf,6,33,rf_magpie,Ba3AsI3,Ba,As,I,0.802,0.86246,
primary,gkf,6,33,rf_magpie,Ba3BiBr3,Ba,Bi,Br,0.912,0.967123,
primary,gkf,6,30,rf_magpie,Ba3BiCl3,Ba,Bi,Cl,0.957,0.866615,
primary,gkf,6,34,rf_magpie,Ba3BiI3,Ba,Bi,I,0.786,0.87019,
primary,gkf,6,32,rf_magpie,Ba3PBr3,Ba,P,Br,0.944,0.980149,
primary,gkf,6,32,rf_magpie,Ba3PCl3,Ba,P,Cl,0.964,1.080815,
primary,gkf,6,34,rf_magpie,Ba3PI3,Ba,P,I,0.764,0.917095,
primary,gkf,6,30,rf_magpie,Ba3SbBr3,Ba,Sb,Br,1.0819,0.928713,
primary,gkf,6,34,rf_magpie,Ba3SbCl3,Ba,Sb,Cl,1.002,0.985427,
primary,gkf,6,31,rf_magpie,Ba3SbI3,Ba,Sb,I,0.78,0.855908,
primary,gkf,6,31,rf_magpie,Ca3AsBr3,Ca,As,Br,1.634,1.751401,
primary,gkf,6,30,rf_magpie,Ca3AsF3,Ca,As,F,2.27,2.356873,
primary,gkf,6,30,rf_magpie,Ca3BiI3,Ca,Bi,I,1.36,1.069824,
primary,gkf,6,34,rf_magpie,Ca3PBr3,Ca,P,Br,1.8846,1.651134,
primary,gkf,6,30,rf_magpie,Ca3PCl3,Ca,P,Cl,2.035,1.939964,
primary,gkf,6,31,rf_magpie,Ca3PF3,Ca,P,F,2.518,2.32242,
primary,gkf,6,33,rf_magpie,Ca3PI3,Ca,P,I,1.4909,1.370139,
primary,gkf,6,33,rf_magpie,Ca3SbBr3,Ca,Sb,Br,1.782,1.590561,
primary,gkf,6,31,rf_magpie,Ca3SbCl3,Ca,Sb,Cl,1.814,1.788418,
primary,gkf,6,32,rf_magpie,Ca3SbF3,Ca,Sb,F,2.19,1.906923,
primary,gkf,6,32,rf_magpie,Mg3AsBr3,Mg,As,Br,1.2907,1.498441,
primary,gkf,6,31,rf_magpie,Mg3BiBr3,Mg,Bi,Br,0.9648,0.76612,
primary,gkf,6,30,rf_magpie,Mg3BiI3,Mg,Bi,I,0.224,0.357427,
primary,gkf,6,33,rf_magpie,Mg3PBr3,Mg,P,Br,1.506,1.470927,
primary,gkf,6,33,rf_magpie,Mg3PCl3,Mg,P,Cl,2.297,1.84756,
primary,gkf,6,33,rf_magpie,Mg3PI3,Mg,P,I,0.377,0.9566,
primary,gkf,6,34,rf_magpie,Mg3SbBr3,Mg,Sb,Br,0.9418,1.43746,
primary,gkf,6,30,rf_magpie,Mg3SbCl3,Mg,Sb,Cl,1.7283,1.758824,
primary,gkf,6,32,rf_magpie,Mg3SbF3,Mg,Sb,F,3.184,1.814418,
primary,gkf,6,33,rf_magpie,Mg3SbI3,Mg,Sb,I,0.1057,0.759929,
primary,gkf,6,34,rf_magpie,Sr3AsCl3,Sr,As,Cl,1.7,1.683017,
primary,gkf,6,31,rf_magpie,Sr3AsI3,Sr,As,I,1.265,1.236275,
primary,gkf,6,30,rf_magpie,Sr3PBr3,Sr,P,Br,1.55,1.523967,
primary,gkf,6,32,rf_magpie,Sr3PCl3,Sr,P,Cl,1.677,1.791689,
primary,gkf,6,32,rf_magpie,Sr3PI3,Sr,P,I,1.258,1.259446,
primary,gkf,6,34,rf_magpie,Sr3SbCl3,Sr,Sb,Cl,1.712,1.609813,
primary,gkf,6,31,rf_magpie,Sr3SbI3,Sr,Sb,I,1.31,1.218022,
primary,gkf,7,39,rf_magpie,Ba3AsBr3,Ba,As,Br,0.92,1.122374,
primary,gkf,7,39,rf_magpie,Ba3AsCl3,Ba,As,Cl,0.969,1.202433,
primary,gkf,7,38,rf_magpie,Ba3AsI3,Ba,As,I,0.802,0.943528,
primary,gkf,7,36,rf_magpie,Ba3BiBr3,Ba,Bi,Br,0.912,0.971381,
primary,gkf,7,39,rf_magpie,Ba3BiCl3,Ba,Bi,Cl,0.957,0.978289,
primary,gkf,7,36,rf_magpie,Ba3BiI3,Ba,Bi,I,0.786,0.850649,
primary,gkf,7,35,rf_magpie,Ba3PBr3,Ba,P,Br,0.944,0.947181,
primary,gkf,7,37,rf_magpie,Ba3PCl3,Ba,P,Cl,0.964,1.203873,
primary,gkf,7,38,rf_magpie,Ba3PI3,Ba,P,I,0.764,0.955714,
primary,gkf,7,35,rf_magpie,Ba3SbBr3,Ba,Sb,Br,1.0819,0.940001,
primary,gkf,7,37,rf_magpie,Ba3SbCl3,Ba,Sb,Cl,1.002,1.053512,
primary,gkf,7,39,rf_magpie,Ba3SbI3,Ba,Sb,I,0.78,0.849326,
primary,gkf,7,35,rf_magpie,Ca3AsBr3,Ca,As,Br,1.634,1.728344,
primary,gkf,7,35,rf_magpie,Ca3AsF3,Ca,As,F,2.27,2.358894,
primary,gkf,7,35,rf_magpie,Ca3BiI3,Ca,Bi,I,1.36,1.098133,
primary,gkf,7,39,rf_magpie,Ca3PBr3,Ca,P,Br,1.8846,1.669639,
primary,gkf,7,37,rf_magpie,Ca3PCl3,Ca,P,Cl,2.035,2.019012,
primary,gkf,7,36,rf_magpie,Ca3PF3,Ca,P,F,2.518,2.321712,
primary,gkf,7,38,rf_magpie,Ca3PI3,Ca,P,I,1.4909,1.352041,
primary,gkf,7,37,rf_magpie,Ca3SbBr3,Ca,Sb,Br,1.782,1.590093,
primary,gkf,7,35,rf_magpie,Ca3SbCl3,Ca,Sb,Cl,1.814,1.770188,
primary,gkf,7,37,rf_magpie,Ca3SbF3,Ca,Sb,F,2.19,1.985087,
primary,gkf,7,38,rf_magpie,Mg3AsBr3,Mg,As,Br,1.2907,1.458257,
primary,gkf,7,36,rf_magpie,Mg3BiBr3,Mg,Bi,Br,0.9648,0.90907,
primary,gkf,7,36,rf_magpie,Mg3BiI3,Mg,Bi,I,0.224,0.404123,
primary,gkf,7,39,rf_magpie,Mg3PBr3,Mg,P,Br,1.506,1.478823,
primary,gkf,7,38,rf_magpie,Mg3PCl3,Mg,P,Cl,2.297,1.81099,
primary,gkf,7,37,rf_magpie,Mg3PI3,Mg,P,I,0.377,0.857754,
primary,gkf,7,36,rf_magpie,Mg3SbBr3,Mg,Sb,Br,0.9418,1.489523,
primary,gkf,7,38,rf_magpie,Mg3SbCl3,Mg,Sb,Cl,1.7283,1.548188,
primary,gkf,7,37,rf_magpie,Mg3SbF3,Mg,Sb,F,3.184,1.957117,
primary,gkf,7,39,rf_magpie,Mg3SbI3,Mg,Sb,I,0.1057,0.537451,
primary,gkf,7,36,rf_magpie,Sr3AsCl3,Sr,As,Cl,1.7,1.705651,
primary,gkf,7,35,rf_magpie,Sr3AsI3,Sr,As,I,1.265,1.218796,
primary,gkf,7,36,rf_magpie,Sr3PBr3,Sr,P,Br,1.55,1.572604,
primary,gkf,7,37,rf_magpie,Sr3PCl3,Sr,P,Cl,1.677,1.811035,
primary,gkf,7,35,rf_magpie,Sr3PI3,Sr,P,I,1.258,1.212716,
primary,gkf,7,38,rf_magpie,Sr3SbCl3,Sr,Sb,Cl,1.712,1.562377,
primary,gkf,7,38,rf_magpie,Sr3SbI3,Sr,Sb,I,1.31,1.258948,
primary,gkf,8,43,rf_magpie,Ba3AsBr3,Ba,As,Br,0.92,1.071045,
primary,gkf,8,41,rf_magpie,Ba3AsCl3,Ba,As,Cl,0.969,1.316877,
primary,gkf,8,43,rf_magpie,Ba3AsI3,Ba,As,I,0.802,0.899783,
primary,gkf,8,44,rf_magpie,Ba3BiBr3,Ba,Bi,Br,0.912,0.974751,
primary,gkf,8,41,rf_magpie,Ba3BiCl3,Ba,Bi,Cl,0.957,0.941946,
primary,gkf,8,42,rf_magpie,Ba3BiI3,Ba,Bi,I,0.786,0.936911,
primary,gkf,8,43,rf_magpie,Ba3PBr3,Ba,P,Br,0.944,0.998542,
primary,gkf,8,43,rf_magpie,Ba3PCl3,Ba,P,Cl,0.964,1.158154,
primary,gkf,8,40,rf_magpie,Ba3PI3,Ba,P,I,0.764,0.883485,
primary,gkf,8,40,rf_magpie,Ba3SbBr3,Ba,Sb,Br,1.0819,0.93856,
primary,gkf,8,41,rf_magpie,Ba3SbCl3,Ba,Sb,Cl,1.002,1.126305,
primary,gkf,8,42,rf_magpie,Ba3SbI3,Ba,Sb,I,0.78,0.917979,
primary,gkf,8,42,rf_magpie,Ca3AsBr3,Ca,As,Br,1.634,1.778907,
primary,gkf,8,44,rf_magpie,Ca3AsF3,Ca,As,F,2.27,2.36404,
primary,gkf,8,40,rf_magpie,Ca3BiI3,Ca,Bi,I,1.36,1.13584,
primary,gkf,8,44,rf_magpie,Ca3PBr3,Ca,P,Br,1.8846,1.658131,
primary,gkf,8,43,rf_magpie,Ca3PCl3,Ca,P,Cl,2.035,1.919223,
primary,gkf,8,41,rf_magpie,Ca3PF3,Ca,P,F,2.518,2.349138,
primary,gkf,8,42,rf_magpie,Ca3PI3,Ca,P,I,1.4909,1.318361,
primary,gkf,8,43,rf_magpie,Ca3SbBr3,Ca,Sb,Br,1.782,1.582367,
primary,gkf,8,44,rf_magpie,Ca3SbCl3,Ca,Sb,Cl,1.814,1.762,
primary,gkf,8,40,rf_magpie,Ca3SbF3,Ca,Sb,F,2.19,2.24602,
primary,gkf,8,41,rf_magpie,Mg3AsBr3,Mg,As,Br,1.2907,1.398717,
primary,gkf,8,43,rf_magpie,Mg3BiBr3,Mg,Bi,Br,0.9648,0.801219,
primary,gkf,8,41,rf_magpie,Mg3BiI3,Mg,Bi,I,0.224,0.361714,
primary,gkf,8,40,rf_magpie,Mg3PBr3,Mg,P,Br,1.506,1.556107,
primary,gkf,8,41,rf_magpie,Mg3PCl3,Mg,P,Cl,2.297,1.737213,
primary,gkf,8,40,rf_magpie,Mg3PI3,Mg,P,I,0.377,0.861255,
primary,gkf,8,42,rf_magpie,Mg3SbBr3,Mg,Sb,Br,0.9418,1.41072,
primary,gkf,8,41,rf_magpie,Mg3SbCl3,Mg,Sb,Cl,1.7283,1.569981,
primary,gkf,8,42,rf_magpie,Mg3SbF3,Mg,Sb,F,3.184,2.003616,
primary,gkf,8,42,rf_magpie,Mg3SbI3,Mg,Sb,I,0.1057,0.562881,
primary,gkf,8,44,rf_magpie,Sr3AsCl3,Sr,As,Cl,1.7,1.698316,
primary,gkf,8,42,rf_magpie,Sr3AsI3,Sr,As,I,1.265,1.26085,
primary,gkf,8,40,rf_magpie,Sr3PBr3,Sr,P,Br,1.55,1.496416,
primary,gkf,8,44,rf_magpie,Sr3PCl3,Sr,P,Cl,1.677,1.698299,
primary,gkf,8,44,rf_magpie,Sr3PI3,Sr,P,I,1.258,1.319212,
primary,gkf,8,40,rf_magpie,Sr3SbCl3,Sr,Sb,Cl,1.712,1.56886,
primary,gkf,8,43,rf_magpie,Sr3SbI3,Sr,Sb,I,1.31,1.150517,
primary,gkf,9,48,rf_magpie,Ba3AsBr3,Ba,As,Br,0.92,1.068178,
primary,gkf,9,47,rf_magpie,Ba3AsCl3,Ba,As,Cl,0.969,1.216928,
primary,gkf,9,48,rf_magpie,Ba3AsI3,Ba,As,I,0.802,0.891379,
primary,gkf,9,45,rf_magpie,Ba3BiBr3,Ba,Bi,Br,0.912,1.005181,
primary,gkf,9,45,rf_magpie,Ba3BiCl3,Ba,Bi,Cl,0.957,0.989331,
primary,gkf,9,49,rf_magpie,Ba3BiI3,Ba,Bi,I,0.786,0.833041,
primary,gkf,9,45,rf_magpie,Ba3PBr3,Ba,P,Br,0.944,1.011605,
primary,gkf,9,47,rf_magpie,Ba3PCl3,Ba,P,Cl,0.964,1.204661,
primary,gkf,9,45,rf_magpie,Ba3PI3,Ba,P,I,0.764,0.937514,
primary,gkf,9,47,rf_magpie,Ba3SbBr3,Ba,Sb,Br,1.0819,0.928142,
primary,gkf,9,46,rf_magpie,Ba3SbCl3,Ba,Sb,Cl,1.002,1.057101,
primary,gkf,9,45,rf_magpie,Ba3SbI3,Ba,Sb,I,0.78,0.889522,
primary,gkf,9,45,rf_magpie,Ca3AsBr3,Ca,As,Br,1.634,1.719438,
primary,gkf,9,47,rf_magpie,Ca3AsF3,Ca,As,F,2.27,2.460692,
primary,gkf,9,47,rf_magpie,Ca3BiI3,Ca,Bi,I,1.36,1.172656,
primary,gkf,9,46,rf_magpie,Ca3PBr3,Ca,P,Br,1.8846,1.667052,
primary,gkf,9,46,rf_magpie,Ca3PCl3,Ca,P,Cl,2.035,1.799275,
primary,gkf,9,48,rf_magpie,Ca3PF3,Ca,P,F,2.518,2.336271,
primary,gkf,9,46,rf_magpie,Ca3PI3,Ca,P,I,1.4909,1.361349,
primary,gkf,9,48,rf_magpie,Ca3SbBr3,Ca,Sb,Br,1.782,1.534227,
primary,gkf,9,48,rf_magpie,Ca3SbCl3,Ca,Sb,Cl,1.814,1.771673,
primary,gkf,9,47,rf_magpie,Ca3SbF3,Ca,Sb,F,2.19,2.326748,
primary,gkf,9,48,rf_magpie,Mg3AsBr3,Mg,As,Br,1.2907,1.554657,
primary,gkf,9,49,rf_magpie,Mg3BiBr3,Mg,Bi,Br,0.9648,0.840703,
primary,gkf,9,47,rf_magpie,Mg3BiI3,Mg,Bi,I,0.224,0.372563,
primary,gkf,9,47,rf_magpie,Mg3PBr3,Mg,P,Br,1.506,1.439498,
primary,gkf,9,46,rf_magpie,Mg3PCl3,Mg,P,Cl,2.297,1.556681,
primary,gkf,9,45,rf_magpie,Mg3PI3,Mg,P,I,0.377,0.91216,
primary,gkf,9,49,rf_magpie,Mg3SbBr3,Mg,Sb,Br,0.9418,1.435788,
primary,gkf,9,46,rf_magpie,Mg3SbCl3,Mg,Sb,Cl,1.7283,1.38286,
primary,gkf,9,49,rf_magpie,Mg3SbF3,Mg,Sb,F,3.184,1.99998,
primary,gkf,9,46,rf_magpie,Mg3SbI3,Mg,Sb,I,0.1057,0.510993,
primary,gkf,9,49,rf_magpie,Sr3AsCl3,Sr,As,Cl,1.7,1.69372,
primary,gkf,9,48,rf_magpie,Sr3AsI3,Sr,As,I,1.265,1.27439,
primary,gkf,9,49,rf_magpie,Sr3PBr3,Sr,P,Br,1.55,1.604936,
primary,gkf,9,46,rf_magpie,Sr3PCl3,Sr,P,Cl,1.677,1.675825,
primary,gkf,9,49,rf_magpie,Sr3PI3,Sr,P,I,1.258,1.307954,
primary,gkf,9,48,rf_magpie,Sr3SbCl3,Sr,Sb,Cl,1.712,1.527853,
primary,gkf,9,45,rf_magpie,Sr3SbI3,Sr,Sb,I,1.31,1.209025,
primary,gkf,0,2,rf_physics9,Ba3AsBr3,Ba,As,Br,0.92,0.976852,
primary,gkf,0,2,rf_physics9,Ba3AsCl3,Ba,As,Cl,0.969,1.026793,
primary,gkf,0,3,rf_physics9,Ba3AsI3,Ba,As,I,0.802,0.80007,
primary,gkf,0,3,rf_physics9,Ba3BiBr3,Ba,Bi,Br,0.912,1.030513,
primary,gkf,0,0,rf_physics9,Ba3BiCl3,Ba,Bi,Cl,0.957,1.042092,
primary,gkf,0,2,rf_physics9,Ba3BiI3,Ba,Bi,I,0.786,0.875268,
primary,gkf,0,0,rf_physics9,Ba3PBr3,Ba,P,Br,0.944,0.981748,
primary,gkf,0,4,rf_physics9,Ba3PCl3,Ba,P,Cl,0.964,1.004241,
primary,gkf,0,1,rf_physics9,Ba3PI3,Ba,P,I,0.764,0.817226,
primary,gkf,0,1,rf_physics9,Ba3SbBr3,Ba,Sb,Br,1.0819,0.923486,
primary,gkf,0,3,rf_physics9,Ba3SbCl3,Ba,Sb,Cl,1.002,1.044861,
primary,gkf,0,2,rf_physics9,Ba3SbI3,Ba,Sb,I,0.78,0.866214,
primary,gkf,0,1,rf_physics9,Ca3AsBr3,Ca,As,Br,1.634,1.448798,
primary,gkf,0,0,rf_physics9,Ca3AsF3,Ca,As,F,2.27,2.315361,
primary,gkf,0,4,rf_physics9,Ca3BiI3,Ca,Bi,I,1.36,1.106493,
primary,gkf,0,1,rf_physics9,Ca3PBr3,Ca,P,Br,1.8846,1.531519,
primary,gkf,0,1,rf_physics9,Ca3PCl3,Ca,P,Cl,2.035,1.901488,
primary,gkf,0,1,rf_physics9,Ca3PF3,Ca,P,F,2.518,2.228773,
primary,gkf,0,4,rf_physics9,Ca3PI3,Ca,P,I,1.4909,1.221961,
primary,gkf,0,1,rf_physics9,Ca3SbBr3,Ca,Sb,Br,1.782,1.292561,
primary,gkf,0,4,rf_physics9,Ca3SbCl3,Ca,Sb,Cl,1.814,1.798359,
primary,gkf,0,2,rf_physics9,Ca3SbF3,Ca,Sb,F,2.19,2.612787,
primary,gkf,0,4,rf_physics9,Mg3AsBr3,Mg,As,Br,1.2907,1.437695,
primary,gkf,0,3,rf_physics9,Mg3BiBr3,Mg,Bi,Br,0.9648,1.068065,
primary,gkf,0,1,rf_physics9,Mg3BiI3,Mg,Bi,I,0.224,0.329272,
primary,gkf,0,2,rf_physics9,Mg3PBr3,Mg,P,Br,1.506,1.246594,
primary,gkf,0,0,rf_physics9,Mg3PCl3,Mg,P,Cl,2.297,1.822989,
primary,gkf,0,0,rf_physics9,Mg3PI3,Mg,P,I,0.377,0.370742,
primary,gkf,0,4,rf_physics9,Mg3SbBr3,Mg,Sb,Br,0.9418,1.301582,
primary,gkf,0,3,rf_physics9,Mg3SbCl3,Mg,Sb,Cl,1.7283,1.977181,
primary,gkf,0,0,rf_physics9,Mg3SbF3,Mg,Sb,F,3.184,2.179677,
primary,gkf,0,3,rf_physics9,Mg3SbI3,Mg,Sb,I,0.1057,0.486994,
primary,gkf,0,2,rf_physics9,Sr3AsCl3,Sr,As,Cl,1.7,1.684952,
primary,gkf,0,0,rf_physics9,Sr3AsI3,Sr,As,I,1.265,1.353442,
primary,gkf,0,3,rf_physics9,Sr3PBr3,Sr,P,Br,1.55,1.785434,
primary,gkf,0,3,rf_physics9,Sr3PCl3,Sr,P,Cl,1.677,1.895746,
primary,gkf,0,0,rf_physics9,Sr3PI3,Sr,P,I,1.258,1.411743,
primary,gkf,0,2,rf_physics9,Sr3SbCl3,Sr,Sb,Cl,1.712,1.675881,
primary,gkf,0,4,rf_physics9,Sr3SbI3,Sr,Sb,I,1.31,1.156698,
primary,gkf,1,5,rf_physics9,Ba3AsBr3,Ba,As,Br,0.92,0.977286,
primary,gkf,1,8,rf_physics9,Ba3AsCl3,Ba,As,Cl,0.969,1.033751,
primary,gkf,1,7,rf_physics9,Ba3AsI3,Ba,As,I,0.802,0.8152,
primary,gkf,1,9,rf_physics9,Ba3BiBr3,Ba,Bi,Br,0.912,1.033453,
primary,gkf,1,5,rf_physics9,Ba3BiCl3,Ba,Bi,Cl,0.957,1.183864,
primary,gkf,1,6,rf_physics9,Ba3BiI3,Ba,Bi,I,0.786,0.813549,
primary,gkf,1,9,rf_physics9,Ba3PBr3,Ba,P,Br,0.944,0.997462,
primary,gkf,1,7,rf_physics9,Ba3PCl3,Ba,P,Cl,0.964,1.021662,
primary,gkf,1,9,rf_physics9,Ba3PI3,Ba,P,I,0.764,0.851676,
primary,gkf,1,6,rf_physics9,Ba3SbBr3,Ba,Sb,Br,1.0819,0.929277,
primary,gkf,1,5,rf_physics9,Ba3SbCl3,Ba,Sb,Cl,1.002,1.114094,
primary,gkf,1,7,rf_physics9,Ba3SbI3,Ba,Sb,I,0.78,0.813385,
primary,gkf,1,5,rf_physics9,Ca3AsBr3,Ca,As,Br,1.634,1.748625,
primary,gkf,1,9,rf_physics9,Ca3AsF3,Ca,As,F,2.27,2.245744,
primary,gkf,1,8,rf_physics9,Ca3BiI3,Ca,Bi,I,1.36,1.143074,
primary,gkf,1,6,rf_physics9,Ca3PBr3,Ca,P,Br,1.8846,1.67898,
primary,gkf,1,7,rf_physics9,Ca3PCl3,Ca,P,Cl,2.035,1.861457,
primary,gkf,1,9,rf_physics9,Ca3PF3,Ca,P,F,2.518,2.260812,
primary,gkf,1,6,rf_physics9,Ca3PI3,Ca,P,I,1.4909,1.247977,
primary,gkf,1,8,rf_physics9,Ca3SbBr3,Ca,Sb,Br,1.782,1.558647,
primary,gkf,1,9,rf_physics9,Ca3SbCl3,Ca,Sb,Cl,1.814,1.78972,
primary,gkf,1,6,rf_physics9,Ca3SbF3,Ca,Sb,F,2.19,2.639353,
primary,gkf,1,6,rf_physics9,Mg3AsBr3,Mg,As,Br,1.2907,1.339683,
primary,gkf,1,5,rf_physics9,Mg3BiBr3,Mg,Bi,Br,0.9648,1.426092,
primary,gkf,1,9,rf_physics9,Mg3BiI3,Mg,Bi,I,0.224,0.357189,
primary,gkf,1,8,rf_physics9,Mg3PBr3,Mg,P,Br,1.506,1.279411,
primary,gkf,1,6,rf_physics9,Mg3PCl3,Mg,P,Cl,2.297,1.80966,
primary,gkf,1,5,rf_physics9,Mg3PI3,Mg,P,I,0.377,0.371992,
primary,gkf,1,5,rf_physics9,Mg3SbBr3,Mg,Sb,Br,0.9418,1.437661,
primary,gkf,1,5,rf_physics9,Mg3SbCl3,Mg,Sb,Cl,1.7283,2.076704,
primary,gkf,1,8,rf_physics9,Mg3SbF3,Mg,Sb,F,3.184,2.138661,
primary,gkf,1,6,rf_physics9,Mg3SbI3,Mg,Sb,I,0.1057,0.504943,
primary,gkf,1,7,rf_physics9,Sr3AsCl3,Sr,As,Cl,1.7,1.68239,
primary,gkf,1,7,rf_physics9,Sr3AsI3,Sr,As,I,1.265,1.288648,
primary,gkf,1,7,rf_physics9,Sr3PBr3,Sr,P,Br,1.55,1.760287,
primary,gkf,1,8,rf_physics9,Sr3PCl3,Sr,P,Cl,1.677,1.875064,
primary,gkf,1,8,rf_physics9,Sr3PI3,Sr,P,I,1.258,1.370438,
primary,gkf,1,8,rf_physics9,Sr3SbCl3,Sr,Sb,Cl,1.712,1.725766,
primary,gkf,1,7,rf_physics9,Sr3SbI3,Sr,Sb,I,1.31,1.239068,
primary,gkf,2,12,rf_physics9,Ba3AsBr3,Ba,As,Br,0.92,1.030572,
primary,gkf,2,10,rf_physics9,Ba3AsCl3,Ba,As,Cl,0.969,1.136777,
primary,gkf,2,11,rf_physics9,Ba3AsI3,Ba,As,I,0.802,0.791485,
primary,gkf,2,10,rf_physics9,Ba3BiBr3,Ba,Bi,Br,0.912,0.975086,
primary,gkf,2,10,rf_physics9,Ba3BiCl3,Ba,Bi,Cl,0.957,1.36894,
primary,gkf,2,10,rf_physics9,Ba3BiI3,Ba,Bi,I,0.786,0.827033,
primary,gkf,2,12,rf_physics9,Ba3PBr3,Ba,P,Br,0.944,1.025439,
primary,gkf,2,14,rf_physics9,Ba3PCl3,Ba,P,Cl,0.964,1.064169,
primary,gkf,2,12,rf_physics9,Ba3PI3,Ba,P,I,0.764,0.84897,
primary,gkf,2,10,rf_physics9,Ba3SbBr3,Ba,Sb,Br,1.0819,0.963274,
primary,gkf,2,10,rf_physics9,Ba3SbCl3,Ba,Sb,Cl,1.002,1.221901,
primary,gkf,2,11,rf_physics9,Ba3SbI3,Ba,Sb,I,0.78,0.80845,
primary,gkf,2,13,rf_physics9,Ca3AsBr3,Ca,As,Br,1.634,1.650084,
primary,gkf,2,14,rf_physics9,Ca3AsF3,Ca,As,F,2.27,2.251533,
primary,gkf,2,14,rf_physics9,Ca3BiI3,Ca,Bi,I,1.36,1.190164,
primary,gkf,2,13,rf_physics9,Ca3PBr3,Ca,P,Br,1.8846,1.699549,
primary,gkf,2,10,rf_physics9,Ca3PCl3,Ca,P,Cl,2.035,1.73055,
primary,gkf,2,13,rf_physics9,Ca3PF3,Ca,P,F,2.518,2.218136,
primary,gkf,2,11,rf_physics9,Ca3PI3,Ca,P,I,1.4909,1.259591,
primary,gkf,2,11,rf_physics9,Ca3SbBr3,Ca,Sb,Br,1.782,1.65328,
primary,gkf,2,13,rf_physics9,Ca3SbCl3,Ca,Sb,Cl,1.814,1.881915,
primary,gkf,2,12,rf_physics9,Ca3SbF3,Ca,Sb,F,2.19,2.61573,
primary,gkf,2,14,rf_physics9,Mg3AsBr3,Mg,As,Br,1.2907,1.318642,
primary,gkf,2,12,rf_physics9,Mg3BiBr3,Mg,Bi,Br,0.9648,1.059046,
primary,gkf,2,13,rf_physics9,Mg3BiI3,Mg,Bi,I,0.224,0.511696,
primary,gkf,2,12,rf_physics9,Mg3PBr3,Mg,P,Br,1.506,1.297354,
primary,gkf,2,10,rf_physics9,Mg3PCl3,Mg,P,Cl,2.297,1.68211,
primary,gkf,2,13,rf_physics9,Mg3PI3,Mg,P,I,0.377,0.619627,
primary,gkf,2,11,rf_physics9,Mg3SbBr3,Mg,Sb,Br,0.9418,1.286893,
primary,gkf,2,13,rf_physics9,Mg3SbCl3,Mg,Sb,Cl,1.7283,1.989773,
primary,gkf,2,14,rf_physics9,Mg3SbF3,Mg,Sb,F,3.184,2.152764,
primary,gkf,2,12,rf_physics9,Mg3SbI3,Mg,Sb,I,0.1057,0.534028,
primary,gkf,2,11,rf_physics9,Sr3AsCl3,Sr,As,Cl,1.7,1.716677,
primary,gkf,2,11,rf_physics9,Sr3AsI3,Sr,As,I,1.265,1.226529,
primary,gkf,2,13,rf_physics9,Sr3PBr3,Sr,P,Br,1.55,1.615749,
primary,gkf,2,14,rf_physics9,Sr3PCl3,Sr,P,Cl,1.677,1.830225,
primary,gkf,2,11,rf_physics9,Sr3PI3,Sr,P,I,1.258,1.246491,
primary,gkf,2,14,rf_physics9,Sr3SbCl3,Sr,Sb,Cl,1.712,1.712908,
primary,gkf,2,12,rf_physics9,Sr3SbI3,Sr,Sb,I,1.31,1.245272,
primary,gkf,3,17,rf_physics9,Ba3AsBr3,Ba,As,Br,0.92,0.976041,
primary,gkf,3,15,rf_physics9,Ba3AsCl3,Ba,As,Cl,0.969,1.001796,
primary,gkf,3,18,rf_physics9,Ba3AsI3,Ba,As,I,0.802,0.79036,
primary,gkf,3,15,rf_physics9,Ba3BiBr3,Ba,Bi,Br,0.912,1.016021,
primary,gkf,3,18,rf_physics9,Ba3BiCl3,Ba,Bi,Cl,0.957,1.106008,
primary,gkf,3,15,rf_physics9,Ba3BiI3,Ba,Bi,I,0.786,0.841907,
primary,gkf,3,19,rf_physics9,Ba3PBr3,Ba,P,Br,0.944,1.074947,
primary,gkf,3,19,rf_physics9,Ba3PCl3,Ba,P,Cl,0.964,1.135055,
primary,gkf,3,19,rf_physics9,Ba3PI3,Ba,P,I,0.764,0.966061,
primary,gkf,3,16,rf_physics9,Ba3SbBr3,Ba,Sb,Br,1.0819,0.930993,
primary,gkf,3,16,rf_physics9,Ba3SbCl3,Ba,Sb,Cl,1.002,1.059315,
primary,gkf,3,19,rf_physics9,Ba3SbI3,Ba,Sb,I,0.78,0.835537,
primary,gkf,3,16,rf_physics9,Ca3AsBr3,Ca,As,Br,1.634,1.665464,
primary,gkf,3,17,rf_physics9,Ca3AsF3,Ca,As,F,2.27,2.504032,
primary,gkf,3,17,rf_physics9,Ca3BiI3,Ca,Bi,I,1.36,1.167794,
primary,gkf,3,18,rf_physics9,Ca3PBr3,Ca,P,Br,1.8846,1.703892,
primary,gkf,3,16,rf_physics9,Ca3PCl3,Ca,P,Cl,2.035,2.016666,
primary,gkf,3,15,rf_physics9,Ca3PF3,Ca,P,F,2.518,2.261603,
primary,gkf,3,15,rf_physics9,Ca3PI3,Ca,P,I,1.4909,1.13278,
primary,gkf,3,16,rf_physics9,Ca3SbBr3,Ca,Sb,Br,1.782,1.601364,
primary,gkf,3,17,rf_physics9,Ca3SbCl3,Ca,Sb,Cl,1.814,1.715428,
primary,gkf,3,17,rf_physics9,Ca3SbF3,Ca,Sb,F,2.19,2.699867,
primary,gkf,3,18,rf_physics9,Mg3AsBr3,Mg,As,Br,1.2907,1.352591,
primary,gkf,3,18,rf_physics9,Mg3BiBr3,Mg,Bi,Br,0.9648,1.119786,
primary,gkf,3,15,rf_physics9,Mg3BiI3,Mg,Bi,I,0.224,0.880072,
primary,gkf,3,15,rf_physics9,Mg3PBr3,Mg,P,Br,1.506,1.187483,
primary,gkf,3,17,rf_physics9,Mg3PCl3,Mg,P,Cl,2.297,1.741204,
primary,gkf,3,19,rf_physics9,Mg3PI3,Mg,P,I,0.377,0.58007,
primary,gkf,3,16,rf_physics9,Mg3SbBr3,Mg,Sb,Br,0.9418,1.234143,
primary,gkf,3,17,rf_physics9,Mg3SbCl3,Mg,Sb,Cl,1.7283,1.544251,
primary,gkf,3,18,rf_physics9,Mg3SbF3,Mg,Sb,F,3.184,2.125194,
primary,gkf,3,15,rf_physics9,Mg3SbI3,Mg,Sb,I,0.1057,0.863175,
primary,gkf,3,19,rf_physics9,Sr3AsCl3,Sr,As,Cl,1.7,1.704609,
primary,gkf,3,18,rf_physics9,Sr3AsI3,Sr,As,I,1.265,1.300142,
primary,gkf,3,18,rf_physics9,Sr3PBr3,Sr,P,Br,1.55,1.629699,
primary,gkf,3,16,rf_physics9,Sr3PCl3,Sr,P,Cl,1.677,1.856182,
primary,gkf,3,16,rf_physics9,Sr3PI3,Sr,P,I,1.258,1.420753,
primary,gkf,3,17,rf_physics9,Sr3SbCl3,Sr,Sb,Cl,1.712,1.633246,
primary,gkf,3,19,rf_physics9,Sr3SbI3,Sr,Sb,I,1.31,1.227308,
primary,gkf,4,22,rf_physics9,Ba3AsBr3,Ba,As,Br,0.92,0.995039,
primary,gkf,4,23,rf_physics9,Ba3AsCl3,Ba,As,Cl,0.969,0.986693,
primary,gkf,4,21,rf_physics9,Ba3AsI3,Ba,As,I,0.802,0.835601,
primary,gkf,4,21,rf_physics9,Ba3BiBr3,Ba,Bi,Br,0.912,1.018717,
primary,gkf,4,20,rf_physics9,Ba3BiCl3,Ba,Bi,Cl,0.957,1.188699,
primary,gkf,4,22,rf_physics9,Ba3BiI3,Ba,Bi,I,0.786,0.883682,
primary,gkf,4,24,rf_physics9,Ba3PBr3,Ba,P,Br,0.944,0.94926,
primary,gkf,4,20,rf_physics9,Ba3PCl3,Ba,P,Cl,0.964,1.085417,
primary,gkf,4,21,rf_physics9,Ba3PI3,Ba,P,I,0.764,0.837465,
primary,gkf,4,23,rf_physics9,Ba3SbBr3,Ba,Sb,Br,1.0819,0.928893,
primary,gkf,4,22,rf_physics9,Ba3SbCl3,Ba,Sb,Cl,1.002,1.035059,
primary,gkf,4,22,rf_physics9,Ba3SbI3,Ba,Sb,I,0.78,0.869682,
primary,gkf,4,24,rf_physics9,Ca3AsBr3,Ca,As,Br,1.634,1.818313,
primary,gkf,4,20,rf_physics9,Ca3AsF3,Ca,As,F,2.27,2.424938,
primary,gkf,4,24,rf_physics9,Ca3BiI3,Ca,Bi,I,1.36,1.197201,
primary,gkf,4,20,rf_physics9,Ca3PBr3,Ca,P,Br,1.8846,1.598523,
primary,gkf,4,21,rf_physics9,Ca3PCl3,Ca,P,Cl,2.035,1.898586,
primary,gkf,4,21,rf_physics9,Ca3PF3,Ca,P,F,2.518,2.135593,
primary,gkf,4,23,rf_physics9,Ca3PI3,Ca,P,I,1.4909,1.309912,
primary,gkf,4,22,rf_physics9,Ca3SbBr3,Ca,Sb,Br,1.782,1.569417,
primary,gkf,4,22,rf_physics9,Ca3SbCl3,Ca,Sb,Cl,1.814,1.798765,
primary,gkf,4,23,rf_physics9,Ca3SbF3,Ca,Sb,F,2.19,2.6598,
primary,gkf,4,24,rf_physics9,Mg3AsBr3,Mg,As,Br,1.2907,1.442704,
primary,gkf,4,20,rf_physics9,Mg3BiBr3,Mg,Bi,Br,0.9648,1.136965,
primary,gkf,4,23,rf_physics9,Mg3BiI3,Mg,Bi,I,0.224,0.539728,
primary,gkf,4,21,rf_physics9,Mg3PBr3,Mg,P,Br,1.506,1.282033,
primary,gkf,4,23,rf_physics9,Mg3PCl3,Mg,P,Cl,2.297,1.872927,
primary,gkf,4,23,rf_physics9,Mg3PI3,Mg,P,I,0.377,0.544177,
primary,gkf,4,24,rf_physics9,Mg3SbBr3,Mg,Sb,Br,0.9418,1.333355,
primary,gkf,4,22,rf_physics9,Mg3SbCl3,Mg,Sb,Cl,1.7283,1.973461,
primary,gkf,4,21,rf_physics9,Mg3SbF3,Mg,Sb,F,3.184,2.116991,
primary,gkf,4,24,rf_physics9,Mg3SbI3,Mg,Sb,I,0.1057,0.569525,
primary,gkf,4,22,rf_physics9,Sr3AsCl3,Sr,As,Cl,1.7,1.650725,
primary,gkf,4,20,rf_physics9,Sr3AsI3,Sr,As,I,1.265,1.350504,
primary,gkf,4,23,rf_physics9,Sr3PBr3,Sr,P,Br,1.55,1.77631,
primary,gkf,4,24,rf_physics9,Sr3PCl3,Sr,P,Cl,1.677,1.811754,
primary,gkf,4,20,rf_physics9,Sr3PI3,Sr,P,I,1.258,1.388797,
primary,gkf,4,21,rf_physics9,Sr3SbCl3,Sr,Sb,Cl,1.712,1.724544,
primary,gkf,4,20,rf_physics9,Sr3SbI3,Sr,Sb,I,1.31,1.281077,
primary,gkf,5,27,rf_physics9,Ba3AsBr3,Ba,As,Br,0.92,0.99389,
primary,gkf,5,29,rf_physics9,Ba3AsCl3,Ba,As,Cl,0.969,0.998004,
primary,gkf,5,28,rf_physics9,Ba3AsI3,Ba,As,I,0.802,0.788846,
primary,gkf,5,26,rf_physics9,Ba3BiBr3,Ba,Bi,Br,0.912,0.998509,
primary,gkf,5,28,rf_physics9,Ba3BiCl3,Ba,Bi,Cl,0.957,1.230333,
primary,gkf,5,26,rf_physics9,Ba3BiI3,Ba,Bi,I,0.786,0.809266,
primary,gkf,5,26,rf_physics9,Ba3PBr3,Ba,P,Br,0.944,1.029649,
primary,gkf,5,26,rf_physics9,Ba3PCl3,Ba,P,Cl,0.964,1.112473,
primary,gkf,5,25,rf_physics9,Ba3PI3,Ba,P,I,0.764,0.819743,
primary,gkf,5,26,rf_physics9,Ba3SbBr3,Ba,Sb,Br,1.0819,1.012012,
primary,gkf,5,26,rf_physics9,Ba3SbCl3,Ba,Sb,Cl,1.002,1.082832,
primary,gkf,5,29,rf_physics9,Ba3SbI3,Ba,Sb,I,0.78,0.812746,
primary,gkf,5,25,rf_physics9,Ca3AsBr3,Ca,As,Br,1.634,1.642235,
primary,gkf,5,26,rf_physics9,Ca3AsF3,Ca,As,F,2.27,2.411404,
primary,gkf,5,29,rf_physics9,Ca3BiI3,Ca,Bi,I,1.36,1.075211,
primary,gkf,5,25,rf_physics9,Ca3PBr3,Ca,P,Br,1.8846,1.671582,
primary,gkf,5,28,rf_physics9,Ca3PCl3,Ca,P,Cl,2.035,1.698868,
primary,gkf,5,25,rf_physics9,Ca3PF3,Ca,P,F,2.518,2.252019,
primary,gkf,5,27,rf_physics9,Ca3PI3,Ca,P,I,1.4909,1.305562,
primary,gkf,5,26,rf_physics9,Ca3SbBr3,Ca,Sb,Br,1.782,1.601967,
primary,gkf,5,27,rf_physics9,Ca3SbCl3,Ca,Sb,Cl,1.814,1.787012,
primary,gkf,5,27,rf_physics9,Ca3SbF3,Ca,Sb,F,2.19,2.657617,
primary,gkf,5,25,rf_physics9,Mg3AsBr3,Mg,As,Br,1.2907,1.067168,
primary,gkf,5,29,rf_physics9,Mg3BiBr3,Mg,Bi,Br,0.9648,1.004358,
primary,gkf,5,27,rf_physics9,Mg3BiI3,Mg,Bi,I,0.224,0.559338,
primary,gkf,5,25,rf_physics9,Mg3PBr3,Mg,P,Br,1.506,1.091672,
primary,gkf,5,28,rf_physics9,Mg3PCl3,Mg,P,Cl,2.297,1.638902,
primary,gkf,5,27,rf_physics9,Mg3PI3,Mg,P,I,0.377,0.696194,
primary,gkf,5,28,rf_physics9,Mg3SbBr3,Mg,Sb,Br,0.9418,1.207019,
primary,gkf,5,27,rf_physics9,Mg3SbCl3,Mg,Sb,Cl,1.7283,1.910104,
primary,gkf,5,28,rf_physics9,Mg3SbF3,Mg,Sb,F,3.184,2.168481,
primary,gkf,5,29,rf_physics9,Mg3SbI3,Mg,Sb,I,0.1057,0.565345,
primary,gkf,5,28,rf_physics9,Sr3AsCl3,Sr,As,Cl,1.7,1.62959,
primary,gkf,5,27,rf_physics9,Sr3AsI3,Sr,As,I,1.265,1.263361,
primary,gkf,5,28,rf_physics9,Sr3PBr3,Sr,P,Br,1.55,1.742796,
primary,gkf,5,25,rf_physics9,Sr3PCl3,Sr,P,Cl,1.677,1.866596,
primary,gkf,5,29,rf_physics9,Sr3PI3,Sr,P,I,1.258,1.327764,
primary,gkf,5,25,rf_physics9,Sr3SbCl3,Sr,Sb,Cl,1.712,1.717531,
primary,gkf,5,29,rf_physics9,Sr3SbI3,Sr,Sb,I,1.31,1.172874,
primary,gkf,6,32,rf_physics9,Ba3AsBr3,Ba,As,Br,0.92,1.030989,
primary,gkf,6,31,rf_physics9,Ba3AsCl3,Ba,As,Cl,0.969,1.010225,
primary,gkf,6,33,rf_physics9,Ba3AsI3,Ba,As,I,0.802,0.78923,
primary,gkf,6,33,rf_physics9,Ba3BiBr3,Ba,Bi,Br,0.912,1.018524,
primary,gkf,6,30,rf_physics9,Ba3BiCl3,Ba,Bi,Cl,0.957,1.152223,
primary,gkf,6,34,rf_physics9,Ba3BiI3,Ba,Bi,I,0.786,0.83487,
primary,gkf,6,32,rf_physics9,Ba3PBr3,Ba,P,Br,0.944,1.03966,
primary,gkf,6,32,rf_physics9,Ba3PCl3,Ba,P,Cl,0.964,1.03628,
primary,gkf,6,34,rf_physics9,Ba3PI3,Ba,P,I,0.764,0.825071,
primary,gkf,6,30,rf_physics9,Ba3SbBr3,Ba,Sb,Br,1.0819,0.937129,
primary,gkf,6,34,rf_physics9,Ba3SbCl3,Ba,Sb,Cl,1.002,1.070068,
primary,gkf,6,31,rf_physics9,Ba3SbI3,Ba,Sb,I,0.78,0.80127,
primary,gkf,6,31,rf_physics9,Ca3AsBr3,Ca,As,Br,1.634,1.802456,
primary,gkf,6,30,rf_physics9,Ca3AsF3,Ca,As,F,2.27,2.421579,
primary,gkf,6,30,rf_physics9,Ca3BiI3,Ca,Bi,I,1.36,1.172814,
primary,gkf,6,34,rf_physics9,Ca3PBr3,Ca,P,Br,1.8846,1.660311,
primary,gkf,6,30,rf_physics9,Ca3PCl3,Ca,P,Cl,2.035,1.807109,
primary,gkf,6,31,rf_physics9,Ca3PF3,Ca,P,F,2.518,2.240312,
primary,gkf,6,33,rf_physics9,Ca3PI3,Ca,P,I,1.4909,1.263956,
primary,gkf,6,33,rf_physics9,Ca3SbBr3,Ca,Sb,Br,1.782,1.65904,
primary,gkf,6,31,rf_physics9,Ca3SbCl3,Ca,Sb,Cl,1.814,1.840905,
primary,gkf,6,32,rf_physics9,Ca3SbF3,Ca,Sb,F,2.19,2.121304,
primary,gkf,6,32,rf_physics9,Mg3AsBr3,Mg,As,Br,1.2907,1.281923,
primary,gkf,6,31,rf_physics9,Mg3BiBr3,Mg,Bi,Br,0.9648,1.102914,
primary,gkf,6,30,rf_physics9,Mg3BiI3,Mg,Bi,I,0.224,0.304199,
primary,gkf,6,33,rf_physics9,Mg3PBr3,Mg,P,Br,1.506,1.221983,
primary,gkf,6,33,rf_physics9,Mg3PCl3,Mg,P,Cl,2.297,1.836417,
primary,gkf,6,33,rf_physics9,Mg3PI3,Mg,P,I,0.377,0.734734,
primary,gkf,6,34,rf_physics9,Mg3SbBr3,Mg,Sb,Br,0.9418,1.31414,
primary,gkf,6,30,rf_physics9,Mg3SbCl3,Mg,Sb,Cl,1.7283,2.039661,
primary,gkf,6,32,rf_physics9,Mg3SbF3,Mg,Sb,F,3.184,2.114671,
primary,gkf,6,33,rf_physics9,Mg3SbI3,Mg,Sb,I,0.1057,0.703189,
primary,gkf,6,34,rf_physics9,Sr3AsCl3,Sr,As,Cl,1.7,1.710734,
primary,gkf,6,31,rf_physics9,Sr3AsI3,Sr,As,I,1.265,1.295642,
primary,gkf,6,30,rf_physics9,Sr3PBr3,Sr,P,Br,1.55,1.763641,
primary,gkf,6,32,rf_physics9,Sr3PCl3,Sr,P,Cl,1.677,1.856394,
primary,gkf,6,32,rf_physics9,Sr3PI3,Sr,P,I,1.258,1.358147,
primary,gkf,6,34,rf_physics9,Sr3SbCl3,Sr,Sb,Cl,1.712,1.702885,
primary,gkf,6,31,rf_physics9,Sr3SbI3,Sr,Sb,I,1.31,1.251322,
primary,gkf,7,39,rf_physics9,Ba3AsBr3,Ba,As,Br,0.92,0.981581,
primary,gkf,7,39,rf_physics9,Ba3AsCl3,Ba,As,Cl,0.969,1.066407,
primary,gkf,7,38,rf_physics9,Ba3AsI3,Ba,As,I,0.802,0.830699,
primary,gkf,7,36,rf_physics9,Ba3BiBr3,Ba,Bi,Br,0.912,1.030925,
primary,gkf,7,39,rf_physics9,Ba3BiCl3,Ba,Bi,Cl,0.957,1.199829,
primary,gkf,7,36,rf_physics9,Ba3BiI3,Ba,Bi,I,0.786,0.833861,
primary,gkf,7,35,rf_physics9,Ba3PBr3,Ba,P,Br,0.944,0.984088,
primary,gkf,7,37,rf_physics9,Ba3PCl3,Ba,P,Cl,0.964,1.195942,
primary,gkf,7,38,rf_physics9,Ba3PI3,Ba,P,I,0.764,0.836039,
primary,gkf,7,35,rf_physics9,Ba3SbBr3,Ba,Sb,Br,1.0819,0.94909,
primary,gkf,7,37,rf_physics9,Ba3SbCl3,Ba,Sb,Cl,1.002,1.15061,
primary,gkf,7,39,rf_physics9,Ba3SbI3,Ba,Sb,I,0.78,0.817688,
primary,gkf,7,35,rf_physics9,Ca3AsBr3,Ca,As,Br,1.634,1.76386,
primary,gkf,7,35,rf_physics9,Ca3AsF3,Ca,As,F,2.27,2.412976,
primary,gkf,7,35,rf_physics9,Ca3BiI3,Ca,Bi,I,1.36,1.136435,
primary,gkf,7,39,rf_physics9,Ca3PBr3,Ca,P,Br,1.8846,1.649321,
primary,gkf,7,37,rf_physics9,Ca3PCl3,Ca,P,Cl,2.035,2.042258,
primary,gkf,7,36,rf_physics9,Ca3PF3,Ca,P,F,2.518,2.248396,
primary,gkf,7,38,rf_physics9,Ca3PI3,Ca,P,I,1.4909,1.281291,
primary,gkf,7,37,rf_physics9,Ca3SbBr3,Ca,Sb,Br,1.782,1.54007,
primary,gkf,7,35,rf_physics9,Ca3SbCl3,Ca,Sb,Cl,1.814,1.818318,
primary,gkf,7,37,rf_physics9,Ca3SbF3,Ca,Sb,F,2.19,2.061301,
primary,gkf,7,38,rf_physics9,Mg3AsBr3,Mg,As,Br,1.2907,1.322748,
primary,gkf,7,36,rf_physics9,Mg3BiBr3,Mg,Bi,Br,0.9648,1.478777,
primary,gkf,7,36,rf_physics9,Mg3BiI3,Mg,Bi,I,0.224,0.417144,
primary,gkf,7,39,rf_physics9,Mg3PBr3,Mg,P,Br,1.506,1.217949,
primary,gkf,7,38,rf_physics9,Mg3PCl3,Mg,P,Cl,2.297,1.776503,
primary,gkf,7,37,rf_physics9,Mg3PI3,Mg,P,I,0.377,0.404363,
primary,gkf,7,36,rf_physics9,Mg3SbBr3,Mg,Sb,Br,0.9418,1.479504,
primary,gkf,7,38,rf_physics9,Mg3SbCl3,Mg,Sb,Cl,1.7283,1.650504,
primary,gkf,7,37,rf_physics9,Mg3SbF3,Mg,Sb,F,3.184,2.056434,
primary,gkf,7,39,rf_physics9,Mg3SbI3,Mg,Sb,I,0.1057,0.447413,
primary,gkf,7,36,rf_physics9,Sr3AsCl3,Sr,As,Cl,1.7,1.699963,
primary,gkf,7,35,rf_physics9,Sr3AsI3,Sr,As,I,1.265,1.326834,
primary,gkf,7,36,rf_physics9,Sr3PBr3,Sr,P,Br,1.55,1.673884,
primary,gkf,7,37,rf_physics9,Sr3PCl3,Sr,P,Cl,1.677,1.910136,
primary,gkf,7,35,rf_physics9,Sr3PI3,Sr,P,I,1.258,1.385558,
primary,gkf,7,38,rf_physics9,Sr3SbCl3,Sr,Sb,Cl,1.712,1.678379,
primary,gkf,7,38,rf_physics9,Sr3SbI3,Sr,Sb,I,1.31,1.19521,
primary,gkf,8,43,rf_physics9,Ba3AsBr3,Ba,As,Br,0.92,1.040526,
primary,gkf,8,41,rf_physics9,Ba3AsCl3,Ba,As,Cl,0.969,1.142912,
primary,gkf,8,43,rf_physics9,Ba3AsI3,Ba,As,I,0.802,0.826094,
primary,gkf,8,44,rf_physics9,Ba3BiBr3,Ba,Bi,Br,0.912,1.018434,
primary,gkf,8,41,rf_physics9,Ba3BiCl3,Ba,Bi,Cl,0.957,1.193829,
primary,gkf,8,42,rf_physics9,Ba3BiI3,Ba,Bi,I,0.786,0.863781,
primary,gkf,8,43,rf_physics9,Ba3PBr3,Ba,P,Br,0.944,1.040843,
primary,gkf,8,43,rf_physics9,Ba3PCl3,Ba,P,Cl,0.964,1.040449,
primary,gkf,8,40,rf_physics9,Ba3PI3,Ba,P,I,0.764,0.846302,
primary,gkf,8,40,rf_physics9,Ba3SbBr3,Ba,Sb,Br,1.0819,0.93145,
primary,gkf,8,41,rf_physics9,Ba3SbCl3,Ba,Sb,Cl,1.002,1.219467,
primary,gkf,8,42,rf_physics9,Ba3SbI3,Ba,Sb,I,0.78,0.863093,
primary,gkf,8,42,rf_physics9,Ca3AsBr3,Ca,As,Br,1.634,1.775604,
primary,gkf,8,44,rf_physics9,Ca3AsF3,Ca,As,F,2.27,2.415011,
primary,gkf,8,40,rf_physics9,Ca3BiI3,Ca,Bi,I,1.36,1.150216,
primary,gkf,8,44,rf_physics9,Ca3PBr3,Ca,P,Br,1.8846,1.70753,
primary,gkf,8,43,rf_physics9,Ca3PCl3,Ca,P,Cl,2.035,1.863661,
primary,gkf,8,41,rf_physics9,Ca3PF3,Ca,P,F,2.518,2.234732,
primary,gkf,8,42,rf_physics9,Ca3PI3,Ca,P,I,1.4909,1.249184,
primary,gkf,8,43,rf_physics9,Ca3SbBr3,Ca,Sb,Br,1.782,1.601016,
primary,gkf,8,44,rf_physics9,Ca3SbCl3,Ca,Sb,Cl,1.814,1.789391,
primary,gkf,8,40,rf_physics9,Ca3SbF3,Ca,Sb,F,2.19,2.65957,
primary,gkf,8,41,rf_physics9,Mg3AsBr3,Mg,As,Br,1.2907,1.304227,
primary,gkf,8,43,rf_physics9,Mg3BiBr3,Mg,Bi,Br,0.9648,1.114148,
primary,gkf,8,41,rf_physics9,Mg3BiI3,Mg,Bi,I,0.224,0.331978,
primary,gkf,8,40,rf_physics9,Mg3PBr3,Mg,P,Br,1.506,1.305224,
primary,gkf,8,41,rf_physics9,Mg3PCl3,Mg,P,Cl,2.297,1.776426,
primary,gkf,8,40,rf_physics9,Mg3PI3,Mg,P,I,0.377,0.514009,
primary,gkf,8,42,rf_physics9,Mg3SbBr3,Mg,Sb,Br,0.9418,1.270237,
primary,gkf,8,41,rf_physics9,Mg3SbCl3,Mg,Sb,Cl,1.7283,1.805893,
primary,gkf,8,42,rf_physics9,Mg3SbF3,Mg,Sb,F,3.184,2.176672,
primary,gkf,8,42,rf_physics9,Mg3SbI3,Mg,Sb,I,0.1057,0.568874,
primary,gkf,8,44,rf_physics9,Sr3AsCl3,Sr,As,Cl,1.7,1.84251,
primary,gkf,8,42,rf_physics9,Sr3AsI3,Sr,As,I,1.265,1.237228,
primary,gkf,8,40,rf_physics9,Sr3PBr3,Sr,P,Br,1.55,1.724749,
primary,gkf,8,44,rf_physics9,Sr3PCl3,Sr,P,Cl,1.677,1.928609,
primary,gkf,8,44,rf_physics9,Sr3PI3,Sr,P,I,1.258,1.397177,
primary,gkf,8,40,rf_physics9,Sr3SbCl3,Sr,Sb,Cl,1.712,1.72065,
primary,gkf,8,43,rf_physics9,Sr3SbI3,Sr,Sb,I,1.31,1.23195,
primary,gkf,9,48,rf_physics9,Ba3AsBr3,Ba,As,Br,0.92,0.996093,
primary,gkf,9,47,rf_physics9,Ba3AsCl3,Ba,As,Cl,0.969,1.085767,
primary,gkf,9,48,rf_physics9,Ba3AsI3,Ba,As,I,0.802,0.827288,
primary,gkf,9,45,rf_physics9,Ba3BiBr3,Ba,Bi,Br,0.912,1.019233,
primary,gkf,9,45,rf_physics9,Ba3BiCl3,Ba,Bi,Cl,0.957,1.117051,
primary,gkf,9,49,rf_physics9,Ba3BiI3,Ba,Bi,I,0.786,0.819757,
primary,gkf,9,45,rf_physics9,Ba3PBr3,Ba,P,Br,0.944,1.012279,
primary,gkf,9,47,rf_physics9,Ba3PCl3,Ba,P,Cl,0.964,1.12179,
primary,gkf,9,45,rf_physics9,Ba3PI3,Ba,P,I,0.764,0.913475,
primary,gkf,9,47,rf_physics9,Ba3SbBr3,Ba,Sb,Br,1.0819,0.945177,
primary,gkf,9,46,rf_physics9,Ba3SbCl3,Ba,Sb,Cl,1.002,1.125683,
primary,gkf,9,45,rf_physics9,Ba3SbI3,Ba,Sb,I,0.78,0.838175,
primary,gkf,9,45,rf_physics9,Ca3AsBr3,Ca,As,Br,1.634,1.803328,
primary,gkf,9,47,rf_physics9,Ca3AsF3,Ca,As,F,2.27,2.454035,
primary,gkf,9,47,rf_physics9,Ca3BiI3,Ca,Bi,I,1.36,1.193404,
primary,gkf,9,46,rf_physics9,Ca3PBr3,Ca,P,Br,1.8846,1.584475,
primary,gkf,9,46,rf_physics9,Ca3PCl3,Ca,P,Cl,2.035,1.635977,
primary,gkf,9,48,rf_physics9,Ca3PF3,Ca,P,F,2.518,2.237025,
primary,gkf,9,46,rf_physics9,Ca3PI3,Ca,P,I,1.4909,1.286068,
primary,gkf,9,48,rf_physics9,Ca3SbBr3,Ca,Sb,Br,1.782,1.519244,
primary,gkf,9,48,rf_physics9,Ca3SbCl3,Ca,Sb,Cl,1.814,1.700843,
primary,gkf,9,47,rf_physics9,Ca3SbF3,Ca,Sb,F,2.19,2.65606,
primary,gkf,9,48,rf_physics9,Mg3AsBr3,Mg,As,Br,1.2907,1.38063,
primary,gkf,9,49,rf_physics9,Mg3BiBr3,Mg,Bi,Br,0.9648,1.398431,
primary,gkf,9,47,rf_physics9,Mg3BiI3,Mg,Bi,I,0.224,0.314049,
primary,gkf,9,47,rf_physics9,Mg3PBr3,Mg,P,Br,1.506,1.246232,
primary,gkf,9,46,rf_physics9,Mg3PCl3,Mg,P,Cl,2.297,1.561472,
primary,gkf,9,45,rf_physics9,Mg3PI3,Mg,P,I,0.377,0.470513,
primary,gkf,9,49,rf_physics9,Mg3SbBr3,Mg,Sb,Br,0.9418,1.424173,
primary,gkf,9,46,rf_physics9,Mg3SbCl3,Mg,Sb,Cl,1.7283,1.754311,
primary,gkf,9,49,rf_physics9,Mg3SbF3,Mg,Sb,F,3.184,2.185753,
primary,gkf,9,46,rf_physics9,Mg3SbI3,Mg,Sb,I,0.1057,0.462796,
primary,gkf,9,49,rf_physics9,Sr3AsCl3,Sr,As,Cl,1.7,1.68744,
primary,gkf,9,48,rf_physics9,Sr3AsI3,Sr,As,I,1.265,1.321077,
primary,gkf,9,49,rf_physics9,Sr3PBr3,Sr,P,Br,1.55,1.675719,
primary,gkf,9,46,rf_physics9,Sr3PCl3,Sr,P,Cl,1.677,1.613533,
primary,gkf,9,49,rf_physics9,Sr3PI3,Sr,P,I,1.258,1.395726,
primary,gkf,9,48,rf_physics9,Sr3SbCl3,Sr,Sb,Cl,1.712,1.615159,
primary,gkf,9,45,rf_physics9,Sr3SbI3,Sr,Sb,I,1.31,1.238909,
primary,gkf,0,2,ridge_magpie,Ba3AsBr3,Ba,As,Br,0.92,0.977654,
primary,gkf,0,2,ridge_magpie,Ba3AsCl3,Ba,As,Cl,0.969,1.113141,
primary,gkf,0,3,ridge_magpie,Ba3AsI3,Ba,As,I,0.802,0.775444,
primary,gkf,0,3,ridge_magpie,Ba3BiBr3,Ba,Bi,Br,0.912,0.848284,
primary,gkf,0,0,ridge_magpie,Ba3BiCl3,Ba,Bi,Cl,0.957,1.046911,
primary,gkf,0,2,ridge_magpie,Ba3BiI3,Ba,Bi,I,0.786,1.031066,
primary,gkf,0,0,ridge_magpie,Ba3PBr3,Ba,P,Br,0.944,0.987153,
primary,gkf,0,4,ridge_magpie,Ba3PCl3,Ba,P,Cl,0.964,1.063524,
primary,gkf,0,1,ridge_magpie,Ba3PI3,Ba,P,I,0.764,0.943511,
primary,gkf,0,1,ridge_magpie,Ba3SbBr3,Ba,Sb,Br,1.0819,0.933476,
primary,gkf,0,3,ridge_magpie,Ba3SbCl3,Ba,Sb,Cl,1.002,1.04732,
primary,gkf,0,2,ridge_magpie,Ba3SbI3,Ba,Sb,I,0.78,0.984253,
primary,gkf,0,1,ridge_magpie,Ca3AsBr3,Ca,As,Br,1.634,1.639602,
primary,gkf,0,0,ridge_magpie,Ca3AsF3,Ca,As,F,2.27,2.462779,
primary,gkf,0,4,ridge_magpie,Ca3BiI3,Ca,Bi,I,1.36,0.569629,
primary,gkf,0,1,ridge_magpie,Ca3PBr3,Ca,P,Br,1.8846,1.706791,
primary,gkf,0,1,ridge_magpie,Ca3PCl3,Ca,P,Cl,2.035,2.145796,
primary,gkf,0,1,ridge_magpie,Ca3PF3,Ca,P,F,2.518,2.660181,
primary,gkf,0,4,ridge_magpie,Ca3PI3,Ca,P,I,1.4909,0.921112,
primary,gkf,0,1,ridge_magpie,Ca3SbBr3,Ca,Sb,Br,1.782,1.519977,
primary,gkf,0,4,ridge_magpie,Ca3SbCl3,Ca,Sb,Cl,1.814,1.863943,
primary,gkf,0,2,ridge_magpie,Ca3SbF3,Ca,Sb,F,2.19,2.492788,
primary,gkf,0,4,ridge_magpie,Mg3AsBr3,Mg,As,Br,1.2907,1.455851,
primary,gkf,0,3,ridge_magpie,Mg3BiBr3,Mg,Bi,Br,0.9648,1.202716,
primary,gkf,0,1,ridge_magpie,Mg3BiI3,Mg,Bi,I,0.224,0.347406,
primary,gkf,0,2,ridge_magpie,Mg3PBr3,Mg,P,Br,1.506,1.38486,
primary,gkf,0,0,ridge_magpie,Mg3PCl3,Mg,P,Cl,2.297,1.918819,
primary,gkf,0,0,ridge_magpie,Mg3PI3,Mg,P,I,0.377,0.78931,
primary,gkf,0,4,ridge_magpie,Mg3SbBr3,Mg,Sb,Br,0.9418,1.236166,
primary,gkf,0,3,ridge_magpie,Mg3SbCl3,Mg,Sb,Cl,1.7283,2.121248,
primary,gkf,0,0,ridge_magpie,Mg3SbF3,Mg,Sb,F,3.184,2.009592,
primary,gkf,0,3,ridge_magpie,Mg3SbI3,Mg,Sb,I,0.1057,0.221861,
primary,gkf,0,2,ridge_magpie,Sr3AsCl3,Sr,As,Cl,1.7,1.542951,
primary,gkf,0,0,ridge_magpie,Sr3AsI3,Sr,As,I,1.265,1.037435,
primary,gkf,0,3,ridge_magpie,Sr3PBr3,Sr,P,Br,1.55,1.325871,
primary,gkf,0,3,ridge_magpie,Sr3PCl3,Sr,P,Cl,1.677,1.520626,
primary,gkf,0,0,ridge_magpie,Sr3PI3,Sr,P,I,1.258,1.233993,
primary,gkf,0,2,ridge_magpie,Sr3SbCl3,Sr,Sb,Cl,1.712,1.432509,
primary,gkf,0,4,ridge_magpie,Sr3SbI3,Sr,Sb,I,1.31,0.976372,
primary,gkf,1,5,ridge_magpie,Ba3AsBr3,Ba,As,Br,0.92,0.885222,
primary,gkf,1,8,ridge_magpie,Ba3AsCl3,Ba,As,Cl,0.969,1.237572,
primary,gkf,1,7,ridge_magpie,Ba3AsI3,Ba,As,I,0.802,0.725642,
primary,gkf,1,9,ridge_magpie,Ba3BiBr3,Ba,Bi,Br,0.912,0.943046,
primary,gkf,1,5,ridge_magpie,Ba3BiCl3,Ba,Bi,Cl,0.957,1.021021,
primary,gkf,1,6,ridge_magpie,Ba3BiI3,Ba,Bi,I,0.786,0.990582,
primary,gkf,1,9,ridge_magpie,Ba3PBr3,Ba,P,Br,0.944,1.005253,
primary,gkf,1,7,ridge_magpie,Ba3PCl3,Ba,P,Cl,0.964,1.378849,
primary,gkf,1,9,ridge_magpie,Ba3PI3,Ba,P,I,0.764,0.921832,
primary,gkf,1,6,ridge_magpie,Ba3SbBr3,Ba,Sb,Br,1.0819,0.905335,
primary,gkf,1,5,ridge_magpie,Ba3SbCl3,Ba,Sb,Cl,1.002,1.039488,
primary,gkf,1,7,ridge_magpie,Ba3SbI3,Ba,Sb,I,0.78,0.886658,
primary,gkf,1,5,ridge_magpie,Ca3AsBr3,Ca,As,Br,1.634,1.755336,
primary,gkf,1,9,ridge_magpie,Ca3AsF3,Ca,As,F,2.27,2.852227,
primary,gkf,1,8,ridge_magpie,Ca3BiI3,Ca,Bi,I,1.36,0.777122,
primary,gkf,1,6,ridge_magpie,Ca3PBr3,Ca,P,Br,1.8846,1.77446,
primary,gkf,1,7,ridge_magpie,Ca3PCl3,Ca,P,Cl,2.035,2.000907,
primary,gkf,1,9,ridge_magpie,Ca3PF3,Ca,P,F,2.518,2.853051,
primary,gkf,1,6,ridge_magpie,Ca3PI3,Ca,P,I,1.4909,1.108049,
primary,gkf,1,8,ridge_magpie,Ca3SbBr3,Ca,Sb,Br,1.782,1.46627,
primary,gkf,1,9,ridge_magpie,Ca3SbCl3,Ca,Sb,Cl,1.814,1.90052,
primary,gkf,1,6,ridge_magpie,Ca3SbF3,Ca,Sb,F,2.19,2.544697,
primary,gkf,1,6,ridge_magpie,Mg3AsBr3,Mg,As,Br,1.2907,1.249542,
primary,gkf,1,5,ridge_magpie,Mg3BiBr3,Mg,Bi,Br,0.9648,1.372293,
primary,gkf,1,9,ridge_magpie,Mg3BiI3,Mg,Bi,I,0.224,0.283071,
primary,gkf,1,8,ridge_magpie,Mg3PBr3,Mg,P,Br,1.506,1.353495,
primary,gkf,1,6,ridge_magpie,Mg3PCl3,Mg,P,Cl,2.297,2.092158,
primary,gkf,1,5,ridge_magpie,Mg3PI3,Mg,P,I,0.377,0.832035,
primary,gkf,1,5,ridge_magpie,Mg3SbBr3,Mg,Sb,Br,0.9418,1.350569,
primary,gkf,1,5,ridge_magpie,Mg3SbCl3,Mg,Sb,Cl,1.7283,2.235405,
primary,gkf,1,8,ridge_magpie,Mg3SbF3,Mg,Sb,F,3.184,1.879535,
primary,gkf,1,6,ridge_magpie,Mg3SbI3,Mg,Sb,I,0.1057,0.222733,
primary,gkf,1,7,ridge_magpie,Sr3AsCl3,Sr,As,Cl,1.7,1.382582,
primary,gkf,1,7,ridge_magpie,Sr3AsI3,Sr,As,I,1.265,1.179069,
primary,gkf,1,7,ridge_magpie,Sr3PBr3,Sr,P,Br,1.55,1.228646,
primary,gkf,1,8,ridge_magpie,Sr3PCl3,Sr,P,Cl,1.677,1.61742,
primary,gkf,1,8,ridge_magpie,Sr3PI3,Sr,P,I,1.258,1.117615,
primary,gkf,1,8,ridge_magpie,Sr3SbCl3,Sr,Sb,Cl,1.712,1.524995,
primary,gkf,1,7,ridge_magpie,Sr3SbI3,Sr,Sb,I,1.31,1.340949,
primary,gkf,2,12,ridge_magpie,Ba3AsBr3,Ba,As,Br,0.92,1.034095,
primary,gkf,2,10,ridge_magpie,Ba3AsCl3,Ba,As,Cl,0.969,1.453996,
primary,gkf,2,11,ridge_magpie,Ba3AsI3,Ba,As,I,0.802,0.705086,
primary,gkf,2,10,ridge_magpie,Ba3BiBr3,Ba,Bi,Br,0.912,1.009132,
primary,gkf,2,10,ridge_magpie,Ba3BiCl3,Ba,Bi,Cl,0.957,1.238532,
primary,gkf,2,10,ridge_magpie,Ba3BiI3,Ba,Bi,I,0.786,0.800905,
primary,gkf,2,12,ridge_magpie,Ba3PBr3,Ba,P,Br,0.944,1.05471,
primary,gkf,2,14,ridge_magpie,Ba3PCl3,Ba,P,Cl,0.964,0.968151,
primary,gkf,2,12,ridge_magpie,Ba3PI3,Ba,P,I,0.764,0.972875,
primary,gkf,2,10,ridge_magpie,Ba3SbBr3,Ba,Sb,Br,1.0819,1.110507,
primary,gkf,2,10,ridge_magpie,Ba3SbCl3,Ba,Sb,Cl,1.002,1.346783,
primary,gkf,2,11,ridge_magpie,Ba3SbI3,Ba,Sb,I,0.78,0.981272,
primary,gkf,2,13,ridge_magpie,Ca3AsBr3,Ca,As,Br,1.634,1.581738,
primary,gkf,2,14,ridge_magpie,Ca3AsF3,Ca,As,F,2.27,2.355104,
primary,gkf,2,14,ridge_magpie,Ca3BiI3,Ca,Bi,I,1.36,0.999262,
primary,gkf,2,13,ridge_magpie,Ca3PBr3,Ca,P,Br,1.8846,1.809796,
primary,gkf,2,10,ridge_magpie,Ca3PCl3,Ca,P,Cl,2.035,2.011846,
primary,gkf,2,13,ridge_magpie,Ca3PF3,Ca,P,F,2.518,2.384774,
primary,gkf,2,11,ridge_magpie,Ca3PI3,Ca,P,I,1.4909,0.999753,
primary,gkf,2,11,ridge_magpie,Ca3SbBr3,Ca,Sb,Br,1.782,1.767966,
primary,gkf,2,13,ridge_magpie,Ca3SbCl3,Ca,Sb,Cl,1.814,2.046836,
primary,gkf,2,12,ridge_magpie,Ca3SbF3,Ca,Sb,F,2.19,2.53575,
primary,gkf,2,14,ridge_magpie,Mg3AsBr3,Mg,As,Br,1.2907,1.378729,
primary,gkf,2,12,ridge_magpie,Mg3BiBr3,Mg,Bi,Br,0.9648,1.142902,
primary,gkf,2,13,ridge_magpie,Mg3BiI3,Mg,Bi,I,0.224,-0.044944,
primary,gkf,2,12,ridge_magpie,Mg3PBr3,Mg,P,Br,1.506,1.454722,
primary,gkf,2,10,ridge_magpie,Mg3PCl3,Mg,P,Cl,2.297,1.891578,
primary,gkf,2,13,ridge_magpie,Mg3PI3,Mg,P,I,0.377,1.178318,
primary,gkf,2,11,ridge_magpie,Mg3SbBr3,Mg,Sb,Br,0.9418,1.236905,
primary,gkf,2,13,ridge_magpie,Mg3SbCl3,Mg,Sb,Cl,1.7283,2.483551,
primary,gkf,2,14,ridge_magpie,Mg3SbF3,Mg,Sb,F,3.184,2.121194,
primary,gkf,2,12,ridge_magpie,Mg3SbI3,Mg,Sb,I,0.1057,0.517695,
primary,gkf,2,11,ridge_magpie,Sr3AsCl3,Sr,As,Cl,1.7,1.47833,
primary,gkf,2,11,ridge_magpie,Sr3AsI3,Sr,As,I,1.265,1.015921,
primary,gkf,2,13,ridge_magpie,Sr3PBr3,Sr,P,Br,1.55,1.431512,
primary,gkf,2,14,ridge_magpie,Sr3PCl3,Sr,P,Cl,1.677,1.535465,
primary,gkf,2,11,ridge_magpie,Sr3PI3,Sr,P,I,1.258,1.114991,
primary,gkf,2,14,ridge_magpie,Sr3SbCl3,Sr,Sb,Cl,1.712,1.456452,
primary,gkf,2,12,ridge_magpie,Sr3SbI3,Sr,Sb,I,1.31,1.075293,
primary,gkf,3,17,ridge_magpie,Ba3AsBr3,Ba,As,Br,0.92,0.908376,
primary,gkf,3,15,ridge_magpie,Ba3AsCl3,Ba,As,Cl,0.969,1.069246,
primary,gkf,3,18,ridge_magpie,Ba3AsI3,Ba,As,I,0.802,0.755021,
primary,gkf,3,15,ridge_magpie,Ba3BiBr3,Ba,Bi,Br,0.912,1.153455,
primary,gkf,3,18,ridge_magpie,Ba3BiCl3,Ba,Bi,Cl,0.957,1.102074,
primary,gkf,3,15,ridge_magpie,Ba3BiI3,Ba,Bi,I,0.786,1.096707,
primary,gkf,3,19,ridge_magpie,Ba3PBr3,Ba,P,Br,0.944,1.100016,
primary,gkf,3,19,ridge_magpie,Ba3PCl3,Ba,P,Cl,0.964,1.264394,
primary,gkf,3,19,ridge_magpie,Ba3PI3,Ba,P,I,0.764,1.027448,
primary,gkf,3,16,ridge_magpie,Ba3SbBr3,Ba,Sb,Br,1.0819,0.871849,
primary,gkf,3,16,ridge_magpie,Ba3SbCl3,Ba,Sb,Cl,1.002,1.00166,
primary,gkf,3,19,ridge_magpie,Ba3SbI3,Ba,Sb,I,0.78,0.944745,
primary,gkf,3,16,ridge_magpie,Ca3AsBr3,Ca,As,Br,1.634,1.799922,
primary,gkf,3,17,ridge_magpie,Ca3AsF3,Ca,As,F,2.27,3.071479,
primary,gkf,3,17,ridge_magpie,Ca3BiI3,Ca,Bi,I,1.36,1.138184,
primary,gkf,3,18,ridge_magpie,Ca3PBr3,Ca,P,Br,1.8846,1.932822,
primary,gkf,3,16,ridge_magpie,Ca3PCl3,Ca,P,Cl,2.035,2.033827,
primary,gkf,3,15,ridge_magpie,Ca3PF3,Ca,P,F,2.518,2.621682,
primary,gkf,3,15,ridge_magpie,Ca3PI3,Ca,P,I,1.4909,1.093762,
primary,gkf,3,16,ridge_magpie,Ca3SbBr3,Ca,Sb,Br,1.782,1.736779,
primary,gkf,3,17,ridge_magpie,Ca3SbCl3,Ca,Sb,Cl,1.814,2.097971,
primary,gkf,3,17,ridge_magpie,Ca3SbF3,Ca,Sb,F,2.19,2.958937,
primary,gkf,3,18,ridge_magpie,Mg3AsBr3,Mg,As,Br,1.2907,1.505792,
primary,gkf,3,18,ridge_magpie,Mg3BiBr3,Mg,Bi,Br,0.9648,0.940846,
primary,gkf,3,15,ridge_magpie,Mg3BiI3,Mg,Bi,I,0.224,-0.299685,
primary,gkf,3,15,ridge_magpie,Mg3PBr3,Mg,P,Br,1.506,1.44582,
primary,gkf,3,17,ridge_magpie,Mg3PCl3,Mg,P,Cl,2.297,1.925138,
primary,gkf,3,19,ridge_magpie,Mg3PI3,Mg,P,I,0.377,0.864766,
primary,gkf,3,16,ridge_magpie,Mg3SbBr3,Mg,Sb,Br,0.9418,1.191902,
primary,gkf,3,17,ridge_magpie,Mg3SbCl3,Mg,Sb,Cl,1.7283,1.927773,
primary,gkf,3,18,ridge_magpie,Mg3SbF3,Mg,Sb,F,3.184,1.936148,
primary,gkf,3,15,ridge_magpie,Mg3SbI3,Mg,Sb,I,0.1057,-0.188211,
primary,gkf,3,19,ridge_magpie,Sr3AsCl3,Sr,As,Cl,1.7,1.547391,
primary,gkf,3,18,ridge_magpie,Sr3AsI3,Sr,As,I,1.265,1.100609,
primary,gkf,3,18,ridge_magpie,Sr3PBr3,Sr,P,Br,1.55,1.429125,
primary,gkf,3,16,ridge_magpie,Sr3PCl3,Sr,P,Cl,1.677,1.507634,
primary,gkf,3,16,ridge_magpie,Sr3PI3,Sr,P,I,1.258,1.318303,
primary,gkf,3,17,ridge_magpie,Sr3SbCl3,Sr,Sb,Cl,1.712,1.59203,
primary,gkf,3,19,ridge_magpie,Sr3SbI3,Sr,Sb,I,1.31,1.110534,
primary,gkf,4,22,ridge_magpie,Ba3AsBr3,Ba,As,Br,0.92,0.826511,
primary,gkf,4,23,ridge_magpie,Ba3AsCl3,Ba,As,Cl,0.969,1.204818,
primary,gkf,4,21,ridge_magpie,Ba3AsI3,Ba,As,I,0.802,0.931603,
primary,gkf,4,21,ridge_magpie,Ba3BiBr3,Ba,Bi,Br,0.912,0.903602,
primary,gkf,4,20,ridge_magpie,Ba3BiCl3,Ba,Bi,Cl,0.957,1.125396,
primary,gkf,4,22,ridge_magpie,Ba3BiI3,Ba,Bi,I,0.786,1.2131,
primary,gkf,4,24,ridge_magpie,Ba3PBr3,Ba,P,Br,0.944,1.014769,
primary,gkf,4,20,ridge_magpie,Ba3PCl3,Ba,P,Cl,0.964,1.164986,
primary,gkf,4,21,ridge_magpie,Ba3PI3,Ba,P,I,0.764,0.989981,
primary,gkf,4,23,ridge_magpie,Ba3SbBr3,Ba,Sb,Br,1.0819,0.901872,
primary,gkf,4,22,ridge_magpie,Ba3SbCl3,Ba,Sb,Cl,1.002,1.004792,
primary,gkf,4,22,ridge_magpie,Ba3SbI3,Ba,Sb,I,0.78,1.164358,
primary,gkf,4,24,ridge_magpie,Ca3AsBr3,Ca,As,Br,1.634,1.762553,
primary,gkf,4,20,ridge_magpie,Ca3AsF3,Ca,As,F,2.27,2.703275,
primary,gkf,4,24,ridge_magpie,Ca3BiI3,Ca,Bi,I,1.36,0.736032,
primary,gkf,4,20,ridge_magpie,Ca3PBr3,Ca,P,Br,1.8846,1.895166,
primary,gkf,4,21,ridge_magpie,Ca3PCl3,Ca,P,Cl,2.035,2.344389,
primary,gkf,4,21,ridge_magpie,Ca3PF3,Ca,P,F,2.518,2.545215,
primary,gkf,4,23,ridge_magpie,Ca3PI3,Ca,P,I,1.4909,1.353739,
primary,gkf,4,22,ridge_magpie,Ca3SbBr3,Ca,Sb,Br,1.782,1.747863,
primary,gkf,4,22,ridge_magpie,Ca3SbCl3,Ca,Sb,Cl,1.814,2.035224,
primary,gkf,4,23,ridge_magpie,Ca3SbF3,Ca,Sb,F,2.19,2.585379,
primary,gkf,4,24,ridge_magpie,Mg3AsBr3,Mg,As,Br,1.2907,1.603857,
primary,gkf,4,20,ridge_magpie,Mg3BiBr3,Mg,Bi,Br,0.9648,1.101031,
primary,gkf,4,23,ridge_magpie,Mg3BiI3,Mg,Bi,I,0.224,0.177426,
primary,gkf,4,21,ridge_magpie,Mg3PBr3,Mg,P,Br,1.506,1.26592,
primary,gkf,4,23,ridge_magpie,Mg3PCl3,Mg,P,Cl,2.297,2.001639,
primary,gkf,4,23,ridge_magpie,Mg3PI3,Mg,P,I,0.377,0.760021,
primary,gkf,4,24,ridge_magpie,Mg3SbBr3,Mg,Sb,Br,0.9418,1.352601,
primary,gkf,4,22,ridge_magpie,Mg3SbCl3,Mg,Sb,Cl,1.7283,2.141356,
primary,gkf,4,21,ridge_magpie,Mg3SbF3,Mg,Sb,F,3.184,1.918169,
primary,gkf,4,24,ridge_magpie,Mg3SbI3,Mg,Sb,I,0.1057,0.660547,
primary,gkf,4,22,ridge_magpie,Sr3AsCl3,Sr,As,Cl,1.7,1.560749,
primary,gkf,4,20,ridge_magpie,Sr3AsI3,Sr,As,I,1.265,1.128939,
primary,gkf,4,23,ridge_magpie,Sr3PBr3,Sr,P,Br,1.55,1.316887,
primary,gkf,4,24,ridge_magpie,Sr3PCl3,Sr,P,Cl,1.677,1.54622,
primary,gkf,4,20,ridge_magpie,Sr3PI3,Sr,P,I,1.258,1.298852,
primary,gkf,4,21,ridge_magpie,Sr3SbCl3,Sr,Sb,Cl,1.712,1.46059,
primary,gkf,4,20,ridge_magpie,Sr3SbI3,Sr,Sb,I,1.31,1.219674,
primary,gkf,5,27,ridge_magpie,Ba3AsBr3,Ba,As,Br,0.92,0.654569,
primary,gkf,5,29,ridge_magpie,Ba3AsCl3,Ba,As,Cl,0.969,1.21693,
primary,gkf,5,28,ridge_magpie,Ba3AsI3,Ba,As,I,0.802,0.848282,
primary,gkf,5,26,ridge_magpie,Ba3BiBr3,Ba,Bi,Br,0.912,0.917577,
primary,gkf,5,28,ridge_magpie,Ba3BiCl3,Ba,Bi,Cl,0.957,0.959267,
primary,gkf,5,26,ridge_magpie,Ba3BiI3,Ba,Bi,I,0.786,1.093132,
primary,gkf,5,26,ridge_magpie,Ba3PBr3,Ba,P,Br,0.944,0.937984,
primary,gkf,5,26,ridge_magpie,Ba3PCl3,Ba,P,Cl,0.964,1.049666,
primary,gkf,5,25,ridge_magpie,Ba3PI3,Ba,P,I,0.764,1.094905,
primary,gkf,5,26,ridge_magpie,Ba3SbBr3,Ba,Sb,Br,1.0819,0.793081,
primary,gkf,5,26,ridge_magpie,Ba3SbCl3,Ba,Sb,Cl,1.002,0.984379,
primary,gkf,5,29,ridge_magpie,Ba3SbI3,Ba,Sb,I,0.78,0.95676,
primary,gkf,5,25,ridge_magpie,Ca3AsBr3,Ca,As,Br,1.634,1.971719,
primary,gkf,5,26,ridge_magpie,Ca3AsF3,Ca,As,F,2.27,2.789264,
primary,gkf,5,29,ridge_magpie,Ca3BiI3,Ca,Bi,I,1.36,0.696198,
primary,gkf,5,25,ridge_magpie,Ca3PBr3,Ca,P,Br,1.8846,2.111849,
primary,gkf,5,28,ridge_magpie,Ca3PCl3,Ca,P,Cl,2.035,2.37922,
primary,gkf,5,25,ridge_magpie,Ca3PF3,Ca,P,F,2.518,2.931646,
primary,gkf,5,27,ridge_magpie,Ca3PI3,Ca,P,I,1.4909,1.055728,
primary,gkf,5,26,ridge_magpie,Ca3SbBr3,Ca,Sb,Br,1.782,1.545048,
primary,gkf,5,27,ridge_magpie,Ca3SbCl3,Ca,Sb,Cl,1.814,1.99542,
primary,gkf,5,27,ridge_magpie,Ca3SbF3,Ca,Sb,F,2.19,2.340858,
primary,gkf,5,25,ridge_magpie,Mg3AsBr3,Mg,As,Br,1.2907,1.23529,
primary,gkf,5,29,ridge_magpie,Mg3BiBr3,Mg,Bi,Br,0.9648,0.999696,
primary,gkf,5,27,ridge_magpie,Mg3BiI3,Mg,Bi,I,0.224,0.019109,
primary,gkf,5,25,ridge_magpie,Mg3PBr3,Mg,P,Br,1.506,1.292803,
primary,gkf,5,28,ridge_magpie,Mg3PCl3,Mg,P,Cl,2.297,2.019739,
primary,gkf,5,27,ridge_magpie,Mg3PI3,Mg,P,I,0.377,0.727085,
primary,gkf,5,28,ridge_magpie,Mg3SbBr3,Mg,Sb,Br,0.9418,1.024948,
primary,gkf,5,27,ridge_magpie,Mg3SbCl3,Mg,Sb,Cl,1.7283,2.375712,
primary,gkf,5,28,ridge_magpie,Mg3SbF3,Mg,Sb,F,3.184,1.654527,
primary,gkf,5,29,ridge_magpie,Mg3SbI3,Mg,Sb,I,0.1057,0.503112,
primary,gkf,5,28,ridge_magpie,Sr3AsCl3,Sr,As,Cl,1.7,1.593308,
primary,gkf,5,27,ridge_magpie,Sr3AsI3,Sr,As,I,1.265,1.160246,
primary,gkf,5,28,ridge_magpie,Sr3PBr3,Sr,P,Br,1.55,1.542529,
primary,gkf,5,25,ridge_magpie,Sr3PCl3,Sr,P,Cl,1.677,1.494612,
primary,gkf,5,29,ridge_magpie,Sr3PI3,Sr,P,I,1.258,1.115881,
primary,gkf,5,25,ridge_magpie,Sr3SbCl3,Sr,Sb,Cl,1.712,1.076572,
primary,gkf,5,29,ridge_magpie,Sr3SbI3,Sr,Sb,I,1.31,1.057499,
primary,gkf,6,32,ridge_magpie,Ba3AsBr3,Ba,As,Br,0.92,0.878649,
primary,gkf,6,31,ridge_magpie,Ba3AsCl3,Ba,As,Cl,0.969,1.159837,
primary,gkf,6,33,ridge_magpie,Ba3AsI3,Ba,As,I,0.802,0.9254,
primary,gkf,6,33,ridge_magpie,Ba3BiBr3,Ba,Bi,Br,0.912,0.897722,
primary,gkf,6,30,ridge_magpie,Ba3BiCl3,Ba,Bi,Cl,0.957,0.957375,
primary,gkf,6,34,ridge_magpie,Ba3BiI3,Ba,Bi,I,0.786,1.05031,
primary,gkf,6,32,ridge_magpie,Ba3PBr3,Ba,P,Br,0.944,0.915676,
primary,gkf,6,32,ridge_magpie,Ba3PCl3,Ba,P,Cl,0.964,1.017932,
primary,gkf,6,34,ridge_magpie,Ba3PI3,Ba,P,I,0.764,1.013785,
primary,gkf,6,30,ridge_magpie,Ba3SbBr3,Ba,Sb,Br,1.0819,0.959756,
primary,gkf,6,34,ridge_magpie,Ba3SbCl3,Ba,Sb,Cl,1.002,0.894952,
primary,gkf,6,31,ridge_magpie,Ba3SbI3,Ba,Sb,I,0.78,0.939545,
primary,gkf,6,31,ridge_magpie,Ca3AsBr3,Ca,As,Br,1.634,1.711813,
primary,gkf,6,30,ridge_magpie,Ca3AsF3,Ca,As,F,2.27,2.739839,
primary,gkf,6,30,ridge_magpie,Ca3BiI3,Ca,Bi,I,1.36,0.677598,
primary,gkf,6,34,ridge_magpie,Ca3PBr3,Ca,P,Br,1.8846,1.862426,
primary,gkf,6,30,ridge_magpie,Ca3PCl3,Ca,P,Cl,2.035,2.201428,
primary,gkf,6,31,ridge_magpie,Ca3PF3,Ca,P,F,2.518,2.612022,
primary,gkf,6,33,ridge_magpie,Ca3PI3,Ca,P,I,1.4909,1.151045,
primary,gkf,6,33,ridge_magpie,Ca3SbBr3,Ca,Sb,Br,1.782,1.502413,
primary,gkf,6,31,ridge_magpie,Ca3SbCl3,Ca,Sb,Cl,1.814,1.946136,
primary,gkf,6,32,ridge_magpie,Ca3SbF3,Ca,Sb,F,2.19,2.185334,
primary,gkf,6,32,ridge_magpie,Mg3AsBr3,Mg,As,Br,1.2907,1.473811,
primary,gkf,6,31,ridge_magpie,Mg3BiBr3,Mg,Bi,Br,0.9648,1.121136,
primary,gkf,6,30,ridge_magpie,Mg3BiI3,Mg,Bi,I,0.224,0.179811,
primary,gkf,6,33,ridge_magpie,Mg3PBr3,Mg,P,Br,1.506,1.52653,
primary,gkf,6,33,ridge_magpie,Mg3PCl3,Mg,P,Cl,2.297,2.135974,
primary,gkf,6,33,ridge_magpie,Mg3PI3,Mg,P,I,0.377,0.891318,
primary,gkf,6,34,ridge_magpie,Mg3SbBr3,Mg,Sb,Br,0.9418,1.184209,
primary,gkf,6,30,ridge_magpie,Mg3SbCl3,Mg,Sb,Cl,1.7283,1.843816,
primary,gkf,6,32,ridge_magpie,Mg3SbF3,Mg,Sb,F,3.184,1.757906,
primary,gkf,6,33,ridge_magpie,Mg3SbI3,Mg,Sb,I,0.1057,0.67155,
primary,gkf,6,34,ridge_magpie,Sr3AsCl3,Sr,As,Cl,1.7,1.353599,
primary,gkf,6,31,ridge_magpie,Sr3AsI3,Sr,As,I,1.265,1.153676,
primary,gkf,6,30,ridge_magpie,Sr3PBr3,Sr,P,Br,1.55,1.476066,
primary,gkf,6,32,ridge_magpie,Sr3PCl3,Sr,P,Cl,1.677,1.604534,
primary,gkf,6,32,ridge_magpie,Sr3PI3,Sr,P,I,1.258,1.185244,
primary,gkf,6,34,ridge_magpie,Sr3SbCl3,Sr,Sb,Cl,1.712,1.282397,
primary,gkf,6,31,ridge_magpie,Sr3SbI3,Sr,Sb,I,1.31,1.260626,
primary,gkf,7,39,ridge_magpie,Ba3AsBr3,Ba,As,Br,0.92,1.20383,
primary,gkf,7,39,ridge_magpie,Ba3AsCl3,Ba,As,Cl,0.969,1.408065,
primary,gkf,7,38,ridge_magpie,Ba3AsI3,Ba,As,I,0.802,0.910256,
primary,gkf,7,36,ridge_magpie,Ba3BiBr3,Ba,Bi,Br,0.912,0.967924,
primary,gkf,7,39,ridge_magpie,Ba3BiCl3,Ba,Bi,Cl,0.957,1.138998,
primary,gkf,7,36,ridge_magpie,Ba3BiI3,Ba,Bi,I,0.786,0.971802,
primary,gkf,7,35,ridge_magpie,Ba3PBr3,Ba,P,Br,0.944,0.937933,
primary,gkf,7,37,ridge_magpie,Ba3PCl3,Ba,P,Cl,0.964,1.405051,
primary,gkf,7,38,ridge_magpie,Ba3PI3,Ba,P,I,0.764,0.899897,
primary,gkf,7,35,ridge_magpie,Ba3SbBr3,Ba,Sb,Br,1.0819,0.846398,
primary,gkf,7,37,ridge_magpie,Ba3SbCl3,Ba,Sb,Cl,1.002,0.991521,
primary,gkf,7,39,ridge_magpie,Ba3SbI3,Ba,Sb,I,0.78,1.002543,
primary,gkf,7,35,ridge_magpie,Ca3AsBr3,Ca,As,Br,1.634,1.863232,
primary,gkf,7,35,ridge_magpie,Ca3AsF3,Ca,As,F,2.27,2.800955,
primary,gkf,7,35,ridge_magpie,Ca3BiI3,Ca,Bi,I,1.36,0.978216,
primary,gkf,7,39,ridge_magpie,Ca3PBr3,Ca,P,Br,1.8846,1.577484,
primary,gkf,7,37,ridge_magpie,Ca3PCl3,Ca,P,Cl,2.035,2.474459,
primary,gkf,7,36,ridge_magpie,Ca3PF3,Ca,P,F,2.518,2.62042,
primary,gkf,7,38,ridge_magpie,Ca3PI3,Ca,P,I,1.4909,1.130522,
primary,gkf,7,37,ridge_magpie,Ca3SbBr3,Ca,Sb,Br,1.782,1.767731,
primary,gkf,7,35,ridge_magpie,Ca3SbCl3,Ca,Sb,Cl,1.814,1.888406,
primary,gkf,7,37,ridge_magpie,Ca3SbF3,Ca,Sb,F,2.19,1.94358,
primary,gkf,7,38,ridge_magpie,Mg3AsBr3,Mg,As,Br,1.2907,1.402295,
primary,gkf,7,36,ridge_magpie,Mg3BiBr3,Mg,Bi,Br,0.9648,1.260562,
primary,gkf,7,36,ridge_magpie,Mg3BiI3,Mg,Bi,I,0.224,0.189794,
primary,gkf,7,39,ridge_magpie,Mg3PBr3,Mg,P,Br,1.506,1.497709,
primary,gkf,7,38,ridge_magpie,Mg3PCl3,Mg,P,Cl,2.297,1.998817,
primary,gkf,7,37,ridge_magpie,Mg3PI3,Mg,P,I,0.377,0.837966,
primary,gkf,7,36,ridge_magpie,Mg3SbBr3,Mg,Sb,Br,0.9418,1.297297,
primary,gkf,7,38,ridge_magpie,Mg3SbCl3,Mg,Sb,Cl,1.7283,1.702481,
primary,gkf,7,37,ridge_magpie,Mg3SbF3,Mg,Sb,F,3.184,1.872516,
primary,gkf,7,39,ridge_magpie,Mg3SbI3,Mg,Sb,I,0.1057,0.935522,
primary,gkf,7,36,ridge_magpie,Sr3AsCl3,Sr,As,Cl,1.7,1.364125,
primary,gkf,7,35,ridge_magpie,Sr3AsI3,Sr,As,I,1.265,1.244308,
primary,gkf,7,36,ridge_magpie,Sr3PBr3,Sr,P,Br,1.55,1.282677,
primary,gkf,7,37,ridge_magpie,Sr3PCl3,Sr,P,Cl,1.677,2.006674,
primary,gkf,7,35,ridge_magpie,Sr3PI3,Sr,P,I,1.258,1.337378,
primary,gkf,7,38,ridge_magpie,Sr3SbCl3,Sr,Sb,Cl,1.712,1.421135,
primary,gkf,7,38,ridge_magpie,Sr3SbI3,Sr,Sb,I,1.31,1.048678,
primary,gkf,8,43,ridge_magpie,Ba3AsBr3,Ba,As,Br,0.92,0.996504,
primary,gkf,8,41,ridge_magpie,Ba3AsCl3,Ba,As,Cl,0.969,1.247226,
primary,gkf,8,43,ridge_magpie,Ba3AsI3,Ba,As,I,0.802,0.877065,
primary,gkf,8,44,ridge_magpie,Ba3BiBr3,Ba,Bi,Br,0.912,0.903079,
primary,gkf,8,41,ridge_magpie,Ba3BiCl3,Ba,Bi,Cl,0.957,1.047393,
primary,gkf,8,42,ridge_magpie,Ba3BiI3,Ba,Bi,I,0.786,1.067537,
primary,gkf,8,43,ridge_magpie,Ba3PBr3,Ba,P,Br,0.944,1.054314,
primary,gkf,8,43,ridge_magpie,Ba3PCl3,Ba,P,Cl,0.964,1.221652,
primary,gkf,8,40,ridge_magpie,Ba3PI3,Ba,P,I,0.764,0.943888,
primary,gkf,8,40,ridge_magpie,Ba3SbBr3,Ba,Sb,Br,1.0819,0.85966,
primary,gkf,8,41,ridge_magpie,Ba3SbCl3,Ba,Sb,Cl,1.002,1.142037,
primary,gkf,8,42,ridge_magpie,Ba3SbI3,Ba,Sb,I,0.78,1.062039,
primary,gkf,8,42,ridge_magpie,Ca3AsBr3,Ca,As,Br,1.634,1.817298,
primary,gkf,8,44,ridge_magpie,Ca3AsF3,Ca,As,F,2.27,2.775009,
primary,gkf,8,40,ridge_magpie,Ca3BiI3,Ca,Bi,I,1.36,0.936074,
primary,gkf,8,44,ridge_magpie,Ca3PBr3,Ca,P,Br,1.8846,1.923234,
primary,gkf,8,43,ridge_magpie,Ca3PCl3,Ca,P,Cl,2.035,2.204384,
primary,gkf,8,41,ridge_magpie,Ca3PF3,Ca,P,F,2.518,2.511446,
primary,gkf,8,42,ridge_magpie,Ca3PI3,Ca,P,I,1.4909,1.084446,
primary,gkf,8,43,ridge_magpie,Ca3SbBr3,Ca,Sb,Br,1.782,1.525656,
primary,gkf,8,44,ridge_magpie,Ca3SbCl3,Ca,Sb,Cl,1.814,1.908292,
primary,gkf,8,40,ridge_magpie,Ca3SbF3,Ca,Sb,F,2.19,2.48378,
primary,gkf,8,41,ridge_magpie,Mg3AsBr3,Mg,As,Br,1.2907,1.31001,
primary,gkf,8,43,ridge_magpie,Mg3BiBr3,Mg,Bi,Br,0.9648,1.074438,
primary,gkf,8,41,ridge_magpie,Mg3BiI3,Mg,Bi,I,0.224,0.048176,
primary,gkf,8,40,ridge_magpie,Mg3PBr3,Mg,P,Br,1.506,1.583986,
primary,gkf,8,41,ridge_magpie,Mg3PCl3,Mg,P,Cl,2.297,2.114657,
primary,gkf,8,40,ridge_magpie,Mg3PI3,Mg,P,I,0.377,0.911034,
primary,gkf,8,42,ridge_magpie,Mg3SbBr3,Mg,Sb,Br,0.9418,1.141516,
primary,gkf,8,41,ridge_magpie,Mg3SbCl3,Mg,Sb,Cl,1.7283,2.050713,
primary,gkf,8,42,ridge_magpie,Mg3SbF3,Mg,Sb,F,3.184,2.014674,
primary,gkf,8,42,ridge_magpie,Mg3SbI3,Mg,Sb,I,0.1057,0.392964,
primary,gkf,8,44,ridge_magpie,Sr3AsCl3,Sr,As,Cl,1.7,1.550098,
primary,gkf,8,42,ridge_magpie,Sr3AsI3,Sr,As,I,1.265,1.138569,
primary,gkf,8,40,ridge_magpie,Sr3PBr3,Sr,P,Br,1.55,1.354978,
primary,gkf,8,44,ridge_magpie,Sr3PCl3,Sr,P,Cl,1.677,1.477382,
primary,gkf,8,44,ridge_magpie,Sr3PI3,Sr,P,I,1.258,1.329039,
primary,gkf,8,40,ridge_magpie,Sr3SbCl3,Sr,Sb,Cl,1.712,1.394788,
primary,gkf,8,43,ridge_magpie,Sr3SbI3,Sr,Sb,I,1.31,1.03912,
primary,gkf,9,48,ridge_magpie,Ba3AsBr3,Ba,As,Br,0.92,0.798628,
primary,gkf,9,47,ridge_magpie,Ba3AsCl3,Ba,As,Cl,0.969,1.205987,
primary,gkf,9,48,ridge_magpie,Ba3AsI3,Ba,As,I,0.802,0.674013,
primary,gkf,9,45,ridge_magpie,Ba3BiBr3,Ba,Bi,Br,0.912,0.900855,
primary,gkf,9,45,ridge_magpie,Ba3BiCl3,Ba,Bi,Cl,0.957,0.981896,
primary,gkf,9,49,ridge_magpie,Ba3BiI3,Ba,Bi,I,0.786,1.000652,
primary,gkf,9,45,ridge_magpie,Ba3PBr3,Ba,P,Br,0.944,1.023135,
primary,gkf,9,47,ridge_magpie,Ba3PCl3,Ba,P,Cl,0.964,1.085392,
primary,gkf,9,45,ridge_magpie,Ba3PI3,Ba,P,I,0.764,0.997836,
primary,gkf,9,47,ridge_magpie,Ba3SbBr3,Ba,Sb,Br,1.0819,0.895593,
primary,gkf,9,46,ridge_magpie,Ba3SbCl3,Ba,Sb,Cl,1.002,1.063561,
primary,gkf,9,45,ridge_magpie,Ba3SbI3,Ba,Sb,I,0.78,0.985965,
primary,gkf,9,45,ridge_magpie,Ca3AsBr3,Ca,As,Br,1.634,1.686076,
primary,gkf,9,47,ridge_magpie,Ca3AsF3,Ca,As,F,2.27,3.016167,
primary,gkf,9,47,ridge_magpie,Ca3BiI3,Ca,Bi,I,1.36,0.902748,
primary,gkf,9,46,ridge_magpie,Ca3PBr3,Ca,P,Br,1.8846,1.760492,
primary,gkf,9,46,ridge_magpie,Ca3PCl3,Ca,P,Cl,2.035,1.959027,
primary,gkf,9,48,ridge_magpie,Ca3PF3,Ca,P,F,2.518,2.715654,
primary,gkf,9,46,ridge_magpie,Ca3PI3,Ca,P,I,1.4909,1.040759,
primary,gkf,9,48,ridge_magpie,Ca3SbBr3,Ca,Sb,Br,1.782,1.696407,
primary,gkf,9,48,ridge_magpie,Ca3SbCl3,Ca,Sb,Cl,1.814,1.789119,
primary,gkf,9,47,ridge_magpie,Ca3SbF3,Ca,Sb,F,2.19,2.842565,
primary,gkf,9,48,ridge_magpie,Mg3AsBr3,Mg,As,Br,1.2907,1.316116,
primary,gkf,9,49,ridge_magpie,Mg3BiBr3,Mg,Bi,Br,0.9648,1.011109,
primary,gkf,9,47,ridge_magpie,Mg3BiI3,Mg,Bi,I,0.224,-0.048526,
primary,gkf,9,47,ridge_magpie,Mg3PBr3,Mg,P,Br,1.506,1.45018,
primary,gkf,9,46,ridge_magpie,Mg3PCl3,Mg,P,Cl,2.297,2.150695,
primary,gkf,9,45,ridge_magpie,Mg3PI3,Mg,P,I,0.377,0.843586,
primary,gkf,9,49,ridge_magpie,Mg3SbBr3,Mg,Sb,Br,0.9418,1.124906,
primary,gkf,9,46,ridge_magpie,Mg3SbCl3,Mg,Sb,Cl,1.7283,2.045738,
primary,gkf,9,49,ridge_magpie,Mg3SbF3,Mg,Sb,F,3.184,1.998793,
primary,gkf,9,46,ridge_magpie,Mg3SbI3,Mg,Sb,I,0.1057,0.273068,
primary,gkf,9,49,ridge_magpie,Sr3AsCl3,Sr,As,Cl,1.7,1.507666,
primary,gkf,9,48,ridge_magpie,Sr3AsI3,Sr,As,I,1.265,1.05445,
primary,gkf,9,49,ridge_magpie,Sr3PBr3,Sr,P,Br,1.55,1.394628,
primary,gkf,9,46,ridge_magpie,Sr3PCl3,Sr,P,Cl,1.677,1.490007,
primary,gkf,9,49,ridge_magpie,Sr3PI3,Sr,P,I,1.258,1.265283,
primary,gkf,9,48,ridge_magpie,Sr3SbCl3,Sr,Sb,Cl,1.712,1.330608,
primary,gkf,9,45,ridge_magpie,Sr3SbI3,Sr,Sb,I,1.31,1.32248,
primary,gkf,0,2,ridge_physics9,Ba3AsBr3,Ba,As,Br,0.92,0.947248,
primary,gkf,0,2,ridge_physics9,Ba3AsCl3,Ba,As,Cl,0.969,1.218892,
primary,gkf,0,3,ridge_physics9,Ba3AsI3,Ba,As,I,0.802,0.711072,
primary,gkf,0,3,ridge_physics9,Ba3BiBr3,Ba,Bi,Br,0.912,1.03836,
primary,gkf,0,0,ridge_physics9,Ba3BiCl3,Ba,Bi,Cl,0.957,1.133281,
primary,gkf,0,2,ridge_physics9,Ba3BiI3,Ba,Bi,I,0.786,0.309709,
primary,gkf,0,0,ridge_physics9,Ba3PBr3,Ba,P,Br,0.944,1.186625,
primary,gkf,0,4,ridge_physics9,Ba3PCl3,Ba,P,Cl,0.964,1.600717,
primary,gkf,0,1,ridge_physics9,Ba3PI3,Ba,P,I,0.764,0.867481,
primary,gkf,0,1,ridge_physics9,Ba3SbBr3,Ba,Sb,Br,1.0819,1.040426,
primary,gkf,0,3,ridge_physics9,Ba3SbCl3,Ba,Sb,Cl,1.002,1.323531,
primary,gkf,0,2,ridge_physics9,Ba3SbI3,Ba,Sb,I,0.78,0.407442,
primary,gkf,0,1,ridge_physics9,Ca3AsBr3,Ca,As,Br,1.634,1.348143,
primary,gkf,0,0,ridge_physics9,Ca3AsF3,Ca,As,F,2.27,2.336206,
primary,gkf,0,4,ridge_physics9,Ca3BiI3,Ca,Bi,I,1.36,0.66209,
primary,gkf,0,1,ridge_physics9,Ca3PBr3,Ca,P,Br,1.8846,1.462493,
primary,gkf,0,1,ridge_physics9,Ca3PCl3,Ca,P,Cl,2.035,1.678422,
primary,gkf,0,1,ridge_physics9,Ca3PF3,Ca,P,F,2.518,2.627523,
primary,gkf,0,4,ridge_physics9,Ca3PI3,Ca,P,I,1.4909,0.996343,
primary,gkf,0,1,ridge_physics9,Ca3SbBr3,Ca,Sb,Br,1.782,1.32392,
primary,gkf,0,4,ridge_physics9,Ca3SbCl3,Ca,Sb,Cl,1.814,1.396782,
primary,gkf,0,2,ridge_physics9,Ca3SbF3,Ca,Sb,F,2.19,3.178276,
primary,gkf,0,4,ridge_physics9,Mg3AsBr3,Mg,As,Br,1.2907,1.385942,
primary,gkf,0,3,ridge_physics9,Mg3BiBr3,Mg,Bi,Br,0.9648,1.291002,
primary,gkf,0,1,ridge_physics9,Mg3BiI3,Mg,Bi,I,0.224,0.873799,
primary,gkf,0,2,ridge_physics9,Mg3PBr3,Mg,P,Br,1.506,1.274152,
primary,gkf,0,0,ridge_physics9,Mg3PCl3,Mg,P,Cl,2.297,1.442015,
primary,gkf,0,0,ridge_physics9,Mg3PI3,Mg,P,I,0.377,0.908359,
primary,gkf,0,4,ridge_physics9,Mg3SbBr3,Mg,Sb,Br,0.9418,1.197329,
primary,gkf,0,3,ridge_physics9,Mg3SbCl3,Mg,Sb,Cl,1.7283,1.576173,
primary,gkf,0,0,ridge_physics9,Mg3SbF3,Mg,Sb,F,3.184,1.799238,
primary,gkf,0,3,ridge_physics9,Mg3SbI3,Mg,Sb,I,0.1057,0.996101,
primary,gkf,0,2,ridge_physics9,Sr3AsCl3,Sr,As,Cl,1.7,1.76868,
primary,gkf,0,0,ridge_physics9,Sr3AsI3,Sr,As,I,1.265,1.144137,
primary,gkf,0,3,ridge_physics9,Sr3PBr3,Sr,P,Br,1.55,1.482391,
primary,gkf,0,3,ridge_physics9,Sr3PCl3,Sr,P,Cl,1.677,1.707344,
primary,gkf,0,0,ridge_physics9,Sr3PI3,Sr,P,I,1.258,1.282206,
primary,gkf,0,2,ridge_physics9,Sr3SbCl3,Sr,Sb,Cl,1.712,1.798557,
primary,gkf,0,4,ridge_physics9,Sr3SbI3,Sr,Sb,I,1.31,0.713026,
primary,gkf,1,5,ridge_physics9,Ba3AsBr3,Ba,As,Br,0.92,1.090698,
primary,gkf,1,8,ridge_physics9,Ba3AsCl3,Ba,As,Cl,0.969,1.295969,
primary,gkf,1,7,ridge_physics9,Ba3AsI3,Ba,As,I,0.802,0.611325,
primary,gkf,1,9,ridge_physics9,Ba3BiBr3,Ba,Bi,Br,0.912,0.991699,
primary,gkf,1,5,ridge_physics9,Ba3BiCl3,Ba,Bi,Cl,0.957,1.256464,
primary,gkf,1,6,ridge_physics9,Ba3BiI3,Ba,Bi,I,0.786,0.508453,
primary,gkf,1,9,ridge_physics9,Ba3PBr3,Ba,P,Br,0.944,1.271357,
primary,gkf,1,7,ridge_physics9,Ba3PCl3,Ba,P,Cl,0.964,1.543895,
primary,gkf,1,9,ridge_physics9,Ba3PI3,Ba,P,I,0.764,0.906222,
primary,gkf,1,6,ridge_physics9,Ba3SbBr3,Ba,Sb,Br,1.0819,0.942076,
primary,gkf,1,5,ridge_physics9,Ba3SbCl3,Ba,Sb,Cl,1.002,1.324565,
primary,gkf,1,7,ridge_physics9,Ba3SbI3,Ba,Sb,I,0.78,0.621307,
primary,gkf,1,5,ridge_physics9,Ca3AsBr3,Ca,As,Br,1.634,1.427213,
primary,gkf,1,9,ridge_physics9,Ca3AsF3,Ca,As,F,2.27,2.790508,
primary,gkf,1,8,ridge_physics9,Ca3BiI3,Ca,Bi,I,1.36,1.142558,
primary,gkf,1,6,ridge_physics9,Ca3PBr3,Ca,P,Br,1.8846,1.637379,
primary,gkf,1,7,ridge_physics9,Ca3PCl3,Ca,P,Cl,2.035,1.81002,
primary,gkf,1,9,ridge_physics9,Ca3PF3,Ca,P,F,2.518,2.94052,
primary,gkf,1,6,ridge_physics9,Ca3PI3,Ca,P,I,1.4909,1.459669,
primary,gkf,1,8,ridge_physics9,Ca3SbBr3,Ca,Sb,Br,1.782,1.614593,
primary,gkf,1,9,ridge_physics9,Ca3SbCl3,Ca,Sb,Cl,1.814,1.633018,
primary,gkf,1,6,ridge_physics9,Ca3SbF3,Ca,Sb,F,2.19,3.272577,
primary,gkf,1,6,ridge_physics9,Mg3AsBr3,Mg,As,Br,1.2907,1.004215,
primary,gkf,1,5,ridge_physics9,Mg3BiBr3,Mg,Bi,Br,0.9648,1.267769,
primary,gkf,1,9,ridge_physics9,Mg3BiI3,Mg,Bi,I,0.224,0.818437,
primary,gkf,1,8,ridge_physics9,Mg3PBr3,Mg,P,Br,1.506,1.244491,
primary,gkf,1,6,ridge_physics9,Mg3PCl3,Mg,P,Cl,2.297,1.282266,
primary,gkf,1,5,ridge_physics9,Mg3PI3,Mg,P,I,0.377,1.191917,
primary,gkf,1,5,ridge_physics9,Mg3SbBr3,Mg,Sb,Br,0.9418,1.341354,
primary,gkf,1,5,ridge_physics9,Mg3SbCl3,Mg,Sb,Cl,1.7283,1.580043,
primary,gkf,1,8,ridge_physics9,Mg3SbF3,Mg,Sb,F,3.184,1.586529,
primary,gkf,1,6,ridge_physics9,Mg3SbI3,Mg,Sb,I,0.1057,0.743095,
primary,gkf,1,7,ridge_physics9,Sr3AsCl3,Sr,As,Cl,1.7,1.520752,
primary,gkf,1,7,ridge_physics9,Sr3AsI3,Sr,As,I,1.265,0.818719,
primary,gkf,1,7,ridge_physics9,Sr3PBr3,Sr,P,Br,1.55,1.477959,
primary,gkf,1,8,ridge_physics9,Sr3PCl3,Sr,P,Cl,1.677,1.93985,
primary,gkf,1,8,ridge_physics9,Sr3PI3,Sr,P,I,1.258,1.218342,
primary,gkf,1,8,ridge_physics9,Sr3SbCl3,Sr,Sb,Cl,1.712,1.718196,
primary,gkf,1,7,ridge_physics9,Sr3SbI3,Sr,Sb,I,1.31,0.828701,
primary,gkf,2,12,ridge_physics9,Ba3AsBr3,Ba,As,Br,0.92,1.087814,
primary,gkf,2,10,ridge_physics9,Ba3AsCl3,Ba,As,Cl,0.969,1.456684,
primary,gkf,2,11,ridge_physics9,Ba3AsI3,Ba,As,I,0.802,0.532618,
primary,gkf,2,10,ridge_physics9,Ba3BiBr3,Ba,Bi,Br,0.912,1.205267,
primary,gkf,2,10,ridge_physics9,Ba3BiCl3,Ba,Bi,Cl,0.957,1.470901,
primary,gkf,2,10,ridge_physics9,Ba3BiI3,Ba,Bi,I,0.786,0.81468,
primary,gkf,2,12,ridge_physics9,Ba3PBr3,Ba,P,Br,0.944,1.229985,
primary,gkf,2,14,ridge_physics9,Ba3PCl3,Ba,P,Cl,0.964,1.524995,
primary,gkf,2,12,ridge_physics9,Ba3PI3,Ba,P,I,0.764,0.91118,
primary,gkf,2,10,ridge_physics9,Ba3SbBr3,Ba,Sb,Br,1.0819,1.218452,
primary,gkf,2,10,ridge_physics9,Ba3SbCl3,Ba,Sb,Cl,1.002,1.477175,
primary,gkf,2,11,ridge_physics9,Ba3SbI3,Ba,Sb,I,0.78,0.585564,
primary,gkf,2,13,ridge_physics9,Ca3AsBr3,Ca,As,Br,1.634,1.388758,
primary,gkf,2,14,ridge_physics9,Ca3AsF3,Ca,As,F,2.27,2.304632,
primary,gkf,2,14,ridge_physics9,Ca3BiI3,Ca,Bi,I,1.36,1.089053,
primary,gkf,2,13,ridge_physics9,Ca3PBr3,Ca,P,Br,1.8846,1.553213,
primary,gkf,2,10,ridge_physics9,Ca3PCl3,Ca,P,Cl,2.035,1.697531,
primary,gkf,2,13,ridge_physics9,Ca3PF3,Ca,P,F,2.518,2.648709,
primary,gkf,2,11,ridge_physics9,Ca3PI3,Ca,P,I,1.4909,1.010096,
primary,gkf,2,11,ridge_physics9,Ca3SbBr3,Ca,Sb,Br,1.782,1.324788,
primary,gkf,2,13,ridge_physics9,Ca3SbCl3,Ca,Sb,Cl,1.814,1.555428,
primary,gkf,2,12,ridge_physics9,Ca3SbF3,Ca,Sb,F,2.19,2.74748,
primary,gkf,2,14,ridge_physics9,Mg3AsBr3,Mg,As,Br,1.2907,1.079569,
primary,gkf,2,12,ridge_physics9,Mg3BiBr3,Mg,Bi,Br,0.9648,1.247419,
primary,gkf,2,13,ridge_physics9,Mg3BiI3,Mg,Bi,I,0.224,0.945505,
primary,gkf,2,12,ridge_physics9,Mg3PBr3,Mg,P,Br,1.506,1.46482,
primary,gkf,2,10,ridge_physics9,Mg3PCl3,Mg,P,Cl,2.297,1.41282,
primary,gkf,2,13,ridge_physics9,Mg3PI3,Mg,P,I,0.377,1.257646,
primary,gkf,2,11,ridge_physics9,Mg3SbBr3,Mg,Sb,Br,0.9418,1.271859,
primary,gkf,2,13,ridge_physics9,Mg3SbCl3,Mg,Sb,Cl,1.7283,1.528951,
primary,gkf,2,14,ridge_physics9,Mg3SbF3,Mg,Sb,F,3.184,1.607697,
primary,gkf,2,12,ridge_physics9,Mg3SbI3,Mg,Sb,I,0.1057,0.951551,
primary,gkf,2,11,ridge_physics9,Sr3AsCl3,Sr,As,Cl,1.7,1.492374,
primary,gkf,2,11,ridge_physics9,Sr3AsI3,Sr,As,I,1.265,0.758446,
primary,gkf,2,13,ridge_physics9,Sr3PBr3,Sr,P,Br,1.55,1.470467,
primary,gkf,2,14,ridge_physics9,Sr3PCl3,Sr,P,Cl,1.677,2.00648,
primary,gkf,2,11,ridge_physics9,Sr3PI3,Sr,P,I,1.258,0.940554,
primary,gkf,2,14,ridge_physics9,Sr3SbCl3,Sr,Sb,Cl,1.712,1.71812,
primary,gkf,2,12,ridge_physics9,Sr3SbI3,Sr,Sb,I,1.31,0.984377,
primary,gkf,3,17,ridge_physics9,Ba3AsBr3,Ba,As,Br,0.92,1.177369,
primary,gkf,3,15,ridge_physics9,Ba3AsCl3,Ba,As,Cl,0.969,1.303848,
primary,gkf,3,18,ridge_physics9,Ba3AsI3,Ba,As,I,0.802,0.403611,
primary,gkf,3,15,ridge_physics9,Ba3BiBr3,Ba,Bi,Br,0.912,1.042599,
primary,gkf,3,18,ridge_physics9,Ba3BiCl3,Ba,Bi,Cl,0.957,1.108354,
primary,gkf,3,15,ridge_physics9,Ba3BiI3,Ba,Bi,I,0.786,0.710782,
primary,gkf,3,19,ridge_physics9,Ba3PBr3,Ba,P,Br,0.944,1.437001,
primary,gkf,3,19,ridge_physics9,Ba3PCl3,Ba,P,Cl,0.964,1.656699,
primary,gkf,3,19,ridge_physics9,Ba3PI3,Ba,P,I,0.764,1.112212,
primary,gkf,3,16,ridge_physics9,Ba3SbBr3,Ba,Sb,Br,1.0819,1.068507,
primary,gkf,3,16,ridge_physics9,Ba3SbCl3,Ba,Sb,Cl,1.002,1.321585,
primary,gkf,3,19,ridge_physics9,Ba3SbI3,Ba,Sb,I,0.78,0.714435,
primary,gkf,3,16,ridge_physics9,Ca3AsBr3,Ca,As,Br,1.634,1.345536,
primary,gkf,3,17,ridge_physics9,Ca3AsF3,Ca,As,F,2.27,2.96812,
primary,gkf,3,17,ridge_physics9,Ca3BiI3,Ca,Bi,I,1.36,0.881175,
primary,gkf,3,18,ridge_physics9,Ca3PBr3,Ca,P,Br,1.8846,1.830138,
primary,gkf,3,16,ridge_physics9,Ca3PCl3,Ca,P,Cl,2.035,1.732365,
primary,gkf,3,15,ridge_physics9,Ca3PF3,Ca,P,F,2.518,2.677036,
primary,gkf,3,15,ridge_physics9,Ca3PI3,Ca,P,I,1.4909,1.20502,
primary,gkf,3,16,ridge_physics9,Ca3SbBr3,Ca,Sb,Br,1.782,1.337828,
primary,gkf,3,17,ridge_physics9,Ca3SbCl3,Ca,Sb,Cl,1.814,1.583409,
primary,gkf,3,17,ridge_physics9,Ca3SbF3,Ca,Sb,F,2.19,3.008518,
primary,gkf,3,18,ridge_physics9,Mg3AsBr3,Mg,As,Br,1.2907,1.002286,
primary,gkf,3,18,ridge_physics9,Mg3BiBr3,Mg,Bi,Br,0.9648,1.028234,
primary,gkf,3,15,ridge_physics9,Mg3BiI3,Mg,Bi,I,0.224,1.041839,
primary,gkf,3,15,ridge_physics9,Mg3PBr3,Mg,P,Br,1.506,1.503056,
primary,gkf,3,17,ridge_physics9,Mg3PCl3,Mg,P,Cl,2.297,1.409184,
primary,gkf,3,19,ridge_physics9,Mg3PI3,Mg,P,I,0.377,1.282563,
primary,gkf,3,16,ridge_physics9,Mg3SbBr3,Mg,Sb,Br,0.9418,1.238593,
primary,gkf,3,17,ridge_physics9,Mg3SbCl3,Mg,Sb,Cl,1.7283,1.289174,
primary,gkf,3,18,ridge_physics9,Mg3SbF3,Mg,Sb,F,3.184,1.602509,
primary,gkf,3,15,ridge_physics9,Mg3SbI3,Mg,Sb,I,0.1057,1.077994,
primary,gkf,3,19,ridge_physics9,Sr3AsCl3,Sr,As,Cl,1.7,1.562402,
primary,gkf,3,18,ridge_physics9,Sr3AsI3,Sr,As,I,1.265,0.988944,
primary,gkf,3,18,ridge_physics9,Sr3PBr3,Sr,P,Br,1.55,1.693803,
primary,gkf,3,16,ridge_physics9,Sr3PCl3,Sr,P,Cl,1.677,1.672682,
primary,gkf,3,16,ridge_physics9,Sr3PI3,Sr,P,I,1.258,1.070622,
primary,gkf,3,17,ridge_physics9,Sr3SbCl3,Sr,Sb,Cl,1.712,1.533325,
primary,gkf,3,19,ridge_physics9,Sr3SbI3,Sr,Sb,I,1.31,0.902287,
primary,gkf,4,22,ridge_physics9,Ba3AsBr3,Ba,As,Br,0.92,1.11945,
primary,gkf,4,23,ridge_physics9,Ba3AsCl3,Ba,As,Cl,0.969,1.181255,
primary,gkf,4,21,ridge_physics9,Ba3AsI3,Ba,As,I,0.802,0.495526,
primary,gkf,4,21,ridge_physics9,Ba3BiBr3,Ba,Bi,Br,0.912,0.883853,
primary,gkf,4,20,ridge_physics9,Ba3BiCl3,Ba,Bi,Cl,0.957,1.419762,
primary,gkf,4,22,ridge_physics9,Ba3BiI3,Ba,Bi,I,0.786,0.548777,
primary,gkf,4,24,ridge_physics9,Ba3PBr3,Ba,P,Br,0.944,1.25607,
primary,gkf,4,20,ridge_physics9,Ba3PCl3,Ba,P,Cl,0.964,1.590436,
primary,gkf,4,21,ridge_physics9,Ba3PI3,Ba,P,I,0.764,0.609951,
primary,gkf,4,23,ridge_physics9,Ba3SbBr3,Ba,Sb,Br,1.0819,0.977739,
primary,gkf,4,22,ridge_physics9,Ba3SbCl3,Ba,Sb,Cl,1.002,1.251841,
primary,gkf,4,22,ridge_physics9,Ba3SbI3,Ba,Sb,I,0.78,0.634249,
primary,gkf,4,24,ridge_physics9,Ca3AsBr3,Ca,As,Br,1.634,1.37384,
primary,gkf,4,20,ridge_physics9,Ca3AsF3,Ca,As,F,2.27,2.660537,
primary,gkf,4,24,ridge_physics9,Ca3BiI3,Ca,Bi,I,1.36,0.942636,
primary,gkf,4,20,ridge_physics9,Ca3PBr3,Ca,P,Br,1.8846,1.354313,
primary,gkf,4,21,ridge_physics9,Ca3PCl3,Ca,P,Cl,2.035,2.048704,
primary,gkf,4,21,ridge_physics9,Ca3PF3,Ca,P,F,2.518,2.583826,
primary,gkf,4,23,ridge_physics9,Ca3PI3,Ca,P,I,1.4909,1.427401,
primary,gkf,4,22,ridge_physics9,Ca3SbBr3,Ca,Sb,Br,1.782,1.285777,
primary,gkf,4,22,ridge_physics9,Ca3SbCl3,Ca,Sb,Cl,1.814,1.535707,
primary,gkf,4,23,ridge_physics9,Ca3SbF3,Ca,Sb,F,2.19,3.017188,
primary,gkf,4,24,ridge_physics9,Mg3AsBr3,Mg,As,Br,1.2907,1.321974,
primary,gkf,4,20,ridge_physics9,Mg3BiBr3,Mg,Bi,Br,0.9648,1.207676,
primary,gkf,4,23,ridge_physics9,Mg3BiI3,Mg,Bi,I,0.224,0.83658,
primary,gkf,4,21,ridge_physics9,Mg3PBr3,Mg,P,Br,1.506,1.222218,
primary,gkf,4,23,ridge_physics9,Mg3PCl3,Mg,P,Cl,2.297,1.469271,
primary,gkf,4,23,ridge_physics9,Mg3PI3,Mg,P,I,0.377,1.123154,
primary,gkf,4,24,ridge_physics9,Mg3SbBr3,Mg,Sb,Br,0.9418,1.336365,
primary,gkf,4,22,ridge_physics9,Mg3SbCl3,Mg,Sb,Cl,1.7283,1.3882,
primary,gkf,4,21,ridge_physics9,Mg3SbF3,Mg,Sb,F,3.184,1.598087,
primary,gkf,4,24,ridge_physics9,Mg3SbI3,Mg,Sb,I,0.1057,0.977927,
primary,gkf,4,22,ridge_physics9,Sr3AsCl3,Sr,As,Cl,1.7,1.582305,
primary,gkf,4,20,ridge_physics9,Sr3AsI3,Sr,As,I,1.265,0.87881,
primary,gkf,4,23,ridge_physics9,Sr3PBr3,Sr,P,Br,1.55,1.501889,
primary,gkf,4,24,ridge_physics9,Sr3PCl3,Sr,P,Cl,1.677,1.734906,
primary,gkf,4,20,ridge_physics9,Sr3PI3,Sr,P,I,1.258,0.923266,
primary,gkf,4,21,ridge_physics9,Sr3SbCl3,Sr,Sb,Cl,1.712,1.728657,
primary,gkf,4,20,ridge_physics9,Sr3SbI3,Sr,Sb,I,1.31,0.778605,
primary,gkf,5,27,ridge_physics9,Ba3AsBr3,Ba,As,Br,0.92,1.058444,
primary,gkf,5,29,ridge_physics9,Ba3AsCl3,Ba,As,Cl,0.969,1.380999,
primary,gkf,5,28,ridge_physics9,Ba3AsI3,Ba,As,I,0.802,0.597547,
primary,gkf,5,26,ridge_physics9,Ba3BiBr3,Ba,Bi,Br,0.912,1.179001,
primary,gkf,5,28,ridge_physics9,Ba3BiCl3,Ba,Bi,Cl,0.957,1.131084,
primary,gkf,5,26,ridge_physics9,Ba3BiI3,Ba,Bi,I,0.786,0.781057,
primary,gkf,5,26,ridge_physics9,Ba3PBr3,Ba,P,Br,0.944,1.459721,
primary,gkf,5,26,ridge_physics9,Ba3PCl3,Ba,P,Cl,0.964,1.717883,
primary,gkf,5,25,ridge_physics9,Ba3PI3,Ba,P,I,0.764,0.88532,
primary,gkf,5,26,ridge_physics9,Ba3SbBr3,Ba,Sb,Br,1.0819,1.238327,
primary,gkf,5,26,ridge_physics9,Ba3SbCl3,Ba,Sb,Cl,1.002,1.499685,
primary,gkf,5,29,ridge_physics9,Ba3SbI3,Ba,Sb,I,0.78,0.60156,
primary,gkf,5,25,ridge_physics9,Ca3AsBr3,Ca,As,Br,1.634,1.351413,
primary,gkf,5,26,ridge_physics9,Ca3AsF3,Ca,As,F,2.27,2.66153,
primary,gkf,5,29,ridge_physics9,Ca3BiI3,Ca,Bi,I,1.36,0.847377,
primary,gkf,5,25,ridge_physics9,Ca3PBr3,Ca,P,Br,1.8846,1.531642,
primary,gkf,5,28,ridge_physics9,Ca3PCl3,Ca,P,Cl,2.035,1.965236,
primary,gkf,5,25,ridge_physics9,Ca3PF3,Ca,P,F,2.518,2.751145,
primary,gkf,5,27,ridge_physics9,Ca3PI3,Ca,P,I,1.4909,1.280246,
primary,gkf,5,26,ridge_physics9,Ca3SbBr3,Ca,Sb,Br,1.782,1.245227,
primary,gkf,5,27,ridge_physics9,Ca3SbCl3,Ca,Sb,Cl,1.814,1.61505,
primary,gkf,5,27,ridge_physics9,Ca3SbF3,Ca,Sb,F,2.19,2.696645,
primary,gkf,5,25,ridge_physics9,Mg3AsBr3,Mg,As,Br,1.2907,1.179492,
primary,gkf,5,29,ridge_physics9,Mg3BiBr3,Mg,Bi,Br,0.9648,1.237114,
primary,gkf,5,27,ridge_physics9,Mg3BiI3,Mg,Bi,I,0.224,0.915284,
primary,gkf,5,25,ridge_physics9,Mg3PBr3,Mg,P,Br,1.506,1.359721,
primary,gkf,5,28,ridge_physics9,Mg3PCl3,Mg,P,Cl,2.297,1.324257,
primary,gkf,5,27,ridge_physics9,Mg3PI3,Mg,P,I,0.377,1.220764,
primary,gkf,5,28,ridge_physics9,Mg3SbBr3,Mg,Sb,Br,0.9418,1.018449,
primary,gkf,5,27,ridge_physics9,Mg3SbCl3,Mg,Sb,Cl,1.7283,1.555567,
primary,gkf,5,28,ridge_physics9,Mg3SbF3,Mg,Sb,F,3.184,1.59955,
primary,gkf,5,29,ridge_physics9,Mg3SbI3,Mg,Sb,I,0.1057,0.888069,
primary,gkf,5,28,ridge_physics9,Sr3AsCl3,Sr,As,Cl,1.7,1.750368,
primary,gkf,5,27,ridge_physics9,Sr3AsI3,Sr,As,I,1.265,1.030495,
primary,gkf,5,28,ridge_physics9,Sr3PBr3,Sr,P,Br,1.55,1.620322,
primary,gkf,5,25,ridge_physics9,Sr3PCl3,Sr,P,Cl,1.677,1.708442,
primary,gkf,5,29,ridge_physics9,Sr3PI3,Sr,P,I,1.258,1.05538,
primary,gkf,5,25,ridge_physics9,Sr3SbCl3,Sr,Sb,Cl,1.712,1.536825,
primary,gkf,5,29,ridge_physics9,Sr3SbI3,Sr,Sb,I,1.31,0.837429,
primary,gkf,6,32,ridge_physics9,Ba3AsBr3,Ba,As,Br,0.92,1.089202,
primary,gkf,6,31,ridge_physics9,Ba3AsCl3,Ba,As,Cl,0.969,1.448651,
primary,gkf,6,33,ridge_physics9,Ba3AsI3,Ba,As,I,0.802,0.789825,
primary,gkf,6,33,ridge_physics9,Ba3BiBr3,Ba,Bi,Br,0.912,0.945301,
primary,gkf,6,30,ridge_physics9,Ba3BiCl3,Ba,Bi,Cl,0.957,1.251908,
primary,gkf,6,34,ridge_physics9,Ba3BiI3,Ba,Bi,I,0.786,0.614933,
primary,gkf,6,32,ridge_physics9,Ba3PBr3,Ba,P,Br,0.944,1.340165,
primary,gkf,6,32,ridge_physics9,Ba3PCl3,Ba,P,Cl,0.964,1.621443,
primary,gkf,6,34,ridge_physics9,Ba3PI3,Ba,P,I,0.764,0.873744,
primary,gkf,6,30,ridge_physics9,Ba3SbBr3,Ba,Sb,Br,1.0819,1.040639,
primary,gkf,6,34,ridge_physics9,Ba3SbCl3,Ba,Sb,Cl,1.002,1.309811,
primary,gkf,6,31,ridge_physics9,Ba3SbI3,Ba,Sb,I,0.78,0.639392,
primary,gkf,6,31,ridge_physics9,Ca3AsBr3,Ca,As,Br,1.634,1.318514,
primary,gkf,6,30,ridge_physics9,Ca3AsF3,Ca,As,F,2.27,2.686814,
primary,gkf,6,30,ridge_physics9,Ca3BiI3,Ca,Bi,I,1.36,0.933098,
primary,gkf,6,34,ridge_physics9,Ca3PBr3,Ca,P,Br,1.8846,1.533708,
primary,gkf,6,30,ridge_physics9,Ca3PCl3,Ca,P,Cl,2.035,1.740421,
primary,gkf,6,31,ridge_physics9,Ca3PF3,Ca,P,F,2.518,2.794063,
primary,gkf,6,33,ridge_physics9,Ca3PI3,Ca,P,I,1.4909,1.302417,
primary,gkf,6,33,ridge_physics9,Ca3SbBr3,Ca,Sb,Br,1.782,1.374954,
primary,gkf,6,31,ridge_physics9,Ca3SbCl3,Ca,Sb,Cl,1.814,1.493156,
primary,gkf,6,32,ridge_physics9,Ca3SbF3,Ca,Sb,F,2.19,1.830721,
primary,gkf,6,32,ridge_physics9,Mg3AsBr3,Mg,As,Br,1.2907,1.090779,
primary,gkf,6,31,ridge_physics9,Mg3BiBr3,Mg,Bi,Br,0.9648,1.137752,
primary,gkf,6,30,ridge_physics9,Mg3BiI3,Mg,Bi,I,0.224,0.80793,
primary,gkf,6,33,ridge_physics9,Mg3PBr3,Mg,P,Br,1.506,1.467348,
primary,gkf,6,33,ridge_physics9,Mg3PCl3,Mg,P,Cl,2.297,1.64775,
primary,gkf,6,33,ridge_physics9,Mg3PI3,Mg,P,I,0.377,1.219449,
primary,gkf,6,34,ridge_physics9,Mg3SbBr3,Mg,Sb,Br,0.9418,1.243479,
primary,gkf,6,30,ridge_physics9,Mg3SbCl3,Mg,Sb,Cl,1.7283,1.478094,
primary,gkf,6,32,ridge_physics9,Mg3SbF3,Mg,Sb,F,3.184,1.276843,
primary,gkf,6,33,ridge_physics9,Mg3SbI3,Mg,Sb,I,0.1057,1.007515,
primary,gkf,6,34,ridge_physics9,Sr3AsCl3,Sr,As,Cl,1.7,1.554235,
primary,gkf,6,31,ridge_physics9,Sr3AsI3,Sr,As,I,1.265,0.852464,
primary,gkf,6,30,ridge_physics9,Sr3PBr3,Sr,P,Br,1.55,1.436812,
primary,gkf,6,32,ridge_physics9,Sr3PCl3,Sr,P,Cl,1.677,2.079335,
primary,gkf,6,32,ridge_physics9,Sr3PI3,Sr,P,I,1.258,1.264026,
primary,gkf,6,34,ridge_physics9,Sr3SbCl3,Sr,Sb,Cl,1.712,1.548611,
primary,gkf,6,31,ridge_physics9,Sr3SbI3,Sr,Sb,I,1.31,0.750956,
primary,gkf,7,39,ridge_physics9,Ba3AsBr3,Ba,As,Br,0.92,1.166911,
primary,gkf,7,39,ridge_physics9,Ba3AsCl3,Ba,As,Cl,0.969,1.401808,
primary,gkf,7,38,ridge_physics9,Ba3AsI3,Ba,As,I,0.802,0.745618,
primary,gkf,7,36,ridge_physics9,Ba3BiBr3,Ba,Bi,Br,0.912,1.020511,
primary,gkf,7,39,ridge_physics9,Ba3BiCl3,Ba,Bi,Cl,0.957,1.317353,
primary,gkf,7,36,ridge_physics9,Ba3BiI3,Ba,Bi,I,0.786,0.667008,
primary,gkf,7,35,ridge_physics9,Ba3PBr3,Ba,P,Br,0.944,1.332855,
primary,gkf,7,37,ridge_physics9,Ba3PCl3,Ba,P,Cl,0.964,1.539038,
primary,gkf,7,38,ridge_physics9,Ba3PI3,Ba,P,I,0.764,0.852755,
primary,gkf,7,35,ridge_physics9,Ba3SbBr3,Ba,Sb,Br,1.0819,1.075157,
primary,gkf,7,37,ridge_physics9,Ba3SbCl3,Ba,Sb,Cl,1.002,1.212701,
primary,gkf,7,39,ridge_physics9,Ba3SbI3,Ba,Sb,I,0.78,0.742626,
primary,gkf,7,35,ridge_physics9,Ca3AsBr3,Ca,As,Br,1.634,1.292735,
primary,gkf,7,35,ridge_physics9,Ca3AsF3,Ca,As,F,2.27,2.656601,
primary,gkf,7,35,ridge_physics9,Ca3BiI3,Ca,Bi,I,1.36,0.640255,
primary,gkf,7,39,ridge_physics9,Ca3PBr3,Ca,P,Br,1.8846,1.5242,
primary,gkf,7,37,ridge_physics9,Ca3PCl3,Ca,P,Cl,2.035,2.11854,
primary,gkf,7,36,ridge_physics9,Ca3PF3,Ca,P,F,2.518,2.685428,
primary,gkf,7,38,ridge_physics9,Ca3PI3,Ca,P,I,1.4909,1.151408,
primary,gkf,7,37,ridge_physics9,Ca3SbBr3,Ca,Sb,Br,1.782,1.584144,
primary,gkf,7,35,ridge_physics9,Ca3SbCl3,Ca,Sb,Cl,1.814,1.42732,
primary,gkf,7,37,ridge_physics9,Ca3SbF3,Ca,Sb,F,2.19,2.090964,
primary,gkf,7,38,ridge_physics9,Mg3AsBr3,Mg,As,Br,1.2907,1.108506,
primary,gkf,7,36,ridge_physics9,Mg3BiBr3,Mg,Bi,Br,0.9648,1.365443,
primary,gkf,7,36,ridge_physics9,Mg3BiI3,Mg,Bi,I,0.224,1.01194,
primary,gkf,7,39,ridge_physics9,Mg3PBr3,Mg,P,Br,1.506,1.40215,
primary,gkf,7,38,ridge_physics9,Mg3PCl3,Mg,P,Cl,2.297,1.428485,
primary,gkf,7,37,ridge_physics9,Mg3PI3,Mg,P,I,0.377,0.983085,
primary,gkf,7,36,ridge_physics9,Mg3SbBr3,Mg,Sb,Br,0.9418,1.41146,
primary,gkf,7,38,ridge_physics9,Mg3SbCl3,Mg,Sb,Cl,1.7283,1.303996,
primary,gkf,7,37,ridge_physics9,Mg3SbF3,Mg,Sb,F,3.184,1.643416,
primary,gkf,7,39,ridge_physics9,Mg3SbI3,Mg,Sb,I,0.1057,0.920991,
primary,gkf,7,36,ridge_physics9,Sr3AsCl3,Sr,As,Cl,1.7,1.565239,
primary,gkf,7,35,ridge_physics9,Sr3AsI3,Sr,As,I,1.265,0.844999,
primary,gkf,7,36,ridge_physics9,Sr3PBr3,Sr,P,Br,1.55,1.458811,
primary,gkf,7,37,ridge_physics9,Sr3PCl3,Sr,P,Cl,1.677,2.007228,
primary,gkf,7,35,ridge_physics9,Sr3PI3,Sr,P,I,1.258,0.956449,
primary,gkf,7,38,ridge_physics9,Sr3SbCl3,Sr,Sb,Cl,1.712,1.52067,
primary,gkf,7,38,ridge_physics9,Sr3SbI3,Sr,Sb,I,1.31,0.923164,
primary,gkf,8,43,ridge_physics9,Ba3AsBr3,Ba,As,Br,0.92,1.353223,
primary,gkf,8,41,ridge_physics9,Ba3AsCl3,Ba,As,Cl,0.969,1.380766,
primary,gkf,8,43,ridge_physics9,Ba3AsI3,Ba,As,I,0.802,0.985923,
primary,gkf,8,44,ridge_physics9,Ba3BiBr3,Ba,Bi,Br,0.912,0.985387,
primary,gkf,8,41,ridge_physics9,Ba3BiCl3,Ba,Bi,Cl,0.957,1.370613,
primary,gkf,8,42,ridge_physics9,Ba3BiI3,Ba,Bi,I,0.786,0.433167,
primary,gkf,8,43,ridge_physics9,Ba3PBr3,Ba,P,Br,0.944,1.420949,
primary,gkf,8,43,ridge_physics9,Ba3PCl3,Ba,P,Cl,0.964,1.661562,
primary,gkf,8,40,ridge_physics9,Ba3PI3,Ba,P,I,0.764,0.979049,
primary,gkf,8,40,ridge_physics9,Ba3SbBr3,Ba,Sb,Br,1.0819,0.911772,
primary,gkf,8,41,ridge_physics9,Ba3SbCl3,Ba,Sb,Cl,1.002,1.393169,
primary,gkf,8,42,ridge_physics9,Ba3SbI3,Ba,Sb,I,0.78,0.482555,
primary,gkf,8,42,ridge_physics9,Ca3AsBr3,Ca,As,Br,1.634,1.677351,
primary,gkf,8,44,ridge_physics9,Ca3AsF3,Ca,As,F,2.27,2.688914,
primary,gkf,8,40,ridge_physics9,Ca3BiI3,Ca,Bi,I,1.36,0.959185,
primary,gkf,8,44,ridge_physics9,Ca3PBr3,Ca,P,Br,1.8846,1.495653,
primary,gkf,8,43,ridge_physics9,Ca3PCl3,Ca,P,Cl,2.035,1.687826,
primary,gkf,8,41,ridge_physics9,Ca3PF3,Ca,P,F,2.518,2.658028,
primary,gkf,8,42,ridge_physics9,Ca3PI3,Ca,P,I,1.4909,1.360023,
primary,gkf,8,43,ridge_physics9,Ca3SbBr3,Ca,Sb,Br,1.782,1.183305,
primary,gkf,8,44,ridge_physics9,Ca3SbCl3,Ca,Sb,Cl,1.814,1.588441,
primary,gkf,8,40,ridge_physics9,Ca3SbF3,Ca,Sb,F,2.19,3.153696,
primary,gkf,8,41,ridge_physics9,Mg3AsBr3,Mg,As,Br,1.2907,1.150804,
primary,gkf,8,43,ridge_physics9,Mg3BiBr3,Mg,Bi,Br,0.9648,1.123009,
primary,gkf,8,41,ridge_physics9,Mg3BiI3,Mg,Bi,I,0.224,0.766833,
primary,gkf,8,40,ridge_physics9,Mg3PBr3,Mg,P,Br,1.506,1.434802,
primary,gkf,8,41,ridge_physics9,Mg3PCl3,Mg,P,Cl,2.297,1.441939,
primary,gkf,8,40,ridge_physics9,Mg3PI3,Mg,P,I,0.377,1.24934,
primary,gkf,8,42,ridge_physics9,Mg3SbBr3,Mg,Sb,Br,0.9418,1.208921,
primary,gkf,8,41,ridge_physics9,Mg3SbCl3,Mg,Sb,Cl,1.7283,1.394648,
primary,gkf,8,42,ridge_physics9,Mg3SbF3,Mg,Sb,F,3.184,1.722157,
primary,gkf,8,42,ridge_physics9,Mg3SbI3,Mg,Sb,I,0.1057,0.796434,
primary,gkf,8,44,ridge_physics9,Sr3AsCl3,Sr,As,Cl,1.7,1.600209,
primary,gkf,8,42,ridge_physics9,Sr3AsI3,Sr,As,I,1.265,1.081552,
primary,gkf,8,40,ridge_physics9,Sr3PBr3,Sr,P,Br,1.55,1.627494,
primary,gkf,8,44,ridge_physics9,Sr3PCl3,Sr,P,Cl,1.677,1.677301,
primary,gkf,8,44,ridge_physics9,Sr3PI3,Sr,P,I,1.258,1.067949,
primary,gkf,8,40,ridge_physics9,Sr3SbCl3,Sr,Sb,Cl,1.712,1.684733,
primary,gkf,8,43,ridge_physics9,Sr3SbI3,Sr,Sb,I,1.31,0.805485,
primary,gkf,9,48,ridge_physics9,Ba3AsBr3,Ba,As,Br,0.92,1.066259,
primary,gkf,9,47,ridge_physics9,Ba3AsCl3,Ba,As,Cl,0.969,1.6568,
primary,gkf,9,48,ridge_physics9,Ba3AsI3,Ba,As,I,0.802,0.683889,
primary,gkf,9,45,ridge_physics9,Ba3BiBr3,Ba,Bi,Br,0.912,0.939254,
primary,gkf,9,45,ridge_physics9,Ba3BiCl3,Ba,Bi,Cl,0.957,1.188272,
primary,gkf,9,49,ridge_physics9,Ba3BiI3,Ba,Bi,I,0.786,0.424602,
primary,gkf,9,45,ridge_physics9,Ba3PBr3,Ba,P,Br,0.944,1.341265,
primary,gkf,9,47,ridge_physics9,Ba3PCl3,Ba,P,Cl,0.964,1.709817,
primary,gkf,9,45,ridge_physics9,Ba3PI3,Ba,P,I,0.764,1.030288,
primary,gkf,9,47,ridge_physics9,Ba3SbBr3,Ba,Sb,Br,1.0819,1.211138,
primary,gkf,9,46,ridge_physics9,Ba3SbCl3,Ba,Sb,Cl,1.002,1.311263,
primary,gkf,9,45,ridge_physics9,Ba3SbI3,Ba,Sb,I,0.78,0.701785,
primary,gkf,9,45,ridge_physics9,Ca3AsBr3,Ca,As,Br,1.634,1.383344,
primary,gkf,9,47,ridge_physics9,Ca3AsF3,Ca,As,F,2.27,2.794426,
primary,gkf,9,47,ridge_physics9,Ca3BiI3,Ca,Bi,I,1.36,0.752908,
primary,gkf,9,46,ridge_physics9,Ca3PBr3,Ca,P,Br,1.8846,1.383441,
primary,gkf,9,46,ridge_physics9,Ca3PCl3,Ca,P,Cl,2.035,1.584473,
primary,gkf,9,48,ridge_physics9,Ca3PF3,Ca,P,F,2.518,2.805387,
primary,gkf,9,46,ridge_physics9,Ca3PI3,Ca,P,I,1.4909,1.10147,
primary,gkf,9,48,ridge_physics9,Ca3SbBr3,Ca,Sb,Br,1.782,1.295489,
primary,gkf,9,48,ridge_physics9,Ca3SbCl3,Ca,Sb,Cl,1.814,1.549192,
primary,gkf,9,47,ridge_physics9,Ca3SbF3,Ca,Sb,F,2.19,2.648203,
primary,gkf,9,48,ridge_physics9,Mg3AsBr3,Mg,As,Br,1.2907,1.231244,
primary,gkf,9,49,ridge_physics9,Mg3BiBr3,Mg,Bi,Br,0.9648,1.057629,
primary,gkf,9,47,ridge_physics9,Mg3BiI3,Mg,Bi,I,0.224,0.755021,
primary,gkf,9,47,ridge_physics9,Mg3PBr3,Mg,P,Br,1.506,1.461943,
primary,gkf,9,46,ridge_physics9,Mg3PCl3,Mg,P,Cl,2.297,1.396337,
primary,gkf,9,45,ridge_physics9,Mg3PI3,Mg,P,I,0.377,1.233261,
primary,gkf,9,49,ridge_physics9,Mg3SbBr3,Mg,Sb,Br,0.9418,1.120427,
primary,gkf,9,46,ridge_physics9,Mg3SbCl3,Mg,Sb,Cl,1.7283,1.405423,
primary,gkf,9,49,ridge_physics9,Mg3SbF3,Mg,Sb,F,3.184,1.62978,
primary,gkf,9,46,ridge_physics9,Mg3SbI3,Mg,Sb,I,0.1057,0.865274,
primary,gkf,9,49,ridge_physics9,Sr3AsCl3,Sr,As,Cl,1.7,1.827782,
primary,gkf,9,48,ridge_physics9,Sr3AsI3,Sr,As,I,1.265,0.902655,
primary,gkf,9,49,ridge_physics9,Sr3PBr3,Sr,P,Br,1.55,1.705371,
primary,gkf,9,46,ridge_physics9,Sr3PCl3,Sr,P,Cl,1.677,1.528064,
primary,gkf,9,49,ridge_physics9,Sr3PI3,Sr,P,I,1.258,1.250796,
primary,gkf,9,48,ridge_physics9,Sr3SbCl3,Sr,Sb,Cl,1.712,1.488019,
primary,gkf,9,45,ridge_physics9,Sr3SbI3,Sr,Sb,I,1.31,0.915688,
primary,gkf,0,2,xgb_magpie,Ba3AsBr3,Ba,As,Br,0.92,1.04656,
primary,gkf,0,2,xgb_magpie,Ba3AsCl3,Ba,As,Cl,0.969,1.053737,
primary,gkf,0,3,xgb_magpie,Ba3AsI3,Ba,As,I,0.802,0.811808,
primary,gkf,0,3,xgb_magpie,Ba3BiBr3,Ba,Bi,Br,0.912,0.869438,
primary,gkf,0,0,xgb_magpie,Ba3BiCl3,Ba,Bi,Cl,0.957,0.956288,
primary,gkf,0,2,xgb_magpie,Ba3BiI3,Ba,Bi,I,0.786,0.710196,
primary,gkf,0,0,xgb_magpie,Ba3PBr3,Ba,P,Br,0.944,0.92244,
primary,gkf,0,4,xgb_magpie,Ba3PCl3,Ba,P,Cl,0.964,0.971384,
primary,gkf,0,1,xgb_magpie,Ba3PI3,Ba,P,I,0.764,0.870157,
primary,gkf,0,1,xgb_magpie,Ba3SbBr3,Ba,Sb,Br,1.0819,0.944715,
primary,gkf,0,3,xgb_magpie,Ba3SbCl3,Ba,Sb,Cl,1.002,0.973713,
primary,gkf,0,2,xgb_magpie,Ba3SbI3,Ba,Sb,I,0.78,0.741752,
primary,gkf,0,1,xgb_magpie,Ca3AsBr3,Ca,As,Br,1.634,1.541798,
primary,gkf,0,0,xgb_magpie,Ca3AsF3,Ca,As,F,2.27,2.358597,
primary,gkf,0,4,xgb_magpie,Ca3BiI3,Ca,Bi,I,1.36,1.207276,
primary,gkf,0,1,xgb_magpie,Ca3PBr3,Ca,P,Br,1.8846,1.605667,
primary,gkf,0,1,xgb_magpie,Ca3PCl3,Ca,P,Cl,2.035,2.207996,
primary,gkf,0,1,xgb_magpie,Ca3PF3,Ca,P,F,2.518,2.45544,
primary,gkf,0,4,xgb_magpie,Ca3PI3,Ca,P,I,1.4909,1.311808,
primary,gkf,0,1,xgb_magpie,Ca3SbBr3,Ca,Sb,Br,1.782,1.551247,
primary,gkf,0,4,xgb_magpie,Ca3SbCl3,Ca,Sb,Cl,1.814,1.834691,
primary,gkf,0,2,xgb_magpie,Ca3SbF3,Ca,Sb,F,2.19,1.925718,
primary,gkf,0,4,xgb_magpie,Mg3AsBr3,Mg,As,Br,1.2907,1.572037,
primary,gkf,0,3,xgb_magpie,Mg3BiBr3,Mg,Bi,Br,0.9648,0.527206,
primary,gkf,0,1,xgb_magpie,Mg3BiI3,Mg,Bi,I,0.224,0.302083,
primary,gkf,0,2,xgb_magpie,Mg3PBr3,Mg,P,Br,1.506,1.439045,
primary,gkf,0,0,xgb_magpie,Mg3PCl3,Mg,P,Cl,2.297,1.921595,
primary,gkf,0,0,xgb_magpie,Mg3PI3,Mg,P,I,0.377,0.737033,
primary,gkf,0,4,xgb_magpie,Mg3SbBr3,Mg,Sb,Br,0.9418,1.466985,
primary,gkf,0,3,xgb_magpie,Mg3SbCl3,Mg,Sb,Cl,1.7283,1.999766,
primary,gkf,0,0,xgb_magpie,Mg3SbF3,Mg,Sb,F,3.184,1.948002,
primary,gkf,0,3,xgb_magpie,Mg3SbI3,Mg,Sb,I,0.1057,0.362528,
primary,gkf,0,2,xgb_magpie,Sr3AsCl3,Sr,As,Cl,1.7,1.643153,
primary,gkf,0,0,xgb_magpie,Sr3AsI3,Sr,As,I,1.265,1.324741,
primary,gkf,0,3,xgb_magpie,Sr3PBr3,Sr,P,Br,1.55,1.583955,
primary,gkf,0,3,xgb_magpie,Sr3PCl3,Sr,P,Cl,1.677,1.741958,
primary,gkf,0,0,xgb_magpie,Sr3PI3,Sr,P,I,1.258,1.364777,
primary,gkf,0,2,xgb_magpie,Sr3SbCl3,Sr,Sb,Cl,1.712,1.438427,
primary,gkf,0,4,xgb_magpie,Sr3SbI3,Sr,Sb,I,1.31,1.212638,
primary,gkf,1,5,xgb_magpie,Ba3AsBr3,Ba,As,Br,0.92,0.97499,
primary,gkf,1,8,xgb_magpie,Ba3AsCl3,Ba,As,Cl,0.969,0.957669,
primary,gkf,1,7,xgb_magpie,Ba3AsI3,Ba,As,I,0.802,0.923991,
primary,gkf,1,9,xgb_magpie,Ba3BiBr3,Ba,Bi,Br,0.912,0.961506,
primary,gkf,1,5,xgb_magpie,Ba3BiCl3,Ba,Bi,Cl,0.957,0.962821,
primary,gkf,1,6,xgb_magpie,Ba3BiI3,Ba,Bi,I,0.786,0.776923,
primary,gkf,1,9,xgb_magpie,Ba3PBr3,Ba,P,Br,0.944,0.941139,
primary,gkf,1,7,xgb_magpie,Ba3PCl3,Ba,P,Cl,0.964,1.068114,
primary,gkf,1,9,xgb_magpie,Ba3PI3,Ba,P,I,0.764,0.913854,
primary,gkf,1,6,xgb_magpie,Ba3SbBr3,Ba,Sb,Br,1.0819,0.983055,
primary,gkf,1,5,xgb_magpie,Ba3SbCl3,Ba,Sb,Cl,1.002,0.961697,
primary,gkf,1,7,xgb_magpie,Ba3SbI3,Ba,Sb,I,0.78,0.892014,
primary,gkf,1,5,xgb_magpie,Ca3AsBr3,Ca,As,Br,1.634,1.771529,
primary,gkf,1,9,xgb_magpie,Ca3AsF3,Ca,As,F,2.27,2.442515,
primary,gkf,1,8,xgb_magpie,Ca3BiI3,Ca,Bi,I,1.36,1.283534,
primary,gkf,1,6,xgb_magpie,Ca3PBr3,Ca,P,Br,1.8846,1.758593,
primary,gkf,1,7,xgb_magpie,Ca3PCl3,Ca,P,Cl,2.035,2.173588,
primary,gkf,1,9,xgb_magpie,Ca3PF3,Ca,P,F,2.518,2.525249,
primary,gkf,1,6,xgb_magpie,Ca3PI3,Ca,P,I,1.4909,1.321916,
primary,gkf,1,8,xgb_magpie,Ca3SbBr3,Ca,Sb,Br,1.782,1.592541,
primary,gkf,1,9,xgb_magpie,Ca3SbCl3,Ca,Sb,Cl,1.814,1.949663,
primary,gkf,1,6,xgb_magpie,Ca3SbF3,Ca,Sb,F,2.19,2.093285,
primary,gkf,1,6,xgb_magpie,Mg3AsBr3,Mg,As,Br,1.2907,1.360856,
primary,gkf,1,5,xgb_magpie,Mg3BiBr3,Mg,Bi,Br,0.9648,1.052106,
primary,gkf,1,9,xgb_magpie,Mg3BiI3,Mg,Bi,I,0.224,0.367984,
primary,gkf,1,8,xgb_magpie,Mg3PBr3,Mg,P,Br,1.506,1.489102,
primary,gkf,1,6,xgb_magpie,Mg3PCl3,Mg,P,Cl,2.297,2.266698,
primary,gkf,1,5,xgb_magpie,Mg3PI3,Mg,P,I,0.377,1.042624,
primary,gkf,1,5,xgb_magpie,Mg3SbBr3,Mg,Sb,Br,0.9418,1.288168,
primary,gkf,1,5,xgb_magpie,Mg3SbCl3,Mg,Sb,Cl,1.7283,2.029989,
primary,gkf,1,8,xgb_magpie,Mg3SbF3,Mg,Sb,F,3.184,2.079605,
primary,gkf,1,6,xgb_magpie,Mg3SbI3,Mg,Sb,I,0.1057,0.344491,
primary,gkf,1,7,xgb_magpie,Sr3AsCl3,Sr,As,Cl,1.7,1.690063,
primary,gkf,1,7,xgb_magpie,Sr3AsI3,Sr,As,I,1.265,1.293811,
primary,gkf,1,7,xgb_magpie,Sr3PBr3,Sr,P,Br,1.55,1.70525,
primary,gkf,1,8,xgb_magpie,Sr3PCl3,Sr,P,Cl,1.677,1.648716,
primary,gkf,1,8,xgb_magpie,Sr3PI3,Sr,P,I,1.258,1.332184,
primary,gkf,1,8,xgb_magpie,Sr3SbCl3,Sr,Sb,Cl,1.712,1.491585,
primary,gkf,1,7,xgb_magpie,Sr3SbI3,Sr,Sb,I,1.31,1.282782,
primary,gkf,2,12,xgb_magpie,Ba3AsBr3,Ba,As,Br,0.92,1.006304,
primary,gkf,2,10,xgb_magpie,Ba3AsCl3,Ba,As,Cl,0.969,1.214782,
primary,gkf,2,11,xgb_magpie,Ba3AsI3,Ba,As,I,0.802,0.808455,
primary,gkf,2,10,xgb_magpie,Ba3BiBr3,Ba,Bi,Br,0.912,0.877049,
primary,gkf,2,10,xgb_magpie,Ba3BiCl3,Ba,Bi,Cl,0.957,0.889681,
primary,gkf,2,10,xgb_magpie,Ba3BiI3,Ba,Bi,I,0.786,0.801558,
primary,gkf,2,12,xgb_magpie,Ba3PBr3,Ba,P,Br,0.944,0.986164,
primary,gkf,2,14,xgb_magpie,Ba3PCl3,Ba,P,Cl,0.964,1.07784,
primary,gkf,2,12,xgb_magpie,Ba3PI3,Ba,P,I,0.764,0.830953,
primary,gkf,2,10,xgb_magpie,Ba3SbBr3,Ba,Sb,Br,1.0819,0.900216,
primary,gkf,2,10,xgb_magpie,Ba3SbCl3,Ba,Sb,Cl,1.002,1.001244,
primary,gkf,2,11,xgb_magpie,Ba3SbI3,Ba,Sb,I,0.78,0.877313,
primary,gkf,2,13,xgb_magpie,Ca3AsBr3,Ca,As,Br,1.634,1.757991,
primary,gkf,2,14,xgb_magpie,Ca3AsF3,Ca,As,F,2.27,2.339261,
primary,gkf,2,14,xgb_magpie,Ca3BiI3,Ca,Bi,I,1.36,1.267203,
primary,gkf,2,13,xgb_magpie,Ca3PBr3,Ca,P,Br,1.8846,1.789511,
primary,gkf,2,10,xgb_magpie,Ca3PCl3,Ca,P,Cl,2.035,1.97809,
primary,gkf,2,13,xgb_magpie,Ca3PF3,Ca,P,F,2.518,2.42121,
primary,gkf,2,11,xgb_magpie,Ca3PI3,Ca,P,I,1.4909,1.28362,
primary,gkf,2,11,xgb_magpie,Ca3SbBr3,Ca,Sb,Br,1.782,1.71978,
primary,gkf,2,13,xgb_magpie,Ca3SbCl3,Ca,Sb,Cl,1.814,1.864285,
primary,gkf,2,12,xgb_magpie,Ca3SbF3,Ca,Sb,F,2.19,1.909823,
primary,gkf,2,14,xgb_magpie,Mg3AsBr3,Mg,As,Br,1.2907,1.330931,
primary,gkf,2,12,xgb_magpie,Mg3BiBr3,Mg,Bi,Br,0.9648,0.684135,
primary,gkf,2,13,xgb_magpie,Mg3BiI3,Mg,Bi,I,0.224,0.385369,
primary,gkf,2,12,xgb_magpie,Mg3PBr3,Mg,P,Br,1.506,1.433599,
primary,gkf,2,10,xgb_magpie,Mg3PCl3,Mg,P,Cl,2.297,2.103405,
primary,gkf,2,13,xgb_magpie,Mg3PI3,Mg,P,I,0.377,0.695368,
primary,gkf,2,11,xgb_magpie,Mg3SbBr3,Mg,Sb,Br,0.9418,1.244019,
primary,gkf,2,13,xgb_magpie,Mg3SbCl3,Mg,Sb,Cl,1.7283,2.060313,
primary,gkf,2,14,xgb_magpie,Mg3SbF3,Mg,Sb,F,3.184,2.11992,
primary,gkf,2,12,xgb_magpie,Mg3SbI3,Mg,Sb,I,0.1057,0.633527,
primary,gkf,2,11,xgb_magpie,Sr3AsCl3,Sr,As,Cl,1.7,1.732322,
primary,gkf,2,11,xgb_magpie,Sr3AsI3,Sr,As,I,1.265,1.171962,
primary,gkf,2,13,xgb_magpie,Sr3PBr3,Sr,P,Br,1.55,1.630423,
primary,gkf,2,14,xgb_magpie,Sr3PCl3,Sr,P,Cl,1.677,1.712745,
primary,gkf,2,11,xgb_magpie,Sr3PI3,Sr,P,I,1.258,1.185938,
primary,gkf,2,14,xgb_magpie,Sr3SbCl3,Sr,Sb,Cl,1.712,1.576078,
primary,gkf,2,12,xgb_magpie,Sr3SbI3,Sr,Sb,I,1.31,1.196741,
primary,gkf,3,17,xgb_magpie,Ba3AsBr3,Ba,As,Br,0.92,1.022258,
primary,gkf,3,15,xgb_magpie,Ba3AsCl3,Ba,As,Cl,0.969,1.060237,
primary,gkf,3,18,xgb_magpie,Ba3AsI3,Ba,As,I,0.802,0.792523,
primary,gkf,3,15,xgb_magpie,Ba3BiBr3,Ba,Bi,Br,0.912,0.926582,
primary,gkf,3,18,xgb_magpie,Ba3BiCl3,Ba,Bi,Cl,0.957,0.964863,
primary,gkf,3,15,xgb_magpie,Ba3BiI3,Ba,Bi,I,0.786,0.812726,
primary,gkf,3,19,xgb_magpie,Ba3PBr3,Ba,P,Br,0.944,0.976667,
primary,gkf,3,19,xgb_magpie,Ba3PCl3,Ba,P,Cl,0.964,1.183896,
primary,gkf,3,19,xgb_magpie,Ba3PI3,Ba,P,I,0.764,0.867561,
primary,gkf,3,16,xgb_magpie,Ba3SbBr3,Ba,Sb,Br,1.0819,0.927068,
primary,gkf,3,16,xgb_magpie,Ba3SbCl3,Ba,Sb,Cl,1.002,0.96788,
primary,gkf,3,19,xgb_magpie,Ba3SbI3,Ba,Sb,I,0.78,0.889223,
primary,gkf,3,16,xgb_magpie,Ca3AsBr3,Ca,As,Br,1.634,1.722055,
primary,gkf,3,17,xgb_magpie,Ca3AsF3,Ca,As,F,2.27,2.551755,
primary,gkf,3,17,xgb_magpie,Ca3BiI3,Ca,Bi,I,1.36,1.28118,
primary,gkf,3,18,xgb_magpie,Ca3PBr3,Ca,P,Br,1.8846,1.761482,
primary,gkf,3,16,xgb_magpie,Ca3PCl3,Ca,P,Cl,2.035,2.188906,
primary,gkf,3,15,xgb_magpie,Ca3PF3,Ca,P,F,2.518,2.465347,
primary,gkf,3,15,xgb_magpie,Ca3PI3,Ca,P,I,1.4909,1.374504,
primary,gkf,3,16,xgb_magpie,Ca3SbBr3,Ca,Sb,Br,1.782,1.660313,
primary,gkf,3,17,xgb_magpie,Ca3SbCl3,Ca,Sb,Cl,1.814,1.932543,
primary,gkf,3,17,xgb_magpie,Ca3SbF3,Ca,Sb,F,2.19,2.471425,
primary,gkf,3,18,xgb_magpie,Mg3AsBr3,Mg,As,Br,1.2907,1.47045,
primary,gkf,3,18,xgb_magpie,Mg3BiBr3,Mg,Bi,Br,0.9648,0.451802,
primary,gkf,3,15,xgb_magpie,Mg3BiI3,Mg,Bi,I,0.224,0.605201,
primary,gkf,3,15,xgb_magpie,Mg3PBr3,Mg,P,Br,1.506,1.523148,
primary,gkf,3,17,xgb_magpie,Mg3PCl3,Mg,P,Cl,2.297,2.239112,
primary,gkf,3,19,xgb_magpie,Mg3PI3,Mg,P,I,0.377,0.716955,
primary,gkf,3,16,xgb_magpie,Mg3SbBr3,Mg,Sb,Br,0.9418,1.225219,
primary,gkf,3,17,xgb_magpie,Mg3SbCl3,Mg,Sb,Cl,1.7283,2.182472,
primary,gkf,3,18,xgb_magpie,Mg3SbF3,Mg,Sb,F,3.184,2.03232,
primary,gkf,3,15,xgb_magpie,Mg3SbI3,Mg,Sb,I,0.1057,0.517983,
primary,gkf,3,19,xgb_magpie,Sr3AsCl3,Sr,As,Cl,1.7,1.682947,
primary,gkf,3,18,xgb_magpie,Sr3AsI3,Sr,As,I,1.265,1.240693,
primary,gkf,3,18,xgb_magpie,Sr3PBr3,Sr,P,Br,1.55,1.661512,
primary,gkf,3,16,xgb_magpie,Sr3PCl3,Sr,P,Cl,1.677,1.838595,
primary,gkf,3,16,xgb_magpie,Sr3PI3,Sr,P,I,1.258,1.325877,
primary,gkf,3,17,xgb_magpie,Sr3SbCl3,Sr,Sb,Cl,1.712,1.520517,
primary,gkf,3,19,xgb_magpie,Sr3SbI3,Sr,Sb,I,1.31,1.199558,
primary,gkf,4,22,xgb_magpie,Ba3AsBr3,Ba,As,Br,0.92,0.935247,
primary,gkf,4,23,xgb_magpie,Ba3AsCl3,Ba,As,Cl,0.969,1.302539,
primary,gkf,4,21,xgb_magpie,Ba3AsI3,Ba,As,I,0.802,1.003321,
primary,gkf,4,21,xgb_magpie,Ba3BiBr3,Ba,Bi,Br,0.912,0.990819,
primary,gkf,4,20,xgb_magpie,Ba3BiCl3,Ba,Bi,Cl,0.957,0.960755,
primary,gkf,4,22,xgb_magpie,Ba3BiI3,Ba,Bi,I,0.786,0.664404,
primary,gkf,4,24,xgb_magpie,Ba3PBr3,Ba,P,Br,0.944,0.975016,
primary,gkf,4,20,xgb_magpie,Ba3PCl3,Ba,P,Cl,0.964,1.122978,
primary,gkf,4,21,xgb_magpie,Ba3PI3,Ba,P,I,0.764,1.033524,
primary,gkf,4,23,xgb_magpie,Ba3SbBr3,Ba,Sb,Br,1.0819,0.944115,
primary,gkf,4,22,xgb_magpie,Ba3SbCl3,Ba,Sb,Cl,1.002,0.964939,
primary,gkf,4,22,xgb_magpie,Ba3SbI3,Ba,Sb,I,0.78,0.768701,
primary,gkf,4,24,xgb_magpie,Ca3AsBr3,Ca,As,Br,1.634,1.822051,
primary,gkf,4,20,xgb_magpie,Ca3AsF3,Ca,As,F,2.27,2.415344,
primary,gkf,4,24,xgb_magpie,Ca3BiI3,Ca,Bi,I,1.36,1.279687,
primary,gkf,4,20,xgb_magpie,Ca3PBr3,Ca,P,Br,1.8846,1.74564,
primary,gkf,4,21,xgb_magpie,Ca3PCl3,Ca,P,Cl,2.035,2.187524,
primary,gkf,4,21,xgb_magpie,Ca3PF3,Ca,P,F,2.518,2.28119,
primary,gkf,4,23,xgb_magpie,Ca3PI3,Ca,P,I,1.4909,1.288209,
primary,gkf,4,22,xgb_magpie,Ca3SbBr3,Ca,Sb,Br,1.782,1.634887,
primary,gkf,4,22,xgb_magpie,Ca3SbCl3,Ca,Sb,Cl,1.814,1.908555,
primary,gkf,4,23,xgb_magpie,Ca3SbF3,Ca,Sb,F,2.19,2.185345,
primary,gkf,4,24,xgb_magpie,Mg3AsBr3,Mg,As,Br,1.2907,1.572002,
primary,gkf,4,20,xgb_magpie,Mg3BiBr3,Mg,Bi,Br,0.9648,0.492667,
primary,gkf,4,23,xgb_magpie,Mg3BiI3,Mg,Bi,I,0.224,0.43184,
primary,gkf,4,21,xgb_magpie,Mg3PBr3,Mg,P,Br,1.506,1.577876,
primary,gkf,4,23,xgb_magpie,Mg3PCl3,Mg,P,Cl,2.297,2.012999,
primary,gkf,4,23,xgb_magpie,Mg3PI3,Mg,P,I,0.377,0.726267,
primary,gkf,4,24,xgb_magpie,Mg3SbBr3,Mg,Sb,Br,0.9418,1.406044,
primary,gkf,4,22,xgb_magpie,Mg3SbCl3,Mg,Sb,Cl,1.7283,2.027815,
primary,gkf,4,21,xgb_magpie,Mg3SbF3,Mg,Sb,F,3.184,2.1141,
primary,gkf,4,24,xgb_magpie,Mg3SbI3,Mg,Sb,I,0.1057,0.341901,
primary,gkf,4,22,xgb_magpie,Sr3AsCl3,Sr,As,Cl,1.7,1.650302,
primary,gkf,4,20,xgb_magpie,Sr3AsI3,Sr,As,I,1.265,1.070455,
primary,gkf,4,23,xgb_magpie,Sr3PBr3,Sr,P,Br,1.55,1.306799,
primary,gkf,4,24,xgb_magpie,Sr3PCl3,Sr,P,Cl,1.677,1.745875,
primary,gkf,4,20,xgb_magpie,Sr3PI3,Sr,P,I,1.258,1.159076,
primary,gkf,4,21,xgb_magpie,Sr3SbCl3,Sr,Sb,Cl,1.712,1.397317,
primary,gkf,4,20,xgb_magpie,Sr3SbI3,Sr,Sb,I,1.31,1.024292,
primary,gkf,5,27,xgb_magpie,Ba3AsBr3,Ba,As,Br,0.92,0.980086,
primary,gkf,5,29,xgb_magpie,Ba3AsCl3,Ba,As,Cl,0.969,1.077624,
primary,gkf,5,28,xgb_magpie,Ba3AsI3,Ba,As,I,0.802,0.779365,
primary,gkf,5,26,xgb_magpie,Ba3BiBr3,Ba,Bi,Br,0.912,0.847121,
primary,gkf,5,28,xgb_magpie,Ba3BiCl3,Ba,Bi,Cl,0.957,0.897007,
primary,gkf,5,26,xgb_magpie,Ba3BiI3,Ba,Bi,I,0.786,0.785816,
primary,gkf,5,26,xgb_magpie,Ba3PBr3,Ba,P,Br,0.944,0.979807,
primary,gkf,5,26,xgb_magpie,Ba3PCl3,Ba,P,Cl,0.964,1.080208,
primary,gkf,5,25,xgb_magpie,Ba3PI3,Ba,P,I,0.764,0.918893,
primary,gkf,5,26,xgb_magpie,Ba3SbBr3,Ba,Sb,Br,1.0819,0.886337,
primary,gkf,5,26,xgb_magpie,Ba3SbCl3,Ba,Sb,Cl,1.002,0.977133,
primary,gkf,5,29,xgb_magpie,Ba3SbI3,Ba,Sb,I,0.78,0.907332,
primary,gkf,5,25,xgb_magpie,Ca3AsBr3,Ca,As,Br,1.634,1.750817,
primary,gkf,5,26,xgb_magpie,Ca3AsF3,Ca,As,F,2.27,2.476035,
primary,gkf,5,29,xgb_magpie,Ca3BiI3,Ca,Bi,I,1.36,1.272709,
primary,gkf,5,25,xgb_magpie,Ca3PBr3,Ca,P,Br,1.8846,1.89907,
primary,gkf,5,28,xgb_magpie,Ca3PCl3,Ca,P,Cl,2.035,2.089875,
primary,gkf,5,25,xgb_magpie,Ca3PF3,Ca,P,F,2.518,2.467989,
primary,gkf,5,27,xgb_magpie,Ca3PI3,Ca,P,I,1.4909,1.341628,
primary,gkf,5,26,xgb_magpie,Ca3SbBr3,Ca,Sb,Br,1.782,1.659738,
primary,gkf,5,27,xgb_magpie,Ca3SbCl3,Ca,Sb,Cl,1.814,1.814846,
primary,gkf,5,27,xgb_magpie,Ca3SbF3,Ca,Sb,F,2.19,2.09989,
primary,gkf,5,25,xgb_magpie,Mg3AsBr3,Mg,As,Br,1.2907,1.41965,
primary,gkf,5,29,xgb_magpie,Mg3BiBr3,Mg,Bi,Br,0.9648,0.472006,
primary,gkf,5,27,xgb_magpie,Mg3BiI3,Mg,Bi,I,0.224,0.711853,
primary,gkf,5,25,xgb_magpie,Mg3PBr3,Mg,P,Br,1.506,1.599813,
primary,gkf,5,28,xgb_magpie,Mg3PCl3,Mg,P,Cl,2.297,1.949493,
primary,gkf,5,27,xgb_magpie,Mg3PI3,Mg,P,I,0.377,0.851361,
primary,gkf,5,28,xgb_magpie,Mg3SbBr3,Mg,Sb,Br,0.9418,1.227167,
primary,gkf,5,27,xgb_magpie,Mg3SbCl3,Mg,Sb,Cl,1.7283,1.81504,
primary,gkf,5,28,xgb_magpie,Mg3SbF3,Mg,Sb,F,3.184,1.915714,
primary,gkf,5,29,xgb_magpie,Mg3SbI3,Mg,Sb,I,0.1057,0.365674,
primary,gkf,5,28,xgb_magpie,Sr3AsCl3,Sr,As,Cl,1.7,1.654432,
primary,gkf,5,27,xgb_magpie,Sr3AsI3,Sr,As,I,1.265,1.294018,
primary,gkf,5,28,xgb_magpie,Sr3PBr3,Sr,P,Br,1.55,1.680766,
primary,gkf,5,25,xgb_magpie,Sr3PCl3,Sr,P,Cl,1.677,1.69656,
primary,gkf,5,29,xgb_magpie,Sr3PI3,Sr,P,I,1.258,1.245846,
primary,gkf,5,25,xgb_magpie,Sr3SbCl3,Sr,Sb,Cl,1.712,1.50884,
primary,gkf,5,29,xgb_magpie,Sr3SbI3,Sr,Sb,I,1.31,1.191395,
primary,gkf,6,32,xgb_magpie,Ba3AsBr3,Ba,As,Br,0.92,0.990033,
primary,gkf,6,31,xgb_magpie,Ba3AsCl3,Ba,As,Cl,0.969,1.025468,
primary,gkf,6,33,xgb_magpie,Ba3AsI3,Ba,As,I,0.802,0.826666,
primary,gkf,6,33,xgb_magpie,Ba3BiBr3,Ba,Bi,Br,0.912,0.89263,
primary,gkf,6,30,xgb_magpie,Ba3BiCl3,Ba,Bi,Cl,0.957,0.718774,
primary,gkf,6,34,xgb_magpie,Ba3BiI3,Ba,Bi,I,0.786,0.754344,
primary,gkf,6,32,xgb_magpie,Ba3PBr3,Ba,P,Br,0.944,0.984981,
primary,gkf,6,32,xgb_magpie,Ba3PCl3,Ba,P,Cl,0.964,1.038606,
primary,gkf,6,34,xgb_magpie,Ba3PI3,Ba,P,I,0.764,0.904812,
primary,gkf,6,30,xgb_magpie,Ba3SbBr3,Ba,Sb,Br,1.0819,0.939803,
primary,gkf,6,34,xgb_magpie,Ba3SbCl3,Ba,Sb,Cl,1.002,0.965952,
primary,gkf,6,31,xgb_magpie,Ba3SbI3,Ba,Sb,I,0.78,0.910642,
primary,gkf,6,31,xgb_magpie,Ca3AsBr3,Ca,As,Br,1.634,1.78008,
primary,gkf,6,30,xgb_magpie,Ca3AsF3,Ca,As,F,2.27,2.479127,
primary,gkf,6,30,xgb_magpie,Ca3BiI3,Ca,Bi,I,1.36,1.091618,
primary,gkf,6,34,xgb_magpie,Ca3PBr3,Ca,P,Br,1.8846,1.715666,
primary,gkf,6,30,xgb_magpie,Ca3PCl3,Ca,P,Cl,2.035,2.381806,
primary,gkf,6,31,xgb_magpie,Ca3PF3,Ca,P,F,2.518,2.450257,
primary,gkf,6,33,xgb_magpie,Ca3PI3,Ca,P,I,1.4909,1.382221,
primary,gkf,6,33,xgb_magpie,Ca3SbBr3,Ca,Sb,Br,1.782,1.651994,
primary,gkf,6,31,xgb_magpie,Ca3SbCl3,Ca,Sb,Cl,1.814,1.864312,
primary,gkf,6,32,xgb_magpie,Ca3SbF3,Ca,Sb,F,2.19,1.795292,
primary,gkf,6,32,xgb_magpie,Mg3AsBr3,Mg,As,Br,1.2907,1.406364,
primary,gkf,6,31,xgb_magpie,Mg3BiBr3,Mg,Bi,Br,0.9648,0.488745,
primary,gkf,6,30,xgb_magpie,Mg3BiI3,Mg,Bi,I,0.224,0.306457,
primary,gkf,6,33,xgb_magpie,Mg3PBr3,Mg,P,Br,1.506,1.624496,
primary,gkf,6,33,xgb_magpie,Mg3PCl3,Mg,P,Cl,2.297,2.194022,
primary,gkf,6,33,xgb_magpie,Mg3PI3,Mg,P,I,0.377,0.81246,
primary,gkf,6,34,xgb_magpie,Mg3SbBr3,Mg,Sb,Br,0.9418,1.210194,
primary,gkf,6,30,xgb_magpie,Mg3SbCl3,Mg,Sb,Cl,1.7283,2.048183,
primary,gkf,6,32,xgb_magpie,Mg3SbF3,Mg,Sb,F,3.184,1.930896,
primary,gkf,6,33,xgb_magpie,Mg3SbI3,Mg,Sb,I,0.1057,0.670416,
primary,gkf,6,34,xgb_magpie,Sr3AsCl3,Sr,As,Cl,1.7,1.706034,
primary,gkf,6,31,xgb_magpie,Sr3AsI3,Sr,As,I,1.265,1.207856,
primary,gkf,6,30,xgb_magpie,Sr3PBr3,Sr,P,Br,1.55,1.630288,
primary,gkf,6,32,xgb_magpie,Sr3PCl3,Sr,P,Cl,1.677,1.73695,
primary,gkf,6,32,xgb_magpie,Sr3PI3,Sr,P,I,1.258,1.321081,
primary,gkf,6,34,xgb_magpie,Sr3SbCl3,Sr,Sb,Cl,1.712,1.557403,
primary,gkf,6,31,xgb_magpie,Sr3SbI3,Sr,Sb,I,1.31,1.158596,
primary,gkf,7,39,xgb_magpie,Ba3AsBr3,Ba,As,Br,0.92,1.058795,
primary,gkf,7,39,xgb_magpie,Ba3AsCl3,Ba,As,Cl,0.969,1.159355,
primary,gkf,7,38,xgb_magpie,Ba3AsI3,Ba,As,I,0.802,0.916857,
primary,gkf,7,36,xgb_magpie,Ba3BiBr3,Ba,Bi,Br,0.912,0.878395,
primary,gkf,7,39,xgb_magpie,Ba3BiCl3,Ba,Bi,Cl,0.957,0.990317,
primary,gkf,7,36,xgb_magpie,Ba3BiI3,Ba,Bi,I,0.786,0.803723,
primary,gkf,7,35,xgb_magpie,Ba3PBr3,Ba,P,Br,0.944,0.936359,
primary,gkf,7,37,xgb_magpie,Ba3PCl3,Ba,P,Cl,0.964,1.097941,
primary,gkf,7,38,xgb_magpie,Ba3PI3,Ba,P,I,0.764,0.951939,
primary,gkf,7,35,xgb_magpie,Ba3SbBr3,Ba,Sb,Br,1.0819,0.920586,
primary,gkf,7,37,xgb_magpie,Ba3SbCl3,Ba,Sb,Cl,1.002,0.975217,
primary,gkf,7,39,xgb_magpie,Ba3SbI3,Ba,Sb,I,0.78,0.836915,
primary,gkf,7,35,xgb_magpie,Ca3AsBr3,Ca,As,Br,1.634,1.759426,
primary,gkf,7,35,xgb_magpie,Ca3AsF3,Ca,As,F,2.27,2.460418,
primary,gkf,7,35,xgb_magpie,Ca3BiI3,Ca,Bi,I,1.36,1.29344,
primary,gkf,7,39,xgb_magpie,Ca3PBr3,Ca,P,Br,1.8846,1.69676,
primary,gkf,7,37,xgb_magpie,Ca3PCl3,Ca,P,Cl,2.035,2.31536,
primary,gkf,7,36,xgb_magpie,Ca3PF3,Ca,P,F,2.518,2.471931,
primary,gkf,7,38,xgb_magpie,Ca3PI3,Ca,P,I,1.4909,1.317004,
primary,gkf,7,37,xgb_magpie,Ca3SbBr3,Ca,Sb,Br,1.782,1.629257,
primary,gkf,7,35,xgb_magpie,Ca3SbCl3,Ca,Sb,Cl,1.814,1.867018,
primary,gkf,7,37,xgb_magpie,Ca3SbF3,Ca,Sb,F,2.19,1.893936,
primary,gkf,7,38,xgb_magpie,Mg3AsBr3,Mg,As,Br,1.2907,1.381805,
primary,gkf,7,36,xgb_magpie,Mg3BiBr3,Mg,Bi,Br,0.9648,0.541981,
primary,gkf,7,36,xgb_magpie,Mg3BiI3,Mg,Bi,I,0.224,0.231935,
primary,gkf,7,39,xgb_magpie,Mg3PBr3,Mg,P,Br,1.506,1.505272,
primary,gkf,7,38,xgb_magpie,Mg3PCl3,Mg,P,Cl,2.297,2.32197,
primary,gkf,7,37,xgb_magpie,Mg3PI3,Mg,P,I,0.377,0.7848,
primary,gkf,7,36,xgb_magpie,Mg3SbBr3,Mg,Sb,Br,0.9418,1.261542,
primary,gkf,7,38,xgb_magpie,Mg3SbCl3,Mg,Sb,Cl,1.7283,1.993228,
primary,gkf,7,37,xgb_magpie,Mg3SbF3,Mg,Sb,F,3.184,1.819487,
primary,gkf,7,39,xgb_magpie,Mg3SbI3,Mg,Sb,I,0.1057,0.360301,
primary,gkf,7,36,xgb_magpie,Sr3AsCl3,Sr,As,Cl,1.7,1.719565,
primary,gkf,7,35,xgb_magpie,Sr3AsI3,Sr,As,I,1.265,1.261568,
primary,gkf,7,36,xgb_magpie,Sr3PBr3,Sr,P,Br,1.55,1.721322,
primary,gkf,7,37,xgb_magpie,Sr3PCl3,Sr,P,Cl,1.677,1.757844,
primary,gkf,7,35,xgb_magpie,Sr3PI3,Sr,P,I,1.258,1.249523,
primary,gkf,7,38,xgb_magpie,Sr3SbCl3,Sr,Sb,Cl,1.712,1.59583,
primary,gkf,7,38,xgb_magpie,Sr3SbI3,Sr,Sb,I,1.31,1.273793,
primary,gkf,8,43,xgb_magpie,Ba3AsBr3,Ba,As,Br,0.92,1.044952,
primary,gkf,8,41,xgb_magpie,Ba3AsCl3,Ba,As,Cl,0.969,1.258268,
primary,gkf,8,43,xgb_magpie,Ba3AsI3,Ba,As,I,0.802,0.899751,
primary,gkf,8,44,xgb_magpie,Ba3BiBr3,Ba,Bi,Br,0.912,0.871735,
primary,gkf,8,41,xgb_magpie,Ba3BiCl3,Ba,Bi,Cl,0.957,0.958396,
primary,gkf,8,42,xgb_magpie,Ba3BiI3,Ba,Bi,I,0.786,0.733474,
primary,gkf,8,43,xgb_magpie,Ba3PBr3,Ba,P,Br,0.944,0.981243,
primary,gkf,8,43,xgb_magpie,Ba3PCl3,Ba,P,Cl,0.964,1.133185,
primary,gkf,8,40,xgb_magpie,Ba3PI3,Ba,P,I,0.764,0.887952,
primary,gkf,8,40,xgb_magpie,Ba3SbBr3,Ba,Sb,Br,1.0819,0.937943,
primary,gkf,8,41,xgb_magpie,Ba3SbCl3,Ba,Sb,Cl,1.002,1.088031,
primary,gkf,8,42,xgb_magpie,Ba3SbI3,Ba,Sb,I,0.78,0.772425,
primary,gkf,8,42,xgb_magpie,Ca3AsBr3,Ca,As,Br,1.634,1.859993,
primary,gkf,8,44,xgb_magpie,Ca3AsF3,Ca,As,F,2.27,2.464102,
primary,gkf,8,40,xgb_magpie,Ca3BiI3,Ca,Bi,I,1.36,1.259127,
primary,gkf,8,44,xgb_magpie,Ca3PBr3,Ca,P,Br,1.8846,1.718751,
primary,gkf,8,43,xgb_magpie,Ca3PCl3,Ca,P,Cl,2.035,2.161547,
primary,gkf,8,41,xgb_magpie,Ca3PF3,Ca,P,F,2.518,2.491494,
primary,gkf,8,42,xgb_magpie,Ca3PI3,Ca,P,I,1.4909,1.307185,
primary,gkf,8,43,xgb_magpie,Ca3SbBr3,Ca,Sb,Br,1.782,1.606544,
primary,gkf,8,44,xgb_magpie,Ca3SbCl3,Ca,Sb,Cl,1.814,1.8027,
primary,gkf,8,40,xgb_magpie,Ca3SbF3,Ca,Sb,F,2.19,2.004016,
primary,gkf,8,41,xgb_magpie,Mg3AsBr3,Mg,As,Br,1.2907,1.264678,
primary,gkf,8,43,xgb_magpie,Mg3BiBr3,Mg,Bi,Br,0.9648,0.452497,
primary,gkf,8,41,xgb_magpie,Mg3BiI3,Mg,Bi,I,0.224,0.389196,
primary,gkf,8,40,xgb_magpie,Mg3PBr3,Mg,P,Br,1.506,1.490226,
primary,gkf,8,41,xgb_magpie,Mg3PCl3,Mg,P,Cl,2.297,1.965759,
primary,gkf,8,40,xgb_magpie,Mg3PI3,Mg,P,I,0.377,0.775178,
primary,gkf,8,42,xgb_magpie,Mg3SbBr3,Mg,Sb,Br,0.9418,1.142827,
primary,gkf,8,41,xgb_magpie,Mg3SbCl3,Mg,Sb,Cl,1.7283,1.636939,
primary,gkf,8,42,xgb_magpie,Mg3SbF3,Mg,Sb,F,3.184,2.1001,
primary,gkf,8,42,xgb_magpie,Mg3SbI3,Mg,Sb,I,0.1057,0.357275,
primary,gkf,8,44,xgb_magpie,Sr3AsCl3,Sr,As,Cl,1.7,1.640343,
primary,gkf,8,42,xgb_magpie,Sr3AsI3,Sr,As,I,1.265,1.293494,
primary,gkf,8,40,xgb_magpie,Sr3PBr3,Sr,P,Br,1.55,1.593834,
primary,gkf,8,44,xgb_magpie,Sr3PCl3,Sr,P,Cl,1.677,1.681007,
primary,gkf,8,44,xgb_magpie,Sr3PI3,Sr,P,I,1.258,1.333439,
primary,gkf,8,40,xgb_magpie,Sr3SbCl3,Sr,Sb,Cl,1.712,1.501752,
primary,gkf,8,43,xgb_magpie,Sr3SbI3,Sr,Sb,I,1.31,1.113673,
primary,gkf,9,48,xgb_magpie,Ba3AsBr3,Ba,As,Br,0.92,1.025475,
primary,gkf,9,47,xgb_magpie,Ba3AsCl3,Ba,As,Cl,0.969,1.181499,
primary,gkf,9,48,xgb_magpie,Ba3AsI3,Ba,As,I,0.802,0.877858,
primary,gkf,9,45,xgb_magpie,Ba3BiBr3,Ba,Bi,Br,0.912,0.95204,
primary,gkf,9,45,xgb_magpie,Ba3BiCl3,Ba,Bi,Cl,0.957,0.987445,
primary,gkf,9,49,xgb_magpie,Ba3BiI3,Ba,Bi,I,0.786,0.79503,
primary,gkf,9,45,xgb_magpie,Ba3PBr3,Ba,P,Br,0.944,0.957396,
primary,gkf,9,47,xgb_magpie,Ba3PCl3,Ba,P,Cl,0.964,1.160031,
primary,gkf,9,45,xgb_magpie,Ba3PI3,Ba,P,I,0.764,0.892796,
primary,gkf,9,47,xgb_magpie,Ba3SbBr3,Ba,Sb,Br,1.0819,0.897285,
primary,gkf,9,46,xgb_magpie,Ba3SbCl3,Ba,Sb,Cl,1.002,0.972852,
primary,gkf,9,45,xgb_magpie,Ba3SbI3,Ba,Sb,I,0.78,0.815411,
primary,gkf,9,45,xgb_magpie,Ca3AsBr3,Ca,As,Br,1.634,1.761387,
primary,gkf,9,47,xgb_magpie,Ca3AsF3,Ca,As,F,2.27,2.526401,
primary,gkf,9,47,xgb_magpie,Ca3BiI3,Ca,Bi,I,1.36,1.256103,
primary,gkf,9,46,xgb_magpie,Ca3PBr3,Ca,P,Br,1.8846,1.68298,
primary,gkf,9,46,xgb_magpie,Ca3PCl3,Ca,P,Cl,2.035,1.916939,
primary,gkf,9,48,xgb_magpie,Ca3PF3,Ca,P,F,2.518,2.421691,
primary,gkf,9,46,xgb_magpie,Ca3PI3,Ca,P,I,1.4909,1.336916,
primary,gkf,9,48,xgb_magpie,Ca3SbBr3,Ca,Sb,Br,1.782,1.641313,
primary,gkf,9,48,xgb_magpie,Ca3SbCl3,Ca,Sb,Cl,1.814,1.873152,
primary,gkf,9,47,xgb_magpie,Ca3SbF3,Ca,Sb,F,2.19,2.097076,
primary,gkf,9,48,xgb_magpie,Mg3AsBr3,Mg,As,Br,1.2907,1.421568,
primary,gkf,9,49,xgb_magpie,Mg3BiBr3,Mg,Bi,Br,0.9648,0.524186,
primary,gkf,9,47,xgb_magpie,Mg3BiI3,Mg,Bi,I,0.224,0.301596,
primary,gkf,9,47,xgb_magpie,Mg3PBr3,Mg,P,Br,1.506,1.52879,
primary,gkf,9,46,xgb_magpie,Mg3PCl3,Mg,P,Cl,2.297,2.2562,
primary,gkf,9,45,xgb_magpie,Mg3PI3,Mg,P,I,0.377,0.763922,
primary,gkf,9,49,xgb_magpie,Mg3SbBr3,Mg,Sb,Br,0.9418,1.217525,
primary,gkf,9,46,xgb_magpie,Mg3SbCl3,Mg,Sb,Cl,1.7283,1.925632,
primary,gkf,9,49,xgb_magpie,Mg3SbF3,Mg,Sb,F,3.184,2.118502,
primary,gkf,9,46,xgb_magpie,Mg3SbI3,Mg,Sb,I,0.1057,0.340903,
primary,gkf,9,49,xgb_magpie,Sr3AsCl3,Sr,As,Cl,1.7,1.689058,
primary,gkf,9,48,xgb_magpie,Sr3AsI3,Sr,As,I,1.265,1.312348,
primary,gkf,9,49,xgb_magpie,Sr3PBr3,Sr,P,Br,1.55,1.737928,
primary,gkf,9,46,xgb_magpie,Sr3PCl3,Sr,P,Cl,1.677,1.659364,
primary,gkf,9,49,xgb_magpie,Sr3PI3,Sr,P,I,1.258,1.349435,
primary,gkf,9,48,xgb_magpie,Sr3SbCl3,Sr,Sb,Cl,1.712,1.478016,
primary,gkf,9,45,xgb_magpie,Sr3SbI3,Sr,Sb,I,1.31,1.191064,
primary,gkf,0,2,xgb_physics9,Ba3AsBr3,Ba,As,Br,0.92,0.966572,
primary,gkf,0,2,xgb_physics9,Ba3AsCl3,Ba,As,Cl,0.969,0.990315,
primary,gkf,0,3,xgb_physics9,Ba3AsI3,Ba,As,I,0.802,0.835321,
primary,gkf,0,3,xgb_physics9,Ba3BiBr3,Ba,Bi,Br,0.912,0.980553,
primary,gkf,0,0,xgb_physics9,Ba3BiCl3,Ba,Bi,Cl,0.957,0.983401,
primary,gkf,0,2,xgb_physics9,Ba3BiI3,Ba,Bi,I,0.786,0.948248,
primary,gkf,0,0,xgb_physics9,Ba3PBr3,Ba,P,Br,0.944,0.974002,
primary,gkf,0,4,xgb_physics9,Ba3PCl3,Ba,P,Cl,0.964,0.996497,
primary,gkf,0,1,xgb_physics9,Ba3PI3,Ba,P,I,0.764,0.855576,
primary,gkf,0,1,xgb_physics9,Ba3SbBr3,Ba,Sb,Br,1.0819,0.862343,
primary,gkf,0,3,xgb_physics9,Ba3SbCl3,Ba,Sb,Cl,1.002,0.968988,
primary,gkf,0,2,xgb_physics9,Ba3SbI3,Ba,Sb,I,0.78,0.88448,
primary,gkf,0,1,xgb_physics9,Ca3AsBr3,Ca,As,Br,1.634,1.539016,
primary,gkf,0,0,xgb_physics9,Ca3AsF3,Ca,As,F,2.27,2.256391,
primary,gkf,0,4,xgb_physics9,Ca3BiI3,Ca,Bi,I,1.36,0.868164,
primary,gkf,0,1,xgb_physics9,Ca3PBr3,Ca,P,Br,1.8846,1.66353,
primary,gkf,0,1,xgb_physics9,Ca3PCl3,Ca,P,Cl,2.035,2.029706,
primary,gkf,0,1,xgb_physics9,Ca3PF3,Ca,P,F,2.518,2.275191,
primary,gkf,0,4,xgb_physics9,Ca3PI3,Ca,P,I,1.4909,1.088994,
primary,gkf,0,1,xgb_physics9,Ca3SbBr3,Ca,Sb,Br,1.782,1.332528,
primary,gkf,0,4,xgb_physics9,Ca3SbCl3,Ca,Sb,Cl,1.814,1.883343,
primary,gkf,0,2,xgb_physics9,Ca3SbF3,Ca,Sb,F,2.19,2.913228,
primary,gkf,0,4,xgb_physics9,Mg3AsBr3,Mg,As,Br,1.2907,1.177409,
primary,gkf,0,3,xgb_physics9,Mg3BiBr3,Mg,Bi,Br,0.9648,1.120589,
primary,gkf,0,1,xgb_physics9,Mg3BiI3,Mg,Bi,I,0.224,0.303675,
primary,gkf,0,2,xgb_physics9,Mg3PBr3,Mg,P,Br,1.506,1.338291,
primary,gkf,0,0,xgb_physics9,Mg3PCl3,Mg,P,Cl,2.297,1.86235,
primary,gkf,0,0,xgb_physics9,Mg3PI3,Mg,P,I,0.377,0.66395,
primary,gkf,0,4,xgb_physics9,Mg3SbBr3,Mg,Sb,Br,0.9418,1.161304,
primary,gkf,0,3,xgb_physics9,Mg3SbCl3,Mg,Sb,Cl,1.7283,2.218628,
primary,gkf,0,0,xgb_physics9,Mg3SbF3,Mg,Sb,F,3.184,2.038291,
primary,gkf,0,3,xgb_physics9,Mg3SbI3,Mg,Sb,I,0.1057,0.321275,
primary,gkf,0,2,xgb_physics9,Sr3AsCl3,Sr,As,Cl,1.7,1.617958,
primary,gkf,0,0,xgb_physics9,Sr3AsI3,Sr,As,I,1.265,1.193596,
primary,gkf,0,3,xgb_physics9,Sr3PBr3,Sr,P,Br,1.55,1.585696,
primary,gkf,0,3,xgb_physics9,Sr3PCl3,Sr,P,Cl,1.677,1.764546,
primary,gkf,0,0,xgb_physics9,Sr3PI3,Sr,P,I,1.258,1.278962,
primary,gkf,0,2,xgb_physics9,Sr3SbCl3,Sr,Sb,Cl,1.712,1.549517,
primary,gkf,0,4,xgb_physics9,Sr3SbI3,Sr,Sb,I,1.31,1.101966,
primary,gkf,1,5,xgb_physics9,Ba3AsBr3,Ba,As,Br,0.92,0.940109,
primary,gkf,1,8,xgb_physics9,Ba3AsCl3,Ba,As,Cl,0.969,0.957266,
primary,gkf,1,7,xgb_physics9,Ba3AsI3,Ba,As,I,0.802,0.789096,
primary,gkf,1,9,xgb_physics9,Ba3BiBr3,Ba,Bi,Br,0.912,0.988899,
primary,gkf,1,5,xgb_physics9,Ba3BiCl3,Ba,Bi,Cl,0.957,1.007669,
primary,gkf,1,6,xgb_physics9,Ba3BiI3,Ba,Bi,I,0.786,0.854626,
primary,gkf,1,9,xgb_physics9,Ba3PBr3,Ba,P,Br,0.944,0.978594,
primary,gkf,1,7,xgb_physics9,Ba3PCl3,Ba,P,Cl,0.964,1.070599,
primary,gkf,1,9,xgb_physics9,Ba3PI3,Ba,P,I,0.764,0.899378,
primary,gkf,1,6,xgb_physics9,Ba3SbBr3,Ba,Sb,Br,1.0819,0.931262,
primary,gkf,1,5,xgb_physics9,Ba3SbCl3,Ba,Sb,Cl,1.002,1.012124,
primary,gkf,1,7,xgb_physics9,Ba3SbI3,Ba,Sb,I,0.78,0.740056,
primary,gkf,1,5,xgb_physics9,Ca3AsBr3,Ca,As,Br,1.634,1.671848,
primary,gkf,1,9,xgb_physics9,Ca3AsF3,Ca,As,F,2.27,2.260674,
primary,gkf,1,8,xgb_physics9,Ca3BiI3,Ca,Bi,I,1.36,1.181505,
primary,gkf,1,6,xgb_physics9,Ca3PBr3,Ca,P,Br,1.8846,1.832114,
primary,gkf,1,7,xgb_physics9,Ca3PCl3,Ca,P,Cl,2.035,2.119661,
primary,gkf,1,9,xgb_physics9,Ca3PF3,Ca,P,F,2.518,2.279807,
primary,gkf,1,6,xgb_physics9,Ca3PI3,Ca,P,I,1.4909,1.3803,
primary,gkf,1,8,xgb_physics9,Ca3SbBr3,Ca,Sb,Br,1.782,1.560153,
primary,gkf,1,9,xgb_physics9,Ca3SbCl3,Ca,Sb,Cl,1.814,1.918682,
primary,gkf,1,6,xgb_physics9,Ca3SbF3,Ca,Sb,F,2.19,2.888554,
primary,gkf,1,6,xgb_physics9,Mg3AsBr3,Mg,As,Br,1.2907,1.118465,
primary,gkf,1,5,xgb_physics9,Mg3BiBr3,Mg,Bi,Br,0.9648,1.363774,
primary,gkf,1,9,xgb_physics9,Mg3BiI3,Mg,Bi,I,0.224,0.301264,
primary,gkf,1,8,xgb_physics9,Mg3PBr3,Mg,P,Br,1.506,1.316704,
primary,gkf,1,6,xgb_physics9,Mg3PCl3,Mg,P,Cl,2.297,1.901317,
primary,gkf,1,5,xgb_physics9,Mg3PI3,Mg,P,I,0.377,0.404485,
primary,gkf,1,5,xgb_physics9,Mg3SbBr3,Mg,Sb,Br,0.9418,1.407578,
primary,gkf,1,5,xgb_physics9,Mg3SbCl3,Mg,Sb,Cl,1.7283,2.246471,
primary,gkf,1,8,xgb_physics9,Mg3SbF3,Mg,Sb,F,3.184,2.069746,
primary,gkf,1,6,xgb_physics9,Mg3SbI3,Mg,Sb,I,0.1057,0.362378,
primary,gkf,1,7,xgb_physics9,Sr3AsCl3,Sr,As,Cl,1.7,1.655646,
primary,gkf,1,7,xgb_physics9,Sr3AsI3,Sr,As,I,1.265,1.150058,
primary,gkf,1,7,xgb_physics9,Sr3PBr3,Sr,P,Br,1.55,1.561652,
primary,gkf,1,8,xgb_physics9,Sr3PCl3,Sr,P,Cl,1.677,1.778792,
primary,gkf,1,8,xgb_physics9,Sr3PI3,Sr,P,I,1.258,1.306844,
primary,gkf,1,8,xgb_physics9,Sr3SbCl3,Sr,Sb,Cl,1.712,1.66689,
primary,gkf,1,7,xgb_physics9,Sr3SbI3,Sr,Sb,I,1.31,1.085836,
primary,gkf,2,12,xgb_physics9,Ba3AsBr3,Ba,As,Br,0.92,0.98649,
primary,gkf,2,10,xgb_physics9,Ba3AsCl3,Ba,As,Cl,0.969,1.112661,
primary,gkf,2,11,xgb_physics9,Ba3AsI3,Ba,As,I,0.802,0.799917,
primary,gkf,2,10,xgb_physics9,Ba3BiBr3,Ba,Bi,Br,0.912,0.914313,
primary,gkf,2,10,xgb_physics9,Ba3BiCl3,Ba,Bi,Cl,0.957,1.138207,
primary,gkf,2,10,xgb_physics9,Ba3BiI3,Ba,Bi,I,0.786,0.821009,
primary,gkf,2,12,xgb_physics9,Ba3PBr3,Ba,P,Br,0.944,1.049212,
primary,gkf,2,14,xgb_physics9,Ba3PCl3,Ba,P,Cl,0.964,1.032099,
primary,gkf,2,12,xgb_physics9,Ba3PI3,Ba,P,I,0.764,0.947285,
primary,gkf,2,10,xgb_physics9,Ba3SbBr3,Ba,Sb,Br,1.0819,0.922495,
primary,gkf,2,10,xgb_physics9,Ba3SbCl3,Ba,Sb,Cl,1.002,1.136905,
primary,gkf,2,11,xgb_physics9,Ba3SbI3,Ba,Sb,I,0.78,0.846739,
primary,gkf,2,13,xgb_physics9,Ca3AsBr3,Ca,As,Br,1.634,1.718542,
primary,gkf,2,14,xgb_physics9,Ca3AsF3,Ca,As,F,2.27,2.190928,
primary,gkf,2,14,xgb_physics9,Ca3BiI3,Ca,Bi,I,1.36,1.201526,
primary,gkf,2,13,xgb_physics9,Ca3PBr3,Ca,P,Br,1.8846,1.765446,
primary,gkf,2,10,xgb_physics9,Ca3PCl3,Ca,P,Cl,2.035,1.799542,
primary,gkf,2,13,xgb_physics9,Ca3PF3,Ca,P,F,2.518,2.237739,
primary,gkf,2,11,xgb_physics9,Ca3PI3,Ca,P,I,1.4909,1.359606,
primary,gkf,2,11,xgb_physics9,Ca3SbBr3,Ca,Sb,Br,1.782,1.684651,
primary,gkf,2,13,xgb_physics9,Ca3SbCl3,Ca,Sb,Cl,1.814,2.061666,
primary,gkf,2,12,xgb_physics9,Ca3SbF3,Ca,Sb,F,2.19,2.807239,
primary,gkf,2,14,xgb_physics9,Mg3AsBr3,Mg,As,Br,1.2907,1.079835,
primary,gkf,2,12,xgb_physics9,Mg3BiBr3,Mg,Bi,Br,0.9648,1.041248,
primary,gkf,2,13,xgb_physics9,Mg3BiI3,Mg,Bi,I,0.224,0.407823,
primary,gkf,2,12,xgb_physics9,Mg3PBr3,Mg,P,Br,1.506,1.244187,
primary,gkf,2,10,xgb_physics9,Mg3PCl3,Mg,P,Cl,2.297,1.737363,
primary,gkf,2,13,xgb_physics9,Mg3PI3,Mg,P,I,0.377,0.70001,
primary,gkf,2,11,xgb_physics9,Mg3SbBr3,Mg,Sb,Br,0.9418,1.152258,
primary,gkf,2,13,xgb_physics9,Mg3SbCl3,Mg,Sb,Cl,1.7283,2.157052,
primary,gkf,2,14,xgb_physics9,Mg3SbF3,Mg,Sb,F,3.184,2.117053,
primary,gkf,2,12,xgb_physics9,Mg3SbI3,Mg,Sb,I,0.1057,0.30563,
primary,gkf,2,11,xgb_physics9,Sr3AsCl3,Sr,As,Cl,1.7,1.671872,
primary,gkf,2,11,xgb_physics9,Sr3AsI3,Sr,As,I,1.265,1.235823,
primary,gkf,2,13,xgb_physics9,Sr3PBr3,Sr,P,Br,1.55,1.514373,
primary,gkf,2,14,xgb_physics9,Sr3PCl3,Sr,P,Cl,1.677,1.727735,
primary,gkf,2,11,xgb_physics9,Sr3PI3,Sr,P,I,1.258,1.240278,
primary,gkf,2,14,xgb_physics9,Sr3SbCl3,Sr,Sb,Cl,1.712,1.66734,
primary,gkf,2,12,xgb_physics9,Sr3SbI3,Sr,Sb,I,1.31,1.173072,
primary,gkf,3,17,xgb_physics9,Ba3AsBr3,Ba,As,Br,0.92,0.952796,
primary,gkf,3,15,xgb_physics9,Ba3AsCl3,Ba,As,Cl,0.969,1.008894,
primary,gkf,3,18,xgb_physics9,Ba3AsI3,Ba,As,I,0.802,0.78403,
primary,gkf,3,15,xgb_physics9,Ba3BiBr3,Ba,Bi,Br,0.912,0.985321,
primary,gkf,3,18,xgb_physics9,Ba3BiCl3,Ba,Bi,Cl,0.957,0.99163,
primary,gkf,3,15,xgb_physics9,Ba3BiI3,Ba,Bi,I,0.786,0.925538,
primary,gkf,3,19,xgb_physics9,Ba3PBr3,Ba,P,Br,0.944,1.153801,
primary,gkf,3,19,xgb_physics9,Ba3PCl3,Ba,P,Cl,0.964,1.132544,
primary,gkf,3,19,xgb_physics9,Ba3PI3,Ba,P,I,0.764,1.104617,
primary,gkf,3,16,xgb_physics9,Ba3SbBr3,Ba,Sb,Br,1.0819,0.889662,
primary,gkf,3,16,xgb_physics9,Ba3SbCl3,Ba,Sb,Cl,1.002,0.913761,
primary,gkf,3,19,xgb_physics9,Ba3SbI3,Ba,Sb,I,0.78,0.736489,
primary,gkf,3,16,xgb_physics9,Ca3AsBr3,Ca,As,Br,1.634,1.622054,
primary,gkf,3,17,xgb_physics9,Ca3AsF3,Ca,As,F,2.27,2.545396,
primary,gkf,3,17,xgb_physics9,Ca3BiI3,Ca,Bi,I,1.36,1.252669,
primary,gkf,3,18,xgb_physics9,Ca3PBr3,Ca,P,Br,1.8846,1.846669,
primary,gkf,3,16,xgb_physics9,Ca3PCl3,Ca,P,Cl,2.035,2.096703,
primary,gkf,3,15,xgb_physics9,Ca3PF3,Ca,P,F,2.518,2.185768,
primary,gkf,3,15,xgb_physics9,Ca3PI3,Ca,P,I,1.4909,1.197509,
primary,gkf,3,16,xgb_physics9,Ca3SbBr3,Ca,Sb,Br,1.782,1.540843,
primary,gkf,3,17,xgb_physics9,Ca3SbCl3,Ca,Sb,Cl,1.814,1.801407,
primary,gkf,3,17,xgb_physics9,Ca3SbF3,Ca,Sb,F,2.19,2.972141,
primary,gkf,3,18,xgb_physics9,Mg3AsBr3,Mg,As,Br,1.2907,1.113684,
primary,gkf,3,18,xgb_physics9,Mg3BiBr3,Mg,Bi,Br,0.9648,0.985253,
primary,gkf,3,15,xgb_physics9,Mg3BiI3,Mg,Bi,I,0.224,1.048554,
primary,gkf,3,15,xgb_physics9,Mg3PBr3,Mg,P,Br,1.506,1.13193,
primary,gkf,3,17,xgb_physics9,Mg3PCl3,Mg,P,Cl,2.297,1.55049,
primary,gkf,3,19,xgb_physics9,Mg3PI3,Mg,P,I,0.377,0.895188,
primary,gkf,3,16,xgb_physics9,Mg3SbBr3,Mg,Sb,Br,0.9418,1.150774,
primary,gkf,3,17,xgb_physics9,Mg3SbCl3,Mg,Sb,Cl,1.7283,1.18815,
primary,gkf,3,18,xgb_physics9,Mg3SbF3,Mg,Sb,F,3.184,2.073642,
primary,gkf,3,15,xgb_physics9,Mg3SbI3,Mg,Sb,I,0.1057,0.995424,
primary,gkf,3,19,xgb_physics9,Sr3AsCl3,Sr,As,Cl,1.7,1.582521,
primary,gkf,3,18,xgb_physics9,Sr3AsI3,Sr,As,I,1.265,1.265107,
primary,gkf,3,18,xgb_physics9,Sr3PBr3,Sr,P,Br,1.55,1.440689,
primary,gkf,3,16,xgb_physics9,Sr3PCl3,Sr,P,Cl,1.677,1.824171,
primary,gkf,3,16,xgb_physics9,Sr3PI3,Sr,P,I,1.258,1.332666,
primary,gkf,3,17,xgb_physics9,Sr3SbCl3,Sr,Sb,Cl,1.712,1.635582,
primary,gkf,3,19,xgb_physics9,Sr3SbI3,Sr,Sb,I,1.31,1.056061,
primary,gkf,4,22,xgb_physics9,Ba3AsBr3,Ba,As,Br,0.92,0.981202,
primary,gkf,4,23,xgb_physics9,Ba3AsCl3,Ba,As,Cl,0.969,0.9487,
primary,gkf,4,21,xgb_physics9,Ba3AsI3,Ba,As,I,0.802,0.935906,
primary,gkf,4,21,xgb_physics9,Ba3BiBr3,Ba,Bi,Br,0.912,0.926942,
primary,gkf,4,20,xgb_physics9,Ba3BiCl3,Ba,Bi,Cl,0.957,0.987667,
primary,gkf,4,22,xgb_physics9,Ba3BiI3,Ba,Bi,I,0.786,0.885288,
primary,gkf,4,24,xgb_physics9,Ba3PBr3,Ba,P,Br,0.944,0.961811,
primary,gkf,4,20,xgb_physics9,Ba3PCl3,Ba,P,Cl,0.964,1.021159,
primary,gkf,4,21,xgb_physics9,Ba3PI3,Ba,P,I,0.764,0.95557,
primary,gkf,4,23,xgb_physics9,Ba3SbBr3,Ba,Sb,Br,1.0819,0.91869,
primary,gkf,4,22,xgb_physics9,Ba3SbCl3,Ba,Sb,Cl,1.002,0.998346,
primary,gkf,4,22,xgb_physics9,Ba3SbI3,Ba,Sb,I,0.78,0.835494,
primary,gkf,4,24,xgb_physics9,Ca3AsBr3,Ca,As,Br,1.634,1.737556,
primary,gkf,4,20,xgb_physics9,Ca3AsF3,Ca,As,F,2.27,2.341076,
primary,gkf,4,24,xgb_physics9,Ca3BiI3,Ca,Bi,I,1.36,1.146425,
primary,gkf,4,20,xgb_physics9,Ca3PBr3,Ca,P,Br,1.8846,1.790367,
primary,gkf,4,21,xgb_physics9,Ca3PCl3,Ca,P,Cl,2.035,2.104505,
primary,gkf,4,21,xgb_physics9,Ca3PF3,Ca,P,F,2.518,2.233159,
primary,gkf,4,23,xgb_physics9,Ca3PI3,Ca,P,I,1.4909,1.366452,
primary,gkf,4,22,xgb_physics9,Ca3SbBr3,Ca,Sb,Br,1.782,1.645034,
primary,gkf,4,22,xgb_physics9,Ca3SbCl3,Ca,Sb,Cl,1.814,2.012089,
primary,gkf,4,23,xgb_physics9,Ca3SbF3,Ca,Sb,F,2.19,2.920828,
primary,gkf,4,24,xgb_physics9,Mg3AsBr3,Mg,As,Br,1.2907,1.270615,
primary,gkf,4,20,xgb_physics9,Mg3BiBr3,Mg,Bi,Br,0.9648,1.031173,
primary,gkf,4,23,xgb_physics9,Mg3BiI3,Mg,Bi,I,0.224,0.415785,
primary,gkf,4,21,xgb_physics9,Mg3PBr3,Mg,P,Br,1.506,1.230679,
primary,gkf,4,23,xgb_physics9,Mg3PCl3,Mg,P,Cl,2.297,1.873558,
primary,gkf,4,23,xgb_physics9,Mg3PI3,Mg,P,I,0.377,0.596095,
primary,gkf,4,24,xgb_physics9,Mg3SbBr3,Mg,Sb,Br,0.9418,1.290371,
primary,gkf,4,22,xgb_physics9,Mg3SbCl3,Mg,Sb,Cl,1.7283,2.262639,
primary,gkf,4,21,xgb_physics9,Mg3SbF3,Mg,Sb,F,3.184,2.077776,
primary,gkf,4,24,xgb_physics9,Mg3SbI3,Mg,Sb,I,0.1057,0.38835,
primary,gkf,4,22,xgb_physics9,Sr3AsCl3,Sr,As,Cl,1.7,1.671623,
primary,gkf,4,20,xgb_physics9,Sr3AsI3,Sr,As,I,1.265,1.136266,
primary,gkf,4,23,xgb_physics9,Sr3PBr3,Sr,P,Br,1.55,1.649942,
primary,gkf,4,24,xgb_physics9,Sr3PCl3,Sr,P,Cl,1.677,1.720329,
primary,gkf,4,20,xgb_physics9,Sr3PI3,Sr,P,I,1.258,1.211107,
primary,gkf,4,21,xgb_physics9,Sr3SbCl3,Sr,Sb,Cl,1.712,1.636358,
primary,gkf,4,20,xgb_physics9,Sr3SbI3,Sr,Sb,I,1.31,1.114197,
primary,gkf,5,27,xgb_physics9,Ba3AsBr3,Ba,As,Br,0.92,0.984784,
primary,gkf,5,29,xgb_physics9,Ba3AsCl3,Ba,As,Cl,0.969,1.004442,
primary,gkf,5,28,xgb_physics9,Ba3AsI3,Ba,As,I,0.802,0.83977,
primary,gkf,5,26,xgb_physics9,Ba3BiBr3,Ba,Bi,Br,0.912,0.853085,
primary,gkf,5,28,xgb_physics9,Ba3BiCl3,Ba,Bi,Cl,0.957,0.972438,
primary,gkf,5,26,xgb_physics9,Ba3BiI3,Ba,Bi,I,0.786,0.802797,
primary,gkf,5,26,xgb_physics9,Ba3PBr3,Ba,P,Br,0.944,1.039831,
primary,gkf,5,26,xgb_physics9,Ba3PCl3,Ba,P,Cl,0.964,1.03582,
primary,gkf,5,25,xgb_physics9,Ba3PI3,Ba,P,I,0.764,0.855538,
primary,gkf,5,26,xgb_physics9,Ba3SbBr3,Ba,Sb,Br,1.0819,0.841916,
primary,gkf,5,26,xgb_physics9,Ba3SbCl3,Ba,Sb,Cl,1.002,0.926862,
primary,gkf,5,29,xgb_physics9,Ba3SbI3,Ba,Sb,I,0.78,0.79363,
primary,gkf,5,25,xgb_physics9,Ca3AsBr3,Ca,As,Br,1.634,1.635021,
primary,gkf,5,26,xgb_physics9,Ca3AsF3,Ca,As,F,2.27,2.402645,
primary,gkf,5,29,xgb_physics9,Ca3BiI3,Ca,Bi,I,1.36,1.201892,
primary,gkf,5,25,xgb_physics9,Ca3PBr3,Ca,P,Br,1.8846,1.718328,
primary,gkf,5,28,xgb_physics9,Ca3PCl3,Ca,P,Cl,2.035,1.849273,
primary,gkf,5,25,xgb_physics9,Ca3PF3,Ca,P,F,2.518,2.233544,
primary,gkf,5,27,xgb_physics9,Ca3PI3,Ca,P,I,1.4909,1.326205,
primary,gkf,5,26,xgb_physics9,Ca3SbBr3,Ca,Sb,Br,1.782,1.512966,
primary,gkf,5,27,xgb_physics9,Ca3SbCl3,Ca,Sb,Cl,1.814,1.972023,
primary,gkf,5,27,xgb_physics9,Ca3SbF3,Ca,Sb,F,2.19,2.375848,
primary,gkf,5,25,xgb_physics9,Mg3AsBr3,Mg,As,Br,1.2907,0.793286,
primary,gkf,5,29,xgb_physics9,Mg3BiBr3,Mg,Bi,Br,0.9648,0.979153,
primary,gkf,5,27,xgb_physics9,Mg3BiI3,Mg,Bi,I,0.224,0.827635,
primary,gkf,5,25,xgb_physics9,Mg3PBr3,Mg,P,Br,1.506,0.934595,
primary,gkf,5,28,xgb_physics9,Mg3PCl3,Mg,P,Cl,2.297,1.67988,
primary,gkf,5,27,xgb_physics9,Mg3PI3,Mg,P,I,0.377,1.018115,
primary,gkf,5,28,xgb_physics9,Mg3SbBr3,Mg,Sb,Br,0.9418,1.177364,
primary,gkf,5,27,xgb_physics9,Mg3SbCl3,Mg,Sb,Cl,1.7283,1.937723,
primary,gkf,5,28,xgb_physics9,Mg3SbF3,Mg,Sb,F,3.184,2.046405,
primary,gkf,5,29,xgb_physics9,Mg3SbI3,Mg,Sb,I,0.1057,0.265924,
primary,gkf,5,28,xgb_physics9,Sr3AsCl3,Sr,As,Cl,1.7,1.580543,
primary,gkf,5,27,xgb_physics9,Sr3AsI3,Sr,As,I,1.265,1.194412,
primary,gkf,5,28,xgb_physics9,Sr3PBr3,Sr,P,Br,1.55,1.640738,
primary,gkf,5,25,xgb_physics9,Sr3PCl3,Sr,P,Cl,1.677,1.736115,
primary,gkf,5,29,xgb_physics9,Sr3PI3,Sr,P,I,1.258,1.238306,
primary,gkf,5,25,xgb_physics9,Sr3SbCl3,Sr,Sb,Cl,1.712,1.624117,
primary,gkf,5,29,xgb_physics9,Sr3SbI3,Sr,Sb,I,1.31,1.173188,
primary,gkf,6,32,xgb_physics9,Ba3AsBr3,Ba,As,Br,0.92,0.89612,
primary,gkf,6,31,xgb_physics9,Ba3AsCl3,Ba,As,Cl,0.969,1.007991,
primary,gkf,6,33,xgb_physics9,Ba3AsI3,Ba,As,I,0.802,0.842318,
primary,gkf,6,33,xgb_physics9,Ba3BiBr3,Ba,Bi,Br,0.912,0.939232,
primary,gkf,6,30,xgb_physics9,Ba3BiCl3,Ba,Bi,Cl,0.957,0.993576,
primary,gkf,6,34,xgb_physics9,Ba3BiI3,Ba,Bi,I,0.786,0.908428,
primary,gkf,6,32,xgb_physics9,Ba3PBr3,Ba,P,Br,0.944,0.94951,
primary,gkf,6,32,xgb_physics9,Ba3PCl3,Ba,P,Cl,0.964,0.981557,
primary,gkf,6,34,xgb_physics9,Ba3PI3,Ba,P,I,0.764,0.883121,
primary,gkf,6,30,xgb_physics9,Ba3SbBr3,Ba,Sb,Br,1.0819,0.926178,
primary,gkf,6,34,xgb_physics9,Ba3SbCl3,Ba,Sb,Cl,1.002,0.917497,
primary,gkf,6,31,xgb_physics9,Ba3SbI3,Ba,Sb,I,0.78,0.796943,
primary,gkf,6,31,xgb_physics9,Ca3AsBr3,Ca,As,Br,1.634,1.786975,
primary,gkf,6,30,xgb_physics9,Ca3AsF3,Ca,As,F,2.27,2.36696,
primary,gkf,6,30,xgb_physics9,Ca3BiI3,Ca,Bi,I,1.36,1.230827,
primary,gkf,6,34,xgb_physics9,Ca3PBr3,Ca,P,Br,1.8846,1.75396,
primary,gkf,6,30,xgb_physics9,Ca3PCl3,Ca,P,Cl,2.035,2.022947,
primary,gkf,6,31,xgb_physics9,Ca3PF3,Ca,P,F,2.518,2.254393,
primary,gkf,6,33,xgb_physics9,Ca3PI3,Ca,P,I,1.4909,1.461986,
primary,gkf,6,33,xgb_physics9,Ca3SbBr3,Ca,Sb,Br,1.782,1.675214,
primary,gkf,6,31,xgb_physics9,Ca3SbCl3,Ca,Sb,Cl,1.814,1.981116,
primary,gkf,6,32,xgb_physics9,Ca3SbF3,Ca,Sb,F,2.19,2.062524,
primary,gkf,6,32,xgb_physics9,Mg3AsBr3,Mg,As,Br,1.2907,1.10676,
primary,gkf,6,31,xgb_physics9,Mg3BiBr3,Mg,Bi,Br,0.9648,1.014592,
primary,gkf,6,30,xgb_physics9,Mg3BiI3,Mg,Bi,I,0.224,0.18096,
primary,gkf,6,33,xgb_physics9,Mg3PBr3,Mg,P,Br,1.506,1.235772,
primary,gkf,6,33,xgb_physics9,Mg3PCl3,Mg,P,Cl,2.297,1.923972,
primary,gkf,6,33,xgb_physics9,Mg3PI3,Mg,P,I,0.377,0.772666,
primary,gkf,6,34,xgb_physics9,Mg3SbBr3,Mg,Sb,Br,0.9418,1.245057,
primary,gkf,6,30,xgb_physics9,Mg3SbCl3,Mg,Sb,Cl,1.7283,2.105268,
primary,gkf,6,32,xgb_physics9,Mg3SbF3,Mg,Sb,F,3.184,1.964261,
primary,gkf,6,33,xgb_physics9,Mg3SbI3,Mg,Sb,I,0.1057,0.597629,
primary,gkf,6,34,xgb_physics9,Sr3AsCl3,Sr,As,Cl,1.7,1.622664,
primary,gkf,6,31,xgb_physics9,Sr3AsI3,Sr,As,I,1.265,1.175624,
primary,gkf,6,30,xgb_physics9,Sr3PBr3,Sr,P,Br,1.55,1.632628,
primary,gkf,6,32,xgb_physics9,Sr3PCl3,Sr,P,Cl,1.677,1.708606,
primary,gkf,6,32,xgb_physics9,Sr3PI3,Sr,P,I,1.258,1.302304,
primary,gkf,6,34,xgb_physics9,Sr3SbCl3,Sr,Sb,Cl,1.712,1.546924,
primary,gkf,6,31,xgb_physics9,Sr3SbI3,Sr,Sb,I,1.31,1.178175,
primary,gkf,7,39,xgb_physics9,Ba3AsBr3,Ba,As,Br,0.92,0.963701,
primary,gkf,7,39,xgb_physics9,Ba3AsCl3,Ba,As,Cl,0.969,1.047483,
primary,gkf,7,38,xgb_physics9,Ba3AsI3,Ba,As,I,0.802,0.886474,
primary,gkf,7,36,xgb_physics9,Ba3BiBr3,Ba,Bi,Br,0.912,1.039716,
primary,gkf,7,39,xgb_physics9,Ba3BiCl3,Ba,Bi,Cl,0.957,1.014418,
primary,gkf,7,36,xgb_physics9,Ba3BiI3,Ba,Bi,I,0.786,0.90682,
primary,gkf,7,35,xgb_physics9,Ba3PBr3,Ba,P,Br,0.944,0.947351,
primary,gkf,7,37,xgb_physics9,Ba3PCl3,Ba,P,Cl,0.964,1.113078,
primary,gkf,7,38,xgb_physics9,Ba3PI3,Ba,P,I,0.764,0.894875,
primary,gkf,7,35,xgb_physics9,Ba3SbBr3,Ba,Sb,Br,1.0819,0.924481,
primary,gkf,7,37,xgb_physics9,Ba3SbCl3,Ba,Sb,Cl,1.002,1.048587,
primary,gkf,7,39,xgb_physics9,Ba3SbI3,Ba,Sb,I,0.78,0.841628,
primary,gkf,7,35,xgb_physics9,Ca3AsBr3,Ca,As,Br,1.634,1.792818,
primary,gkf,7,35,xgb_physics9,Ca3AsF3,Ca,As,F,2.27,2.366528,
primary,gkf,7,35,xgb_physics9,Ca3BiI3,Ca,Bi,I,1.36,1.287616,
primary,gkf,7,39,xgb_physics9,Ca3PBr3,Ca,P,Br,1.8846,1.656629,
primary,gkf,7,37,xgb_physics9,Ca3PCl3,Ca,P,Cl,2.035,2.254478,
primary,gkf,7,36,xgb_physics9,Ca3PF3,Ca,P,F,2.518,2.284915,
primary,gkf,7,38,xgb_physics9,Ca3PI3,Ca,P,I,1.4909,1.45059,
primary,gkf,7,37,xgb_physics9,Ca3SbBr3,Ca,Sb,Br,1.782,1.553389,
primary,gkf,7,35,xgb_physics9,Ca3SbCl3,Ca,Sb,Cl,1.814,1.906752,
primary,gkf,7,37,xgb_physics9,Ca3SbF3,Ca,Sb,F,2.19,2.031596,
primary,gkf,7,38,xgb_physics9,Mg3AsBr3,Mg,As,Br,1.2907,1.085991,
primary,gkf,7,36,xgb_physics9,Mg3BiBr3,Mg,Bi,Br,0.9648,1.414487,
primary,gkf,7,36,xgb_physics9,Mg3BiI3,Mg,Bi,I,0.224,0.380406,
primary,gkf,7,39,xgb_physics9,Mg3PBr3,Mg,P,Br,1.506,1.109019,
primary,gkf,7,38,xgb_physics9,Mg3PCl3,Mg,P,Cl,2.297,1.672717,
primary,gkf,7,37,xgb_physics9,Mg3PI3,Mg,P,I,0.377,0.660801,
primary,gkf,7,36,xgb_physics9,Mg3SbBr3,Mg,Sb,Br,0.9418,1.414487,
primary,gkf,7,38,xgb_physics9,Mg3SbCl3,Mg,Sb,Cl,1.7283,1.363507,
primary,gkf,7,37,xgb_physics9,Mg3SbF3,Mg,Sb,F,3.184,1.959121,
primary,gkf,7,39,xgb_physics9,Mg3SbI3,Mg,Sb,I,0.1057,0.3375,
primary,gkf,7,36,xgb_physics9,Sr3AsCl3,Sr,As,Cl,1.7,1.686512,
primary,gkf,7,35,xgb_physics9,Sr3AsI3,Sr,As,I,1.265,1.272171,
primary,gkf,7,36,xgb_physics9,Sr3PBr3,Sr,P,Br,1.55,1.647551,
primary,gkf,7,37,xgb_physics9,Sr3PCl3,Sr,P,Cl,1.677,1.834031,
primary,gkf,7,35,xgb_physics9,Sr3PI3,Sr,P,I,1.258,1.303503,
primary,gkf,7,38,xgb_physics9,Sr3SbCl3,Sr,Sb,Cl,1.712,1.649538,
primary,gkf,7,38,xgb_physics9,Sr3SbI3,Sr,Sb,I,1.31,1.124218,
primary,gkf,8,43,xgb_physics9,Ba3AsBr3,Ba,As,Br,0.92,1.027202,
primary,gkf,8,41,xgb_physics9,Ba3AsCl3,Ba,As,Cl,0.969,1.029324,
primary,gkf,8,43,xgb_physics9,Ba3AsI3,Ba,As,I,0.802,0.853034,
primary,gkf,8,44,xgb_physics9,Ba3BiBr3,Ba,Bi,Br,0.912,0.986244,
primary,gkf,8,41,xgb_physics9,Ba3BiCl3,Ba,Bi,Cl,0.957,1.023613,
primary,gkf,8,42,xgb_physics9,Ba3BiI3,Ba,Bi,I,0.786,0.924235,
primary,gkf,8,43,xgb_physics9,Ba3PBr3,Ba,P,Br,0.944,1.054747,
primary,gkf,8,43,xgb_physics9,Ba3PCl3,Ba,P,Cl,0.964,1.042247,
primary,gkf,8,40,xgb_physics9,Ba3PI3,Ba,P,I,0.764,0.934611,
primary,gkf,8,40,xgb_physics9,Ba3SbBr3,Ba,Sb,Br,1.0819,0.966366,
primary,gkf,8,41,xgb_physics9,Ba3SbCl3,Ba,Sb,Cl,1.002,1.02549,
primary,gkf,8,42,xgb_physics9,Ba3SbI3,Ba,Sb,I,0.78,0.925064,
primary,gkf,8,42,xgb_physics9,Ca3AsBr3,Ca,As,Br,1.634,1.819776,
primary,gkf,8,44,xgb_physics9,Ca3AsF3,Ca,As,F,2.27,2.344477,
primary,gkf,8,40,xgb_physics9,Ca3BiI3,Ca,Bi,I,1.36,1.123622,
primary,gkf,8,44,xgb_physics9,Ca3PBr3,Ca,P,Br,1.8846,1.738987,
primary,gkf,8,43,xgb_physics9,Ca3PCl3,Ca,P,Cl,2.035,2.060622,
primary,gkf,8,41,xgb_physics9,Ca3PF3,Ca,P,F,2.518,2.2594,
primary,gkf,8,42,xgb_physics9,Ca3PI3,Ca,P,I,1.4909,1.400091,
primary,gkf,8,43,xgb_physics9,Ca3SbBr3,Ca,Sb,Br,1.782,1.579934,
primary,gkf,8,44,xgb_physics9,Ca3SbCl3,Ca,Sb,Cl,1.814,1.893996,
primary,gkf,8,40,xgb_physics9,Ca3SbF3,Ca,Sb,F,2.19,2.862458,
primary,gkf,8,41,xgb_physics9,Mg3AsBr3,Mg,As,Br,1.2907,1.131795,
primary,gkf,8,43,xgb_physics9,Mg3BiBr3,Mg,Bi,Br,0.9648,0.993952,
primary,gkf,8,41,xgb_physics9,Mg3BiI3,Mg,Bi,I,0.224,0.281282,
primary,gkf,8,40,xgb_physics9,Mg3PBr3,Mg,P,Br,1.506,1.448232,
primary,gkf,8,41,xgb_physics9,Mg3PCl3,Mg,P,Cl,2.297,1.76321,
primary,gkf,8,40,xgb_physics9,Mg3PI3,Mg,P,I,0.377,0.693973,
primary,gkf,8,42,xgb_physics9,Mg3SbBr3,Mg,Sb,Br,0.9418,1.190093,
primary,gkf,8,41,xgb_physics9,Mg3SbCl3,Mg,Sb,Cl,1.7283,1.683231,
primary,gkf,8,42,xgb_physics9,Mg3SbF3,Mg,Sb,F,3.184,2.064744,
primary,gkf,8,42,xgb_physics9,Mg3SbI3,Mg,Sb,I,0.1057,0.383961,
primary,gkf,8,44,xgb_physics9,Sr3AsCl3,Sr,As,Cl,1.7,1.725194,
primary,gkf,8,42,xgb_physics9,Sr3AsI3,Sr,As,I,1.265,1.220807,
primary,gkf,8,40,xgb_physics9,Sr3PBr3,Sr,P,Br,1.55,1.603135,
primary,gkf,8,44,xgb_physics9,Sr3PCl3,Sr,P,Cl,1.677,1.774948,
primary,gkf,8,44,xgb_physics9,Sr3PI3,Sr,P,I,1.258,1.321116,
primary,gkf,8,40,xgb_physics9,Sr3SbCl3,Sr,Sb,Cl,1.712,1.669675,
primary,gkf,8,43,xgb_physics9,Sr3SbI3,Sr,Sb,I,1.31,1.138507,
primary,gkf,9,48,xgb_physics9,Ba3AsBr3,Ba,As,Br,0.92,0.949272,
primary,gkf,9,47,xgb_physics9,Ba3AsCl3,Ba,As,Cl,0.969,0.999246,
primary,gkf,9,48,xgb_physics9,Ba3AsI3,Ba,As,I,0.802,0.780894,
primary,gkf,9,45,xgb_physics9,Ba3BiBr3,Ba,Bi,Br,0.912,1.000046,
primary,gkf,9,45,xgb_physics9,Ba3BiCl3,Ba,Bi,Cl,0.957,1.028203,
primary,gkf,9,49,xgb_physics9,Ba3BiI3,Ba,Bi,I,0.786,0.86858,
primary,gkf,9,45,xgb_physics9,Ba3PBr3,Ba,P,Br,0.944,1.059739,
primary,gkf,9,47,xgb_physics9,Ba3PCl3,Ba,P,Cl,0.964,1.035462,
primary,gkf,9,45,xgb_physics9,Ba3PI3,Ba,P,I,0.764,1.004933,
primary,gkf,9,47,xgb_physics9,Ba3SbBr3,Ba,Sb,Br,1.0819,0.907276,
primary,gkf,9,46,xgb_physics9,Ba3SbCl3,Ba,Sb,Cl,1.002,1.06864,
primary,gkf,9,45,xgb_physics9,Ba3SbI3,Ba,Sb,I,0.78,0.739626,
primary,gkf,9,45,xgb_physics9,Ca3AsBr3,Ca,As,Br,1.634,1.740656,
primary,gkf,9,47,xgb_physics9,Ca3AsF3,Ca,As,F,2.27,2.544919,
primary,gkf,9,47,xgb_physics9,Ca3BiI3,Ca,Bi,I,1.36,1.271788,
primary,gkf,9,46,xgb_physics9,Ca3PBr3,Ca,P,Br,1.8846,1.704835,
primary,gkf,9,46,xgb_physics9,Ca3PCl3,Ca,P,Cl,2.035,1.713385,
primary,gkf,9,48,xgb_physics9,Ca3PF3,Ca,P,F,2.518,2.283941,
primary,gkf,9,46,xgb_physics9,Ca3PI3,Ca,P,I,1.4909,1.316155,
primary,gkf,9,48,xgb_physics9,Ca3SbBr3,Ca,Sb,Br,1.782,1.570979,
primary,gkf,9,48,xgb_physics9,Ca3SbCl3,Ca,Sb,Cl,1.814,1.845145,
primary,gkf,9,47,xgb_physics9,Ca3SbF3,Ca,Sb,F,2.19,2.87416,
primary,gkf,9,48,xgb_physics9,Mg3AsBr3,Mg,As,Br,1.2907,1.235868,
primary,gkf,9,49,xgb_physics9,Mg3BiBr3,Mg,Bi,Br,0.9648,1.363228,
primary,gkf,9,47,xgb_physics9,Mg3BiI3,Mg,Bi,I,0.224,0.259333,
primary,gkf,9,47,xgb_physics9,Mg3PBr3,Mg,P,Br,1.506,1.205314,
primary,gkf,9,46,xgb_physics9,Mg3PCl3,Mg,P,Cl,2.297,1.439561,
primary,gkf,9,45,xgb_physics9,Mg3PI3,Mg,P,I,0.377,0.861453,
primary,gkf,9,49,xgb_physics9,Mg3SbBr3,Mg,Sb,Br,0.9418,1.391859,
primary,gkf,9,46,xgb_physics9,Mg3SbCl3,Mg,Sb,Cl,1.7283,1.434185,
primary,gkf,9,49,xgb_physics9,Mg3SbF3,Mg,Sb,F,3.184,2.080739,
primary,gkf,9,46,xgb_physics9,Mg3SbI3,Mg,Sb,I,0.1057,0.326737,
primary,gkf,9,49,xgb_physics9,Sr3AsCl3,Sr,As,Cl,1.7,1.675508,
primary,gkf,9,48,xgb_physics9,Sr3AsI3,Sr,As,I,1.265,1.305167,
primary,gkf,9,49,xgb_physics9,Sr3PBr3,Sr,P,Br,1.55,1.602347,
primary,gkf,9,46,xgb_physics9,Sr3PCl3,Sr,P,Cl,1.677,1.600726,
primary,gkf,9,49,xgb_physics9,Sr3PI3,Sr,P,I,1.258,1.292697,
primary,gkf,9,48,xgb_physics9,Sr3SbCl3,Sr,Sb,Cl,1.712,1.577138,
primary,gkf,9,45,xgb_physics9,Sr3SbI3,Sr,Sb,I,1.31,1.052645,
primary,loo,0,0,gpr_physics9,Ba3AsBr3,Ba,As,Br,0.92,0.936166,0.080297
primary,loo,0,1,gpr_physics9,Ba3AsCl3,Ba,As,Cl,0.969,0.974241,0.082613
primary,loo,0,2,gpr_physics9,Ba3AsI3,Ba,As,I,0.802,0.746681,0.082943
primary,loo,0,3,gpr_physics9,Ba3BiBr3,Ba,Bi,Br,0.912,1.001426,0.08158
primary,loo,0,4,gpr_physics9,Ba3BiCl3,Ba,Bi,Cl,0.957,1.021405,0.091044
primary,loo,0,5,gpr_physics9,Ba3BiI3,Ba,Bi,I,0.786,0.81729,0.096946
primary,loo,0,6,gpr_physics9,Ba3PBr3,Ba,P,Br,0.944,0.930779,0.085184
primary,loo,0,7,gpr_physics9,Ba3PCl3,Ba,P,Cl,0.964,1.016493,0.093237
primary,loo,0,8,gpr_physics9,Ba3PI3,Ba,P,I,0.764,0.797861,0.099419
primary,loo,0,9,gpr_physics9,Ba3SbBr3,Ba,Sb,Br,1.0819,0.925931,0.071927
primary,loo,0,10,gpr_physics9,Ba3SbCl3,Ba,Sb,Cl,1.002,1.000983,0.081251
primary,loo,0,11,gpr_physics9,Ba3SbI3,Ba,Sb,I,0.78,0.822075,0.081611
primary,loo,0,12,gpr_physics9,Ca3AsBr3,Ca,As,Br,1.634,1.834455,0.068361
primary,loo,0,13,gpr_physics9,Ca3AsF3,Ca,As,F,2.27,2.388908,0.084559
primary,loo,0,14,gpr_physics9,Ca3BiI3,Ca,Bi,I,1.36,1.400881,0.12492
primary,loo,0,15,gpr_physics9,Ca3PBr3,Ca,P,Br,1.8846,1.778538,0.079028
primary,loo,0,16,gpr_physics9,Ca3PCl3,Ca,P,Cl,2.035,2.01003,0.094379
primary,loo,0,17,gpr_physics9,Ca3PF3,Ca,P,F,2.518,2.342976,0.114884
primary,loo,0,18,gpr_physics9,Ca3PI3,Ca,P,I,1.4909,1.36876,0.106627
primary,loo,0,19,gpr_physics9,Ca3SbBr3,Ca,Sb,Br,1.782,1.663492,0.082312
primary,loo,0,20,gpr_physics9,Ca3SbCl3,Ca,Sb,Cl,1.814,1.941259,0.088937
primary,loo,0,21,gpr_physics9,Ca3SbF3,Ca,Sb,F,2.19,2.048896,0.164413
primary,loo,0,22,gpr_physics9,Mg3AsBr3,Mg,As,Br,1.2907,1.3056,0.085335
primary,loo,0,23,gpr_physics9,Mg3BiBr3,Mg,Bi,Br,0.9648,0.922921,0.089362
primary,loo,0,24,gpr_physics9,Mg3BiI3,Mg,Bi,I,0.224,-0.007223,0.093129
primary,loo,0,25,gpr_physics9,Mg3PBr3,Mg,P,Br,1.506,1.460687,0.089754
primary,loo,0,26,gpr_physics9,Mg3PCl3,Mg,P,Cl,2.297,2.026263,0.106208
primary,loo,0,27,gpr_physics9,Mg3PI3,Mg,P,I,0.377,0.504404,0.148641
primary,loo,0,28,gpr_physics9,Mg3SbBr3,Mg,Sb,Br,0.9418,1.095825,0.074341
primary,loo,0,29,gpr_physics9,Mg3SbCl3,Mg,Sb,Cl,1.7283,1.578659,0.081809
primary,loo,0,30,gpr_physics9,Mg3SbF3,Mg,Sb,F,3.184,3.453696,0.454468
primary,loo,0,31,gpr_physics9,Mg3SbI3,Mg,Sb,I,0.1057,0.21646,0.08344
primary,loo,0,32,gpr_physics9,Sr3AsCl3,Sr,As,Cl,1.7,1.619371,0.076762
primary,loo,0,33,gpr_physics9,Sr3AsI3,Sr,As,I,1.265,1.270996,0.082752
primary,loo,0,34,gpr_physics9,Sr3PBr3,Sr,P,Br,1.55,1.582742,0.083575
primary,loo,0,35,gpr_physics9,Sr3PCl3,Sr,P,Cl,1.677,1.722953,0.082253
primary,loo,0,36,gpr_physics9,Sr3PI3,Sr,P,I,1.258,1.309718,0.084601
primary,loo,0,37,gpr_physics9,Sr3SbCl3,Sr,Sb,Cl,1.712,1.595938,0.086056
primary,loo,0,38,gpr_physics9,Sr3SbI3,Sr,Sb,I,1.31,1.268535,0.088905
primary,loo,0,0,halide_rule,Ba3AsBr3,Ba,As,Br,0.92,1.317436,
primary,loo,0,1,halide_rule,Ba3AsCl3,Ba,As,Cl,0.969,1.58863,
primary,loo,0,2,halide_rule,Ba3AsI3,Ba,As,I,0.802,0.883691,
primary,loo,0,3,halide_rule,Ba3BiBr3,Ba,Bi,Br,0.912,1.318164,
primary,loo,0,4,halide_rule,Ba3BiCl3,Ba,Bi,Cl,0.957,1.58983,
primary,loo,0,5,halide_rule,Ba3BiI3,Ba,Bi,I,0.786,0.885145,
primary,loo,0,6,halide_rule,Ba3PBr3,Ba,P,Br,0.944,1.315255,
primary,loo,0,7,halide_rule,Ba3PCl3,Ba,P,Cl,0.964,1.58913,
primary,loo,0,8,halide_rule,Ba3PI3,Ba,P,I,0.764,0.887145,
primary,loo,0,9,halide_rule,Ba3SbBr3,Ba,Sb,Br,1.0819,1.302718,
primary,loo,0,10,halide_rule,Ba3SbCl3,Ba,Sb,Cl,1.002,1.58533,
primary,loo,0,11,halide_rule,Ba3SbI3,Ba,Sb,I,0.78,0.885691,
primary,loo,0,12,halide_rule,Ca3AsBr3,Ca,As,Br,1.634,1.252527,
primary,loo,0,13,halide_rule,Ca3AsF3,Ca,As,F,2.27,2.630667,
primary,loo,0,14,halide_rule,Ca3BiI3,Ca,Bi,I,1.36,0.832964,
primary,loo,0,15,halide_rule,Ca3PBr3,Ca,P,Br,1.8846,1.229745,
primary,loo,0,16,halide_rule,Ca3PCl3,Ca,P,Cl,2.035,1.48203,
primary,loo,0,17,halide_rule,Ca3PF3,Ca,P,F,2.518,2.548,
primary,loo,0,18,halide_rule,Ca3PI3,Ca,P,I,1.4909,0.821064,
primary,loo,0,19,halide_rule,Ca3SbBr3,Ca,Sb,Br,1.782,1.239073,
primary,loo,0,20,halide_rule,Ca3SbCl3,Ca,Sb,Cl,1.814,1.50413,
primary,loo,0,21,halide_rule,Ca3SbF3,Ca,Sb,F,2.19,2.657333,
primary,loo,0,22,halide_rule,Mg3AsBr3,Mg,As,Br,1.2907,1.283736,
primary,loo,0,23,halide_rule,Mg3BiBr3,Mg,Bi,Br,0.9648,1.313364,
primary,loo,0,24,halide_rule,Mg3BiI3,Mg,Bi,I,0.224,0.936236,
primary,loo,0,25,halide_rule,Mg3PBr3,Mg,P,Br,1.506,1.264164,
primary,loo,0,26,halide_rule,Mg3PCl3,Mg,P,Cl,2.297,1.45583,
primary,loo,0,27,halide_rule,Mg3PI3,Mg,P,I,0.377,0.922327,
primary,loo,0,28,halide_rule,Mg3SbBr3,Mg,Sb,Br,0.9418,1.315455,
primary,loo,0,29,halide_rule,Mg3SbCl3,Mg,Sb,Cl,1.7283,1.5127,
primary,loo,0,30,halide_rule,Mg3SbF3,Mg,Sb,F,3.184,2.326,
primary,loo,0,31,halide_rule,Mg3SbI3,Mg,Sb,I,0.1057,0.946991,
primary,loo,0,32,halide_rule,Sr3AsCl3,Sr,As,Cl,1.7,1.51553,
primary,loo,0,33,halide_rule,Sr3AsI3,Sr,As,I,1.265,0.8416,
primary,loo,0,34,halide_rule,Sr3PBr3,Sr,P,Br,1.55,1.260164,
primary,loo,0,35,halide_rule,Sr3PCl3,Sr,P,Cl,1.677,1.51783,
primary,loo,0,36,halide_rule,Sr3PI3,Sr,P,I,1.258,0.842236,
primary,loo,0,37,halide_rule,Sr3SbCl3,Sr,Sb,Cl,1.712,1.51433,
primary,loo,0,38,halide_rule,Sr3SbI3,Sr,Sb,I,1.31,0.837509,
primary,loo,0,0,mean,Ba3AsBr3,Ba,As,Br,0.92,1.369255,
primary,loo,0,1,mean,Ba3AsCl3,Ba,As,Cl,0.969,1.367966,
primary,loo,0,2,mean,Ba3AsI3,Ba,As,I,0.802,1.372361,
primary,loo,0,3,mean,Ba3BiBr3,Ba,Bi,Br,0.912,1.369466,
primary,loo,0,4,mean,Ba3BiCl3,Ba,Bi,Cl,0.957,1.368282,
primary,loo,0,5,mean,Ba3BiI3,Ba,Bi,I,0.786,1.372782,
primary,loo,0,6,mean,Ba3PBr3,Ba,P,Br,0.944,1.368624,
primary,loo,0,7,mean,Ba3PCl3,Ba,P,Cl,0.964,1.368097,
primary,loo,0,8,mean,Ba3PI3,Ba,P,I,0.764,1.373361,
primary,loo,0,9,mean,Ba3SbBr3,Ba,Sb,Br,1.0819,1.364995,
primary,loo,0,10,mean,Ba3SbCl3,Ba,Sb,Cl,1.002,1.367097,
primary,loo,0,11,mean,Ba3SbI3,Ba,Sb,I,0.78,1.372939,
primary,loo,0,12,mean,Ca3AsBr3,Ca,As,Br,1.634,1.350466,
primary,loo,0,13,mean,Ca3AsF3,Ca,As,F,2.27,1.333729,
primary,loo,0,14,mean,Ca3BiI3,Ca,Bi,I,1.36,1.357676,
primary,loo,0,15,mean,Ca3PBr3,Ca,P,Br,1.8846,1.343871,
primary,loo,0,16,mean,Ca3PCl3,Ca,P,Cl,2.035,1.339913,
primary,loo,0,17,mean,Ca3PF3,Ca,P,F,2.518,1.327203,
primary,loo,0,18,mean,Ca3PI3,Ca,P,I,1.4909,1.354232,
primary,loo,0,19,mean,Ca3SbBr3,Ca,Sb,Br,1.782,1.346571,
primary,loo,0,20,mean,Ca3SbCl3,Ca,Sb,Cl,1.814,1.345729,
primary,loo,0,21,mean,Ca3SbF3,Ca,Sb,F,2.19,1.335834,
primary,loo,0,22,mean,Mg3AsBr3,Mg,As,Br,1.2907,1.3595,
primary,loo,0,23,mean,Mg3BiBr3,Mg,Bi,Br,0.9648,1.368076,
primary,loo,0,24,mean,Mg3BiI3,Mg,Bi,I,0.224,1.387571,
primary,loo,0,25,mean,Mg3PBr3,Mg,P,Br,1.506,1.353834,
primary,loo,0,26,mean,Mg3PCl3,Mg,P,Cl,2.297,1.333018,
primary,loo,0,27,mean,Mg3PI3,Mg,P,I,0.377,1.383545,
primary,loo,0,28,mean,Mg3SbBr3,Mg,Sb,Br,0.9418,1.368682,
primary,loo,0,29,mean,Mg3SbCl3,Mg,Sb,Cl,1.7283,1.347984,
primary,loo,0,30,mean,Mg3SbF3,Mg,Sb,F,3.184,1.309676,
primary,loo,0,31,mean,Mg3SbI3,Mg,Sb,I,0.1057,1.390684,
primary,loo,0,32,mean,Sr3AsCl3,Sr,As,Cl,1.7,1.348729,
primary,loo,0,33,mean,Sr3AsI3,Sr,As,I,1.265,1.360176,
primary,loo,0,34,mean,Sr3PBr3,Sr,P,Br,1.55,1.352676,
primary,loo,0,35,mean,Sr3PCl3,Sr,P,Cl,1.677,1.349334,
primary,loo,0,36,mean,Sr3PI3,Sr,P,I,1.258,1.360361,
primary,loo,0,37,mean,Sr3SbCl3,Sr,Sb,Cl,1.712,1.348413,
primary,loo,0,38,mean,Sr3SbI3,Sr,Sb,I,1.31,1.358992,
primary,loo,0,0,rf_magpie,Ba3AsBr3,Ba,As,Br,0.92,1.04582,
primary,loo,0,1,rf_magpie,Ba3AsCl3,Ba,As,Cl,0.969,1.131479,
primary,loo,0,2,rf_magpie,Ba3AsI3,Ba,As,I,0.802,0.865696,
primary,loo,0,3,rf_magpie,Ba3BiBr3,Ba,Bi,Br,0.912,0.968058,
primary,loo,0,4,rf_magpie,Ba3BiCl3,Ba,Bi,Cl,0.957,0.915458,
primary,loo,0,5,rf_magpie,Ba3BiI3,Ba,Bi,I,0.786,0.843719,
primary,loo,0,6,rf_magpie,Ba3PBr3,Ba,P,Br,0.944,0.954253,
primary,loo,0,7,rf_magpie,Ba3PCl3,Ba,P,Cl,0.964,1.092168,
primary,loo,0,8,rf_magpie,Ba3PI3,Ba,P,I,0.764,0.891882,
primary,loo,0,9,rf_magpie,Ba3SbBr3,Ba,Sb,Br,1.0819,0.929179,
primary,loo,0,10,rf_magpie,Ba3SbCl3,Ba,Sb,Cl,1.002,0.984846,
primary,loo,0,11,rf_magpie,Ba3SbI3,Ba,Sb,I,0.78,0.836458,
primary,loo,0,12,rf_magpie,Ca3AsBr3,Ca,As,Br,1.634,1.731223,
primary,loo,0,13,rf_magpie,Ca3AsF3,Ca,As,F,2.27,2.396226,
primary,loo,0,14,rf_magpie,Ca3BiI3,Ca,Bi,I,1.36,1.148692,
primary,loo,0,15,rf_magpie,Ca3PBr3,Ca,P,Br,1.8846,1.673052,
primary,loo,0,16,rf_magpie,Ca3PCl3,Ca,P,Cl,2.035,1.884648,
primary,loo,0,17,rf_magpie,Ca3PF3,Ca,P,F,2.518,2.312921,
primary,loo,0,18,rf_magpie,Ca3PI3,Ca,P,I,1.4909,1.324082,
primary,loo,0,19,rf_magpie,Ca3SbBr3,Ca,Sb,Br,1.782,1.616728,
primary,loo,0,20,rf_magpie,Ca3SbCl3,Ca,Sb,Cl,1.814,1.781957,
primary,loo,0,21,rf_magpie,Ca3SbF3,Ca,Sb,F,2.19,2.22562,
primary,loo,0,22,rf_magpie,Mg3AsBr3,Mg,As,Br,1.2907,1.536023,
primary,loo,0,23,rf_magpie,Mg3BiBr3,Mg,Bi,Br,0.9648,0.788639,
primary,loo,0,24,rf_magpie,Mg3BiI3,Mg,Bi,I,0.224,0.63105,
primary,loo,0,25,rf_magpie,Mg3PBr3,Mg,P,Br,1.506,1.549185,
primary,loo,0,26,rf_magpie,Mg3PCl3,Mg,P,Cl,2.297,1.839595,
primary,loo,0,27,rf_magpie,Mg3PI3,Mg,P,I,0.377,0.912257,
primary,loo,0,28,rf_magpie,Mg3SbBr3,Mg,Sb,Br,0.9418,1.42678,
primary,loo,0,29,rf_magpie,Mg3SbCl3,Mg,Sb,Cl,1.7283,1.854012,
primary,loo,0,30,rf_magpie,Mg3SbF3,Mg,Sb,F,3.184,1.976017,
primary,loo,0,31,rf_magpie,Mg3SbI3,Mg,Sb,I,0.1057,0.566836,
primary,loo,0,32,rf_magpie,Sr3AsCl3,Sr,As,Cl,1.7,1.72238,
primary,loo,0,33,rf_magpie,Sr3AsI3,Sr,As,I,1.265,1.263648,
primary,loo,0,34,rf_magpie,Sr3PBr3,Sr,P,Br,1.55,1.593114,
primary,loo,0,35,rf_magpie,Sr3PCl3,Sr,P,Cl,1.677,1.769018,
primary,loo,0,36,rf_magpie,Sr3PI3,Sr,P,I,1.258,1.305782,
primary,loo,0,37,rf_magpie,Sr3SbCl3,Sr,Sb,Cl,1.712,1.551751,
primary,loo,0,38,rf_magpie,Sr3SbI3,Sr,Sb,I,1.31,1.216292,
primary,loo,0,0,rf_physics9,Ba3AsBr3,Ba,As,Br,0.92,0.97545,
primary,loo,0,1,rf_physics9,Ba3AsCl3,Ba,As,Cl,0.969,0.997359,
primary,loo,0,2,rf_physics9,Ba3AsI3,Ba,As,I,0.802,0.788875,
primary,loo,0,3,rf_physics9,Ba3BiBr3,Ba,Bi,Br,0.912,1.029015,
primary,loo,0,4,rf_physics9,Ba3BiCl3,Ba,Bi,Cl,0.957,1.131082,
primary,loo,0,5,rf_physics9,Ba3BiI3,Ba,Bi,I,0.786,0.811102,
primary,loo,0,6,rf_physics9,Ba3PBr3,Ba,P,Br,0.944,0.966757,
primary,loo,0,7,rf_physics9,Ba3PCl3,Ba,P,Cl,0.964,1.011329,
primary,loo,0,8,rf_physics9,Ba3PI3,Ba,P,I,0.764,0.826981,
primary,loo,0,9,rf_physics9,Ba3SbBr3,Ba,Sb,Br,1.0819,0.933753,
primary,loo,0,10,rf_physics9,Ba3SbCl3,Ba,Sb,Cl,1.002,1.047577,
primary,loo,0,11,rf_physics9,Ba3SbI3,Ba,Sb,I,0.78,0.821343,
primary,loo,0,12,rf_physics9,Ca3AsBr3,Ca,As,Br,1.634,1.797064,
primary,loo,0,13,rf_physics9,Ca3AsF3,Ca,As,F,2.27,2.42445,
primary,loo,0,14,rf_physics9,Ca3BiI3,Ca,Bi,I,1.36,1.16114,
primary,loo,0,15,rf_physics9,Ca3PBr3,Ca,P,Br,1.8846,1.695754,
primary,loo,0,16,rf_physics9,Ca3PCl3,Ca,P,Cl,2.035,1.840214,
primary,loo,0,17,rf_physics9,Ca3PF3,Ca,P,F,2.518,2.237711,
primary,loo,0,18,rf_physics9,Ca3PI3,Ca,P,I,1.4909,1.284731,
primary,loo,0,19,rf_physics9,Ca3SbBr3,Ca,Sb,Br,1.782,1.57224,
primary,loo,0,20,rf_physics9,Ca3SbCl3,Ca,Sb,Cl,1.814,1.801449,
primary,loo,0,21,rf_physics9,Ca3SbF3,Ca,Sb,F,2.19,2.656572,
primary,loo,0,22,rf_physics9,Mg3AsBr3,Mg,As,Br,1.2907,1.340533,
primary,loo,0,23,rf_physics9,Mg3BiBr3,Mg,Bi,Br,0.9648,1.120609,
primary,loo,0,24,rf_physics9,Mg3BiI3,Mg,Bi,I,0.224,0.342809,
primary,loo,0,25,rf_physics9,Mg3PBr3,Mg,P,Br,1.506,1.23043,
primary,loo,0,26,rf_physics9,Mg3PCl3,Mg,P,Cl,2.297,1.858304,
primary,loo,0,27,rf_physics9,Mg3PI3,Mg,P,I,0.377,0.385305,
primary,loo,0,28,rf_physics9,Mg3SbBr3,Mg,Sb,Br,0.9418,1.258415,
primary,loo,0,29,rf_physics9,Mg3SbCl3,Mg,Sb,Cl,1.7283,2.068764,
primary,loo,0,30,rf_physics9,Mg3SbF3,Mg,Sb,F,3.184,2.174459,
primary,loo,0,31,rf_physics9,Mg3SbI3,Mg,Sb,I,0.1057,0.475405,
primary,loo,0,32,rf_physics9,Sr3AsCl3,Sr,As,Cl,1.7,1.717577,
primary,loo,0,33,rf_physics9,Sr3AsI3,Sr,As,I,1.265,1.289959,
primary,loo,0,34,rf_physics9,Sr3PBr3,Sr,P,Br,1.55,1.760239,
primary,loo,0,35,rf_physics9,Sr3PCl3,Sr,P,Cl,1.677,1.813809,
primary,loo,0,36,rf_physics9,Sr3PI3,Sr,P,I,1.258,1.403005,
primary,loo,0,37,rf_physics9,Sr3SbCl3,Sr,Sb,Cl,1.712,1.713257,
primary,loo,0,38,rf_physics9,Sr3SbI3,Sr,Sb,I,1.31,1.238248,
primary,loo,0,0,ridge_magpie,Ba3AsBr3,Ba,As,Br,0.92,0.697007,
primary,loo,0,1,ridge_magpie,Ba3AsCl3,Ba,As,Cl,0.969,1.190796,
primary,loo,0,2,ridge_magpie,Ba3AsI3,Ba,As,I,0.802,0.629026,
primary,loo,0,3,ridge_magpie,Ba3BiBr3,Ba,Bi,Br,0.912,0.836635,
primary,loo,0,4,ridge_magpie,Ba3BiCl3,Ba,Bi,Cl,0.957,0.998647,
primary,loo,0,5,ridge_magpie,Ba3BiI3,Ba,Bi,I,0.786,1.001814,
primary,loo,0,6,ridge_magpie,Ba3PBr3,Ba,P,Br,0.944,0.978185,
primary,loo,0,7,ridge_magpie,Ba3PCl3,Ba,P,Cl,0.964,1.259618,
primary,loo,0,8,ridge_magpie,Ba3PI3,Ba,P,I,0.764,0.955528,
primary,loo,0,9,ridge_magpie,Ba3SbBr3,Ba,Sb,Br,1.0819,0.849319,
primary,loo,0,10,ridge_magpie,Ba3SbCl3,Ba,Sb,Cl,1.002,1.038185,
primary,loo,0,11,ridge_magpie,Ba3SbI3,Ba,Sb,I,0.78,0.977291,
primary,loo,0,12,ridge_magpie,Ca3AsBr3,Ca,As,Br,1.634,1.776648,
primary,loo,0,13,ridge_magpie,Ca3AsF3,Ca,As,F,2.27,2.771602,
primary,loo,0,14,ridge_magpie,Ca3BiI3,Ca,Bi,I,1.36,0.955217,
primary,loo,0,15,ridge_magpie,Ca3PBr3,Ca,P,Br,1.8846,1.864473,
primary,loo,0,16,ridge_magpie,Ca3PCl3,Ca,P,Cl,2.035,2.072982,
primary,loo,0,17,ridge_magpie,Ca3PF3,Ca,P,F,2.518,2.658989,
primary,loo,0,18,ridge_magpie,Ca3PI3,Ca,P,I,1.4909,1.088204,
primary,loo,0,19,ridge_magpie,Ca3SbBr3,Ca,Sb,Br,1.782,1.713402,
primary,loo,0,20,ridge_magpie,Ca3SbCl3,Ca,Sb,Cl,1.814,1.922491,
primary,loo,0,21,ridge_magpie,Ca3SbF3,Ca,Sb,F,2.19,2.525804,
primary,loo,0,22,ridge_magpie,Mg3AsBr3,Mg,As,Br,1.2907,1.462494,
primary,loo,0,23,ridge_magpie,Mg3BiBr3,Mg,Bi,Br,0.9648,1.142141,
primary,loo,0,24,ridge_magpie,Mg3BiI3,Mg,Bi,I,0.224,0.056358,
primary,loo,0,25,ridge_magpie,Mg3PBr3,Mg,P,Br,1.506,1.490252,
primary,loo,0,26,ridge_magpie,Mg3PCl3,Mg,P,Cl,2.297,2.050714,
primary,loo,0,27,ridge_magpie,Mg3PI3,Mg,P,I,0.377,0.840257,
primary,loo,0,28,ridge_magpie,Mg3SbBr3,Mg,Sb,Br,0.9418,1.219556,
primary,loo,0,29,ridge_magpie,Mg3SbCl3,Mg,Sb,Cl,1.7283,2.07221,
primary,loo,0,30,ridge_magpie,Mg3SbF3,Mg,Sb,F,3.184,1.92976,
primary,loo,0,31,ridge_magpie,Mg3SbI3,Mg,Sb,I,0.1057,0.558112,
primary,loo,0,32,ridge_magpie,Sr3AsCl3,Sr,As,Cl,1.7,1.486717,
primary,loo,0,33,ridge_magpie,Sr3AsI3,Sr,As,I,1.265,1.152638,
primary,loo,0,34,ridge_magpie,Sr3PBr3,Sr,P,Br,1.55,1.342808,
primary,loo,0,35,ridge_magpie,Sr3PCl3,Sr,P,Cl,1.677,1.52277,
primary,loo,0,36,ridge_magpie,Sr3PI3,Sr,P,I,1.258,1.155679,
primary,loo,0,37,ridge_magpie,Sr3SbCl3,Sr,Sb,Cl,1.712,1.441675,
primary,loo,0,38,ridge_magpie,Sr3SbI3,Sr,Sb,I,1.31,1.26918,
primary,loo,0,0,ridge_physics9,Ba3AsBr3,Ba,As,Br,0.92,1.110401,
primary,loo,0,1,ridge_physics9,Ba3AsCl3,Ba,As,Cl,0.969,1.387071,
primary,loo,0,2,ridge_physics9,Ba3AsI3,Ba,As,I,0.802,0.708374,
primary,loo,0,3,ridge_physics9,Ba3BiBr3,Ba,Bi,Br,0.912,0.984917,
primary,loo,0,4,ridge_physics9,Ba3BiCl3,Ba,Bi,Cl,0.957,1.269632,
primary,loo,0,5,ridge_physics9,Ba3BiI3,Ba,Bi,I,0.786,0.47805,
primary,loo,0,6,ridge_physics9,Ba3PBr3,Ba,P,Br,0.944,1.265354,
primary,loo,0,7,ridge_physics9,Ba3PCl3,Ba,P,Cl,0.964,1.545527,
primary,loo,0,8,ridge_physics9,Ba3PI3,Ba,P,I,0.764,0.897579,
primary,loo,0,9,ridge_physics9,Ba3SbBr3,Ba,Sb,Br,1.0819,1.039987,
primary,loo,0,10,ridge_physics9,Ba3SbCl3,Ba,Sb,Cl,1.002,1.328089,
primary,loo,0,11,ridge_physics9,Ba3SbI3,Ba,Sb,I,0.78,0.659749,
primary,loo,0,12,ridge_physics9,Ca3AsBr3,Ca,As,Br,1.634,1.389921,
primary,loo,0,13,ridge_physics9,Ca3AsF3,Ca,As,F,2.27,2.709591,
primary,loo,0,14,ridge_physics9,Ca3BiI3,Ca,Bi,I,1.36,0.860802,
primary,loo,0,15,ridge_physics9,Ca3PBr3,Ca,P,Br,1.8846,1.532727,
primary,loo,0,16,ridge_physics9,Ca3PCl3,Ca,P,Cl,2.035,1.768771,
primary,loo,0,17,ridge_physics9,Ca3PF3,Ca,P,F,2.518,2.791213,
primary,loo,0,18,ridge_physics9,Ca3PI3,Ca,P,I,1.4909,1.163419,
primary,loo,0,19,ridge_physics9,Ca3SbBr3,Ca,Sb,Br,1.782,1.342092,
primary,loo,0,20,ridge_physics9,Ca3SbCl3,Ca,Sb,Cl,1.814,1.607041,
primary,loo,0,21,ridge_physics9,Ca3SbF3,Ca,Sb,F,2.19,2.79857,
primary,loo,0,22,ridge_physics9,Mg3AsBr3,Mg,As,Br,1.2907,1.243271,
primary,loo,0,23,ridge_physics9,Mg3BiBr3,Mg,Bi,Br,0.9648,1.175987,
primary,loo,0,24,ridge_physics9,Mg3BiI3,Mg,Bi,I,0.224,0.889207,
primary,loo,0,25,ridge_physics9,Mg3PBr3,Mg,P,Br,1.506,1.374366,
primary,loo,0,26,ridge_physics9,Mg3PCl3,Mg,P,Cl,2.297,1.482248,
primary,loo,0,27,ridge_physics9,Mg3PI3,Mg,P,I,0.377,1.213102,
primary,loo,0,28,ridge_physics9,Mg3SbBr3,Mg,Sb,Br,0.9418,1.249505,
primary,loo,0,29,ridge_physics9,Mg3SbCl3,Mg,Sb,Cl,1.7283,1.417577,
primary,loo,0,30,ridge_physics9,Mg3SbF3,Mg,Sb,F,3.184,1.600298,
primary,loo,0,31,ridge_physics9,Mg3SbI3,Mg,Sb,I,0.1057,0.972303,
primary,loo,0,32,ridge_physics9,Sr3AsCl3,Sr,As,Cl,1.7,1.573101,
primary,loo,0,33,ridge_physics9,Sr3AsI3,Sr,As,I,1.265,0.935015,
primary,loo,0,34,ridge_physics9,Sr3PBr3,Sr,P,Br,1.55,1.488601,
primary,loo,0,35,ridge_physics9,Sr3PCl3,Sr,P,Cl,1.677,1.733454,
primary,loo,0,36,ridge_physics9,Sr3PI3,Sr,P,I,1.258,1.122084,
primary,loo,0,37,ridge_physics9,Sr3SbCl3,Sr,Sb,Cl,1.712,1.541017,
primary,loo,0,38,ridge_physics9,Sr3SbI3,Sr,Sb,I,1.31,0.893731,
primary,loo,0,0,xgb_magpie,Ba3AsBr3,Ba,As,Br,0.92,0.971739,
primary,loo,0,1,xgb_magpie,Ba3AsCl3,Ba,As,Cl,0.969,1.036984,
primary,loo,0,2,xgb_magpie,Ba3AsI3,Ba,As,I,0.802,0.831498,
primary,loo,0,3,xgb_magpie,Ba3BiBr3,Ba,Bi,Br,0.912,0.867128,
primary,loo,0,4,xgb_magpie,Ba3BiCl3,Ba,Bi,Cl,0.957,0.963267,
primary,loo,0,5,xgb_magpie,Ba3BiI3,Ba,Bi,I,0.786,0.793166,
primary,loo,0,6,xgb_magpie,Ba3PBr3,Ba,P,Br,0.944,0.958927,
primary,loo,0,7,xgb_magpie,Ba3PCl3,Ba,P,Cl,0.964,1.006661,
primary,loo,0,8,xgb_magpie,Ba3PI3,Ba,P,I,0.764,0.887527,
primary,loo,0,9,xgb_magpie,Ba3SbBr3,Ba,Sb,Br,1.0819,0.940927,
primary,loo,0,10,xgb_magpie,Ba3SbCl3,Ba,Sb,Cl,1.002,0.964012,
primary,loo,0,11,xgb_magpie,Ba3SbI3,Ba,Sb,I,0.78,0.800254,
primary,loo,0,12,xgb_magpie,Ca3AsBr3,Ca,As,Br,1.634,1.796036,
primary,loo,0,13,xgb_magpie,Ca3AsF3,Ca,As,F,2.27,2.512711,
primary,loo,0,14,xgb_magpie,Ca3BiI3,Ca,Bi,I,1.36,1.269549,
primary,loo,0,15,xgb_magpie,Ca3PBr3,Ca,P,Br,1.8846,1.74157,
primary,loo,0,16,xgb_magpie,Ca3PCl3,Ca,P,Cl,2.035,2.185114,
primary,loo,0,17,xgb_magpie,Ca3PF3,Ca,P,F,2.518,2.429141,
primary,loo,0,18,xgb_magpie,Ca3PI3,Ca,P,I,1.4909,1.345799,
primary,loo,0,19,xgb_magpie,Ca3SbBr3,Ca,Sb,Br,1.782,1.662481,
primary,loo,0,20,xgb_magpie,Ca3SbCl3,Ca,Sb,Cl,1.814,1.832688,
primary,loo,0,21,xgb_magpie,Ca3SbF3,Ca,Sb,F,2.19,1.944961,
primary,loo,0,22,xgb_magpie,Mg3AsBr3,Mg,As,Br,1.2907,1.353275,
primary,loo,0,23,xgb_magpie,Mg3BiBr3,Mg,Bi,Br,0.9648,0.51256,
primary,loo,0,24,xgb_magpie,Mg3BiI3,Mg,Bi,I,0.224,0.272596,
primary,loo,0,25,xgb_magpie,Mg3PBr3,Mg,P,Br,1.506,1.587767,
primary,loo,0,26,xgb_magpie,Mg3PCl3,Mg,P,Cl,2.297,2.21228,
primary,loo,0,27,xgb_magpie,Mg3PI3,Mg,P,I,0.377,0.703728,
primary,loo,0,28,xgb_magpie,Mg3SbBr3,Mg,Sb,Br,0.9418,1.235659,
primary,loo,0,29,xgb_magpie,Mg3SbCl3,Mg,Sb,Cl,1.7283,2.017956,
primary,loo,0,30,xgb_magpie,Mg3SbF3,Mg,Sb,F,3.184,2.109424,
primary,loo,0,31,xgb_magpie,Mg3SbI3,Mg,Sb,I,0.1057,0.315017,
primary,loo,0,32,xgb_magpie,Sr3AsCl3,Sr,As,Cl,1.7,1.66179,
primary,loo,0,33,xgb_magpie,Sr3AsI3,Sr,As,I,1.265,1.266692,
primary,loo,0,34,xgb_magpie,Sr3PBr3,Sr,P,Br,1.55,1.639523,
primary,loo,0,35,xgb_magpie,Sr3PCl3,Sr,P,Cl,1.677,1.812739,
primary,loo,0,36,xgb_magpie,Sr3PI3,Sr,P,I,1.258,1.309863,
primary,loo,0,37,xgb_magpie,Sr3SbCl3,Sr,Sb,Cl,1.712,1.448043,
primary,loo,0,38,xgb_magpie,Sr3SbI3,Sr,Sb,I,1.31,1.157193,
primary,loo,0,0,xgb_physics9,Ba3AsBr3,Ba,As,Br,0.92,0.928991,
primary,loo,0,1,xgb_physics9,Ba3AsCl3,Ba,As,Cl,0.969,1.016664,
primary,loo,0,2,xgb_physics9,Ba3AsI3,Ba,As,I,0.802,0.810217,
primary,loo,0,3,xgb_physics9,Ba3BiBr3,Ba,Bi,Br,0.912,0.972147,
primary,loo,0,4,xgb_physics9,Ba3BiCl3,Ba,Bi,Cl,0.957,1.001073,
primary,loo,0,5,xgb_physics9,Ba3BiI3,Ba,Bi,I,0.786,0.899998,
primary,loo,0,6,xgb_physics9,Ba3PBr3,Ba,P,Br,0.944,0.935677,
primary,loo,0,7,xgb_physics9,Ba3PCl3,Ba,P,Cl,0.964,1.029324,
primary,loo,0,8,xgb_physics9,Ba3PI3,Ba,P,I,0.764,0.896757,
primary,loo,0,9,xgb_physics9,Ba3SbBr3,Ba,Sb,Br,1.0819,0.917278,
primary,loo,0,10,xgb_physics9,Ba3SbCl3,Ba,Sb,Cl,1.002,0.964371,
primary,loo,0,11,xgb_physics9,Ba3SbI3,Ba,Sb,I,0.78,0.83479,
primary,loo,0,12,xgb_physics9,Ca3AsBr3,Ca,As,Br,1.634,1.774242,
primary,loo,0,13,xgb_physics9,Ca3AsF3,Ca,As,F,2.27,2.30141,
primary,loo,0,14,xgb_physics9,Ca3BiI3,Ca,Bi,I,1.36,1.214083,
primary,loo,0,15,xgb_physics9,Ca3PBr3,Ca,P,Br,1.8846,1.770207,
primary,loo,0,16,xgb_physics9,Ca3PCl3,Ca,P,Cl,2.035,2.026953,
primary,loo,0,17,xgb_physics9,Ca3PF3,Ca,P,F,2.518,2.249102,
primary,loo,0,18,xgb_physics9,Ca3PI3,Ca,P,I,1.4909,1.365459,
primary,loo,0,19,xgb_physics9,Ca3SbBr3,Ca,Sb,Br,1.782,1.602367,
primary,loo,0,20,xgb_physics9,Ca3SbCl3,Ca,Sb,Cl,1.814,1.927285,
primary,loo,0,21,xgb_physics9,Ca3SbF3,Ca,Sb,F,2.19,2.883169,
primary,loo,0,22,xgb_physics9,Mg3AsBr3,Mg,As,Br,1.2907,1.071921,
primary,loo,0,23,xgb_physics9,Mg3BiBr3,Mg,Bi,Br,0.9648,1.043389,
primary,loo,0,24,xgb_physics9,Mg3BiI3,Mg,Bi,I,0.224,0.290014,
primary,loo,0,25,xgb_physics9,Mg3PBr3,Mg,P,Br,1.506,1.351965,
primary,loo,0,26,xgb_physics9,Mg3PCl3,Mg,P,Cl,2.297,1.888534,
primary,loo,0,27,xgb_physics9,Mg3PI3,Mg,P,I,0.377,0.680109,
primary,loo,0,28,xgb_physics9,Mg3SbBr3,Mg,Sb,Br,0.9418,1.162076,
primary,loo,0,29,xgb_physics9,Mg3SbCl3,Mg,Sb,Cl,1.7283,2.034561,
primary,loo,0,30,xgb_physics9,Mg3SbF3,Mg,Sb,F,3.184,2.048454,
primary,loo,0,31,xgb_physics9,Mg3SbI3,Mg,Sb,I,0.1057,0.323472,
primary,loo,0,32,xgb_physics9,Sr3AsCl3,Sr,As,Cl,1.7,1.662216,
primary,loo,0,33,xgb_physics9,Sr3AsI3,Sr,As,I,1.265,1.267467,
primary,loo,0,34,xgb_physics9,Sr3PBr3,Sr,P,Br,1.55,1.622334,
primary,loo,0,35,xgb_physics9,Sr3PCl3,Sr,P,Cl,1.677,1.71227,
primary,loo,0,36,xgb_physics9,Sr3PI3,Sr,P,I,1.258,1.311864,
primary,loo,0,37,xgb_physics9,Sr3SbCl3,Sr,Sb,Cl,1.712,1.628179,
primary,loo,0,38,xgb_physics9,Sr3SbI3,Sr,Sb,I,1.31,1.176051,
verified_only,lobo,0,0,gpr_physics9,Ba3AsCl3,Ba,As,Cl,0.959,1.185997,0.169355
verified_only,lobo,0,0,gpr_physics9,Ba3AsI3,Ba,As,I,0.834,0.685392,0.149481
verified_only,lobo,0,3,gpr_physics9,Ba3SbBr3,Ba,Sb,Br,1.1908,0.859857,0.165171
verified_only,lobo,0,3,gpr_physics9,Ba3SbI3,Ba,Sb,I,0.78,0.854649,0.148481
verified_only,lobo,0,0,gpr_physics9,Ca3AsBr3,Ca,As,Br,1.634,1.867368,0.080815
verified_only,lobo,0,0,gpr_physics9,Ca3AsF3,Ca,As,F,2.27,2.420098,0.083252
verified_only,lobo,0,1,gpr_physics9,Ca3BiI3,Ca,Bi,I,1.36,1.361296,0.13907
verified_only,lobo,0,2,gpr_physics9,Ca3PBr3,Ca,P,Br,1.8846,1.691612,0.112497
verified_only,lobo,0,2,gpr_physics9,Ca3PCl3,Ca,P,Cl,2.035,1.856944,0.120735
verified_only,lobo,0,2,gpr_physics9,Ca3PF3,Ca,P,F,2.518,2.243286,0.119462
verified_only,lobo,0,2,gpr_physics9,Ca3PI3,Ca,P,I,1.4909,1.331678,0.134992
verified_only,lobo,0,3,gpr_physics9,Ca3SbBr3,Ca,Sb,Br,1.782,1.588344,0.118912
verified_only,lobo,0,3,gpr_physics9,Ca3SbCl3,Ca,Sb,Cl,1.814,1.755831,0.151891
verified_only,lobo,0,3,gpr_physics9,Ca3SbF3,Ca,Sb,F,2.19,2.006934,0.187802
verified_only,lobo,0,0,gpr_physics9,Mg3AsBr3,Mg,As,Br,1.2907,1.259271,0.074742
verified_only,lobo,0,1,gpr_physics9,Mg3BiBr3,Mg,Bi,Br,0.9648,0.882111,0.102314
verified_only,lobo,0,1,gpr_physics9,Mg3BiI3,Mg,Bi,I,0.224,0.00806,0.115607
verified_only,lobo,0,2,gpr_physics9,Mg3PBr3,Mg,P,Br,1.506,1.213693,0.120047
verified_only,lobo,0,2,gpr_physics9,Mg3PCl3,Mg,P,Cl,2.297,1.845225,0.135377
verified_only,lobo,0,2,gpr_physics9,Mg3PI3,Mg,P,I,0.377,0.341657,0.147802
verified_only,lobo,0,3,gpr_physics9,Mg3SbBr3,Mg,Sb,Br,0.9418,1.075371,0.084585
verified_only,lobo,0,3,gpr_physics9,Mg3SbCl3,Mg,Sb,Cl,1.7283,1.726546,0.132965
verified_only,lobo,0,3,gpr_physics9,Mg3SbF3,Mg,Sb,F,3.184,3.080072,0.641603
verified_only,lobo,0,3,gpr_physics9,Mg3SbI3,Mg,Sb,I,0.1057,0.226169,0.089439
verified_only,lobo,0,0,gpr_physics9,Sr3AsCl3,Sr,As,Cl,1.7,1.693526,0.08209
verified_only,lobo,0,0,gpr_physics9,Sr3AsI3,Sr,As,I,1.265,1.289567,0.080334
verified_only,lobo,0,2,gpr_physics9,Sr3PBr3,Sr,P,Br,1.55,1.556639,0.116564
verified_only,lobo,0,2,gpr_physics9,Sr3PCl3,Sr,P,Cl,1.677,1.654421,0.110735
verified_only,lobo,0,2,gpr_physics9,Sr3PI3,Sr,P,I,1.258,1.259694,0.113364
verified_only,lobo,0,3,gpr_physics9,Sr3SbCl3,Sr,Sb,Cl,1.712,1.482006,0.14798
verified_only,lobo,0,3,gpr_physics9,Sr3SbI3,Sr,Sb,I,1.31,1.238115,0.100186
verified_only,lobo,0,0,halide_rule,Ba3AsCl3,Ba,As,Cl,0.959,1.877217,
verified_only,lobo,0,0,halide_rule,Ba3AsI3,Ba,As,I,0.834,0.8632,
verified_only,lobo,0,3,halide_rule,Ba3SbBr3,Ba,Sb,Br,1.1908,1.471683,
verified_only,lobo,0,3,halide_rule,Ba3SbI3,Ba,Sb,I,0.78,0.9727,
verified_only,lobo,0,0,halide_rule,Ca3AsBr3,Ca,As,Br,1.634,1.402857,
verified_only,lobo,0,0,halide_rule,Ca3AsF3,Ca,As,F,2.27,2.630667,
verified_only,lobo,0,1,halide_rule,Ca3BiI3,Ca,Bi,I,1.36,0.927575,
verified_only,lobo,0,2,halide_rule,Ca3PBr3,Ca,P,Br,1.8846,1.300683,
verified_only,lobo,0,2,halide_rule,Ca3PCl3,Ca,P,Cl,2.035,1.58266,
verified_only,lobo,0,2,halide_rule,Ca3PF3,Ca,P,F,2.518,2.548,
verified_only,lobo,0,2,halide_rule,Ca3PI3,Ca,P,I,1.4909,0.839814,
verified_only,lobo,0,3,halide_rule,Ca3SbBr3,Ca,Sb,Br,1.782,1.471683,
verified_only,lobo,0,3,halide_rule,Ca3SbCl3,Ca,Sb,Cl,1.814,1.7336,
verified_only,lobo,0,3,halide_rule,Ca3SbF3,Ca,Sb,F,2.19,2.394,
verified_only,lobo,0,0,halide_rule,Mg3AsBr3,Mg,As,Br,1.2907,1.402857,
verified_only,lobo,0,1,halide_rule,Mg3BiBr3,Mg,Bi,Br,0.9648,1.472487,
verified_only,lobo,0,1,halide_rule,Mg3BiI3,Mg,Bi,I,0.224,0.927575,
verified_only,lobo,0,2,halide_rule,Mg3PBr3,Mg,P,Br,1.506,1.300683,
verified_only,lobo,0,2,halide_rule,Mg3PCl3,Mg,P,Cl,2.297,1.58266,
verified_only,lobo,0,2,halide_rule,Mg3PI3,Mg,P,I,0.377,0.839814,
verified_only,lobo,0,3,halide_rule,Mg3SbBr3,Mg,Sb,Br,0.9418,1.471683,
verified_only,lobo,0,3,halide_rule,Mg3SbCl3,Mg,Sb,Cl,1.7283,1.7336,
verified_only,lobo,0,3,halide_rule,Mg3SbF3,Mg,Sb,F,3.184,2.394,
verified_only,lobo,0,3,halide_rule,Mg3SbI3,Mg,Sb,I,0.1057,0.9727,
verified_only,lobo,0,0,halide_rule,Sr3AsCl3,Sr,As,Cl,1.7,1.877217,
verified_only,lobo,0,0,halide_rule,Sr3AsI3,Sr,As,I,1.265,0.8632,
verified_only,lobo,0,2,halide_rule,Sr3PBr3,Sr,P,Br,1.55,1.300683,
verified_only,lobo,0,2,halide_rule,Sr3PCl3,Sr,P,Cl,1.677,1.58266,
verified_only,lobo,0,2,halide_rule,Sr3PI3,Sr,P,I,1.258,0.839814,
verified_only,lobo,0,3,halide_rule,Sr3SbCl3,Sr,Sb,Cl,1.712,1.7336,
verified_only,lobo,0,3,halide_rule,Sr3SbI3,Sr,Sb,I,1.31,0.9727,
verified_only,lobo,0,0,mean,Ba3AsCl3,Ba,As,Cl,0.959,1.495037,
verified_only,lobo,0,0,mean,Ba3AsI3,Ba,As,I,0.834,1.495037,
verified_only,lobo,0,3,mean,Ba3SbBr3,Ba,Sb,Br,1.1908,1.45475,
verified_only,lobo,0,3,mean,Ba3SbI3,Ba,Sb,I,0.78,1.45475,
verified_only,lobo,0,0,mean,Ca3AsBr3,Ca,As,Br,1.634,1.495037,
verified_only,lobo,0,0,mean,Ca3AsF3,Ca,As,F,2.27,1.495037,
verified_only,lobo,0,1,mean,Ca3BiI3,Ca,Bi,I,1.36,1.545886,
verified_only,lobo,0,2,mean,Ca3PBr3,Ca,P,Br,1.8846,1.392386,
verified_only,lobo,0,2,mean,Ca3PCl3,Ca,P,Cl,2.035,1.392386,
verified_only,lobo,0,2,mean,Ca3PF3,Ca,P,F,2.518,1.392386,
verified_only,lobo,0,2,mean,Ca3PI3,Ca,P,I,1.4909,1.392386,
verified_only,lobo,0,3,mean,Ca3SbBr3,Ca,Sb,Br,1.782,1.45475,
verified_only,lobo,0,3,mean,Ca3SbCl3,Ca,Sb,Cl,1.814,1.45475,
verified_only,lobo,0,3,mean,Ca3SbF3,Ca,Sb,F,2.19,1.45475,
verified_only,lobo,0,0,mean,Mg3AsBr3,Mg,As,Br,1.2907,1.495037,
verified_only,lobo,0,1,mean,Mg3BiBr3,Mg,Bi,Br,0.9648,1.545886,
verified_only,lobo,0,1,mean,Mg3BiI3,Mg,Bi,I,0.224,1.545886,
verified_only,lobo,0,2,mean,Mg3PBr3,Mg,P,Br,1.506,1.392386,
verified_only,lobo,0,2,mean,Mg3PCl3,Mg,P,Cl,2.297,1.392386,
verified_only,lobo,0,2,mean,Mg3PI3,Mg,P,I,0.377,1.392386,
verified_only,lobo,0,3,mean,Mg3SbBr3,Mg,Sb,Br,0.9418,1.45475,
verified_only,lobo,0,3,mean,Mg3SbCl3,Mg,Sb,Cl,1.7283,1.45475,
verified_only,lobo,0,3,mean,Mg3SbF3,Mg,Sb,F,3.184,1.45475,
verified_only,lobo,0,3,mean,Mg3SbI3,Mg,Sb,I,0.1057,1.45475,
verified_only,lobo,0,0,mean,Sr3AsCl3,Sr,As,Cl,1.7,1.495037,
verified_only,lobo,0,0,mean,Sr3AsI3,Sr,As,I,1.265,1.495037,
verified_only,lobo,0,2,mean,Sr3PBr3,Sr,P,Br,1.55,1.392386,
verified_only,lobo,0,2,mean,Sr3PCl3,Sr,P,Cl,1.677,1.392386,
verified_only,lobo,0,2,mean,Sr3PI3,Sr,P,I,1.258,1.392386,
verified_only,lobo,0,3,mean,Sr3SbCl3,Sr,Sb,Cl,1.712,1.45475,
verified_only,lobo,0,3,mean,Sr3SbI3,Sr,Sb,I,1.31,1.45475,
verified_only,lobo,0,0,rf_magpie,Ba3AsCl3,Ba,As,Cl,0.959,1.566993,
verified_only,lobo,0,0,rf_magpie,Ba3AsI3,Ba,As,I,0.834,1.166202,
verified_only,lobo,0,3,rf_magpie,Ba3SbBr3,Ba,Sb,Br,1.1908,1.18845,
verified_only,lobo,0,3,rf_magpie,Ba3SbI3,Ba,Sb,I,0.78,1.002403,
verified_only,lobo,0,0,rf_magpie,Ca3AsBr3,Ca,As,Br,1.634,1.712192,
verified_only,lobo,0,0,rf_magpie,Ca3AsF3,Ca,As,F,2.27,2.334106,
verified_only,lobo,0,1,rf_magpie,Ca3BiI3,Ca,Bi,I,1.36,1.027786,
verified_only,lobo,0,2,rf_magpie,Ca3PBr3,Ca,P,Br,1.8846,1.710801,
verified_only,lobo,0,2,rf_magpie,Ca3PCl3,Ca,P,Cl,2.035,1.815541,
verified_only,lobo,0,2,rf_magpie,Ca3PF3,Ca,P,F,2.518,2.351894,
verified_only,lobo,0,2,rf_magpie,Ca3PI3,Ca,P,I,1.4909,1.456261,
verified_only,lobo,0,3,rf_magpie,Ca3SbBr3,Ca,Sb,Br,1.782,1.531467,
verified_only,lobo,0,3,rf_magpie,Ca3SbCl3,Ca,Sb,Cl,1.814,1.67104,
verified_only,lobo,0,3,rf_magpie,Ca3SbF3,Ca,Sb,F,2.19,1.801197,
verified_only,lobo,0,0,rf_magpie,Mg3AsBr3,Mg,As,Br,1.2907,1.358468,
verified_only,lobo,0,1,rf_magpie,Mg3BiBr3,Mg,Bi,Br,0.9648,0.889892,
verified_only,lobo,0,1,rf_magpie,Mg3BiI3,Mg,Bi,I,0.224,0.409626,
verified_only,lobo,0,2,rf_magpie,Mg3PBr3,Mg,P,Br,1.506,1.297442,
verified_only,lobo,0,2,rf_magpie,Mg3PCl3,Mg,P,Cl,2.297,1.62791,
verified_only,lobo,0,2,rf_magpie,Mg3PI3,Mg,P,I,0.377,0.763678,
verified_only,lobo,0,3,rf_magpie,Mg3SbBr3,Mg,Sb,Br,0.9418,1.177303,
verified_only,lobo,0,3,rf_magpie,Mg3SbCl3,Mg,Sb,Cl,1.7283,1.539753,
verified_only,lobo,0,3,rf_magpie,Mg3SbF3,Mg,Sb,F,3.184,1.582863,
verified_only,lobo,0,3,rf_magpie,Mg3SbI3,Mg,Sb,I,0.1057,0.563401,
verified_only,lobo,0,0,rf_magpie,Sr3AsCl3,Sr,As,Cl,1.7,1.753372,
verified_only,lobo,0,0,rf_magpie,Sr3AsI3,Sr,As,I,1.265,1.277136,
verified_only,lobo,0,2,rf_magpie,Sr3PBr3,Sr,P,Br,1.55,1.569825,
verified_only,lobo,0,2,rf_magpie,Sr3PCl3,Sr,P,Cl,1.677,1.734287,
verified_only,lobo,0,2,rf_magpie,Sr3PI3,Sr,P,I,1.258,1.3055,
verified_only,lobo,0,3,rf_magpie,Sr3SbCl3,Sr,Sb,Cl,1.712,1.482444,
verified_only,lobo,0,3,rf_magpie,Sr3SbI3,Sr,Sb,I,1.31,1.21415,
verified_only,lobo,0,0,rf_physics9,Ba3AsCl3,Ba,As,Cl,0.959,1.606585,
verified_only,lobo,0,0,rf_physics9,Ba3AsI3,Ba,As,I,0.834,1.135638,
verified_only,lobo,0,3,rf_physics9,Ba3SbBr3,Ba,Sb,Br,1.1908,1.202599,
verified_only,lobo,0,3,rf_physics9,Ba3SbI3,Ba,Sb,I,0.78,0.990127,
verified_only,lobo,0,0,rf_physics9,Ca3AsBr3,Ca,As,Br,1.634,1.822143,
verified_only,lobo,0,0,rf_physics9,Ca3AsF3,Ca,As,F,2.27,2.452826,
verified_only,lobo,0,1,rf_physics9,Ca3BiI3,Ca,Bi,I,1.36,1.175404,
verified_only,lobo,0,2,rf_physics9,Ca3PBr3,Ca,P,Br,1.8846,1.612104,
verified_only,lobo,0,2,rf_physics9,Ca3PCl3,Ca,P,Cl,2.035,1.643014,
verified_only,lobo,0,2,rf_physics9,Ca3PF3,Ca,P,F,2.518,2.182126,
verified_only,lobo,0,2,rf_physics9,Ca3PI3,Ca,P,I,1.4909,1.250377,
verified_only,lobo,0,3,rf_physics9,Ca3SbBr3,Ca,Sb,Br,1.782,1.617526,
verified_only,lobo,0,3,rf_physics9,Ca3SbCl3,Ca,Sb,Cl,1.814,1.803367,
verified_only,lobo,0,3,rf_physics9,Ca3SbF3,Ca,Sb,F,2.19,2.106299,
verified_only,lobo,0,0,rf_physics9,Mg3AsBr3,Mg,As,Br,1.2907,1.3594,
verified_only,lobo,0,1,rf_physics9,Mg3BiBr3,Mg,Bi,Br,0.9648,1.107286,
verified_only,lobo,0,1,rf_physics9,Mg3BiI3,Mg,Bi,I,0.224,0.35092,
verified_only,lobo,0,2,rf_physics9,Mg3PBr3,Mg,P,Br,1.506,1.208136,
verified_only,lobo,0,2,rf_physics9,Mg3PCl3,Mg,P,Cl,2.297,1.540516,
verified_only,lobo,0,2,rf_physics9,Mg3PI3,Mg,P,I,0.377,0.279763,
verified_only,lobo,0,3,rf_physics9,Mg3SbBr3,Mg,Sb,Br,0.9418,1.197072,
verified_only,lobo,0,3,rf_physics9,Mg3SbCl3,Mg,Sb,Cl,1.7283,1.830982,
verified_only,lobo,0,3,rf_physics9,Mg3SbF3,Mg,Sb,F,3.184,2.119142,
verified_only,lobo,0,3,rf_physics9,Mg3SbI3,Mg,Sb,I,0.1057,0.439928,
verified_only,lobo,0,0,rf_physics9,Sr3AsCl3,Sr,As,Cl,1.7,1.759229,
verified_only,lobo,0,0,rf_physics9,Sr3AsI3,Sr,As,I,1.265,1.327886,
verified_only,lobo,0,2,rf_physics9,Sr3PBr3,Sr,P,Br,1.55,1.610811,
verified_only,lobo,0,2,rf_physics9,Sr3PCl3,Sr,P,Cl,1.677,1.6306,
verified_only,lobo,0,2,rf_physics9,Sr3PI3,Sr,P,I,1.258,1.247608,
verified_only,lobo,0,3,rf_physics9,Sr3SbCl3,Sr,Sb,Cl,1.712,1.618651,
verified_only,lobo,0,3,rf_physics9,Sr3SbI3,Sr,Sb,I,1.31,1.242582,
verified_only,lobo,0,0,ridge_magpie,Ba3AsCl3,Ba,As,Cl,0.959,1.392198,
verified_only,lobo,0,0,ridge_magpie,Ba3AsI3,Ba,As,I,0.834,0.613186,
verified_only,lobo,0,3,ridge_magpie,Ba3SbBr3,Ba,Sb,Br,1.1908,1.173038,
verified_only,lobo,0,3,ridge_magpie,Ba3SbI3,Ba,Sb,I,0.78,1.225417,
verified_only,lobo,0,0,ridge_magpie,Ca3AsBr3,Ca,As,Br,1.634,1.676437,
verified_only,lobo,0,0,ridge_magpie,Ca3AsF3,Ca,As,F,2.27,2.78261,
verified_only,lobo,0,1,ridge_magpie,Ca3BiI3,Ca,Bi,I,1.36,1.115909,
verified_only,lobo,0,2,ridge_magpie,Ca3PBr3,Ca,P,Br,1.8846,1.423218,
verified_only,lobo,0,2,ridge_magpie,Ca3PCl3,Ca,P,Cl,2.035,1.689458,
verified_only,lobo,0,2,ridge_magpie,Ca3PF3,Ca,P,F,2.518,2.262504,
verified_only,lobo,0,2,ridge_magpie,Ca3PI3,Ca,P,I,1.4909,1.181787,
verified_only,lobo,0,3,ridge_magpie,Ca3SbBr3,Ca,Sb,Br,1.782,1.63271,
verified_only,lobo,0,3,ridge_magpie,Ca3SbCl3,Ca,Sb,Cl,1.814,1.740284,
verified_only,lobo,0,3,ridge_magpie,Ca3SbF3,Ca,Sb,F,2.19,1.979272,
verified_only,lobo,0,0,ridge_magpie,Mg3AsBr3,Mg,As,Br,1.2907,1.270415,
verified_only,lobo,0,1,ridge_magpie,Mg3BiBr3,Mg,Bi,Br,0.9648,1.244319,
verified_only,lobo,0,1,ridge_magpie,Mg3BiI3,Mg,Bi,I,0.224,0.197729,
verified_only,lobo,0,2,ridge_magpie,Mg3PBr3,Mg,P,Br,1.506,1.310774,
verified_only,lobo,0,2,ridge_magpie,Mg3PCl3,Mg,P,Cl,2.297,1.578992,
verified_only,lobo,0,2,ridge_magpie,Mg3PI3,Mg,P,I,0.377,1.069343,
verified_only,lobo,0,3,ridge_magpie,Mg3SbBr3,Mg,Sb,Br,0.9418,0.828885,
verified_only,lobo,0,3,ridge_magpie,Mg3SbCl3,Mg,Sb,Cl,1.7283,1.298025,
verified_only,lobo,0,3,ridge_magpie,Mg3SbF3,Mg,Sb,F,3.184,1.5888,
verified_only,lobo,0,3,ridge_magpie,Mg3SbI3,Mg,Sb,I,0.1057,0.284051,
verified_only,lobo,0,0,ridge_magpie,Sr3AsCl3,Sr,As,Cl,1.7,1.693569,
verified_only,lobo,0,0,ridge_magpie,Sr3AsI3,Sr,As,I,1.265,0.976952,
verified_only,lobo,0,2,ridge_magpie,Sr3PBr3,Sr,P,Br,1.55,1.361874,
verified_only,lobo,0,2,ridge_magpie,Sr3PCl3,Sr,P,Cl,1.677,1.628113,
verified_only,lobo,0,2,ridge_magpie,Sr3PI3,Sr,P,I,1.258,1.120443,
verified_only,lobo,0,3,ridge_magpie,Sr3SbCl3,Sr,Sb,Cl,1.712,1.548414,
verified_only,lobo,0,3,ridge_magpie,Sr3SbI3,Sr,Sb,I,1.31,1.45134,
verified_only,lobo,0,0,ridge_physics9,Ba3AsCl3,Ba,As,Cl,0.959,1.887889,
verified_only,lobo,0,0,ridge_physics9,Ba3AsI3,Ba,As,I,0.834,1.235711,
verified_only,lobo,0,3,ridge_physics9,Ba3SbBr3,Ba,Sb,Br,1.1908,0.852806,
verified_only,lobo,0,3,ridge_physics9,Ba3SbI3,Ba,Sb,I,0.78,0.513467,
verified_only,lobo,0,0,ridge_physics9,Ca3AsBr3,Ca,As,Br,1.634,1.548493,
verified_only,lobo,0,0,ridge_physics9,Ca3AsF3,Ca,As,F,2.27,2.809036,
verified_only,lobo,0,1,ridge_physics9,Ca3BiI3,Ca,Bi,I,1.36,0.962349,
verified_only,lobo,0,2,ridge_physics9,Ca3PBr3,Ca,P,Br,1.8846,1.276239,
verified_only,lobo,0,2,ridge_physics9,Ca3PCl3,Ca,P,Cl,2.035,1.512782,
verified_only,lobo,0,2,ridge_physics9,Ca3PF3,Ca,P,F,2.518,2.45046,
verified_only,lobo,0,2,ridge_physics9,Ca3PI3,Ca,P,I,1.4909,0.921618,
verified_only,lobo,0,3,ridge_physics9,Ca3SbBr3,Ca,Sb,Br,1.782,1.424945,
verified_only,lobo,0,3,ridge_physics9,Ca3SbCl3,Ca,Sb,Cl,1.814,1.5785,
verified_only,lobo,0,3,ridge_physics9,Ca3SbF3,Ca,Sb,F,2.19,1.660156,
verified_only,lobo,0,0,ridge_physics9,Mg3AsBr3,Mg,As,Br,1.2907,1.343957,
verified_only,lobo,0,1,ridge_physics9,Mg3BiBr3,Mg,Bi,Br,0.9648,1.273397,
verified_only,lobo,0,1,ridge_physics9,Mg3BiI3,Mg,Bi,I,0.224,0.913568,
verified_only,lobo,0,2,ridge_physics9,Mg3PBr3,Mg,P,Br,1.506,1.123321,
verified_only,lobo,0,2,ridge_physics9,Mg3PCl3,Mg,P,Cl,2.297,1.359864,
verified_only,lobo,0,2,ridge_physics9,Mg3PI3,Mg,P,I,0.377,0.7687,
verified_only,lobo,0,3,ridge_physics9,Mg3SbBr3,Mg,Sb,Br,0.9418,1.02801,
verified_only,lobo,0,3,ridge_physics9,Mg3SbCl3,Mg,Sb,Cl,1.7283,1.181566,
verified_only,lobo,0,3,ridge_physics9,Mg3SbF3,Mg,Sb,F,3.184,1.263221,
verified_only,lobo,0,3,ridge_physics9,Mg3SbI3,Mg,Sb,I,0.1057,0.688672,
verified_only,lobo,0,0,ridge_physics9,Sr3AsCl3,Sr,As,Cl,1.7,1.842389,
verified_only,lobo,0,0,ridge_physics9,Sr3AsI3,Sr,As,I,1.265,1.190211,
verified_only,lobo,0,2,ridge_physics9,Sr3PBr3,Sr,P,Br,1.55,1.300793,
verified_only,lobo,0,2,ridge_physics9,Sr3PCl3,Sr,P,Cl,1.677,1.537336,
verified_only,lobo,0,2,ridge_physics9,Sr3PI3,Sr,P,I,1.258,0.946172,
verified_only,lobo,0,3,ridge_physics9,Sr3SbCl3,Sr,Sb,Cl,1.712,1.465317,
verified_only,lobo,0,3,ridge_physics9,Sr3SbI3,Sr,Sb,I,1.31,0.972424,
verified_only,lobo,0,0,xgb_magpie,Ba3AsCl3,Ba,As,Cl,0.959,1.504185,
verified_only,lobo,0,0,xgb_magpie,Ba3AsI3,Ba,As,I,0.834,1.19369,
verified_only,lobo,0,3,xgb_magpie,Ba3SbBr3,Ba,Sb,Br,1.1908,0.932854,
verified_only,lobo,0,3,xgb_magpie,Ba3SbI3,Ba,Sb,I,0.78,0.730206,
verified_only,lobo,0,0,xgb_magpie,Ca3AsBr3,Ca,As,Br,1.634,1.785721,
verified_only,lobo,0,0,xgb_magpie,Ca3AsF3,Ca,As,F,2.27,2.511443,
verified_only,lobo,0,1,xgb_magpie,Ca3BiI3,Ca,Bi,I,1.36,1.02972,
verified_only,lobo,0,2,xgb_magpie,Ca3PBr3,Ca,P,Br,1.8846,1.688361,
verified_only,lobo,0,2,xgb_magpie,Ca3PCl3,Ca,P,Cl,2.035,1.888439,
verified_only,lobo,0,2,xgb_magpie,Ca3PF3,Ca,P,F,2.518,2.714349,
verified_only,lobo,0,2,xgb_magpie,Ca3PI3,Ca,P,I,1.4909,1.455477,
verified_only,lobo,0,3,xgb_magpie,Ca3SbBr3,Ca,Sb,Br,1.782,1.589063,
verified_only,lobo,0,3,xgb_magpie,Ca3SbCl3,Ca,Sb,Cl,1.814,1.76314,
verified_only,lobo,0,3,xgb_magpie,Ca3SbF3,Ca,Sb,F,2.19,1.847896,
verified_only,lobo,0,0,xgb_magpie,Mg3AsBr3,Mg,As,Br,1.2907,1.471678,
verified_only,lobo,0,1,xgb_magpie,Mg3BiBr3,Mg,Bi,Br,0.9648,0.701742,
verified_only,lobo,0,1,xgb_magpie,Mg3BiI3,Mg,Bi,I,0.224,0.367509,
verified_only,lobo,0,2,xgb_magpie,Mg3PBr3,Mg,P,Br,1.506,1.430752,
verified_only,lobo,0,2,xgb_magpie,Mg3PCl3,Mg,P,Cl,2.297,2.079539,
verified_only,lobo,0,2,xgb_magpie,Mg3PI3,Mg,P,I,0.377,0.569961,
verified_only,lobo,0,3,xgb_magpie,Mg3SbBr3,Mg,Sb,Br,0.9418,1.182776,
verified_only,lobo,0,3,xgb_magpie,Mg3SbCl3,Mg,Sb,Cl,1.7283,1.711175,
verified_only,lobo,0,3,xgb_magpie,Mg3SbF3,Mg,Sb,F,3.184,1.940437,
verified_only,lobo,0,3,xgb_magpie,Mg3SbI3,Mg,Sb,I,0.1057,0.347423,
verified_only,lobo,0,0,xgb_magpie,Sr3AsCl3,Sr,As,Cl,1.7,1.704649,
verified_only,lobo,0,0,xgb_magpie,Sr3AsI3,Sr,As,I,1.265,1.29855,
verified_only,lobo,0,2,xgb_magpie,Sr3PBr3,Sr,P,Br,1.55,1.681503,
verified_only,lobo,0,2,xgb_magpie,Sr3PCl3,Sr,P,Cl,1.677,1.772133,
verified_only,lobo,0,2,xgb_magpie,Sr3PI3,Sr,P,I,1.258,1.329287,
verified_only,lobo,0,3,xgb_magpie,Sr3SbCl3,Sr,Sb,Cl,1.712,1.507607,
verified_only,lobo,0,3,xgb_magpie,Sr3SbI3,Sr,Sb,I,1.31,1.21737,
verified_only,lobo,0,0,xgb_physics9,Ba3AsCl3,Ba,As,Cl,0.959,1.576458,
verified_only,lobo,0,0,xgb_physics9,Ba3AsI3,Ba,As,I,0.834,0.997117,
verified_only,lobo,0,3,xgb_physics9,Ba3SbBr3,Ba,Sb,Br,1.1908,0.987773,
verified_only,lobo,0,3,xgb_physics9,Ba3SbI3,Ba,Sb,I,0.78,0.902181,
verified_only,lobo,0,0,xgb_physics9,Ca3AsBr3,Ca,As,Br,1.634,1.859345,
verified_only,lobo,0,0,xgb_physics9,Ca3AsF3,Ca,As,F,2.27,2.46364,
verified_only,lobo,0,1,xgb_physics9,Ca3BiI3,Ca,Bi,I,1.36,1.198133,
verified_only,lobo,0,2,xgb_physics9,Ca3PBr3,Ca,P,Br,1.8846,1.690723,
verified_only,lobo,0,2,xgb_physics9,Ca3PCl3,Ca,P,Cl,2.035,1.661718,
verified_only,lobo,0,2,xgb_physics9,Ca3PF3,Ca,P,F,2.518,2.245027,
verified_only,lobo,0,2,xgb_physics9,Ca3PI3,Ca,P,I,1.4909,1.2854,
verified_only,lobo,0,3,xgb_physics9,Ca3SbBr3,Ca,Sb,Br,1.782,1.690888,
verified_only,lobo,0,3,xgb_physics9,Ca3SbCl3,Ca,Sb,Cl,1.814,1.984774,
verified_only,lobo,0,3,xgb_physics9,Ca3SbF3,Ca,Sb,F,2.19,2.258962,
verified_only,lobo,0,0,xgb_physics9,Mg3AsBr3,Mg,As,Br,1.2907,1.355612,
verified_only,lobo,0,1,xgb_physics9,Mg3BiBr3,Mg,Bi,Br,0.9648,1.014107,
verified_only,lobo,0,1,xgb_physics9,Mg3BiI3,Mg,Bi,I,0.224,0.149909,
verified_only,lobo,0,2,xgb_physics9,Mg3PBr3,Mg,P,Br,1.506,1.214103,
verified_only,lobo,0,2,xgb_physics9,Mg3PCl3,Mg,P,Cl,2.297,1.54764,
verified_only,lobo,0,2,xgb_physics9,Mg3PI3,Mg,P,I,0.377,0.3634,
verified_only,lobo,0,3,xgb_physics9,Mg3SbBr3,Mg,Sb,Br,0.9418,1.153475,
verified_only,lobo,0,3,xgb_physics9,Mg3SbCl3,Mg,Sb,Cl,1.7283,1.997568,
verified_only,lobo,0,3,xgb_physics9,Mg3SbF3,Mg,Sb,F,3.184,2.234354,
verified_only,lobo,0,3,xgb_physics9,Mg3SbI3,Mg,Sb,I,0.1057,0.320513,
verified_only,lobo,0,0,xgb_physics9,Sr3AsCl3,Sr,As,Cl,1.7,1.749878,
verified_only,lobo,0,0,xgb_physics9,Sr3AsI3,Sr,As,I,1.265,1.284578,
verified_only,lobo,0,2,xgb_physics9,Sr3PBr3,Sr,P,Br,1.55,1.63447,
verified_only,lobo,0,2,xgb_physics9,Sr3PCl3,Sr,P,Cl,1.677,1.622435,
verified_only,lobo,0,2,xgb_physics9,Sr3PI3,Sr,P,I,1.258,1.278012,
verified_only,lobo,0,3,xgb_physics9,Sr3SbCl3,Sr,Sb,Cl,1.712,1.603658,
verified_only,lobo,0,3,xgb_physics9,Sr3SbI3,Sr,Sb,I,1.31,1.185075,
verified_only,loao,0,0,gpr_physics9,Ba3AsCl3,Ba,As,Cl,0.959,1.342155,0.198579
verified_only,loao,0,0,gpr_physics9,Ba3AsI3,Ba,As,I,0.834,1.017679,0.184363
verified_only,loao,0,0,gpr_physics9,Ba3SbBr3,Ba,Sb,Br,1.1908,1.325527,0.202701
verified_only,loao,0,0,gpr_physics9,Ba3SbI3,Ba,Sb,I,0.78,1.141714,0.204238
verified_only,loao,0,1,gpr_physics9,Ca3AsBr3,Ca,As,Br,1.634,1.791946,0.210242
verified_only,loao,0,1,gpr_physics9,Ca3AsF3,Ca,As,F,2.27,2.178595,0.574437
verified_only,loao,0,1,gpr_physics9,Ca3BiI3,Ca,Bi,I,1.36,1.422627,0.226654
verified_only,loao,0,1,gpr_physics9,Ca3PBr3,Ca,P,Br,1.8846,1.791419,0.211293
verified_only,loao,0,1,gpr_physics9,Ca3PCl3,Ca,P,Cl,2.035,2.027447,0.21281
verified_only,loao,0,1,gpr_physics9,Ca3PF3,Ca,P,F,2.518,2.195184,0.577991
verified_only,loao,0,1,gpr_physics9,Ca3PI3,Ca,P,I,1.4909,1.356215,0.212802
verified_only,loao,0,1,gpr_physics9,Ca3SbBr3,Ca,Sb,Br,1.782,1.76481,0.220468
verified_only,loao,0,1,gpr_physics9,Ca3SbCl3,Ca,Sb,Cl,1.814,1.930667,0.212991
verified_only,loao,0,1,gpr_physics9,Ca3SbF3,Ca,Sb,F,2.19,2.10092,0.58939
verified_only,loao,0,2,gpr_physics9,Mg3AsBr3,Mg,As,Br,1.2907,1.813673,0.669604
verified_only,loao,0,2,gpr_physics9,Mg3BiBr3,Mg,Bi,Br,0.9648,1.730599,0.67358
verified_only,loao,0,2,gpr_physics9,Mg3BiI3,Mg,Bi,I,0.224,1.630595,0.676437
verified_only,loao,0,2,gpr_physics9,Mg3PBr3,Mg,P,Br,1.506,1.864868,0.67144
verified_only,loao,0,2,gpr_physics9,Mg3PCl3,Mg,P,Cl,2.297,1.936726,0.67071
verified_only,loao,0,2,gpr_physics9,Mg3PI3,Mg,P,I,0.377,1.750894,0.677591
verified_only,loao,0,2,gpr_physics9,Mg3SbBr3,Mg,Sb,Br,0.9418,1.764105,0.670822
verified_only,loao,0,2,gpr_physics9,Mg3SbCl3,Mg,Sb,Cl,1.7283,1.82848,0.671784
verified_only,loao,0,2,gpr_physics9,Mg3SbF3,Mg,Sb,F,3.184,2.014851,0.696935
verified_only,loao,0,2,gpr_physics9,Mg3SbI3,Mg,Sb,I,0.1057,1.660644,0.674251
verified_only,loao,0,3,gpr_physics9,Sr3AsCl3,Sr,As,Cl,1.7,1.389238,0.070883
verified_only,loao,0,3,gpr_physics9,Sr3AsI3,Sr,As,I,1.265,1.118818,0.078038
verified_only,loao,0,3,gpr_physics9,Sr3PBr3,Sr,P,Br,1.55,1.58228,0.087482
verified_only,loao,0,3,gpr_physics9,Sr3PCl3,Sr,P,Cl,1.677,1.647972,0.077962
verified_only,loao,0,3,gpr_physics9,Sr3PI3,Sr,P,I,1.258,1.328758,0.079589
verified_only,loao,0,3,gpr_physics9,Sr3SbCl3,Sr,Sb,Cl,1.712,1.568967,0.081131
verified_only,loao,0,3,gpr_physics9,Sr3SbI3,Sr,Sb,I,1.31,1.137311,0.079929
verified_only,loao,0,0,halide_rule,Ba3AsCl3,Ba,As,Cl,0.959,1.8519,
verified_only,loao,0,0,halide_rule,Ba3AsI3,Ba,As,I,0.834,0.923825,
verified_only,loao,0,0,halide_rule,Ba3SbBr3,Ba,Sb,Br,1.1908,1.444237,
verified_only,loao,0,0,halide_rule,Ba3SbI3,Ba,Sb,I,0.78,0.923825,
verified_only,loao,0,1,halide_rule,Ca3AsBr3,Ca,As,Br,1.634,1.240683,
verified_only,loao,0,1,halide_rule,Ca3AsF3,Ca,As,F,2.27,3.184,
verified_only,loao,0,1,halide_rule,Ca3BiI3,Ca,Bi,I,1.36,0.769213,
verified_only,loao,0,1,halide_rule,Ca3PBr3,Ca,P,Br,1.8846,1.240683,
verified_only,loao,0,1,halide_rule,Ca3PCl3,Ca,P,Cl,2.035,1.678883,
verified_only,loao,0,1,halide_rule,Ca3PF3,Ca,P,F,2.518,3.184,
verified_only,loao,0,1,halide_rule,Ca3PI3,Ca,P,I,1.4909,0.769213,
verified_only,loao,0,1,halide_rule,Ca3SbBr3,Ca,Sb,Br,1.782,1.240683,
verified_only,loao,0,1,halide_rule,Ca3SbCl3,Ca,Sb,Cl,1.814,1.678883,
verified_only,loao,0,1,halide_rule,Ca3SbF3,Ca,Sb,F,2.19,3.184,
verified_only,loao,0,2,halide_rule,Mg3AsBr3,Mg,As,Br,1.2907,1.60828,
verified_only,loao,0,2,halide_rule,Mg3BiBr3,Mg,Bi,Br,0.9648,1.60828,
verified_only,loao,0,2,halide_rule,Mg3BiI3,Mg,Bi,I,0.224,1.185414,
verified_only,loao,0,2,halide_rule,Mg3PBr3,Mg,P,Br,1.506,1.60828,
verified_only,loao,0,2,halide_rule,Mg3PCl3,Mg,P,Cl,2.297,1.6495,
verified_only,loao,0,2,halide_rule,Mg3PI3,Mg,P,I,0.377,1.185414,
verified_only,loao,0,2,halide_rule,Mg3SbBr3,Mg,Sb,Br,0.9418,1.60828,
verified_only,loao,0,2,halide_rule,Mg3SbCl3,Mg,Sb,Cl,1.7283,1.6495,
verified_only,loao,0,2,halide_rule,Mg3SbF3,Mg,Sb,F,3.184,2.326,
verified_only,loao,0,2,halide_rule,Mg3SbI3,Mg,Sb,I,0.1057,1.185414,
verified_only,loao,0,3,halide_rule,Sr3AsCl3,Sr,As,Cl,1.7,1.76666,
verified_only,loao,0,3,halide_rule,Sr3AsI3,Sr,As,I,1.265,0.7388,
verified_only,loao,0,3,halide_rule,Sr3PBr3,Sr,P,Br,1.55,1.399338,
verified_only,loao,0,3,halide_rule,Sr3PCl3,Sr,P,Cl,1.677,1.76666,
verified_only,loao,0,3,halide_rule,Sr3PI3,Sr,P,I,1.258,0.7388,
verified_only,loao,0,3,halide_rule,Sr3SbCl3,Sr,Sb,Cl,1.712,1.76666,
verified_only,loao,0,3,halide_rule,Sr3SbI3,Sr,Sb,I,1.31,0.7388,
verified_only,loao,0,0,mean,Ba3AsCl3,Ba,As,Cl,0.959,1.558141,
verified_only,loao,0,0,mean,Ba3AsI3,Ba,As,I,0.834,1.558141,
verified_only,loao,0,0,mean,Ba3SbBr3,Ba,Sb,Br,1.1908,1.558141,
verified_only,loao,0,0,mean,Ba3SbI3,Ba,Sb,I,0.78,1.558141,
verified_only,loao,0,1,mean,Ca3AsBr3,Ca,As,Br,1.634,1.278814,
verified_only,loao,0,1,mean,Ca3AsF3,Ca,As,F,2.27,1.278814,
verified_only,loao,0,1,mean,Ca3BiI3,Ca,Bi,I,1.36,1.278814,
verified_only,loao,0,1,mean,Ca3PBr3,Ca,P,Br,1.8846,1.278814,
verified_only,loao,0,1,mean,Ca3PCl3,Ca,P,Cl,2.035,1.278814,
verified_only,loao,0,1,mean,Ca3PF3,Ca,P,F,2.518,1.278814,
verified_only,loao,0,1,mean,Ca3PI3,Ca,P,I,1.4909,1.278814,
verified_only,loao,0,1,mean,Ca3SbBr3,Ca,Sb,Br,1.782,1.278814,
verified_only,loao,0,1,mean,Ca3SbCl3,Ca,Sb,Cl,1.814,1.278814,
verified_only,loao,0,1,mean,Ca3SbF3,Ca,Sb,F,2.19,1.278814,
verified_only,loao,0,2,mean,Mg3AsBr3,Mg,As,Br,1.2907,1.581633,
verified_only,loao,0,2,mean,Mg3BiBr3,Mg,Bi,Br,0.9648,1.581633,
verified_only,loao,0,2,mean,Mg3BiI3,Mg,Bi,I,0.224,1.581633,
verified_only,loao,0,2,mean,Mg3PBr3,Mg,P,Br,1.506,1.581633,
verified_only,loao,0,2,mean,Mg3PCl3,Mg,P,Cl,2.297,1.581633,
verified_only,loao,0,2,mean,Mg3PI3,Mg,P,I,0.377,1.581633,
verified_only,loao,0,2,mean,Mg3SbBr3,Mg,Sb,Br,0.9418,1.581633,
verified_only,loao,0,2,mean,Mg3SbCl3,Mg,Sb,Cl,1.7283,1.581633,
verified_only,loao,0,2,mean,Mg3SbF3,Mg,Sb,F,3.184,1.581633,
verified_only,loao,0,2,mean,Mg3SbI3,Mg,Sb,I,0.1057,1.581633,
verified_only,loao,0,3,mean,Sr3AsCl3,Sr,As,Cl,1.7,1.4734,
verified_only,loao,0,3,mean,Sr3AsI3,Sr,As,I,1.265,1.4734,
verified_only,loao,0,3,mean,Sr3PBr3,Sr,P,Br,1.55,1.4734,
verified_only,loao,0,3,mean,Sr3PCl3,Sr,P,Cl,1.677,1.4734,
verified_only,loao,0,3,mean,Sr3PI3,Sr,P,I,1.258,1.4734,
verified_only,loao,0,3,mean,Sr3SbCl3,Sr,Sb,Cl,1.712,1.4734,
verified_only,loao,0,3,mean,Sr3SbI3,Sr,Sb,I,1.31,1.4734,
verified_only,loao,0,0,rf_magpie,Ba3AsCl3,Ba,As,Cl,0.959,1.571436,
verified_only,loao,0,0,rf_magpie,Ba3AsI3,Ba,As,I,0.834,1.357185,
verified_only,loao,0,0,rf_magpie,Ba3SbBr3,Ba,Sb,Br,1.1908,1.491962,
verified_only,loao,0,0,rf_magpie,Ba3SbI3,Ba,Sb,I,0.78,1.19781,
verified_only,loao,0,1,rf_magpie,Ca3AsBr3,Ca,As,Br,1.634,1.401589,
verified_only,loao,0,1,rf_magpie,Ca3AsF3,Ca,As,F,2.27,2.351635,
verified_only,loao,0,1,rf_magpie,Ca3BiI3,Ca,Bi,I,1.36,0.943781,
verified_only,loao,0,1,rf_magpie,Ca3PBr3,Ca,P,Br,1.8846,1.542568,
verified_only,loao,0,1,rf_magpie,Ca3PCl3,Ca,P,Cl,2.035,1.819487,
verified_only,loao,0,1,rf_magpie,Ca3PF3,Ca,P,F,2.518,2.3903,
verified_only,loao,0,1,rf_magpie,Ca3PI3,Ca,P,I,1.4909,1.264414,
verified_only,loao,0,1,rf_magpie,Ca3SbBr3,Ca,Sb,Br,1.782,1.365426,
verified_only,loao,0,1,rf_magpie,Ca3SbCl3,Ca,Sb,Cl,1.814,1.674522,
verified_only,loao,0,1,rf_magpie,Ca3SbF3,Ca,Sb,F,2.19,2.166389,
verified_only,loao,0,2,rf_magpie,Mg3AsBr3,Mg,As,Br,1.2907,1.804616,
verified_only,loao,0,2,rf_magpie,Mg3BiBr3,Mg,Bi,Br,0.9648,1.597646,
verified_only,loao,0,2,rf_magpie,Mg3BiI3,Mg,Bi,I,0.224,1.371116,
verified_only,loao,0,2,rf_magpie,Mg3PBr3,Mg,P,Br,1.506,1.820227,
verified_only,loao,0,2,rf_magpie,Mg3PCl3,Mg,P,Cl,2.297,1.878533,
verified_only,loao,0,2,rf_magpie,Mg3PI3,Mg,P,I,0.377,1.569558,
verified_only,loao,0,2,rf_magpie,Mg3SbBr3,Mg,Sb,Br,0.9418,1.746261,
verified_only,loao,0,2,rf_magpie,Mg3SbCl3,Mg,Sb,Cl,1.7283,1.841318,
verified_only,loao,0,2,rf_magpie,Mg3SbF3,Mg,Sb,F,3.184,2.006979,
verified_only,loao,0,2,rf_magpie,Mg3SbI3,Mg,Sb,I,0.1057,1.440145,
verified_only,loao,0,3,rf_magpie,Sr3AsCl3,Sr,As,Cl,1.7,1.696944,
verified_only,loao,0,3,rf_magpie,Sr3AsI3,Sr,As,I,1.265,1.19773,
verified_only,loao,0,3,rf_magpie,Sr3PBr3,Sr,P,Br,1.55,1.605767,
verified_only,loao,0,3,rf_magpie,Sr3PCl3,Sr,P,Cl,1.677,1.700906,
verified_only,loao,0,3,rf_magpie,Sr3PI3,Sr,P,I,1.258,1.261335,
verified_only,loao,0,3,rf_magpie,Sr3SbCl3,Sr,Sb,Cl,1.712,1.541535,
verified_only,loao,0,3,rf_magpie,Sr3SbI3,Sr,Sb,I,1.31,1.113485,
verified_only,loao,0,0,rf_physics9,Ba3AsCl3,Ba,As,Cl,0.959,1.70446,
verified_only,loao,0,0,rf_physics9,Ba3AsI3,Ba,As,I,0.834,1.277208,
verified_only,loao,0,0,rf_physics9,Ba3SbBr3,Ba,Sb,Br,1.1908,1.644337,
verified_only,loao,0,0,rf_physics9,Ba3SbI3,Ba,Sb,I,0.78,1.290349,
verified_only,loao,0,1,rf_physics9,Ca3AsBr3,Ca,As,Br,1.634,1.39428,
verified_only,loao,0,1,rf_physics9,Ca3AsF3,Ca,As,F,2.27,2.4059,
verified_only,loao,0,1,rf_physics9,Ca3BiI3,Ca,Bi,I,1.36,1.116978,
verified_only,loao,0,1,rf_physics9,Ca3PBr3,Ca,P,Br,1.8846,1.511272,
verified_only,loao,0,1,rf_physics9,Ca3PCl3,Ca,P,Cl,2.035,1.775471,
verified_only,loao,0,1,rf_physics9,Ca3PF3,Ca,P,F,2.518,2.439711,
verified_only,loao,0,1,rf_physics9,Ca3PI3,Ca,P,I,1.4909,1.295832,
verified_only,loao,0,1,rf_physics9,Ca3SbBr3,Ca,Sb,Br,1.782,1.291345,
verified_only,loao,0,1,rf_physics9,Ca3SbCl3,Ca,Sb,Cl,1.814,1.670098,
verified_only,loao,0,1,rf_physics9,Ca3SbF3,Ca,Sb,F,2.19,2.537736,
verified_only,loao,0,2,rf_physics9,Mg3AsBr3,Mg,As,Br,1.2907,1.641746,
verified_only,loao,0,2,rf_physics9,Mg3BiBr3,Mg,Bi,Br,0.9648,1.691284,
verified_only,loao,0,2,rf_physics9,Mg3BiI3,Mg,Bi,I,0.224,1.431898,
verified_only,loao,0,2,rf_physics9,Mg3PBr3,Mg,P,Br,1.506,1.736445,
verified_only,loao,0,2,rf_physics9,Mg3PCl3,Mg,P,Cl,2.297,1.87358,
verified_only,loao,0,2,rf_physics9,Mg3PI3,Mg,P,I,0.377,1.48277,
verified_only,loao,0,2,rf_physics9,Mg3SbBr3,Mg,Sb,Br,0.9418,1.693351,
verified_only,loao,0,2,rf_physics9,Mg3SbCl3,Mg,Sb,Cl,1.7283,1.799076,
verified_only,loao,0,2,rf_physics9,Mg3SbF3,Mg,Sb,F,3.184,2.2272,
verified_only,loao,0,2,rf_physics9,Mg3SbI3,Mg,Sb,I,0.1057,1.428178,
verified_only,loao,0,3,rf_physics9,Sr3AsCl3,Sr,As,Cl,1.7,1.772563,
verified_only,loao,0,3,rf_physics9,Sr3AsI3,Sr,As,I,1.265,1.209419,
verified_only,loao,0,3,rf_physics9,Sr3PBr3,Sr,P,Br,1.55,1.844383,
verified_only,loao,0,3,rf_physics9,Sr3PCl3,Sr,P,Cl,1.677,2.021749,
verified_only,loao,0,3,rf_physics9,Sr3PI3,Sr,P,I,1.258,1.343121,
verified_only,loao,0,3,rf_physics9,Sr3SbCl3,Sr,Sb,Cl,1.712,1.82061,
verified_only,loao,0,3,rf_physics9,Sr3SbI3,Sr,Sb,I,1.31,1.108441,
verified_only,loao,0,0,ridge_magpie,Ba3AsCl3,Ba,As,Cl,0.959,1.734857,
verified_only,loao,0,0,ridge_magpie,Ba3AsI3,Ba,As,I,0.834,1.34448,
verified_only,loao,0,0,ridge_magpie,Ba3SbBr3,Ba,Sb,Br,1.1908,1.49246,
verified_only,loao,0,0,ridge_magpie,Ba3SbI3,Ba,Sb,I,0.78,1.328986,
verified_only,loao,0,1,ridge_magpie,Ca3AsBr3,Ca,As,Br,1.634,1.966922,
verified_only,loao,0,1,ridge_magpie,Ca3AsF3,Ca,As,F,2.27,3.894242,
verified_only,loao,0,1,ridge_magpie,Ca3BiI3,Ca,Bi,I,1.36,0.967028,
verified_only,loao,0,1,ridge_magpie,Ca3PBr3,Ca,P,Br,1.8846,1.980385,
verified_only,loao,0,1,ridge_magpie,Ca3PCl3,Ca,P,Cl,2.035,2.401619,
verified_only,loao,0,1,ridge_magpie,Ca3PF3,Ca,P,F,2.518,3.770991,
verified_only,loao,0,1,ridge_magpie,Ca3PI3,Ca,P,I,1.4909,1.020413,
verified_only,loao,0,1,ridge_magpie,Ca3SbBr3,Ca,Sb,Br,1.782,1.672621,
verified_only,loao,0,1,ridge_magpie,Ca3SbCl3,Ca,Sb,Cl,1.814,2.005803,
verified_only,loao,0,1,ridge_magpie,Ca3SbF3,Ca,Sb,F,2.19,3.53043,
verified_only,loao,0,2,ridge_magpie,Mg3AsBr3,Mg,As,Br,1.2907,-0.512357,
verified_only,loao,0,2,ridge_magpie,Mg3BiBr3,Mg,Bi,Br,0.9648,-0.664543,
verified_only,loao,0,2,ridge_magpie,Mg3BiI3,Mg,Bi,I,0.224,-0.941667,
verified_only,loao,0,2,ridge_magpie,Mg3PBr3,Mg,P,Br,1.506,-0.458716,
verified_only,loao,0,2,ridge_magpie,Mg3PCl3,Mg,P,Cl,2.297,-0.242789,
verified_only,loao,0,2,ridge_magpie,Mg3PI3,Mg,P,I,0.377,-0.735839,
verified_only,loao,0,2,ridge_magpie,Mg3SbBr3,Mg,Sb,Br,0.9418,-0.596787,
verified_only,loao,0,2,ridge_magpie,Mg3SbCl3,Mg,Sb,Cl,1.7283,-0.38086,
verified_only,loao,0,2,ridge_magpie,Mg3SbF3,Mg,Sb,F,3.184,-0.039243,
verified_only,loao,0,2,ridge_magpie,Mg3SbI3,Mg,Sb,I,0.1057,-0.87391,
verified_only,loao,0,3,ridge_magpie,Sr3AsCl3,Sr,As,Cl,1.7,1.710638,
verified_only,loao,0,3,ridge_magpie,Sr3AsI3,Sr,As,I,1.265,1.019194,
verified_only,loao,0,3,ridge_magpie,Sr3PBr3,Sr,P,Br,1.55,1.447765,
verified_only,loao,0,3,ridge_magpie,Sr3PCl3,Sr,P,Cl,1.677,1.803031,
verified_only,loao,0,3,ridge_magpie,Sr3PI3,Sr,P,I,1.258,1.145057,
verified_only,loao,0,3,ridge_magpie,Sr3SbCl3,Sr,Sb,Cl,1.712,1.627123,
verified_only,loao,0,3,ridge_magpie,Sr3SbI3,Sr,Sb,I,1.31,0.954664,
verified_only,loao,0,0,ridge_physics9,Ba3AsCl3,Ba,As,Cl,0.959,1.897047,
verified_only,loao,0,0,ridge_physics9,Ba3AsI3,Ba,As,I,0.834,1.317431,
verified_only,loao,0,0,ridge_physics9,Ba3SbBr3,Ba,Sb,Br,1.1908,1.56257,
verified_only,loao,0,0,ridge_physics9,Ba3SbI3,Ba,Sb,I,0.78,1.209569,
verified_only,loao,0,1,ridge_physics9,Ca3AsBr3,Ca,As,Br,1.634,1.397231,
verified_only,loao,0,1,ridge_physics9,Ca3AsF3,Ca,As,F,2.27,3.212039,
verified_only,loao,0,1,ridge_physics9,Ca3BiI3,Ca,Bi,I,1.36,0.629281,
verified_only,loao,0,1,ridge_physics9,Ca3PBr3,Ca,P,Br,1.8846,1.488832,
verified_only,loao,0,1,ridge_physics9,Ca3PCl3,Ca,P,Cl,2.035,1.852795,
verified_only,loao,0,1,ridge_physics9,Ca3PF3,Ca,P,F,2.518,3.290841,
verified_only,loao,0,1,ridge_physics9,Ca3PI3,Ca,P,I,1.4909,0.939165,
verified_only,loao,0,1,ridge_physics9,Ca3SbBr3,Ca,Sb,Br,1.782,1.255541,
verified_only,loao,0,1,ridge_physics9,Ca3SbCl3,Ca,Sb,Cl,1.814,1.625475,
verified_only,loao,0,1,ridge_physics9,Ca3SbF3,Ca,Sb,F,2.19,3.09168,
verified_only,loao,0,2,ridge_physics9,Mg3AsBr3,Mg,As,Br,1.2907,2.616037,
verified_only,loao,0,2,ridge_physics9,Mg3BiBr3,Mg,Bi,Br,0.9648,2.623721,
verified_only,loao,0,2,ridge_physics9,Mg3BiI3,Mg,Bi,I,0.224,2.403067,
verified_only,loao,0,2,ridge_physics9,Mg3PBr3,Mg,P,Br,1.506,2.750884,
verified_only,loao,0,2,ridge_physics9,Mg3PCl3,Mg,P,Cl,2.297,2.908874,
verified_only,loao,0,2,ridge_physics9,Mg3PI3,Mg,P,I,0.377,2.487446,
verified_only,loao,0,2,ridge_physics9,Mg3SbBr3,Mg,Sb,Br,0.9418,2.669603,
verified_only,loao,0,2,ridge_physics9,Mg3SbCl3,Mg,Sb,Cl,1.7283,2.802225,
verified_only,loao,0,2,ridge_physics9,Mg3SbF3,Mg,Sb,F,3.184,3.180229,
verified_only,loao,0,2,ridge_physics9,Mg3SbI3,Mg,Sb,I,0.1057,2.439558,
verified_only,loao,0,3,ridge_physics9,Sr3AsCl3,Sr,As,Cl,1.7,1.669343,
verified_only,loao,0,3,ridge_physics9,Sr3AsI3,Sr,As,I,1.265,1.046208,
verified_only,loao,0,3,ridge_physics9,Sr3PBr3,Sr,P,Br,1.55,1.483931,
verified_only,loao,0,3,ridge_physics9,Sr3PCl3,Sr,P,Cl,1.677,1.729708,
verified_only,loao,0,3,ridge_physics9,Sr3PI3,Sr,P,I,1.258,1.110389,
verified_only,loao,0,3,ridge_physics9,Sr3SbCl3,Sr,Sb,Cl,1.712,1.55227,
verified_only,loao,0,3,ridge_physics9,Sr3SbI3,Sr,Sb,I,1.31,0.922773,
verified_only,loao,0,0,xgb_magpie,Ba3AsCl3,Ba,As,Cl,0.959,1.59325,
verified_only,loao,0,0,xgb_magpie,Ba3AsI3,Ba,As,I,0.834,1.262743,
verified_only,loao,0,0,xgb_magpie,Ba3SbBr3,Ba,Sb,Br,1.1908,1.413516,
verified_only,loao,0,0,xgb_magpie,Ba3SbI3,Ba,Sb,I,0.78,1.087188,
verified_only,loao,0,1,xgb_magpie,Ca3AsBr3,Ca,As,Br,1.634,1.457506,
verified_only,loao,0,1,xgb_magpie,Ca3AsF3,Ca,As,F,2.27,2.753191,
verified_only,loao,0,1,xgb_magpie,Ca3BiI3,Ca,Bi,I,1.36,0.90372,
verified_only,loao,0,1,xgb_magpie,Ca3PBr3,Ca,P,Br,1.8846,1.575669,
verified_only,loao,0,1,xgb_magpie,Ca3PCl3,Ca,P,Cl,2.035,2.097579,
verified_only,loao,0,1,xgb_magpie,Ca3PF3,Ca,P,F,2.518,2.743653,
verified_only,loao,0,1,xgb_magpie,Ca3PI3,Ca,P,I,1.4909,1.191149,
verified_only,loao,0,1,xgb_magpie,Ca3SbBr3,Ca,Sb,Br,1.782,1.426554,
verified_only,loao,0,1,xgb_magpie,Ca3SbCl3,Ca,Sb,Cl,1.814,1.695012,
verified_only,loao,0,1,xgb_magpie,Ca3SbF3,Ca,Sb,F,2.19,2.281188,
verified_only,loao,0,2,xgb_magpie,Mg3AsBr3,Mg,As,Br,1.2907,1.819823,
verified_only,loao,0,2,xgb_magpie,Mg3BiBr3,Mg,Bi,Br,0.9648,1.608419,
verified_only,loao,0,2,xgb_magpie,Mg3BiI3,Mg,Bi,I,0.224,1.29571,
verified_only,loao,0,2,xgb_magpie,Mg3PBr3,Mg,P,Br,1.506,1.957394,
verified_only,loao,0,2,xgb_magpie,Mg3PCl3,Mg,P,Cl,2.297,2.082336,
verified_only,loao,0,2,xgb_magpie,Mg3PI3,Mg,P,I,0.377,1.628617,
verified_only,loao,0,2,xgb_magpie,Mg3SbBr3,Mg,Sb,Br,0.9418,1.741418,
verified_only,loao,0,2,xgb_magpie,Mg3SbCl3,Mg,Sb,Cl,1.7283,1.908322,
verified_only,loao,0,2,xgb_magpie,Mg3SbF3,Mg,Sb,F,3.184,2.005441,
verified_only,loao,0,2,xgb_magpie,Mg3SbI3,Mg,Sb,I,0.1057,1.408286,
verified_only,loao,0,3,xgb_magpie,Sr3AsCl3,Sr,As,Cl,1.7,1.505339,
verified_only,loao,0,3,xgb_magpie,Sr3AsI3,Sr,As,I,1.265,1.223864,
verified_only,loao,0,3,xgb_magpie,Sr3PBr3,Sr,P,Br,1.55,1.641577,
verified_only,loao,0,3,xgb_magpie,Sr3PCl3,Sr,P,Cl,1.677,1.69842,
verified_only,loao,0,3,xgb_magpie,Sr3PI3,Sr,P,I,1.258,1.280394,
verified_only,loao,0,3,xgb_magpie,Sr3SbCl3,Sr,Sb,Cl,1.712,1.441327,
verified_only,loao,0,3,xgb_magpie,Sr3SbI3,Sr,Sb,I,1.31,1.209304,
verified_only,loao,0,0,xgb_physics9,Ba3AsCl3,Ba,As,Cl,0.959,1.697474,
verified_only,loao,0,0,xgb_physics9,Ba3AsI3,Ba,As,I,0.834,1.250624,
verified_only,loao,0,0,xgb_physics9,Ba3SbBr3,Ba,Sb,Br,1.1908,1.613435,
verified_only,loao,0,0,xgb_physics9,Ba3SbI3,Ba,Sb,I,0.78,1.285005,
verified_only,loao,0,1,xgb_physics9,Ca3AsBr3,Ca,As,Br,1.634,1.677939,
verified_only,loao,0,1,xgb_physics9,Ca3AsF3,Ca,As,F,2.27,2.86853,
verified_only,loao,0,1,xgb_physics9,Ca3BiI3,Ca,Bi,I,1.36,0.68822,
verified_only,loao,0,1,xgb_physics9,Ca3PBr3,Ca,P,Br,1.8846,1.774477,
verified_only,loao,0,1,xgb_physics9,Ca3PCl3,Ca,P,Cl,2.035,2.080612,
verified_only,loao,0,1,xgb_physics9,Ca3PF3,Ca,P,F,2.518,2.876927,
verified_only,loao,0,1,xgb_physics9,Ca3PI3,Ca,P,I,1.4909,0.99676,
verified_only,loao,0,1,xgb_physics9,Ca3SbBr3,Ca,Sb,Br,1.782,1.416255,
verified_only,loao,0,1,xgb_physics9,Ca3SbCl3,Ca,Sb,Cl,1.814,1.807021,
verified_only,loao,0,1,xgb_physics9,Ca3SbF3,Ca,Sb,F,2.19,2.874738,
verified_only,loao,0,2,xgb_physics9,Mg3AsBr3,Mg,As,Br,1.2907,1.719498,
verified_only,loao,0,2,xgb_physics9,Mg3BiBr3,Mg,Bi,Br,0.9648,1.797574,
verified_only,loao,0,2,xgb_physics9,Mg3BiI3,Mg,Bi,I,0.224,1.367103,
verified_only,loao,0,2,xgb_physics9,Mg3PBr3,Mg,P,Br,1.506,1.856745,
verified_only,loao,0,2,xgb_physics9,Mg3PCl3,Mg,P,Cl,2.297,1.986804,
verified_only,loao,0,2,xgb_physics9,Mg3PI3,Mg,P,I,0.377,1.491795,
verified_only,loao,0,2,xgb_physics9,Mg3SbBr3,Mg,Sb,Br,0.9418,1.808752,
verified_only,loao,0,2,xgb_physics9,Mg3SbCl3,Mg,Sb,Cl,1.7283,1.863789,
verified_only,loao,0,2,xgb_physics9,Mg3SbF3,Mg,Sb,F,3.184,2.195841,
verified_only,loao,0,2,xgb_physics9,Mg3SbI3,Mg,Sb,I,0.1057,1.377456,
verified_only,loao,0,3,xgb_physics9,Sr3AsCl3,Sr,As,Cl,1.7,1.615223,
verified_only,loao,0,3,xgb_physics9,Sr3AsI3,Sr,As,I,1.265,1.139736,
verified_only,loao,0,3,xgb_physics9,Sr3PBr3,Sr,P,Br,1.55,1.824153,
verified_only,loao,0,3,xgb_physics9,Sr3PCl3,Sr,P,Cl,1.677,1.945488,
verified_only,loao,0,3,xgb_physics9,Sr3PI3,Sr,P,I,1.258,1.430772,
verified_only,loao,0,3,xgb_physics9,Sr3SbCl3,Sr,Sb,Cl,1.712,1.695292,
verified_only,loao,0,3,xgb_physics9,Sr3SbI3,Sr,Sb,I,1.31,1.085284,
verified_only,gkf,0,1,gpr_physics9,Ba3AsCl3,Ba,As,Cl,0.959,1.305588,0.126282
verified_only,gkf,0,2,gpr_physics9,Ba3AsI3,Ba,As,I,0.834,0.643141,0.14396
verified_only,gkf,0,2,gpr_physics9,Ba3SbBr3,Ba,Sb,Br,1.1908,0.985037,0.132084
verified_only,gkf,0,3,gpr_physics9,Ba3SbI3,Ba,Sb,I,0.78,1.057774,0.12473
verified_only,gkf,0,1,gpr_physics9,Ca3AsBr3,Ca,As,Br,1.634,1.845791,0.057245
verified_only,gkf,0,1,gpr_physics9,Ca3AsF3,Ca,As,F,2.27,2.395732,0.059841
verified_only,gkf,0,4,gpr_physics9,Ca3BiI3,Ca,Bi,I,1.36,1.378954,0.154856
verified_only,gkf,0,4,gpr_physics9,Ca3PBr3,Ca,P,Br,1.8846,1.733866,0.094759
verified_only,gkf,0,0,gpr_physics9,Ca3PCl3,Ca,P,Cl,2.035,1.963209,0.138149
verified_only,gkf,0,0,gpr_physics9,Ca3PF3,Ca,P,F,2.518,2.308456,0.151002
verified_only,gkf,0,4,gpr_physics9,Ca3PI3,Ca,P,I,1.4909,1.306575,0.172544
verified_only,gkf,0,2,gpr_physics9,Ca3SbBr3,Ca,Sb,Br,1.782,1.618814,0.081669
verified_only,gkf,0,1,gpr_physics9,Ca3SbCl3,Ca,Sb,Cl,1.814,1.94635,0.073243
verified_only,gkf,0,2,gpr_physics9,Ca3SbF3,Ca,Sb,F,2.19,2.042647,0.173417
verified_only,gkf,0,4,gpr_physics9,Mg3AsBr3,Mg,As,Br,1.2907,1.257031,0.090302
verified_only,gkf,0,0,gpr_physics9,Mg3BiBr3,Mg,Bi,Br,0.9648,0.919427,0.118823
verified_only,gkf,0,1,gpr_physics9,Mg3BiI3,Mg,Bi,I,0.224,0.052415,0.073581
verified_only,gkf,0,0,gpr_physics9,Mg3PBr3,Mg,P,Br,1.506,1.428829,0.118775
verified_only,gkf,0,3,gpr_physics9,Mg3PCl3,Mg,P,Cl,2.297,2.073502,0.122013
verified_only,gkf,0,4,gpr_physics9,Mg3PI3,Mg,P,I,0.377,0.463447,0.207861
verified_only,gkf,0,3,gpr_physics9,Mg3SbBr3,Mg,Sb,Br,0.9418,1.084747,0.094956
verified_only,gkf,0,3,gpr_physics9,Mg3SbCl3,Mg,Sb,Cl,1.7283,1.648697,0.115515
verified_only,gkf,0,2,gpr_physics9,Mg3SbF3,Mg,Sb,F,3.184,3.136946,0.489925
verified_only,gkf,0,0,gpr_physics9,Mg3SbI3,Mg,Sb,I,0.1057,0.224315,0.113746
verified_only,gkf,0,1,gpr_physics9,Sr3AsCl3,Sr,As,Cl,1.7,1.700342,0.057902
verified_only,gkf,0,2,gpr_physics9,Sr3AsI3,Sr,As,I,1.265,1.246009,0.075671
verified_only,gkf,0,3,gpr_physics9,Sr3PBr3,Sr,P,Br,1.55,1.576534,0.09001
verified_only,gkf,0,0,gpr_physics9,Sr3PCl3,Sr,P,Cl,1.677,1.652168,0.120905
verified_only,gkf,0,4,gpr_physics9,Sr3PI3,Sr,P,I,1.258,1.255537,0.122038
verified_only,gkf,0,0,gpr_physics9,Sr3SbCl3,Sr,Sb,Cl,1.712,1.636776,0.125206
verified_only,gkf,0,3,gpr_physics9,Sr3SbI3,Sr,Sb,I,1.31,1.347655,0.100456
verified_only,gkf,1,5,gpr_physics9,Ba3AsCl3,Ba,As,Cl,0.959,1.382624,0.166843
verified_only,gkf,1,7,gpr_physics9,Ba3AsI3,Ba,As,I,0.834,0.872481,0.157814
verified_only,gkf,1,8,gpr_physics9,Ba3SbBr3,Ba,Sb,Br,1.1908,0.92174,0.116913
verified_only,gkf,1,7,gpr_physics9,Ba3SbI3,Ba,Sb,I,0.78,1.091581,0.147428
verified_only,gkf,1,8,gpr_physics9,Ca3AsBr3,Ca,As,Br,1.634,1.805456,0.091974
verified_only,gkf,1,5,gpr_physics9,Ca3AsF3,Ca,As,F,2.27,2.493912,0.133054
verified_only,gkf,1,7,gpr_physics9,Ca3BiI3,Ca,Bi,I,1.36,1.356202,0.138926
verified_only,gkf,1,5,gpr_physics9,Ca3PBr3,Ca,P,Br,1.8846,1.776815,0.096379
verified_only,gkf,1,7,gpr_physics9,Ca3PCl3,Ca,P,Cl,2.035,2.027106,0.096531
verified_only,gkf,1,9,gpr_physics9,Ca3PF3,Ca,P,F,2.518,2.323921,0.153906
verified_only,gkf,1,6,gpr_physics9,Ca3PI3,Ca,P,I,1.4909,1.384601,0.126195
verified_only,gkf,1,8,gpr_physics9,Ca3SbBr3,Ca,Sb,Br,1.782,1.726867,0.09934
verified_only,gkf,1,6,gpr_physics9,Ca3SbCl3,Ca,Sb,Cl,1.814,1.972075,0.107988
verified_only,gkf,1,5,gpr_physics9,Ca3SbF3,Ca,Sb,F,2.19,2.450151,0.23146
verified_only,gkf,1,9,gpr_physics9,Mg3AsBr3,Mg,As,Br,1.2907,1.296746,0.108259
verified_only,gkf,1,9,gpr_physics9,Mg3BiBr3,Mg,Bi,Br,0.9648,0.920489,0.12133
verified_only,gkf,1,6,gpr_physics9,Mg3BiI3,Mg,Bi,I,0.224,-0.043663,0.19639
verified_only,gkf,1,7,gpr_physics9,Mg3PBr3,Mg,P,Br,1.506,1.504168,0.09382
verified_only,gkf,1,8,gpr_physics9,Mg3PCl3,Mg,P,Cl,2.297,2.056963,0.125465
verified_only,gkf,1,8,gpr_physics9,Mg3PI3,Mg,P,I,0.377,0.550013,0.146275
verified_only,gkf,1,5,gpr_physics9,Mg3SbBr3,Mg,Sb,Br,0.9418,1.103068,0.09413
verified_only,gkf,1,5,gpr_physics9,Mg3SbCl3,Mg,Sb,Cl,1.7283,1.853485,0.132832
verified_only,gkf,1,8,gpr_physics9,Mg3SbF3,Mg,Sb,F,3.184,3.130815,0.516964
verified_only,gkf,1,6,gpr_physics9,Mg3SbI3,Mg,Sb,I,0.1057,0.016286,0.169661
verified_only,gkf,1,7,gpr_physics9,Sr3AsCl3,Sr,As,Cl,1.7,1.555936,0.090939
verified_only,gkf,1,6,gpr_physics9,Sr3AsI3,Sr,As,I,1.265,1.19519,0.103213
verified_only,gkf,1,9,gpr_physics9,Sr3PBr3,Sr,P,Br,1.55,1.5798,0.125524
verified_only,gkf,1,9,gpr_physics9,Sr3PCl3,Sr,P,Cl,1.677,1.682172,0.120238
verified_only,gkf,1,5,gpr_physics9,Sr3PI3,Sr,P,I,1.258,1.288192,0.098674
verified_only,gkf,1,9,gpr_physics9,Sr3SbCl3,Sr,Sb,Cl,1.712,1.642744,0.126408
verified_only,gkf,1,6,gpr_physics9,Sr3SbI3,Sr,Sb,I,1.31,1.23443,0.104731
verified_only,gkf,2,10,gpr_physics9,Ba3AsCl3,Ba,As,Cl,0.959,1.354285,0.126687
verified_only,gkf,2,12,gpr_physics9,Ba3AsI3,Ba,As,I,0.834,0.718743,0.134857
verified_only,gkf,2,14,gpr_physics9,Ba3SbBr3,Ba,Sb,Br,1.1908,0.933949,0.126667
verified_only,gkf,2,13,gpr_physics9,Ba3SbI3,Ba,Sb,I,0.78,1.053069,0.117964
verified_only,gkf,2,10,gpr_physics9,Ca3AsBr3,Ca,As,Br,1.634,1.82462,0.072407
verified_only,gkf,2,12,gpr_physics9,Ca3AsF3,Ca,As,F,2.27,2.205549,0.255412
verified_only,gkf,2,14,gpr_physics9,Ca3BiI3,Ca,Bi,I,1.36,1.358601,0.148696
verified_only,gkf,2,14,gpr_physics9,Ca3PBr3,Ca,P,Br,1.8846,1.767052,0.068325
verified_only,gkf,2,10,gpr_physics9,Ca3PCl3,Ca,P,Cl,2.035,1.993943,0.092435
verified_only,gkf,2,12,gpr_physics9,Ca3PF3,Ca,P,F,2.518,2.235584,0.374603
verified_only,gkf,2,10,gpr_physics9,Ca3PI3,Ca,P,I,1.4909,1.508603,0.114306
verified_only,gkf,2,14,gpr_physics9,Ca3SbBr3,Ca,Sb,Br,1.782,1.604979,0.085934
verified_only,gkf,2,12,gpr_physics9,Ca3SbCl3,Ca,Sb,Cl,1.814,1.951531,0.102746
verified_only,gkf,2,13,gpr_physics9,Ca3SbF3,Ca,Sb,F,2.19,2.117921,0.208259
verified_only,gkf,2,14,gpr_physics9,Mg3AsBr3,Mg,As,Br,1.2907,1.241821,0.071155
verified_only,gkf,2,11,gpr_physics9,Mg3BiBr3,Mg,Bi,Br,0.9648,1.03938,0.133076
verified_only,gkf,2,13,gpr_physics9,Mg3BiI3,Mg,Bi,I,0.224,0.030349,0.108753
verified_only,gkf,2,13,gpr_physics9,Mg3PBr3,Mg,P,Br,1.506,1.498171,0.093837
verified_only,gkf,2,11,gpr_physics9,Mg3PCl3,Mg,P,Cl,2.297,1.953243,0.148723
verified_only,gkf,2,12,gpr_physics9,Mg3PI3,Mg,P,I,0.377,0.548315,0.190406
verified_only,gkf,2,10,gpr_physics9,Mg3SbBr3,Mg,Sb,Br,0.9418,1.060319,0.06925
verified_only,gkf,2,12,gpr_physics9,Mg3SbCl3,Mg,Sb,Cl,1.7283,1.62055,0.11797
verified_only,gkf,2,13,gpr_physics9,Mg3SbF3,Mg,Sb,F,3.184,3.353651,0.545155
verified_only,gkf,2,11,gpr_physics9,Mg3SbI3,Mg,Sb,I,0.1057,0.248349,0.135742
verified_only,gkf,2,11,gpr_physics9,Sr3AsCl3,Sr,As,Cl,1.7,1.647706,0.127233
verified_only,gkf,2,10,gpr_physics9,Sr3AsI3,Sr,As,I,1.265,1.221564,0.078943
verified_only,gkf,2,11,gpr_physics9,Sr3PBr3,Sr,P,Br,1.55,1.562849,0.126302
verified_only,gkf,2,13,gpr_physics9,Sr3PCl3,Sr,P,Cl,1.677,1.712901,0.090587
verified_only,gkf,2,14,gpr_physics9,Sr3PI3,Sr,P,I,1.258,1.354349,0.080156
verified_only,gkf,2,11,gpr_physics9,Sr3SbCl3,Sr,Sb,Cl,1.712,1.603737,0.136264
verified_only,gkf,2,10,gpr_physics9,Sr3SbI3,Sr,Sb,I,1.31,1.171711,0.08871
verified_only,gkf,3,18,gpr_physics9,Ba3AsCl3,Ba,As,Cl,0.959,1.291569,0.165734
verified_only,gkf,3,15,gpr_physics9,Ba3AsI3,Ba,As,I,0.834,0.777911,0.179583
verified_only,gkf,3,16,gpr_physics9,Ba3SbBr3,Ba,Sb,Br,1.1908,0.860848,0.124466
verified_only,gkf,3,15,gpr_physics9,Ba3SbI3,Ba,Sb,I,0.78,0.977377,0.15784
verified_only,gkf,3,15,gpr_physics9,Ca3AsBr3,Ca,As,Br,1.634,1.873733,0.044847
verified_only,gkf,3,15,gpr_physics9,Ca3AsF3,Ca,As,F,2.27,2.315298,0.232353
verified_only,gkf,3,17,gpr_physics9,Ca3BiI3,Ca,Bi,I,1.36,1.345756,0.16495
verified_only,gkf,3,17,gpr_physics9,Ca3PBr3,Ca,P,Br,1.8846,1.765468,0.084212
verified_only,gkf,3,18,gpr_physics9,Ca3PCl3,Ca,P,Cl,2.035,1.953827,0.112036
verified_only,gkf,3,15,gpr_physics9,Ca3PF3,Ca,P,F,2.518,2.354686,0.320513
verified_only,gkf,3,16,gpr_physics9,Ca3PI3,Ca,P,I,1.4909,1.388658,0.113576
verified_only,gkf,3,17,gpr_physics9,Ca3SbBr3,Ca,Sb,Br,1.782,1.621284,0.1042
verified_only,gkf,3,19,gpr_physics9,Ca3SbCl3,Ca,Sb,Cl,1.814,1.951868,0.118065
verified_only,gkf,3,16,gpr_physics9,Ca3SbF3,Ca,Sb,F,2.19,2.016526,0.178249
verified_only,gkf,3,19,gpr_physics9,Mg3AsBr3,Mg,As,Br,1.2907,1.365029,0.127735
verified_only,gkf,3,19,gpr_physics9,Mg3BiBr3,Mg,Bi,Br,0.9648,1.060046,0.133635
verified_only,gkf,3,16,gpr_physics9,Mg3BiI3,Mg,Bi,I,0.224,0.034829,0.107008
verified_only,gkf,3,19,gpr_physics9,Mg3PBr3,Mg,P,Br,1.506,1.514838,0.127043
verified_only,gkf,3,15,gpr_physics9,Mg3PCl3,Mg,P,Cl,2.297,2.267515,0.111118
verified_only,gkf,3,17,gpr_physics9,Mg3PI3,Mg,P,I,0.377,0.491009,0.20216
verified_only,gkf,3,19,gpr_physics9,Mg3SbBr3,Mg,Sb,Br,0.9418,1.14552,0.125229
verified_only,gkf,3,17,gpr_physics9,Mg3SbCl3,Mg,Sb,Cl,1.7283,1.658911,0.141813
verified_only,gkf,3,17,gpr_physics9,Mg3SbF3,Mg,Sb,F,3.184,2.882967,0.602863
verified_only,gkf,3,18,gpr_physics9,Mg3SbI3,Mg,Sb,I,0.1057,0.215571,0.098037
verified_only,gkf,3,18,gpr_physics9,Sr3AsCl3,Sr,As,Cl,1.7,1.661994,0.096922
verified_only,gkf,3,15,gpr_physics9,Sr3AsI3,Sr,As,I,1.265,1.282559,0.062133
verified_only,gkf,3,18,gpr_physics9,Sr3PBr3,Sr,P,Br,1.55,1.594739,0.106254
verified_only,gkf,3,16,gpr_physics9,Sr3PCl3,Sr,P,Cl,1.677,1.723687,0.091035
verified_only,gkf,3,18,gpr_physics9,Sr3PI3,Sr,P,I,1.258,1.318547,0.103201
verified_only,gkf,3,16,gpr_physics9,Sr3SbCl3,Sr,Sb,Cl,1.712,1.542459,0.103952
verified_only,gkf,3,19,gpr_physics9,Sr3SbI3,Sr,Sb,I,1.31,1.252159,0.11091
verified_only,gkf,4,23,gpr_physics9,Ba3AsCl3,Ba,As,Cl,0.959,1.203495,0.215095
verified_only,gkf,4,23,gpr_physics9,Ba3AsI3,Ba,As,I,0.834,0.72084,0.125318
verified_only,gkf,4,23,gpr_physics9,Ba3SbBr3,Ba,Sb,Br,1.1908,1.087645,0.158545
verified_only,gkf,4,20,gpr_physics9,Ba3SbI3,Ba,Sb,I,0.78,1.084819,0.109451
verified_only,gkf,4,23,gpr_physics9,Ca3AsBr3,Ca,As,Br,1.634,1.838185,0.07207
verified_only,gkf,4,20,gpr_physics9,Ca3AsF3,Ca,As,F,2.27,2.363998,0.108185
verified_only,gkf,4,24,gpr_physics9,Ca3BiI3,Ca,Bi,I,1.36,1.196647,0.243506
verified_only,gkf,4,24,gpr_physics9,Ca3PBr3,Ca,P,Br,1.8846,1.75011,0.100361
verified_only,gkf,4,24,gpr_physics9,Ca3PCl3,Ca,P,Cl,2.035,1.978303,0.139241
verified_only,gkf,4,21,gpr_physics9,Ca3PF3,Ca,P,F,2.518,2.334416,0.137344
verified_only,gkf,4,20,gpr_physics9,Ca3PI3,Ca,P,I,1.4909,1.411185,0.096219
verified_only,gkf,4,24,gpr_physics9,Ca3SbBr3,Ca,Sb,Br,1.782,1.587858,0.119442
verified_only,gkf,4,20,gpr_physics9,Ca3SbCl3,Ca,Sb,Cl,1.814,1.963132,0.082067
verified_only,gkf,4,22,gpr_physics9,Ca3SbF3,Ca,Sb,F,2.19,2.144671,0.191325
verified_only,gkf,4,21,gpr_physics9,Mg3AsBr3,Mg,As,Br,1.2907,1.324706,0.10112
verified_only,gkf,4,23,gpr_physics9,Mg3BiBr3,Mg,Bi,Br,0.9648,0.911573,0.084059
verified_only,gkf,4,21,gpr_physics9,Mg3BiI3,Mg,Bi,I,0.224,0.003583,0.120794
verified_only,gkf,4,22,gpr_physics9,Mg3PBr3,Mg,P,Br,1.506,1.45592,0.110162
verified_only,gkf,4,20,gpr_physics9,Mg3PCl3,Mg,P,Cl,2.297,2.154665,0.130368
verified_only,gkf,4,20,gpr_physics9,Mg3PI3,Mg,P,I,0.377,0.58774,0.192007
verified_only,gkf,4,22,gpr_physics9,Mg3SbBr3,Mg,Sb,Br,0.9418,1.088053,0.101048
verified_only,gkf,4,22,gpr_physics9,Mg3SbCl3,Mg,Sb,Cl,1.7283,1.791778,0.139127
verified_only,gkf,4,21,gpr_physics9,Mg3SbF3,Mg,Sb,F,3.184,3.276626,0.541142
verified_only,gkf,4,22,gpr_physics9,Mg3SbI3,Mg,Sb,I,0.1057,0.233302,0.103779
verified_only,gkf,4,20,gpr_physics9,Sr3AsCl3,Sr,As,Cl,1.7,1.571525,0.0815
verified_only,gkf,4,23,gpr_physics9,Sr3AsI3,Sr,As,I,1.265,1.27787,0.073323
verified_only,gkf,4,22,gpr_physics9,Sr3PBr3,Sr,P,Br,1.55,1.595419,0.109839
verified_only,gkf,4,24,gpr_physics9,Sr3PCl3,Sr,P,Cl,1.677,1.682973,0.101461
verified_only,gkf,4,21,gpr_physics9,Sr3PI3,Sr,P,I,1.258,1.301918,0.107109
verified_only,gkf,4,21,gpr_physics9,Sr3SbCl3,Sr,Sb,Cl,1.712,1.64537,0.113089
verified_only,gkf,4,24,gpr_physics9,Sr3SbI3,Sr,Sb,I,1.31,1.180521,0.147139
verified_only,gkf,5,25,gpr_physics9,Ba3AsCl3,Ba,As,Cl,0.959,1.334919,0.159891
verified_only,gkf,5,26,gpr_physics9,Ba3AsI3,Ba,As,I,0.834,0.730437,0.145385
verified_only,gkf,5,26,gpr_physics9,Ba3SbBr3,Ba,Sb,Br,1.1908,0.934058,0.143121
verified_only,gkf,5,28,gpr_physics9,Ba3SbI3,Ba,Sb,I,0.78,1.007355,0.117545
verified_only,gkf,5,28,gpr_physics9,Ca3AsBr3,Ca,As,Br,1.634,1.828716,0.063941
verified_only,gkf,5,26,gpr_physics9,Ca3AsF3,Ca,As,F,2.27,2.392637,0.095538
verified_only,gkf,5,29,gpr_physics9,Ca3BiI3,Ca,Bi,I,1.36,1.308402,0.132067
verified_only,gkf,5,25,gpr_physics9,Ca3PBr3,Ca,P,Br,1.8846,1.741292,0.089642
verified_only,gkf,5,26,gpr_physics9,Ca3PCl3,Ca,P,Cl,2.035,2.01333,0.112515
verified_only,gkf,5,29,gpr_physics9,Ca3PF3,Ca,P,F,2.518,2.275968,0.139897
verified_only,gkf,5,27,gpr_physics9,Ca3PI3,Ca,P,I,1.4909,1.377513,0.128855
verified_only,gkf,5,25,gpr_physics9,Ca3SbBr3,Ca,Sb,Br,1.782,1.627944,0.098097
verified_only,gkf,5,29,gpr_physics9,Ca3SbCl3,Ca,Sb,Cl,1.814,1.961709,0.110155
verified_only,gkf,5,25,gpr_physics9,Ca3SbF3,Ca,Sb,F,2.19,2.083547,0.173869
verified_only,gkf,5,28,gpr_physics9,Mg3AsBr3,Mg,As,Br,1.2907,1.230506,0.065304
verified_only,gkf,5,27,gpr_physics9,Mg3BiBr3,Mg,Bi,Br,0.9648,1.291599,0.139959
verified_only,gkf,5,29,gpr_physics9,Mg3BiI3,Mg,Bi,I,0.224,0.006557,0.12087
verified_only,gkf,5,25,gpr_physics9,Mg3PBr3,Mg,P,Br,1.506,1.464218,0.095314
verified_only,gkf,5,29,gpr_physics9,Mg3PCl3,Mg,P,Cl,2.297,2.044131,0.127159
verified_only,gkf,5,28,gpr_physics9,Mg3PI3,Mg,P,I,0.377,0.472137,0.172296
verified_only,gkf,5,27,gpr_physics9,Mg3SbBr3,Mg,Sb,Br,0.9418,1.324155,0.126687
verified_only,gkf,5,27,gpr_physics9,Mg3SbCl3,Mg,Sb,Cl,1.7283,2.104701,0.150564
verified_only,gkf,5,26,gpr_physics9,Mg3SbF3,Mg,Sb,F,3.184,3.079069,0.520053
verified_only,gkf,5,27,gpr_physics9,Mg3SbI3,Mg,Sb,I,0.1057,0.275614,0.11352
verified_only,gkf,5,25,gpr_physics9,Sr3AsCl3,Sr,As,Cl,1.7,1.702854,0.085609
verified_only,gkf,5,25,gpr_physics9,Sr3AsI3,Sr,As,I,1.265,1.272338,0.084534
verified_only,gkf,5,28,gpr_physics9,Sr3PBr3,Sr,P,Br,1.55,1.588387,0.077431
verified_only,gkf,5,29,gpr_physics9,Sr3PCl3,Sr,P,Cl,1.677,1.688457,0.104076
verified_only,gkf,5,28,gpr_physics9,Sr3PI3,Sr,P,I,1.258,1.291685,0.080066
verified_only,gkf,5,27,gpr_physics9,Sr3SbCl3,Sr,Sb,Cl,1.712,1.601051,0.116542
verified_only,gkf,5,26,gpr_physics9,Sr3SbI3,Sr,Sb,I,1.31,1.269554,0.108723
verified_only,gkf,6,33,gpr_physics9,Ba3AsCl3,Ba,As,Cl,0.959,1.163555,0.236285
verified_only,gkf,6,30,gpr_physics9,Ba3AsI3,Ba,As,I,0.834,0.831554,0.144392
verified_only,gkf,6,33,gpr_physics9,Ba3SbBr3,Ba,Sb,Br,1.1908,1.016869,0.185245
verified_only,gkf,6,30,gpr_physics9,Ba3SbI3,Ba,Sb,I,0.78,1.087124,0.130512
verified_only,gkf,6,31,gpr_physics9,Ca3AsBr3,Ca,As,Br,1.634,1.829826,0.076266
verified_only,gkf,6,32,gpr_physics9,Ca3AsF3,Ca,As,F,2.27,2.445643,0.142241
verified_only,gkf,6,34,gpr_physics9,Ca3BiI3,Ca,Bi,I,1.36,1.527235,0.155589
verified_only,gkf,6,32,gpr_physics9,Ca3PBr3,Ca,P,Br,1.8846,1.7823,0.100574
verified_only,gkf,6,33,gpr_physics9,Ca3PCl3,Ca,P,Cl,2.035,2.030394,0.120406
verified_only,gkf,6,31,gpr_physics9,Ca3PF3,Ca,P,F,2.518,2.30545,0.111025
verified_only,gkf,6,34,gpr_physics9,Ca3PI3,Ca,P,I,1.4909,1.455193,0.097885
verified_only,gkf,6,30,gpr_physics9,Ca3SbBr3,Ca,Sb,Br,1.782,1.621065,0.070899
verified_only,gkf,6,33,gpr_physics9,Ca3SbCl3,Ca,Sb,Cl,1.814,1.954215,0.121801
verified_only,gkf,6,32,gpr_physics9,Ca3SbF3,Ca,Sb,F,2.19,2.324074,0.256373
verified_only,gkf,6,30,gpr_physics9,Mg3AsBr3,Mg,As,Br,1.2907,1.236893,0.084308
verified_only,gkf,6,30,gpr_physics9,Mg3BiBr3,Mg,Bi,Br,0.9648,0.932703,0.094403
verified_only,gkf,6,31,gpr_physics9,Mg3BiI3,Mg,Bi,I,0.224,-0.088935,0.152947
verified_only,gkf,6,30,gpr_physics9,Mg3PBr3,Mg,P,Br,1.506,1.530989,0.077334
verified_only,gkf,6,31,gpr_physics9,Mg3PCl3,Mg,P,Cl,2.297,2.120452,0.110628
verified_only,gkf,6,33,gpr_physics9,Mg3PI3,Mg,P,I,0.377,0.527729,0.184397
verified_only,gkf,6,32,gpr_physics9,Mg3SbBr3,Mg,Sb,Br,0.9418,1.071285,0.09462
verified_only,gkf,6,30,gpr_physics9,Mg3SbCl3,Mg,Sb,Cl,1.7283,1.529927,0.099617
verified_only,gkf,6,34,gpr_physics9,Mg3SbF3,Mg,Sb,F,3.184,3.324165,0.513695
verified_only,gkf,6,31,gpr_physics9,Mg3SbI3,Mg,Sb,I,0.1057,0.005905,0.13217
verified_only,gkf,6,34,gpr_physics9,Sr3AsCl3,Sr,As,Cl,1.7,1.439281,0.06442
verified_only,gkf,6,34,gpr_physics9,Sr3AsI3,Sr,As,I,1.265,1.129372,0.067809
verified_only,gkf,6,33,gpr_physics9,Sr3PBr3,Sr,P,Br,1.55,1.524325,0.105321
verified_only,gkf,6,34,gpr_physics9,Sr3PCl3,Sr,P,Cl,1.677,1.652735,0.058135
verified_only,gkf,6,31,gpr_physics9,Sr3PI3,Sr,P,I,1.258,1.290265,0.085781
verified_only,gkf,6,32,gpr_physics9,Sr3SbCl3,Sr,Sb,Cl,1.712,1.658959,0.116644
verified_only,gkf,6,32,gpr_physics9,Sr3SbI3,Sr,Sb,I,1.31,1.261135,0.108471
verified_only,gkf,7,37,gpr_physics9,Ba3AsCl3,Ba,As,Cl,0.959,1.342821,0.171697
verified_only,gkf,7,39,gpr_physics9,Ba3AsI3,Ba,As,I,0.834,0.593731,0.14376
verified_only,gkf,7,38,gpr_physics9,Ba3SbBr3,Ba,Sb,Br,1.1908,0.92846,0.119116
verified_only,gkf,7,35,gpr_physics9,Ba3SbI3,Ba,Sb,I,0.78,1.084391,0.117167
verified_only,gkf,7,38,gpr_physics9,Ca3AsBr3,Ca,As,Br,1.634,1.832841,0.06602
verified_only,gkf,7,36,gpr_physics9,Ca3AsF3,Ca,As,F,2.27,2.36677,0.335244
verified_only,gkf,7,39,gpr_physics9,Ca3BiI3,Ca,Bi,I,1.36,1.298699,0.152972
verified_only,gkf,7,36,gpr_physics9,Ca3PBr3,Ca,P,Br,1.8846,1.796273,0.042076
verified_only,gkf,7,35,gpr_physics9,Ca3PCl3,Ca,P,Cl,2.035,2.1181,0.105007
verified_only,gkf,7,36,gpr_physics9,Ca3PF3,Ca,P,F,2.518,2.486382,0.383556
verified_only,gkf,7,35,gpr_physics9,Ca3PI3,Ca,P,I,1.4909,1.362905,0.106944
verified_only,gkf,7,39,gpr_physics9,Ca3SbBr3,Ca,Sb,Br,1.782,1.635302,0.093337
verified_only,gkf,7,35,gpr_physics9,Ca3SbCl3,Ca,Sb,Cl,1.814,1.964897,0.091934
verified_only,gkf,7,35,gpr_physics9,Ca3SbF3,Ca,Sb,F,2.19,2.061099,0.227614
verified_only,gkf,7,37,gpr_physics9,Mg3AsBr3,Mg,As,Br,1.2907,1.268129,0.111635
verified_only,gkf,7,37,gpr_physics9,Mg3BiBr3,Mg,Bi,Br,0.9648,0.996656,0.120918
verified_only,gkf,7,39,gpr_physics9,Mg3BiI3,Mg,Bi,I,0.224,0.05646,0.100114
verified_only,gkf,7,36,gpr_physics9,Mg3PBr3,Mg,P,Br,1.506,1.474048,0.073096
verified_only,gkf,7,37,gpr_physics9,Mg3PCl3,Mg,P,Cl,2.297,2.007043,0.15125
verified_only,gkf,7,39,gpr_physics9,Mg3PI3,Mg,P,I,0.377,0.522395,0.16865
verified_only,gkf,7,38,gpr_physics9,Mg3SbBr3,Mg,Sb,Br,0.9418,1.079365,0.067984
verified_only,gkf,7,38,gpr_physics9,Mg3SbCl3,Mg,Sb,Cl,1.7283,1.771987,0.104327
verified_only,gkf,7,37,gpr_physics9,Mg3SbF3,Mg,Sb,F,3.184,2.844613,0.623354
verified_only,gkf,7,38,gpr_physics9,Mg3SbI3,Mg,Sb,I,0.1057,0.230814,0.071382
verified_only,gkf,7,36,gpr_physics9,Sr3AsCl3,Sr,As,Cl,1.7,1.53257,0.059871
verified_only,gkf,7,39,gpr_physics9,Sr3AsI3,Sr,As,I,1.265,1.225505,0.084815
verified_only,gkf,7,35,gpr_physics9,Sr3PBr3,Sr,P,Br,1.55,1.583667,0.095083
verified_only,gkf,7,35,gpr_physics9,Sr3PCl3,Sr,P,Cl,1.677,1.763924,0.105733
verified_only,gkf,7,36,gpr_physics9,Sr3PI3,Sr,P,I,1.258,1.39325,0.055304
verified_only,gkf,7,37,gpr_physics9,Sr3SbCl3,Sr,Sb,Cl,1.712,1.631145,0.120272
verified_only,gkf,7,38,gpr_physics9,Sr3SbI3,Sr,Sb,I,1.31,1.24107,0.080776
verified_only,gkf,8,43,gpr_physics9,Ba3AsCl3,Ba,As,Cl,0.959,1.3241,0.175699
verified_only,gkf,8,44,gpr_physics9,Ba3AsI3,Ba,As,I,0.834,0.645988,0.11656
verified_only,gkf,8,42,gpr_physics9,Ba3SbBr3,Ba,Sb,Br,1.1908,1.122885,0.133307
verified_only,gkf,8,42,gpr_physics9,Ba3SbI3,Ba,Sb,I,0.78,1.028406,0.129678
verified_only,gkf,8,44,gpr_physics9,Ca3AsBr3,Ca,As,Br,1.634,1.843192,0.05242
verified_only,gkf,8,44,gpr_physics9,Ca3AsF3,Ca,As,F,2.27,2.398221,0.056249
verified_only,gkf,8,41,gpr_physics9,Ca3BiI3,Ca,Bi,I,1.36,1.345242,0.167764
verified_only,gkf,8,40,gpr_physics9,Ca3PBr3,Ca,P,Br,1.8846,1.79329,0.112835
verified_only,gkf,8,42,gpr_physics9,Ca3PCl3,Ca,P,Cl,2.035,2.04864,0.081052
verified_only,gkf,8,41,gpr_physics9,Ca3PF3,Ca,P,F,2.518,2.293581,0.163087
verified_only,gkf,8,43,gpr_physics9,Ca3PI3,Ca,P,I,1.4909,1.435961,0.158281
verified_only,gkf,8,41,gpr_physics9,Ca3SbBr3,Ca,Sb,Br,1.782,1.593456,0.10404
verified_only,gkf,8,42,gpr_physics9,Ca3SbCl3,Ca,Sb,Cl,1.814,1.953908,0.082081
verified_only,gkf,8,41,gpr_physics9,Ca3SbF3,Ca,Sb,F,2.19,2.217607,0.245198
verified_only,gkf,8,41,gpr_physics9,Mg3AsBr3,Mg,As,Br,1.2907,1.246827,0.08036
verified_only,gkf,8,43,gpr_physics9,Mg3BiBr3,Mg,Bi,Br,0.9648,0.912631,0.123592
verified_only,gkf,8,40,gpr_physics9,Mg3BiI3,Mg,Bi,I,0.224,0.059245,0.132599
verified_only,gkf,8,40,gpr_physics9,Mg3PBr3,Mg,P,Br,1.506,1.322094,0.130999
verified_only,gkf,8,40,gpr_physics9,Mg3PCl3,Mg,P,Cl,2.297,1.943053,0.15183
verified_only,gkf,8,44,gpr_physics9,Mg3PI3,Mg,P,I,0.377,0.609579,0.182633
verified_only,gkf,8,42,gpr_physics9,Mg3SbBr3,Mg,Sb,Br,0.9418,1.064759,0.070628
verified_only,gkf,8,43,gpr_physics9,Mg3SbCl3,Mg,Sb,Cl,1.7283,1.697681,0.151743
verified_only,gkf,8,41,gpr_physics9,Mg3SbF3,Mg,Sb,F,3.184,2.892312,0.554849
verified_only,gkf,8,44,gpr_physics9,Mg3SbI3,Mg,Sb,I,0.1057,0.248194,0.069788
verified_only,gkf,8,42,gpr_physics9,Sr3AsCl3,Sr,As,Cl,1.7,1.567765,0.076755
verified_only,gkf,8,40,gpr_physics9,Sr3AsI3,Sr,As,I,1.265,1.276247,0.112271
verified_only,gkf,8,40,gpr_physics9,Sr3PBr3,Sr,P,Br,1.55,1.579726,0.119604
verified_only,gkf,8,40,gpr_physics9,Sr3PCl3,Sr,P,Cl,1.677,1.713299,0.11791
verified_only,gkf,8,43,gpr_physics9,Sr3PI3,Sr,P,I,1.258,1.270748,0.123028
verified_only,gkf,8,43,gpr_physics9,Sr3SbCl3,Sr,Sb,Cl,1.712,1.639923,0.115237
verified_only,gkf,8,44,gpr_physics9,Sr3SbI3,Sr,Sb,I,1.31,1.284521,0.07084
verified_only,gkf,9,49,gpr_physics9,Ba3AsCl3,Ba,As,Cl,0.959,1.317971,0.16852
verified_only,gkf,9,47,gpr_physics9,Ba3AsI3,Ba,As,I,0.834,0.658505,0.140775
verified_only,gkf,9,48,gpr_physics9,Ba3SbBr3,Ba,Sb,Br,1.1908,0.872735,0.13892
verified_only,gkf,9,45,gpr_physics9,Ba3SbI3,Ba,Sb,I,0.78,1.052226,0.115239
verified_only,gkf,9,46,gpr_physics9,Ca3AsBr3,Ca,As,Br,1.634,1.871617,0.094991
verified_only,gkf,9,45,gpr_physics9,Ca3AsF3,Ca,As,F,2.27,2.370336,0.10103
verified_only,gkf,9,49,gpr_physics9,Ca3BiI3,Ca,Bi,I,1.36,1.417463,0.155212
verified_only,gkf,9,49,gpr_physics9,Ca3PBr3,Ca,P,Br,1.8846,1.732691,0.09836
verified_only,gkf,9,46,gpr_physics9,Ca3PCl3,Ca,P,Cl,2.035,2.084557,0.097945
verified_only,gkf,9,48,gpr_physics9,Ca3PF3,Ca,P,F,2.518,2.317844,0.139711
verified_only,gkf,9,49,gpr_physics9,Ca3PI3,Ca,P,I,1.4909,1.369468,0.142867
verified_only,gkf,9,46,gpr_physics9,Ca3SbBr3,Ca,Sb,Br,1.782,1.844852,0.119094
verified_only,gkf,9,46,gpr_physics9,Ca3SbCl3,Ca,Sb,Cl,1.814,2.0217,0.116471
verified_only,gkf,9,47,gpr_physics9,Ca3SbF3,Ca,Sb,F,2.19,2.205477,0.176676
verified_only,gkf,9,46,gpr_physics9,Mg3AsBr3,Mg,As,Br,1.2907,1.272404,0.085737
verified_only,gkf,9,47,gpr_physics9,Mg3BiBr3,Mg,Bi,Br,0.9648,0.923382,0.103452
verified_only,gkf,9,47,gpr_physics9,Mg3BiI3,Mg,Bi,I,0.224,-0.001982,0.116247
verified_only,gkf,9,49,gpr_physics9,Mg3PBr3,Mg,P,Br,1.506,1.460338,0.100105
verified_only,gkf,9,47,gpr_physics9,Mg3PCl3,Mg,P,Cl,2.297,2.118015,0.125687
verified_only,gkf,9,46,gpr_physics9,Mg3PI3,Mg,P,I,0.377,0.49122,0.188669
verified_only,gkf,9,45,gpr_physics9,Mg3SbBr3,Mg,Sb,Br,0.9418,1.087731,0.089359
verified_only,gkf,9,45,gpr_physics9,Mg3SbCl3,Mg,Sb,Cl,1.7283,1.693665,0.115124
verified_only,gkf,9,48,gpr_physics9,Mg3SbF3,Mg,Sb,F,3.184,3.096069,0.592032
verified_only,gkf,9,45,gpr_physics9,Mg3SbI3,Mg,Sb,I,0.1057,0.227209,0.092319
verified_only,gkf,9,49,gpr_physics9,Sr3AsCl3,Sr,As,Cl,1.7,1.701332,0.090536
verified_only,gkf,9,48,gpr_physics9,Sr3AsI3,Sr,As,I,1.265,1.260035,0.097274
verified_only,gkf,9,45,gpr_physics9,Sr3PBr3,Sr,P,Br,1.55,1.573151,0.089138
verified_only,gkf,9,47,gpr_physics9,Sr3PCl3,Sr,P,Cl,1.677,1.724305,0.096954
verified_only,gkf,9,45,gpr_physics9,Sr3PI3,Sr,P,I,1.258,1.32242,0.091121
verified_only,gkf,9,48,gpr_physics9,Sr3SbCl3,Sr,Sb,Cl,1.712,1.553246,0.114432
verified_only,gkf,9,48,gpr_physics9,Sr3SbI3,Sr,Sb,I,1.31,1.229883,0.10737
verified_only,gkf,0,1,halide_rule,Ba3AsCl3,Ba,As,Cl,0.959,1.88986,
verified_only,gkf,0,2,halide_rule,Ba3AsI3,Ba,As,I,0.834,0.8632,
verified_only,gkf,0,2,halide_rule,Ba3SbBr3,Ba,Sb,Br,1.1908,1.395986,
verified_only,gkf,0,3,halide_rule,Ba3SbI3,Ba,Sb,I,0.78,0.864325,
verified_only,gkf,0,1,halide_rule,Ca3AsBr3,Ca,As,Br,1.634,1.388838,
verified_only,gkf,0,1,halide_rule,Ca3AsF3,Ca,As,F,2.27,2.630667,
verified_only,gkf,0,4,halide_rule,Ca3BiI3,Ca,Bi,I,1.36,0.753117,
verified_only,gkf,0,4,halide_rule,Ca3PBr3,Ca,P,Br,1.8846,1.367057,
verified_only,gkf,0,0,halide_rule,Ca3PCl3,Ca,P,Cl,2.035,1.69966,
verified_only,gkf,0,0,halide_rule,Ca3PF3,Ca,P,F,2.518,2.548,
verified_only,gkf,0,4,halide_rule,Ca3PI3,Ca,P,I,1.4909,0.753117,
verified_only,gkf,0,2,halide_rule,Ca3SbBr3,Ca,Sb,Br,1.782,1.395986,
verified_only,gkf,0,1,halide_rule,Ca3SbCl3,Ca,Sb,Cl,1.814,1.88986,
verified_only,gkf,0,2,halide_rule,Ca3SbF3,Ca,Sb,F,2.19,2.394,
verified_only,gkf,0,4,halide_rule,Mg3AsBr3,Mg,As,Br,1.2907,1.367057,
verified_only,gkf,0,0,halide_rule,Mg3BiBr3,Mg,Bi,Br,0.9648,1.4677,
verified_only,gkf,0,1,halide_rule,Mg3BiI3,Mg,Bi,I,0.224,0.975622,
verified_only,gkf,0,0,halide_rule,Mg3PBr3,Mg,P,Br,1.506,1.4677,
verified_only,gkf,0,3,halide_rule,Mg3PCl3,Mg,P,Cl,2.297,1.6495,
verified_only,gkf,0,4,halide_rule,Mg3PI3,Mg,P,I,0.377,0.753117,
verified_only,gkf,0,3,halide_rule,Mg3SbBr3,Mg,Sb,Br,0.9418,1.4647,
verified_only,gkf,0,3,halide_rule,Mg3SbCl3,Mg,Sb,Cl,1.7283,1.6495,
verified_only,gkf,0,2,halide_rule,Mg3SbF3,Mg,Sb,F,3.184,2.394,
verified_only,gkf,0,0,halide_rule,Mg3SbI3,Mg,Sb,I,0.1057,0.988767,
verified_only,gkf,0,1,halide_rule,Sr3AsCl3,Sr,As,Cl,1.7,1.88986,
verified_only,gkf,0,2,halide_rule,Sr3AsI3,Sr,As,I,1.265,0.8632,
verified_only,gkf,0,3,halide_rule,Sr3PBr3,Sr,P,Br,1.55,1.4647,
verified_only,gkf,0,0,halide_rule,Sr3PCl3,Sr,P,Cl,1.677,1.69966,
verified_only,gkf,0,4,halide_rule,Sr3PI3,Sr,P,I,1.258,0.753117,
verified_only,gkf,0,0,halide_rule,Sr3SbCl3,Sr,Sb,Cl,1.712,1.69966,
verified_only,gkf,0,3,halide_rule,Sr3SbI3,Sr,Sb,I,1.31,0.864325,
verified_only,gkf,1,5,halide_rule,Ba3AsCl3,Ba,As,Cl,0.959,1.8725,
verified_only,gkf,1,7,halide_rule,Ba3AsI3,Ba,As,I,0.834,0.861514,
verified_only,gkf,1,8,halide_rule,Ba3SbBr3,Ba,Sb,Br,1.1908,1.356317,
verified_only,gkf,1,7,halide_rule,Ba3SbI3,Ba,Sb,I,0.78,0.861514,
verified_only,gkf,1,8,halide_rule,Ca3AsBr3,Ca,As,Br,1.634,1.356317,
verified_only,gkf,1,5,halide_rule,Ca3AsF3,Ca,As,F,2.27,2.851,
verified_only,gkf,1,7,halide_rule,Ca3BiI3,Ca,Bi,I,1.36,0.861514,
verified_only,gkf,1,5,halide_rule,Ca3PBr3,Ca,P,Br,1.8846,1.4169,
verified_only,gkf,1,7,halide_rule,Ca3PCl3,Ca,P,Cl,2.035,1.697883,
verified_only,gkf,1,9,halide_rule,Ca3PF3,Ca,P,F,2.518,2.548,
verified_only,gkf,1,6,halide_rule,Ca3PI3,Ca,P,I,1.4909,0.9218,
verified_only,gkf,1,8,halide_rule,Ca3SbBr3,Ca,Sb,Br,1.782,1.356317,
verified_only,gkf,1,6,halide_rule,Ca3SbCl3,Ca,Sb,Cl,1.814,1.729757,
verified_only,gkf,1,5,halide_rule,Ca3SbF3,Ca,Sb,F,2.19,2.851,
verified_only,gkf,1,9,halide_rule,Mg3AsBr3,Mg,As,Br,1.2907,1.489867,
verified_only,gkf,1,9,halide_rule,Mg3BiBr3,Mg,Bi,Br,0.9648,1.489867,
verified_only,gkf,1,6,halide_rule,Mg3BiI3,Mg,Bi,I,0.224,0.9218,
verified_only,gkf,1,7,halide_rule,Mg3PBr3,Mg,P,Br,1.506,1.404837,
verified_only,gkf,1,8,halide_rule,Mg3PCl3,Mg,P,Cl,2.297,1.660757,
verified_only,gkf,1,8,halide_rule,Mg3PI3,Mg,P,I,0.377,0.958622,
verified_only,gkf,1,5,halide_rule,Mg3SbBr3,Mg,Sb,Br,0.9418,1.4169,
verified_only,gkf,1,5,halide_rule,Mg3SbCl3,Mg,Sb,Cl,1.7283,1.8725,
verified_only,gkf,1,8,halide_rule,Mg3SbF3,Mg,Sb,F,3.184,2.326,
verified_only,gkf,1,6,halide_rule,Mg3SbI3,Mg,Sb,I,0.1057,0.9218,
verified_only,gkf,1,7,halide_rule,Sr3AsCl3,Sr,As,Cl,1.7,1.697883,
verified_only,gkf,1,6,halide_rule,Sr3AsI3,Sr,As,I,1.265,0.9218,
verified_only,gkf,1,9,halide_rule,Sr3PBr3,Sr,P,Br,1.55,1.489867,
verified_only,gkf,1,9,halide_rule,Sr3PCl3,Sr,P,Cl,1.677,1.75555,
verified_only,gkf,1,5,halide_rule,Sr3PI3,Sr,P,I,1.258,0.860733,
verified_only,gkf,1,9,halide_rule,Sr3SbCl3,Sr,Sb,Cl,1.712,1.75555,
verified_only,gkf,1,6,halide_rule,Sr3SbI3,Sr,Sb,I,1.31,0.9218,
verified_only,gkf,2,10,halide_rule,Ba3AsCl3,Ba,As,Cl,0.959,1.821383,
verified_only,gkf,2,12,halide_rule,Ba3AsI3,Ba,As,I,0.834,0.9742,
verified_only,gkf,2,14,halide_rule,Ba3SbBr3,Ba,Sb,Br,1.1908,1.31932,
verified_only,gkf,2,13,halide_rule,Ba3SbI3,Ba,Sb,I,0.78,1.000075,
verified_only,gkf,2,10,halide_rule,Ca3AsBr3,Ca,As,Br,1.634,1.4527,
verified_only,gkf,2,12,halide_rule,Ca3AsF3,Ca,As,F,2.27,2.687,
verified_only,gkf,2,14,halide_rule,Ca3BiI3,Ca,Bi,I,1.36,0.798325,
verified_only,gkf,2,14,halide_rule,Ca3PBr3,Ca,P,Br,1.8846,1.31932,
verified_only,gkf,2,10,halide_rule,Ca3PCl3,Ca,P,Cl,2.035,1.821383,
verified_only,gkf,2,12,halide_rule,Ca3PF3,Ca,P,F,2.518,2.687,
verified_only,gkf,2,10,halide_rule,Ca3PI3,Ca,P,I,1.4909,0.705529,
verified_only,gkf,2,14,halide_rule,Ca3SbBr3,Ca,Sb,Br,1.782,1.31932,
verified_only,gkf,2,12,halide_rule,Ca3SbCl3,Ca,Sb,Cl,1.814,1.73,
verified_only,gkf,2,13,halide_rule,Ca3SbF3,Ca,Sb,F,2.19,2.394,
verified_only,gkf,2,14,halide_rule,Mg3AsBr3,Mg,As,Br,1.2907,1.31932,
verified_only,gkf,2,11,halide_rule,Mg3BiBr3,Mg,Bi,Br,0.9648,1.461414,
verified_only,gkf,2,13,halide_rule,Mg3BiI3,Mg,Bi,I,0.224,1.000075,
verified_only,gkf,2,13,halide_rule,Mg3PBr3,Mg,P,Br,1.506,1.404837,
verified_only,gkf,2,11,halide_rule,Mg3PCl3,Mg,P,Cl,2.297,1.64266,
verified_only,gkf,2,12,halide_rule,Mg3PI3,Mg,P,I,0.377,0.9742,
verified_only,gkf,2,10,halide_rule,Mg3SbBr3,Mg,Sb,Br,0.9418,1.4527,
verified_only,gkf,2,12,halide_rule,Mg3SbCl3,Mg,Sb,Cl,1.7283,1.73,
verified_only,gkf,2,13,halide_rule,Mg3SbF3,Mg,Sb,F,3.184,2.394,
verified_only,gkf,2,11,halide_rule,Mg3SbI3,Mg,Sb,I,0.1057,0.988767,
verified_only,gkf,2,11,halide_rule,Sr3AsCl3,Sr,As,Cl,1.7,1.64266,
verified_only,gkf,2,10,halide_rule,Sr3AsI3,Sr,As,I,1.265,0.705529,
verified_only,gkf,2,11,halide_rule,Sr3PBr3,Sr,P,Br,1.55,1.461414,
verified_only,gkf,2,13,halide_rule,Sr3PCl3,Sr,P,Cl,1.677,1.749329,
verified_only,gkf,2,14,halide_rule,Sr3PI3,Sr,P,I,1.258,0.798325,
verified_only,gkf,2,11,halide_rule,Sr3SbCl3,Sr,Sb,Cl,1.712,1.64266,
verified_only,gkf,2,10,halide_rule,Sr3SbI3,Sr,Sb,I,1.31,0.705529,
verified_only,gkf,3,18,halide_rule,Ba3AsCl3,Ba,As,Cl,0.959,1.84566,
verified_only,gkf,3,15,halide_rule,Ba3AsI3,Ba,As,I,0.834,0.875086,
verified_only,gkf,3,16,halide_rule,Ba3SbBr3,Ba,Sb,Br,1.1908,1.444237,
verified_only,gkf,3,15,halide_rule,Ba3SbI3,Ba,Sb,I,0.78,0.875086,
verified_only,gkf,3,15,halide_rule,Ca3AsBr3,Ca,As,Br,1.634,1.388838,
verified_only,gkf,3,15,halide_rule,Ca3AsF3,Ca,As,F,2.27,2.687,
verified_only,gkf,3,17,halide_rule,Ca3BiI3,Ca,Bi,I,1.36,0.90845,
verified_only,gkf,3,17,halide_rule,Ca3PBr3,Ca,P,Br,1.8846,1.296871,
verified_only,gkf,3,18,halide_rule,Ca3PCl3,Ca,P,Cl,2.035,1.84566,
verified_only,gkf,3,15,halide_rule,Ca3PF3,Ca,P,F,2.518,2.687,
verified_only,gkf,3,16,halide_rule,Ca3PI3,Ca,P,I,1.4909,0.911212,
verified_only,gkf,3,17,halide_rule,Ca3SbBr3,Ca,Sb,Br,1.782,1.296871,
verified_only,gkf,3,19,halide_rule,Ca3SbCl3,Ca,Sb,Cl,1.814,1.729757,
verified_only,gkf,3,16,halide_rule,Ca3SbF3,Ca,Sb,F,2.19,2.657333,
verified_only,gkf,3,19,halide_rule,Mg3AsBr3,Mg,As,Br,1.2907,1.60828,
verified_only,gkf,3,19,halide_rule,Mg3BiBr3,Mg,Bi,Br,0.9648,1.60828,
verified_only,gkf,3,16,halide_rule,Mg3BiI3,Mg,Bi,I,0.224,0.911212,
verified_only,gkf,3,19,halide_rule,Mg3PBr3,Mg,P,Br,1.506,1.60828,
verified_only,gkf,3,15,halide_rule,Mg3PCl3,Mg,P,Cl,2.297,1.660757,
verified_only,gkf,3,17,halide_rule,Mg3PI3,Mg,P,I,0.377,0.90845,
verified_only,gkf,3,19,halide_rule,Mg3SbBr3,Mg,Sb,Br,0.9418,1.60828,
verified_only,gkf,3,17,halide_rule,Mg3SbCl3,Mg,Sb,Cl,1.7283,1.742,
verified_only,gkf,3,17,halide_rule,Mg3SbF3,Mg,Sb,F,3.184,2.326,
verified_only,gkf,3,18,halide_rule,Mg3SbI3,Mg,Sb,I,0.1057,0.955112,
verified_only,gkf,3,18,halide_rule,Sr3AsCl3,Sr,As,Cl,1.7,1.84566,
verified_only,gkf,3,15,halide_rule,Sr3AsI3,Sr,As,I,1.265,0.875086,
verified_only,gkf,3,18,halide_rule,Sr3PBr3,Sr,P,Br,1.55,1.399338,
verified_only,gkf,3,16,halide_rule,Sr3PCl3,Sr,P,Cl,1.677,1.75555,
verified_only,gkf,3,18,halide_rule,Sr3PI3,Sr,P,I,1.258,0.955112,
verified_only,gkf,3,16,halide_rule,Sr3SbCl3,Sr,Sb,Cl,1.712,1.75555,
verified_only,gkf,3,19,halide_rule,Sr3SbI3,Sr,Sb,I,1.31,0.854956,
verified_only,gkf,4,23,halide_rule,Ba3AsCl3,Ba,As,Cl,0.959,1.8519,
verified_only,gkf,4,23,halide_rule,Ba3AsI3,Ba,As,I,0.834,0.8632,
verified_only,gkf,4,23,halide_rule,Ba3SbBr3,Ba,Sb,Br,1.1908,1.492517,
verified_only,gkf,4,20,halide_rule,Ba3SbI3,Ba,Sb,I,0.78,0.9081,
verified_only,gkf,4,23,halide_rule,Ca3AsBr3,Ca,As,Br,1.634,1.492517,
verified_only,gkf,4,20,halide_rule,Ca3AsF3,Ca,As,F,2.27,2.630667,
verified_only,gkf,4,24,halide_rule,Ca3BiI3,Ca,Bi,I,1.36,0.791825,
verified_only,gkf,4,24,halide_rule,Ca3PBr3,Ca,P,Br,1.8846,1.296871,
verified_only,gkf,4,24,halide_rule,Ca3PCl3,Ca,P,Cl,2.035,1.701717,
verified_only,gkf,4,21,halide_rule,Ca3PF3,Ca,P,F,2.518,2.23,
verified_only,gkf,4,20,halide_rule,Ca3PI3,Ca,P,I,1.4909,0.9081,
verified_only,gkf,4,24,halide_rule,Ca3SbBr3,Ca,Sb,Br,1.782,1.296871,
verified_only,gkf,4,20,halide_rule,Ca3SbCl3,Ca,Sb,Cl,1.814,1.62226,
verified_only,gkf,4,22,halide_rule,Ca3SbF3,Ca,Sb,F,2.19,2.657333,
verified_only,gkf,4,21,halide_rule,Mg3AsBr3,Mg,As,Br,1.2907,1.43175,
verified_only,gkf,4,23,halide_rule,Mg3BiBr3,Mg,Bi,Br,0.9648,1.492517,
verified_only,gkf,4,21,halide_rule,Mg3BiI3,Mg,Bi,I,0.224,0.940325,
verified_only,gkf,4,22,halide_rule,Mg3PBr3,Mg,P,Br,1.506,1.457817,
verified_only,gkf,4,20,halide_rule,Mg3PCl3,Mg,P,Cl,2.297,1.62226,
verified_only,gkf,4,20,halide_rule,Mg3PI3,Mg,P,I,0.377,0.9081,
verified_only,gkf,4,22,halide_rule,Mg3SbBr3,Mg,Sb,Br,0.9418,1.457817,
verified_only,gkf,4,22,halide_rule,Mg3SbCl3,Mg,Sb,Cl,1.7283,1.742,
verified_only,gkf,4,21,halide_rule,Mg3SbF3,Mg,Sb,F,3.184,2.23,
verified_only,gkf,4,22,halide_rule,Mg3SbI3,Mg,Sb,I,0.1057,0.988767,
verified_only,gkf,4,20,halide_rule,Sr3AsCl3,Sr,As,Cl,1.7,1.62226,
verified_only,gkf,4,23,halide_rule,Sr3AsI3,Sr,As,I,1.265,0.8632,
verified_only,gkf,4,22,halide_rule,Sr3PBr3,Sr,P,Br,1.55,1.457817,
verified_only,gkf,4,24,halide_rule,Sr3PCl3,Sr,P,Cl,1.677,1.701717,
verified_only,gkf,4,21,halide_rule,Sr3PI3,Sr,P,I,1.258,0.940325,
verified_only,gkf,4,21,halide_rule,Sr3SbCl3,Sr,Sb,Cl,1.712,1.744329,
verified_only,gkf,4,24,halide_rule,Sr3SbI3,Sr,Sb,I,1.31,0.791825,
verified_only,gkf,5,25,halide_rule,Ba3AsCl3,Ba,As,Cl,0.959,1.877217,
verified_only,gkf,5,26,halide_rule,Ba3AsI3,Ba,As,I,0.834,0.857575,
verified_only,gkf,5,26,halide_rule,Ba3SbBr3,Ba,Sb,Br,1.1908,1.444237,
verified_only,gkf,5,28,halide_rule,Ba3SbI3,Ba,Sb,I,0.78,0.941371,
verified_only,gkf,5,28,halide_rule,Ca3AsBr3,Ca,As,Br,1.634,1.378333,
verified_only,gkf,5,26,halide_rule,Ca3AsF3,Ca,As,F,2.27,2.354,
verified_only,gkf,5,29,halide_rule,Ca3BiI3,Ca,Bi,I,1.36,0.927575,
verified_only,gkf,5,25,halide_rule,Ca3PBr3,Ca,P,Br,1.8846,1.262017,
verified_only,gkf,5,26,halide_rule,Ca3PCl3,Ca,P,Cl,2.035,1.698186,
verified_only,gkf,5,29,halide_rule,Ca3PF3,Ca,P,F,2.518,2.548,
verified_only,gkf,5,27,halide_rule,Ca3PI3,Ca,P,I,1.4909,0.926,
verified_only,gkf,5,25,halide_rule,Ca3SbBr3,Ca,Sb,Br,1.782,1.262017,
verified_only,gkf,5,29,halide_rule,Ca3SbCl3,Ca,Sb,Cl,1.814,1.62686,
verified_only,gkf,5,25,halide_rule,Ca3SbF3,Ca,Sb,F,2.19,2.657333,
verified_only,gkf,5,28,halide_rule,Mg3AsBr3,Mg,As,Br,1.2907,1.378333,
verified_only,gkf,5,27,halide_rule,Mg3BiBr3,Mg,Bi,Br,0.9648,1.5483,
verified_only,gkf,5,29,halide_rule,Mg3BiI3,Mg,Bi,I,0.224,0.927575,
verified_only,gkf,5,25,halide_rule,Mg3PBr3,Mg,P,Br,1.506,1.262017,
verified_only,gkf,5,29,halide_rule,Mg3PCl3,Mg,P,Cl,2.297,1.62686,
verified_only,gkf,5,28,halide_rule,Mg3PI3,Mg,P,I,0.377,0.941371,
verified_only,gkf,5,27,halide_rule,Mg3SbBr3,Mg,Sb,Br,0.9418,1.5483,
verified_only,gkf,5,27,halide_rule,Mg3SbCl3,Mg,Sb,Cl,1.7283,1.747,
verified_only,gkf,5,26,halide_rule,Mg3SbF3,Mg,Sb,F,3.184,2.354,
verified_only,gkf,5,27,halide_rule,Mg3SbI3,Mg,Sb,I,0.1057,0.926,
verified_only,gkf,5,25,halide_rule,Sr3AsCl3,Sr,As,Cl,1.7,1.877217,
verified_only,gkf,5,25,halide_rule,Sr3AsI3,Sr,As,I,1.265,0.859956,
verified_only,gkf,5,28,halide_rule,Sr3PBr3,Sr,P,Br,1.55,1.378333,
verified_only,gkf,5,29,halide_rule,Sr3PCl3,Sr,P,Cl,1.677,1.62686,
verified_only,gkf,5,28,halide_rule,Sr3PI3,Sr,P,I,1.258,0.941371,
verified_only,gkf,5,27,halide_rule,Sr3SbCl3,Sr,Sb,Cl,1.712,1.747,
verified_only,gkf,5,26,halide_rule,Sr3SbI3,Sr,Sb,I,1.31,0.857575,
verified_only,gkf,6,33,halide_rule,Ba3AsCl3,Ba,As,Cl,0.959,1.82286,
verified_only,gkf,6,30,halide_rule,Ba3AsI3,Ba,As,I,0.834,0.923825,
verified_only,gkf,6,33,halide_rule,Ba3SbBr3,Ba,Sb,Br,1.1908,1.429129,
verified_only,gkf,6,30,halide_rule,Ba3SbI3,Ba,Sb,I,0.78,0.923825,
verified_only,gkf,6,31,halide_rule,Ca3AsBr3,Ca,As,Br,1.634,1.388838,
verified_only,gkf,6,32,halide_rule,Ca3AsF3,Ca,As,F,2.27,2.851,
verified_only,gkf,6,34,halide_rule,Ca3BiI3,Ca,Bi,I,1.36,0.698386,
verified_only,gkf,6,32,halide_rule,Ca3PBr3,Ca,P,Br,1.8846,1.4169,
verified_only,gkf,6,33,halide_rule,Ca3PCl3,Ca,P,Cl,2.035,1.82286,
verified_only,gkf,6,31,halide_rule,Ca3PF3,Ca,P,F,2.518,2.548,
verified_only,gkf,6,34,halide_rule,Ca3PI3,Ca,P,I,1.4909,0.698386,
verified_only,gkf,6,30,halide_rule,Ca3SbBr3,Ca,Sb,Br,1.782,1.44024,
verified_only,gkf,6,33,halide_rule,Ca3SbCl3,Ca,Sb,Cl,1.814,1.82286,
verified_only,gkf,6,32,halide_rule,Ca3SbF3,Ca,Sb,F,2.19,2.851,
verified_only,gkf,6,30,halide_rule,Mg3AsBr3,Mg,As,Br,1.2907,1.44024,
verified_only,gkf,6,30,halide_rule,Mg3BiBr3,Mg,Bi,Br,0.9648,1.44024,
verified_only,gkf,6,31,halide_rule,Mg3BiI3,Mg,Bi,I,0.224,1.059557,
verified_only,gkf,6,30,halide_rule,Mg3PBr3,Mg,P,Br,1.506,1.44024,
verified_only,gkf,6,31,halide_rule,Mg3PCl3,Mg,P,Cl,2.297,1.660757,
verified_only,gkf,6,33,halide_rule,Mg3PI3,Mg,P,I,0.377,0.958622,
verified_only,gkf,6,32,halide_rule,Mg3SbBr3,Mg,Sb,Br,0.9418,1.4169,
verified_only,gkf,6,30,halide_rule,Mg3SbCl3,Mg,Sb,Cl,1.7283,1.742,
verified_only,gkf,6,34,halide_rule,Mg3SbF3,Mg,Sb,F,3.184,2.326,
verified_only,gkf,6,31,halide_rule,Mg3SbI3,Mg,Sb,I,0.1057,1.059557,
verified_only,gkf,6,34,halide_rule,Sr3AsCl3,Sr,As,Cl,1.7,1.75755,
verified_only,gkf,6,34,halide_rule,Sr3AsI3,Sr,As,I,1.265,0.698386,
verified_only,gkf,6,33,halide_rule,Sr3PBr3,Sr,P,Br,1.55,1.429129,
verified_only,gkf,6,34,halide_rule,Sr3PCl3,Sr,P,Cl,1.677,1.75755,
verified_only,gkf,6,31,halide_rule,Sr3PI3,Sr,P,I,1.258,1.059557,
verified_only,gkf,6,32,halide_rule,Sr3SbCl3,Sr,Sb,Cl,1.712,1.744329,
verified_only,gkf,6,32,halide_rule,Sr3SbI3,Sr,Sb,I,1.31,0.854956,
verified_only,gkf,7,37,halide_rule,Ba3AsCl3,Ba,As,Cl,0.959,1.79086,
verified_only,gkf,7,39,halide_rule,Ba3AsI3,Ba,As,I,0.834,0.98892,
verified_only,gkf,7,38,halide_rule,Ba3SbBr3,Ba,Sb,Br,1.1908,1.49635,
verified_only,gkf,7,35,halide_rule,Ba3SbI3,Ba,Sb,I,0.78,0.841712,
verified_only,gkf,7,38,halide_rule,Ca3AsBr3,Ca,As,Br,1.634,1.49635,
verified_only,gkf,7,36,halide_rule,Ca3AsF3,Ca,As,F,2.27,2.687,
verified_only,gkf,7,39,halide_rule,Ca3BiI3,Ca,Bi,I,1.36,0.98892,
verified_only,gkf,7,36,halide_rule,Ca3PBr3,Ca,P,Br,1.8846,1.3363,
verified_only,gkf,7,35,halide_rule,Ca3PCl3,Ca,P,Cl,2.035,1.67926,
verified_only,gkf,7,36,halide_rule,Ca3PF3,Ca,P,F,2.518,2.687,
verified_only,gkf,7,35,halide_rule,Ca3PI3,Ca,P,I,1.4909,0.841712,
verified_only,gkf,7,39,halide_rule,Ca3SbBr3,Ca,Sb,Br,1.782,1.370337,
verified_only,gkf,7,35,halide_rule,Ca3SbCl3,Ca,Sb,Cl,1.814,1.67926,
verified_only,gkf,7,35,halide_rule,Ca3SbF3,Ca,Sb,F,2.19,2.657333,
verified_only,gkf,7,37,halide_rule,Mg3AsBr3,Mg,As,Br,1.2907,1.498457,
verified_only,gkf,7,37,halide_rule,Mg3BiBr3,Mg,Bi,Br,0.9648,1.498457,
verified_only,gkf,7,39,halide_rule,Mg3BiI3,Mg,Bi,I,0.224,0.98892,
verified_only,gkf,7,36,halide_rule,Mg3PBr3,Mg,P,Br,1.506,1.3363,
verified_only,gkf,7,37,halide_rule,Mg3PCl3,Mg,P,Cl,2.297,1.79086,
verified_only,gkf,7,39,halide_rule,Mg3PI3,Mg,P,I,0.377,0.98892,
verified_only,gkf,7,38,halide_rule,Mg3SbBr3,Mg,Sb,Br,0.9418,1.49635,
verified_only,gkf,7,38,halide_rule,Mg3SbCl3,Mg,Sb,Cl,1.7283,1.742,
verified_only,gkf,7,37,halide_rule,Mg3SbF3,Mg,Sb,F,3.184,2.326,
verified_only,gkf,7,38,halide_rule,Mg3SbI3,Mg,Sb,I,0.1057,0.948612,
verified_only,gkf,7,36,halide_rule,Sr3AsCl3,Sr,As,Cl,1.7,1.746043,
verified_only,gkf,7,39,halide_rule,Sr3AsI3,Sr,As,I,1.265,0.98892,
verified_only,gkf,7,35,halide_rule,Sr3PBr3,Sr,P,Br,1.55,1.399338,
verified_only,gkf,7,35,halide_rule,Sr3PCl3,Sr,P,Cl,1.677,1.67926,
verified_only,gkf,7,36,halide_rule,Sr3PI3,Sr,P,I,1.258,0.860733,
verified_only,gkf,7,37,halide_rule,Sr3SbCl3,Sr,Sb,Cl,1.712,1.79086,
verified_only,gkf,7,38,halide_rule,Sr3SbI3,Sr,Sb,I,1.31,0.948612,
verified_only,gkf,8,43,halide_rule,Ba3AsCl3,Ba,As,Cl,0.959,1.9046,
verified_only,gkf,8,44,halide_rule,Ba3AsI3,Ba,As,I,0.834,1.062983,
verified_only,gkf,8,42,halide_rule,Ba3SbBr3,Ba,Sb,Br,1.1908,1.516014,
verified_only,gkf,8,42,halide_rule,Ba3SbI3,Ba,Sb,I,0.78,0.913844,
verified_only,gkf,8,44,halide_rule,Ca3AsBr3,Ca,As,Br,1.634,1.388838,
verified_only,gkf,8,44,halide_rule,Ca3AsF3,Ca,As,F,2.27,2.630667,
verified_only,gkf,8,41,halide_rule,Ca3BiI3,Ca,Bi,I,1.36,0.8494,
verified_only,gkf,8,40,halide_rule,Ca3PBr3,Ca,P,Br,1.8846,1.300683,
verified_only,gkf,8,42,halide_rule,Ca3PCl3,Ca,P,Cl,2.035,1.67466,
verified_only,gkf,8,41,halide_rule,Ca3PF3,Ca,P,F,2.518,2.27,
verified_only,gkf,8,43,halide_rule,Ca3PI3,Ca,P,I,1.4909,0.781963,
verified_only,gkf,8,41,halide_rule,Ca3SbBr3,Ca,Sb,Br,1.782,1.381714,
verified_only,gkf,8,42,halide_rule,Ca3SbCl3,Ca,Sb,Cl,1.814,1.67466,
verified_only,gkf,8,41,halide_rule,Ca3SbF3,Ca,Sb,F,2.19,2.27,
verified_only,gkf,8,41,halide_rule,Mg3AsBr3,Mg,As,Br,1.2907,1.381714,
verified_only,gkf,8,43,halide_rule,Mg3BiBr3,Mg,Bi,Br,0.9648,1.472487,
verified_only,gkf,8,40,halide_rule,Mg3BiI3,Mg,Bi,I,0.224,0.93945,
verified_only,gkf,8,40,halide_rule,Mg3PBr3,Mg,P,Br,1.506,1.300683,
verified_only,gkf,8,40,halide_rule,Mg3PCl3,Mg,P,Cl,2.297,1.65805,
verified_only,gkf,8,44,halide_rule,Mg3PI3,Mg,P,I,0.377,1.062983,
verified_only,gkf,8,42,halide_rule,Mg3SbBr3,Mg,Sb,Br,0.9418,1.516014,
verified_only,gkf,8,43,halide_rule,Mg3SbCl3,Mg,Sb,Cl,1.7283,1.9046,
verified_only,gkf,8,41,halide_rule,Mg3SbF3,Mg,Sb,F,3.184,2.27,
verified_only,gkf,8,44,halide_rule,Mg3SbI3,Mg,Sb,I,0.1057,1.062983,
verified_only,gkf,8,42,halide_rule,Sr3AsCl3,Sr,As,Cl,1.7,1.67466,
verified_only,gkf,8,40,halide_rule,Sr3AsI3,Sr,As,I,1.265,0.93945,
verified_only,gkf,8,40,halide_rule,Sr3PBr3,Sr,P,Br,1.55,1.300683,
verified_only,gkf,8,40,halide_rule,Sr3PCl3,Sr,P,Cl,1.677,1.65805,
verified_only,gkf,8,43,halide_rule,Sr3PI3,Sr,P,I,1.258,0.781963,
verified_only,gkf,8,43,halide_rule,Sr3SbCl3,Sr,Sb,Cl,1.712,1.9046,
verified_only,gkf,8,44,halide_rule,Sr3SbI3,Sr,Sb,I,1.31,1.062983,
verified_only,gkf,9,49,halide_rule,Ba3AsCl3,Ba,As,Cl,0.959,1.877217,
verified_only,gkf,9,47,halide_rule,Ba3AsI3,Ba,As,I,0.834,0.993325,
verified_only,gkf,9,48,halide_rule,Ba3SbBr3,Ba,Sb,Br,1.1908,1.444237,
verified_only,gkf,9,45,halide_rule,Ba3SbI3,Ba,Sb,I,0.78,0.980129,
verified_only,gkf,9,46,halide_rule,Ca3AsBr3,Ca,As,Br,1.634,1.339667,
verified_only,gkf,9,45,halide_rule,Ca3AsF3,Ca,As,F,2.27,2.630667,
verified_only,gkf,9,49,halide_rule,Ca3BiI3,Ca,Bi,I,1.36,0.769213,
verified_only,gkf,9,49,halide_rule,Ca3PBr3,Ca,P,Br,1.8846,1.3363,
verified_only,gkf,9,46,halide_rule,Ca3PCl3,Ca,P,Cl,2.035,1.678883,
verified_only,gkf,9,48,halide_rule,Ca3PF3,Ca,P,F,2.518,2.23,
verified_only,gkf,9,49,halide_rule,Ca3PI3,Ca,P,I,1.4909,0.769213,
verified_only,gkf,9,46,halide_rule,Ca3SbBr3,Ca,Sb,Br,1.782,1.339667,
verified_only,gkf,9,46,halide_rule,Ca3SbCl3,Ca,Sb,Cl,1.814,1.678883,
verified_only,gkf,9,47,halide_rule,Ca3SbF3,Ca,Sb,F,2.19,2.657333,
verified_only,gkf,9,46,halide_rule,Mg3AsBr3,Mg,As,Br,1.2907,1.339667,
verified_only,gkf,9,47,halide_rule,Mg3BiBr3,Mg,Bi,Br,0.9648,1.472487,
verified_only,gkf,9,47,halide_rule,Mg3BiI3,Mg,Bi,I,0.224,0.993325,
verified_only,gkf,9,49,halide_rule,Mg3PBr3,Mg,P,Br,1.506,1.3363,
verified_only,gkf,9,47,halide_rule,Mg3PCl3,Mg,P,Cl,2.297,1.65805,
verified_only,gkf,9,46,halide_rule,Mg3PI3,Mg,P,I,0.377,0.958622,
verified_only,gkf,9,45,halide_rule,Mg3SbBr3,Mg,Sb,Br,0.9418,1.4647,
verified_only,gkf,9,45,halide_rule,Mg3SbCl3,Mg,Sb,Cl,1.7283,1.742,
verified_only,gkf,9,48,halide_rule,Mg3SbF3,Mg,Sb,F,3.184,2.23,
verified_only,gkf,9,45,halide_rule,Mg3SbI3,Mg,Sb,I,0.1057,0.980129,
verified_only,gkf,9,49,halide_rule,Sr3AsCl3,Sr,As,Cl,1.7,1.877217,
verified_only,gkf,9,48,halide_rule,Sr3AsI3,Sr,As,I,1.265,0.8037,
verified_only,gkf,9,45,halide_rule,Sr3PBr3,Sr,P,Br,1.55,1.4647,
verified_only,gkf,9,47,halide_rule,Sr3PCl3,Sr,P,Cl,1.677,1.65805,
verified_only,gkf,9,45,halide_rule,Sr3PI3,Sr,P,I,1.258,0.980129,
verified_only,gkf,9,48,halide_rule,Sr3SbCl3,Sr,Sb,Cl,1.712,1.744329,
verified_only,gkf,9,48,halide_rule,Sr3SbI3,Sr,Sb,I,1.31,0.8037,
verified_only,gkf,0,1,mean,Ba3AsCl3,Ba,As,Cl,0.959,1.489304,
verified_only,gkf,0,2,mean,Ba3AsI3,Ba,As,I,0.834,1.415512,
verified_only,gkf,0,2,mean,Ba3SbBr3,Ba,Sb,Br,1.1908,1.415512,
verified_only,gkf,0,3,mean,Ba3SbI3,Ba,Sb,I,0.78,1.48906,
verified_only,gkf,0,1,mean,Ca3AsBr3,Ca,As,Br,1.634,1.489304,
verified_only,gkf,0,1,mean,Ca3AsF3,Ca,As,F,2.27,1.489304,
verified_only,gkf,0,4,mean,Ca3BiI3,Ca,Bi,I,1.36,1.526896,
verified_only,gkf,0,4,mean,Ca3PBr3,Ca,P,Br,1.8846,1.526896,
verified_only,gkf,0,0,mean,Ca3PCl3,Ca,P,Cl,2.035,1.471463,
verified_only,gkf,0,0,mean,Ca3PF3,Ca,P,F,2.518,1.471463,
verified_only,gkf,0,4,mean,Ca3PI3,Ca,P,I,1.4909,1.526896,
verified_only,gkf,0,2,mean,Ca3SbBr3,Ca,Sb,Br,1.782,1.415512,
verified_only,gkf,0,1,mean,Ca3SbCl3,Ca,Sb,Cl,1.814,1.489304,
verified_only,gkf,0,2,mean,Ca3SbF3,Ca,Sb,F,2.19,1.415512,
verified_only,gkf,0,4,mean,Mg3AsBr3,Mg,As,Br,1.2907,1.526896,
verified_only,gkf,0,0,mean,Mg3BiBr3,Mg,Bi,Br,0.9648,1.471463,
verified_only,gkf,0,1,mean,Mg3BiI3,Mg,Bi,I,0.224,1.489304,
verified_only,gkf,0,0,mean,Mg3PBr3,Mg,P,Br,1.506,1.471463,
verified_only,gkf,0,3,mean,Mg3PCl3,Mg,P,Cl,2.297,1.48906,
verified_only,gkf,0,4,mean,Mg3PI3,Mg,P,I,0.377,1.526896,
verified_only,gkf,0,3,mean,Mg3SbBr3,Mg,Sb,Br,0.9418,1.48906,
verified_only,gkf,0,3,mean,Mg3SbCl3,Mg,Sb,Cl,1.7283,1.48906,
verified_only,gkf,0,2,mean,Mg3SbF3,Mg,Sb,F,3.184,1.415512,
verified_only,gkf,0,0,mean,Mg3SbI3,Mg,Sb,I,0.1057,1.471463,
verified_only,gkf,0,1,mean,Sr3AsCl3,Sr,As,Cl,1.7,1.489304,
verified_only,gkf,0,2,mean,Sr3AsI3,Sr,As,I,1.265,1.415512,
verified_only,gkf,0,3,mean,Sr3PBr3,Sr,P,Br,1.55,1.48906,
verified_only,gkf,0,0,mean,Sr3PCl3,Sr,P,Cl,1.677,1.471463,
verified_only,gkf,0,4,mean,Sr3PI3,Sr,P,I,1.258,1.526896,
verified_only,gkf,0,0,mean,Sr3SbCl3,Sr,Sb,Cl,1.712,1.471463,
verified_only,gkf,0,3,mean,Sr3SbI3,Sr,Sb,I,1.31,1.48906,
verified_only,gkf,1,5,mean,Ba3AsCl3,Ba,As,Cl,0.959,1.441746,
verified_only,gkf,1,7,mean,Ba3AsI3,Ba,As,I,0.834,1.504744,
verified_only,gkf,1,8,mean,Ba3SbBr3,Ba,Sb,Br,1.1908,1.414752,
verified_only,gkf,1,7,mean,Ba3SbI3,Ba,Sb,I,0.78,1.504744,
verified_only,gkf,1,8,mean,Ca3AsBr3,Ca,As,Br,1.634,1.414752,
verified_only,gkf,1,5,mean,Ca3AsF3,Ca,As,F,2.27,1.441746,
verified_only,gkf,1,7,mean,Ca3BiI3,Ca,Bi,I,1.36,1.504744,
verified_only,gkf,1,5,mean,Ca3PBr3,Ca,P,Br,1.8846,1.441746,
verified_only,gkf,1,7,mean,Ca3PCl3,Ca,P,Cl,2.035,1.504744,
verified_only,gkf,1,9,mean,Ca3PF3,Ca,P,F,2.518,1.444844,
verified_only,gkf,1,6,mean,Ca3PI3,Ca,P,I,1.4909,1.58496,
verified_only,gkf,1,8,mean,Ca3SbBr3,Ca,Sb,Br,1.782,1.414752,
verified_only,gkf,1,6,mean,Ca3SbCl3,Ca,Sb,Cl,1.814,1.58496,
verified_only,gkf,1,5,mean,Ca3SbF3,Ca,Sb,F,2.19,1.441746,
verified_only,gkf,1,9,mean,Mg3AsBr3,Mg,As,Br,1.2907,1.444844,
verified_only,gkf,1,9,mean,Mg3BiBr3,Mg,Bi,Br,0.9648,1.444844,
verified_only,gkf,1,6,mean,Mg3BiI3,Mg,Bi,I,0.224,1.58496,
verified_only,gkf,1,7,mean,Mg3PBr3,Mg,P,Br,1.506,1.504744,
verified_only,gkf,1,8,mean,Mg3PCl3,Mg,P,Cl,2.297,1.414752,
verified_only,gkf,1,8,mean,Mg3PI3,Mg,P,I,0.377,1.414752,
verified_only,gkf,1,5,mean,Mg3SbBr3,Mg,Sb,Br,0.9418,1.441746,
verified_only,gkf,1,5,mean,Mg3SbCl3,Mg,Sb,Cl,1.7283,1.441746,
verified_only,gkf,1,8,mean,Mg3SbF3,Mg,Sb,F,3.184,1.414752,
verified_only,gkf,1,6,mean,Mg3SbI3,Mg,Sb,I,0.1057,1.58496,
verified_only,gkf,1,7,mean,Sr3AsCl3,Sr,As,Cl,1.7,1.504744,
verified_only,gkf,1,6,mean,Sr3AsI3,Sr,As,I,1.265,1.58496,
verified_only,gkf,1,9,mean,Sr3PBr3,Sr,P,Br,1.55,1.444844,
verified_only,gkf,1,9,mean,Sr3PCl3,Sr,P,Cl,1.677,1.444844,
verified_only,gkf,1,5,mean,Sr3PI3,Sr,P,I,1.258,1.441746,
verified_only,gkf,1,9,mean,Sr3SbCl3,Sr,Sb,Cl,1.712,1.444844,
verified_only,gkf,1,6,mean,Sr3SbI3,Sr,Sb,I,1.31,1.58496,
verified_only,gkf,2,10,mean,Ba3AsCl3,Ba,As,Cl,0.959,1.508246,
verified_only,gkf,2,12,mean,Ba3AsI3,Ba,As,I,0.834,1.451692,
verified_only,gkf,2,14,mean,Ba3SbBr3,Ba,Sb,Br,1.1908,1.4827,
verified_only,gkf,2,13,mean,Ba3SbI3,Ba,Sb,I,0.78,1.450904,
verified_only,gkf,2,10,mean,Ca3AsBr3,Ca,As,Br,1.634,1.508246,
verified_only,gkf,2,12,mean,Ca3AsF3,Ca,As,F,2.27,1.451692,
verified_only,gkf,2,14,mean,Ca3BiI3,Ca,Bi,I,1.36,1.4827,
verified_only,gkf,2,14,mean,Ca3PBr3,Ca,P,Br,1.8846,1.4827,
verified_only,gkf,2,10,mean,Ca3PCl3,Ca,P,Cl,2.035,1.508246,
verified_only,gkf,2,12,mean,Ca3PF3,Ca,P,F,2.518,1.451692,
verified_only,gkf,2,10,mean,Ca3PI3,Ca,P,I,1.4909,1.508246,
verified_only,gkf,2,14,mean,Ca3SbBr3,Ca,Sb,Br,1.782,1.4827,
verified_only,gkf,2,12,mean,Ca3SbCl3,Ca,Sb,Cl,1.814,1.451692,
verified_only,gkf,2,13,mean,Ca3SbF3,Ca,Sb,F,2.19,1.450904,
verified_only,gkf,2,14,mean,Mg3AsBr3,Mg,As,Br,1.2907,1.4827,
verified_only,gkf,2,11,mean,Mg3BiBr3,Mg,Bi,Br,0.9648,1.500164,
verified_only,gkf,2,13,mean,Mg3BiI3,Mg,Bi,I,0.224,1.450904,
verified_only,gkf,2,13,mean,Mg3PBr3,Mg,P,Br,1.506,1.450904,
verified_only,gkf,2,11,mean,Mg3PCl3,Mg,P,Cl,2.297,1.500164,
verified_only,gkf,2,12,mean,Mg3PI3,Mg,P,I,0.377,1.451692,
verified_only,gkf,2,10,mean,Mg3SbBr3,Mg,Sb,Br,0.9418,1.508246,
verified_only,gkf,2,12,mean,Mg3SbCl3,Mg,Sb,Cl,1.7283,1.451692,
verified_only,gkf,2,13,mean,Mg3SbF3,Mg,Sb,F,3.184,1.450904,
verified_only,gkf,2,11,mean,Mg3SbI3,Mg,Sb,I,0.1057,1.500164,
verified_only,gkf,2,11,mean,Sr3AsCl3,Sr,As,Cl,1.7,1.500164,
verified_only,gkf,2,10,mean,Sr3AsI3,Sr,As,I,1.265,1.508246,
verified_only,gkf,2,11,mean,Sr3PBr3,Sr,P,Br,1.55,1.500164,
verified_only,gkf,2,13,mean,Sr3PCl3,Sr,P,Cl,1.677,1.450904,
verified_only,gkf,2,14,mean,Sr3PI3,Sr,P,I,1.258,1.4827,
verified_only,gkf,2,11,mean,Sr3SbCl3,Sr,Sb,Cl,1.712,1.500164,
verified_only,gkf,2,10,mean,Sr3SbI3,Sr,Sb,I,1.31,1.508246,
verified_only,gkf,3,18,mean,Ba3AsCl3,Ba,As,Cl,0.959,1.529036,
verified_only,gkf,3,15,mean,Ba3AsI3,Ba,As,I,0.834,1.426483,
verified_only,gkf,3,16,mean,Ba3SbBr3,Ba,Sb,Br,1.1908,1.493956,
verified_only,gkf,3,15,mean,Ba3SbI3,Ba,Sb,I,0.78,1.426483,
verified_only,gkf,3,15,mean,Ca3AsBr3,Ca,As,Br,1.634,1.426483,
verified_only,gkf,3,15,mean,Ca3AsF3,Ca,As,F,2.27,1.426483,
verified_only,gkf,3,17,mean,Ca3BiI3,Ca,Bi,I,1.36,1.420708,
verified_only,gkf,3,17,mean,Ca3PBr3,Ca,P,Br,1.8846,1.420708,
verified_only,gkf,3,18,mean,Ca3PCl3,Ca,P,Cl,2.035,1.529036,
verified_only,gkf,3,15,mean,Ca3PF3,Ca,P,F,2.518,1.426483,
verified_only,gkf,3,16,mean,Ca3PI3,Ca,P,I,1.4909,1.493956,
verified_only,gkf,3,17,mean,Ca3SbBr3,Ca,Sb,Br,1.782,1.420708,
verified_only,gkf,3,19,mean,Ca3SbCl3,Ca,Sb,Cl,1.814,1.520252,
verified_only,gkf,3,16,mean,Ca3SbF3,Ca,Sb,F,2.19,1.493956,
verified_only,gkf,3,19,mean,Mg3AsBr3,Mg,As,Br,1.2907,1.520252,
verified_only,gkf,3,19,mean,Mg3BiBr3,Mg,Bi,Br,0.9648,1.520252,
verified_only,gkf,3,16,mean,Mg3BiI3,Mg,Bi,I,0.224,1.493956,
verified_only,gkf,3,19,mean,Mg3PBr3,Mg,P,Br,1.506,1.520252,
verified_only,gkf,3,15,mean,Mg3PCl3,Mg,P,Cl,2.297,1.426483,
verified_only,gkf,3,17,mean,Mg3PI3,Mg,P,I,0.377,1.420708,
verified_only,gkf,3,19,mean,Mg3SbBr3,Mg,Sb,Br,0.9418,1.520252,
verified_only,gkf,3,17,mean,Mg3SbCl3,Mg,Sb,Cl,1.7283,1.420708,
verified_only,gkf,3,17,mean,Mg3SbF3,Mg,Sb,F,3.184,1.420708,
verified_only,gkf,3,18,mean,Mg3SbI3,Mg,Sb,I,0.1057,1.529036,
verified_only,gkf,3,18,mean,Sr3AsCl3,Sr,As,Cl,1.7,1.529036,
verified_only,gkf,3,15,mean,Sr3AsI3,Sr,As,I,1.265,1.426483,
verified_only,gkf,3,18,mean,Sr3PBr3,Sr,P,Br,1.55,1.529036,
verified_only,gkf,3,16,mean,Sr3PCl3,Sr,P,Cl,1.677,1.493956,
verified_only,gkf,3,18,mean,Sr3PI3,Sr,P,I,1.258,1.529036,
verified_only,gkf,3,16,mean,Sr3SbCl3,Sr,Sb,Cl,1.712,1.493956,
verified_only,gkf,3,19,mean,Sr3SbI3,Sr,Sb,I,1.31,1.520252,
verified_only,gkf,4,23,mean,Ba3AsCl3,Ba,As,Cl,0.959,1.55944,
verified_only,gkf,4,23,mean,Ba3AsI3,Ba,As,I,0.834,1.55944,
verified_only,gkf,4,23,mean,Ba3SbBr3,Ba,Sb,Br,1.1908,1.55944,
verified_only,gkf,4,20,mean,Ba3SbI3,Ba,Sb,I,0.78,1.462696,
verified_only,gkf,4,23,mean,Ca3AsBr3,Ca,As,Br,1.634,1.55944,
verified_only,gkf,4,20,mean,Ca3AsF3,Ca,As,F,2.27,1.462696,
verified_only,gkf,4,24,mean,Ca3BiI3,Ca,Bi,I,1.36,1.4314,
verified_only,gkf,4,24,mean,Ca3PBr3,Ca,P,Br,1.8846,1.4314,
verified_only,gkf,4,24,mean,Ca3PCl3,Ca,P,Cl,2.035,1.4314,
verified_only,gkf,4,21,mean,Ca3PF3,Ca,P,F,2.518,1.425876,
verified_only,gkf,4,20,mean,Ca3PI3,Ca,P,I,1.4909,1.462696,
verified_only,gkf,4,24,mean,Ca3SbBr3,Ca,Sb,Br,1.782,1.4314,
verified_only,gkf,4,20,mean,Ca3SbCl3,Ca,Sb,Cl,1.814,1.462696,
verified_only,gkf,4,22,mean,Ca3SbF3,Ca,Sb,F,2.19,1.512472,
verified_only,gkf,4,21,mean,Mg3AsBr3,Mg,As,Br,1.2907,1.425876,
verified_only,gkf,4,23,mean,Mg3BiBr3,Mg,Bi,Br,0.9648,1.55944,
verified_only,gkf,4,21,mean,Mg3BiI3,Mg,Bi,I,0.224,1.425876,
verified_only,gkf,4,22,mean,Mg3PBr3,Mg,P,Br,1.506,1.512472,
verified_only,gkf,4,20,mean,Mg3PCl3,Mg,P,Cl,2.297,1.462696,
verified_only,gkf,4,20,mean,Mg3PI3,Mg,P,I,0.377,1.462696,
verified_only,gkf,4,22,mean,Mg3SbBr3,Mg,Sb,Br,0.9418,1.512472,
verified_only,gkf,4,22,mean,Mg3SbCl3,Mg,Sb,Cl,1.7283,1.512472,
verified_only,gkf,4,21,mean,Mg3SbF3,Mg,Sb,F,3.184,1.425876,
verified_only,gkf,4,22,mean,Mg3SbI3,Mg,Sb,I,0.1057,1.512472,
verified_only,gkf,4,20,mean,Sr3AsCl3,Sr,As,Cl,1.7,1.462696,
verified_only,gkf,4,23,mean,Sr3AsI3,Sr,As,I,1.265,1.55944,
verified_only,gkf,4,22,mean,Sr3PBr3,Sr,P,Br,1.55,1.512472,
verified_only,gkf,4,24,mean,Sr3PCl3,Sr,P,Cl,1.677,1.4314,
verified_only,gkf,4,21,mean,Sr3PI3,Sr,P,I,1.258,1.425876,
verified_only,gkf,4,21,mean,Sr3SbCl3,Sr,Sb,Cl,1.712,1.425876,
verified_only,gkf,4,24,mean,Sr3SbI3,Sr,Sb,I,1.31,1.4314,
verified_only,gkf,5,25,mean,Ba3AsCl3,Ba,As,Cl,0.959,1.439458,
verified_only,gkf,5,26,mean,Ba3AsI3,Ba,As,I,0.834,1.400392,
verified_only,gkf,5,26,mean,Ba3SbBr3,Ba,Sb,Br,1.1908,1.400392,
verified_only,gkf,5,28,mean,Ba3SbI3,Ba,Sb,I,0.78,1.557756,
verified_only,gkf,5,28,mean,Ca3AsBr3,Ca,As,Br,1.634,1.557756,
verified_only,gkf,5,26,mean,Ca3AsF3,Ca,As,F,2.27,1.400392,
verified_only,gkf,5,29,mean,Ca3BiI3,Ca,Bi,I,1.36,1.437744,
verified_only,gkf,5,25,mean,Ca3PBr3,Ca,P,Br,1.8846,1.439458,
verified_only,gkf,5,26,mean,Ca3PCl3,Ca,P,Cl,2.035,1.400392,
verified_only,gkf,5,29,mean,Ca3PF3,Ca,P,F,2.518,1.437744,
verified_only,gkf,5,27,mean,Ca3PI3,Ca,P,I,1.4909,1.555604,
verified_only,gkf,5,25,mean,Ca3SbBr3,Ca,Sb,Br,1.782,1.439458,
verified_only,gkf,5,29,mean,Ca3SbCl3,Ca,Sb,Cl,1.814,1.437744,
verified_only,gkf,5,25,mean,Ca3SbF3,Ca,Sb,F,2.19,1.439458,
verified_only,gkf,5,28,mean,Mg3AsBr3,Mg,As,Br,1.2907,1.557756,
verified_only,gkf,5,27,mean,Mg3BiBr3,Mg,Bi,Br,0.9648,1.555604,
verified_only,gkf,5,29,mean,Mg3BiI3,Mg,Bi,I,0.224,1.437744,
verified_only,gkf,5,25,mean,Mg3PBr3,Mg,P,Br,1.506,1.439458,
verified_only,gkf,5,29,mean,Mg3PCl3,Mg,P,Cl,2.297,1.437744,
verified_only,gkf,5,28,mean,Mg3PI3,Mg,P,I,0.377,1.557756,
verified_only,gkf,5,27,mean,Mg3SbBr3,Mg,Sb,Br,0.9418,1.555604,
verified_only,gkf,5,27,mean,Mg3SbCl3,Mg,Sb,Cl,1.7283,1.555604,
verified_only,gkf,5,26,mean,Mg3SbF3,Mg,Sb,F,3.184,1.400392,
verified_only,gkf,5,27,mean,Mg3SbI3,Mg,Sb,I,0.1057,1.555604,
verified_only,gkf,5,25,mean,Sr3AsCl3,Sr,As,Cl,1.7,1.439458,
verified_only,gkf,5,25,mean,Sr3AsI3,Sr,As,I,1.265,1.439458,
verified_only,gkf,5,28,mean,Sr3PBr3,Sr,P,Br,1.55,1.557756,
verified_only,gkf,5,29,mean,Sr3PCl3,Sr,P,Cl,1.677,1.437744,
verified_only,gkf,5,28,mean,Sr3PI3,Sr,P,I,1.258,1.557756,
verified_only,gkf,5,27,mean,Sr3SbCl3,Sr,Sb,Cl,1.712,1.555604,
verified_only,gkf,5,26,mean,Sr3SbI3,Sr,Sb,I,1.31,1.400392,
verified_only,gkf,6,33,mean,Ba3AsCl3,Ba,As,Cl,0.959,1.516312,
verified_only,gkf,6,30,mean,Ba3AsI3,Ba,As,I,0.834,1.539492,
verified_only,gkf,6,33,mean,Ba3SbBr3,Ba,Sb,Br,1.1908,1.516312,
verified_only,gkf,6,30,mean,Ba3SbI3,Ba,Sb,I,0.78,1.539492,
verified_only,gkf,6,31,mean,Ca3AsBr3,Ca,As,Br,1.634,1.511876,
verified_only,gkf,6,32,mean,Ca3AsF3,Ca,As,F,2.27,1.421008,
verified_only,gkf,6,34,mean,Ca3BiI3,Ca,Bi,I,1.36,1.406268,
verified_only,gkf,6,32,mean,Ca3PBr3,Ca,P,Br,1.8846,1.421008,
verified_only,gkf,6,33,mean,Ca3PCl3,Ca,P,Cl,2.035,1.516312,
verified_only,gkf,6,31,mean,Ca3PF3,Ca,P,F,2.518,1.511876,
verified_only,gkf,6,34,mean,Ca3PI3,Ca,P,I,1.4909,1.406268,
verified_only,gkf,6,30,mean,Ca3SbBr3,Ca,Sb,Br,1.782,1.539492,
verified_only,gkf,6,33,mean,Ca3SbCl3,Ca,Sb,Cl,1.814,1.516312,
verified_only,gkf,6,32,mean,Ca3SbF3,Ca,Sb,F,2.19,1.421008,
verified_only,gkf,6,30,mean,Mg3AsBr3,Mg,As,Br,1.2907,1.539492,
verified_only,gkf,6,30,mean,Mg3BiBr3,Mg,Bi,Br,0.9648,1.539492,
verified_only,gkf,6,31,mean,Mg3BiI3,Mg,Bi,I,0.224,1.511876,
verified_only,gkf,6,30,mean,Mg3PBr3,Mg,P,Br,1.506,1.539492,
verified_only,gkf,6,31,mean,Mg3PCl3,Mg,P,Cl,2.297,1.511876,
verified_only,gkf,6,33,mean,Mg3PI3,Mg,P,I,0.377,1.516312,
verified_only,gkf,6,32,mean,Mg3SbBr3,Mg,Sb,Br,0.9418,1.421008,
verified_only,gkf,6,30,mean,Mg3SbCl3,Mg,Sb,Cl,1.7283,1.539492,
verified_only,gkf,6,34,mean,Mg3SbF3,Mg,Sb,F,3.184,1.406268,
verified_only,gkf,6,31,mean,Mg3SbI3,Mg,Sb,I,0.1057,1.511876,
verified_only,gkf,6,34,mean,Sr3AsCl3,Sr,As,Cl,1.7,1.406268,
verified_only,gkf,6,34,mean,Sr3AsI3,Sr,As,I,1.265,1.406268,
verified_only,gkf,6,33,mean,Sr3PBr3,Sr,P,Br,1.55,1.516312,
verified_only,gkf,6,34,mean,Sr3PCl3,Sr,P,Cl,1.677,1.406268,
verified_only,gkf,6,31,mean,Sr3PI3,Sr,P,I,1.258,1.511876,
verified_only,gkf,6,32,mean,Sr3SbCl3,Sr,Sb,Cl,1.712,1.421008,
verified_only,gkf,6,32,mean,Sr3SbI3,Sr,Sb,I,1.31,1.421008,
verified_only,gkf,7,37,mean,Ba3AsCl3,Ba,As,Cl,0.959,1.417044,
verified_only,gkf,7,39,mean,Ba3AsI3,Ba,As,I,0.834,1.599664,
verified_only,gkf,7,38,mean,Ba3SbBr3,Ba,Sb,Br,1.1908,1.55692,
verified_only,gkf,7,35,mean,Ba3SbI3,Ba,Sb,I,0.78,1.429029,
verified_only,gkf,7,38,mean,Ca3AsBr3,Ca,As,Br,1.634,1.55692,
verified_only,gkf,7,36,mean,Ca3AsF3,Ca,As,F,2.27,1.38788,
verified_only,gkf,7,39,mean,Ca3BiI3,Ca,Bi,I,1.36,1.599664,
verified_only,gkf,7,36,mean,Ca3PBr3,Ca,P,Br,1.8846,1.38788,
verified_only,gkf,7,35,mean,Ca3PCl3,Ca,P,Cl,2.035,1.429029,
verified_only,gkf,7,36,mean,Ca3PF3,Ca,P,F,2.518,1.38788,
verified_only,gkf,7,35,mean,Ca3PI3,Ca,P,I,1.4909,1.429029,
verified_only,gkf,7,39,mean,Ca3SbBr3,Ca,Sb,Br,1.782,1.599664,
verified_only,gkf,7,35,mean,Ca3SbCl3,Ca,Sb,Cl,1.814,1.429029,
verified_only,gkf,7,35,mean,Ca3SbF3,Ca,Sb,F,2.19,1.429029,
verified_only,gkf,7,37,mean,Mg3AsBr3,Mg,As,Br,1.2907,1.417044,
verified_only,gkf,7,37,mean,Mg3BiBr3,Mg,Bi,Br,0.9648,1.417044,
verified_only,gkf,7,39,mean,Mg3BiI3,Mg,Bi,I,0.224,1.599664,
verified_only,gkf,7,36,mean,Mg3PBr3,Mg,P,Br,1.506,1.38788,
verified_only,gkf,7,37,mean,Mg3PCl3,Mg,P,Cl,2.297,1.417044,
verified_only,gkf,7,39,mean,Mg3PI3,Mg,P,I,0.377,1.599664,
verified_only,gkf,7,38,mean,Mg3SbBr3,Mg,Sb,Br,0.9418,1.55692,
verified_only,gkf,7,38,mean,Mg3SbCl3,Mg,Sb,Cl,1.7283,1.55692,
verified_only,gkf,7,37,mean,Mg3SbF3,Mg,Sb,F,3.184,1.417044,
verified_only,gkf,7,38,mean,Mg3SbI3,Mg,Sb,I,0.1057,1.55692,
verified_only,gkf,7,36,mean,Sr3AsCl3,Sr,As,Cl,1.7,1.38788,
verified_only,gkf,7,39,mean,Sr3AsI3,Sr,As,I,1.265,1.599664,
verified_only,gkf,7,35,mean,Sr3PBr3,Sr,P,Br,1.55,1.429029,
verified_only,gkf,7,35,mean,Sr3PCl3,Sr,P,Cl,1.677,1.429029,
verified_only,gkf,7,36,mean,Sr3PI3,Sr,P,I,1.258,1.38788,
verified_only,gkf,7,37,mean,Sr3SbCl3,Sr,Sb,Cl,1.712,1.417044,
verified_only,gkf,7,38,mean,Sr3SbI3,Sr,Sb,I,1.31,1.55692,
verified_only,gkf,8,43,mean,Ba3AsCl3,Ba,As,Cl,0.959,1.508824,
verified_only,gkf,8,44,mean,Ba3AsI3,Ba,As,I,0.834,1.572116,
verified_only,gkf,8,42,mean,Ba3SbBr3,Ba,Sb,Br,1.1908,1.49488,
verified_only,gkf,8,42,mean,Ba3SbI3,Ba,Sb,I,0.78,1.49488,
verified_only,gkf,8,44,mean,Ca3AsBr3,Ca,As,Br,1.634,1.572116,
verified_only,gkf,8,44,mean,Ca3AsF3,Ca,As,F,2.27,1.572116,
verified_only,gkf,8,41,mean,Ca3BiI3,Ca,Bi,I,1.36,1.340356,
verified_only,gkf,8,40,mean,Ca3PBr3,Ca,P,Br,1.8846,1.47625,
verified_only,gkf,8,42,mean,Ca3PCl3,Ca,P,Cl,2.035,1.49488,
verified_only,gkf,8,41,mean,Ca3PF3,Ca,P,F,2.518,1.340356,
verified_only,gkf,8,43,mean,Ca3PI3,Ca,P,I,1.4909,1.508824,
verified_only,gkf,8,41,mean,Ca3SbBr3,Ca,Sb,Br,1.782,1.340356,
verified_only,gkf,8,42,mean,Ca3SbCl3,Ca,Sb,Cl,1.814,1.49488,
verified_only,gkf,8,41,mean,Ca3SbF3,Ca,Sb,F,2.19,1.340356,
verified_only,gkf,8,41,mean,Mg3AsBr3,Mg,As,Br,1.2907,1.340356,
verified_only,gkf,8,43,mean,Mg3BiBr3,Mg,Bi,Br,0.9648,1.508824,
verified_only,gkf,8,40,mean,Mg3BiI3,Mg,Bi,I,0.224,1.47625,
verified_only,gkf,8,40,mean,Mg3PBr3,Mg,P,Br,1.506,1.47625,
verified_only,gkf,8,40,mean,Mg3PCl3,Mg,P,Cl,2.297,1.47625,
verified_only,gkf,8,44,mean,Mg3PI3,Mg,P,I,0.377,1.572116,
verified_only,gkf,8,42,mean,Mg3SbBr3,Mg,Sb,Br,0.9418,1.49488,
verified_only,gkf,8,43,mean,Mg3SbCl3,Mg,Sb,Cl,1.7283,1.508824,
verified_only,gkf,8,41,mean,Mg3SbF3,Mg,Sb,F,3.184,1.340356,
verified_only,gkf,8,44,mean,Mg3SbI3,Mg,Sb,I,0.1057,1.572116,
verified_only,gkf,8,42,mean,Sr3AsCl3,Sr,As,Cl,1.7,1.49488,
verified_only,gkf,8,40,mean,Sr3AsI3,Sr,As,I,1.265,1.47625,
verified_only,gkf,8,40,mean,Sr3PBr3,Sr,P,Br,1.55,1.47625,
verified_only,gkf,8,40,mean,Sr3PCl3,Sr,P,Cl,1.677,1.47625,
verified_only,gkf,8,43,mean,Sr3PI3,Sr,P,I,1.258,1.508824,
verified_only,gkf,8,43,mean,Sr3SbCl3,Sr,Sb,Cl,1.712,1.508824,
verified_only,gkf,8,44,mean,Sr3SbI3,Sr,Sb,I,1.31,1.572116,
verified_only,gkf,9,49,mean,Ba3AsCl3,Ba,As,Cl,0.959,1.477324,
verified_only,gkf,9,47,mean,Ba3AsI3,Ba,As,I,0.834,1.505872,
verified_only,gkf,9,48,mean,Ba3SbBr3,Ba,Sb,Br,1.1908,1.386152,
verified_only,gkf,9,45,mean,Ba3SbI3,Ba,Sb,I,0.78,1.549992,
verified_only,gkf,9,46,mean,Ca3AsBr3,Ca,As,Br,1.634,1.476036,
verified_only,gkf,9,45,mean,Ca3AsF3,Ca,As,F,2.27,1.549992,
verified_only,gkf,9,49,mean,Ca3BiI3,Ca,Bi,I,1.36,1.477324,
verified_only,gkf,9,49,mean,Ca3PBr3,Ca,P,Br,1.8846,1.477324,
verified_only,gkf,9,46,mean,Ca3PCl3,Ca,P,Cl,2.035,1.476036,
verified_only,gkf,9,48,mean,Ca3PF3,Ca,P,F,2.518,1.386152,
verified_only,gkf,9,49,mean,Ca3PI3,Ca,P,I,1.4909,1.477324,
verified_only,gkf,9,46,mean,Ca3SbBr3,Ca,Sb,Br,1.782,1.476036,
verified_only,gkf,9,46,mean,Ca3SbCl3,Ca,Sb,Cl,1.814,1.476036,
verified_only,gkf,9,47,mean,Ca3SbF3,Ca,Sb,F,2.19,1.505872,
verified_only,gkf,9,46,mean,Mg3AsBr3,Mg,As,Br,1.2907,1.476036,
verified_only,gkf,9,47,mean,Mg3BiBr3,Mg,Bi,Br,0.9648,1.505872,
verified_only,gkf,9,47,mean,Mg3BiI3,Mg,Bi,I,0.224,1.505872,
verified_only,gkf,9,49,mean,Mg3PBr3,Mg,P,Br,1.506,1.477324,
verified_only,gkf,9,47,mean,Mg3PCl3,Mg,P,Cl,2.297,1.505872,
verified_only,gkf,9,46,mean,Mg3PI3,Mg,P,I,0.377,1.476036,
verified_only,gkf,9,45,mean,Mg3SbBr3,Mg,Sb,Br,0.9418,1.549992,
verified_only,gkf,9,45,mean,Mg3SbCl3,Mg,Sb,Cl,1.7283,1.549992,
verified_only,gkf,9,48,mean,Mg3SbF3,Mg,Sb,F,3.184,1.386152,
verified_only,gkf,9,45,mean,Mg3SbI3,Mg,Sb,I,0.1057,1.549992,
verified_only,gkf,9,49,mean,Sr3AsCl3,Sr,As,Cl,1.7,1.477324,
verified_only,gkf,9,48,mean,Sr3AsI3,Sr,As,I,1.265,1.386152,
verified_only,gkf,9,45,mean,Sr3PBr3,Sr,P,Br,1.55,1.549992,
verified_only,gkf,9,47,mean,Sr3PCl3,Sr,P,Cl,1.677,1.505872,
verified_only,gkf,9,45,mean,Sr3PI3,Sr,P,I,1.258,1.549992,
verified_only,gkf,9,48,mean,Sr3SbCl3,Sr,Sb,Cl,1.712,1.386152,
verified_only,gkf,9,48,mean,Sr3SbI3,Sr,Sb,I,1.31,1.386152,
verified_only,gkf,0,1,rf_magpie,Ba3AsCl3,Ba,As,Cl,0.959,1.662092,
verified_only,gkf,0,2,rf_magpie,Ba3AsI3,Ba,As,I,0.834,1.21788,
verified_only,gkf,0,2,rf_magpie,Ba3SbBr3,Ba,Sb,Br,1.1908,1.218033,
verified_only,gkf,0,3,rf_magpie,Ba3SbI3,Ba,Sb,I,0.78,0.981225,
verified_only,gkf,0,1,rf_magpie,Ca3AsBr3,Ca,As,Br,1.634,1.704091,
verified_only,gkf,0,1,rf_magpie,Ca3AsF3,Ca,As,F,2.27,2.387727,
verified_only,gkf,0,4,rf_magpie,Ca3BiI3,Ca,Bi,I,1.36,0.913808,
verified_only,gkf,0,4,rf_magpie,Ca3PBr3,Ca,P,Br,1.8846,1.677012,
verified_only,gkf,0,0,rf_magpie,Ca3PCl3,Ca,P,Cl,2.035,1.899031,
verified_only,gkf,0,0,rf_magpie,Ca3PF3,Ca,P,F,2.518,2.324029,
verified_only,gkf,0,4,rf_magpie,Ca3PI3,Ca,P,I,1.4909,1.250312,
verified_only,gkf,0,2,rf_magpie,Ca3SbBr3,Ca,Sb,Br,1.782,1.616096,
verified_only,gkf,0,1,rf_magpie,Ca3SbCl3,Ca,Sb,Cl,1.814,1.836837,
verified_only,gkf,0,2,rf_magpie,Ca3SbF3,Ca,Sb,F,2.19,1.85888,
verified_only,gkf,0,4,rf_magpie,Mg3AsBr3,Mg,As,Br,1.2907,1.472256,
verified_only,gkf,0,0,rf_magpie,Mg3BiBr3,Mg,Bi,Br,0.9648,0.795362,
verified_only,gkf,0,1,rf_magpie,Mg3BiI3,Mg,Bi,I,0.224,0.354086,
verified_only,gkf,0,0,rf_magpie,Mg3PBr3,Mg,P,Br,1.506,1.281566,
verified_only,gkf,0,3,rf_magpie,Mg3PCl3,Mg,P,Cl,2.297,1.866357,
verified_only,gkf,0,4,rf_magpie,Mg3PI3,Mg,P,I,0.377,0.754634,
verified_only,gkf,0,3,rf_magpie,Mg3SbBr3,Mg,Sb,Br,0.9418,1.327976,
verified_only,gkf,0,3,rf_magpie,Mg3SbCl3,Mg,Sb,Cl,1.7283,1.701413,
verified_only,gkf,0,2,rf_magpie,Mg3SbF3,Mg,Sb,F,3.184,1.822149,
verified_only,gkf,0,0,rf_magpie,Mg3SbI3,Mg,Sb,I,0.1057,0.525665,
verified_only,gkf,0,1,rf_magpie,Sr3AsCl3,Sr,As,Cl,1.7,1.82408,
verified_only,gkf,0,2,rf_magpie,Sr3AsI3,Sr,As,I,1.265,1.291065,
verified_only,gkf,0,3,rf_magpie,Sr3PBr3,Sr,P,Br,1.55,1.609933,
verified_only,gkf,0,0,rf_magpie,Sr3PCl3,Sr,P,Cl,1.677,1.705249,
verified_only,gkf,0,4,rf_magpie,Sr3PI3,Sr,P,I,1.258,1.207595,
verified_only,gkf,0,0,rf_magpie,Sr3SbCl3,Sr,Sb,Cl,1.712,1.632542,
verified_only,gkf,0,3,rf_magpie,Sr3SbI3,Sr,Sb,I,1.31,1.171379,
verified_only,gkf,1,5,rf_magpie,Ba3AsCl3,Ba,As,Cl,0.959,1.520332,
verified_only,gkf,1,7,rf_magpie,Ba3AsI3,Ba,As,I,0.834,1.248001,
verified_only,gkf,1,8,rf_magpie,Ba3SbBr3,Ba,Sb,Br,1.1908,1.060642,
verified_only,gkf,1,7,rf_magpie,Ba3SbI3,Ba,Sb,I,0.78,1.188661,
verified_only,gkf,1,8,rf_magpie,Ca3AsBr3,Ca,As,Br,1.634,1.593224,
verified_only,gkf,1,5,rf_magpie,Ca3AsF3,Ca,As,F,2.27,2.398875,
verified_only,gkf,1,7,rf_magpie,Ca3BiI3,Ca,Bi,I,1.36,0.86881,
verified_only,gkf,1,5,rf_magpie,Ca3PBr3,Ca,P,Br,1.8846,1.664816,
verified_only,gkf,1,7,rf_magpie,Ca3PCl3,Ca,P,Cl,2.035,1.915436,
verified_only,gkf,1,9,rf_magpie,Ca3PF3,Ca,P,F,2.518,2.315962,
verified_only,gkf,1,6,rf_magpie,Ca3PI3,Ca,P,I,1.4909,1.405662,
verified_only,gkf,1,8,rf_magpie,Ca3SbBr3,Ca,Sb,Br,1.782,1.548036,
verified_only,gkf,1,6,rf_magpie,Ca3SbCl3,Ca,Sb,Cl,1.814,1.770807,
verified_only,gkf,1,5,rf_magpie,Ca3SbF3,Ca,Sb,F,2.19,2.372099,
verified_only,gkf,1,9,rf_magpie,Mg3AsBr3,Mg,As,Br,1.2907,1.472299,
verified_only,gkf,1,9,rf_magpie,Mg3BiBr3,Mg,Bi,Br,0.9648,0.825552,
verified_only,gkf,1,6,rf_magpie,Mg3BiI3,Mg,Bi,I,0.224,0.746224,
verified_only,gkf,1,7,rf_magpie,Mg3PBr3,Mg,P,Br,1.506,1.418517,
verified_only,gkf,1,8,rf_magpie,Mg3PCl3,Mg,P,Cl,2.297,1.713248,
verified_only,gkf,1,8,rf_magpie,Mg3PI3,Mg,P,I,0.377,0.861664,
verified_only,gkf,1,5,rf_magpie,Mg3SbBr3,Mg,Sb,Br,0.9418,1.262461,
verified_only,gkf,1,5,rf_magpie,Mg3SbCl3,Mg,Sb,Cl,1.7283,1.869717,
verified_only,gkf,1,8,rf_magpie,Mg3SbF3,Mg,Sb,F,3.184,1.789034,
verified_only,gkf,1,6,rf_magpie,Mg3SbI3,Mg,Sb,I,0.1057,0.745485,
verified_only,gkf,1,7,rf_magpie,Sr3AsCl3,Sr,As,Cl,1.7,1.680483,
verified_only,gkf,1,6,rf_magpie,Sr3AsI3,Sr,As,I,1.265,1.229127,
verified_only,gkf,1,9,rf_magpie,Sr3PBr3,Sr,P,Br,1.55,1.610688,
verified_only,gkf,1,9,rf_magpie,Sr3PCl3,Sr,P,Cl,1.677,1.799712,
verified_only,gkf,1,5,rf_magpie,Sr3PI3,Sr,P,I,1.258,1.343863,
verified_only,gkf,1,9,rf_magpie,Sr3SbCl3,Sr,Sb,Cl,1.712,1.632575,
verified_only,gkf,1,6,rf_magpie,Sr3SbI3,Sr,Sb,I,1.31,1.138897,
verified_only,gkf,2,10,rf_magpie,Ba3AsCl3,Ba,As,Cl,0.959,1.46125,
verified_only,gkf,2,12,rf_magpie,Ba3AsI3,Ba,As,I,0.834,1.120178,
verified_only,gkf,2,14,rf_magpie,Ba3SbBr3,Ba,Sb,Br,1.1908,1.132935,
verified_only,gkf,2,13,rf_magpie,Ba3SbI3,Ba,Sb,I,0.78,1.04803,
verified_only,gkf,2,10,rf_magpie,Ca3AsBr3,Ca,As,Br,1.634,1.709176,
verified_only,gkf,2,12,rf_magpie,Ca3AsF3,Ca,As,F,2.27,2.254093,
verified_only,gkf,2,14,rf_magpie,Ca3BiI3,Ca,Bi,I,1.36,0.970325,
verified_only,gkf,2,14,rf_magpie,Ca3PBr3,Ca,P,Br,1.8846,1.618277,
verified_only,gkf,2,10,rf_magpie,Ca3PCl3,Ca,P,Cl,2.035,1.935131,
verified_only,gkf,2,12,rf_magpie,Ca3PF3,Ca,P,F,2.518,2.306059,
verified_only,gkf,2,10,rf_magpie,Ca3PI3,Ca,P,I,1.4909,1.343612,
verified_only,gkf,2,14,rf_magpie,Ca3SbBr3,Ca,Sb,Br,1.782,1.54157,
verified_only,gkf,2,12,rf_magpie,Ca3SbCl3,Ca,Sb,Cl,1.814,1.790151,
verified_only,gkf,2,13,rf_magpie,Ca3SbF3,Ca,Sb,F,2.19,1.957476,
verified_only,gkf,2,14,rf_magpie,Mg3AsBr3,Mg,As,Br,1.2907,1.436246,
verified_only,gkf,2,11,rf_magpie,Mg3BiBr3,Mg,Bi,Br,0.9648,0.81876,
verified_only,gkf,2,13,rf_magpie,Mg3BiI3,Mg,Bi,I,0.224,0.355917,
verified_only,gkf,2,13,rf_magpie,Mg3PBr3,Mg,P,Br,1.506,1.324332,
verified_only,gkf,2,11,rf_magpie,Mg3PCl3,Mg,P,Cl,2.297,1.865277,
verified_only,gkf,2,12,rf_magpie,Mg3PI3,Mg,P,I,0.377,0.740917,
verified_only,gkf,2,10,rf_magpie,Mg3SbBr3,Mg,Sb,Br,0.9418,1.24816,
verified_only,gkf,2,12,rf_magpie,Mg3SbCl3,Mg,Sb,Cl,1.7283,1.861869,
verified_only,gkf,2,13,rf_magpie,Mg3SbF3,Mg,Sb,F,3.184,1.815925,
verified_only,gkf,2,11,rf_magpie,Mg3SbI3,Mg,Sb,I,0.1057,0.537343,
verified_only,gkf,2,11,rf_magpie,Sr3AsCl3,Sr,As,Cl,1.7,1.679328,
verified_only,gkf,2,10,rf_magpie,Sr3AsI3,Sr,As,I,1.265,1.140598,
verified_only,gkf,2,11,rf_magpie,Sr3PBr3,Sr,P,Br,1.55,1.551052,
verified_only,gkf,2,13,rf_magpie,Sr3PCl3,Sr,P,Cl,1.677,1.776013,
verified_only,gkf,2,14,rf_magpie,Sr3PI3,Sr,P,I,1.258,1.266166,
verified_only,gkf,2,11,rf_magpie,Sr3SbCl3,Sr,Sb,Cl,1.712,1.547153,
verified_only,gkf,2,10,rf_magpie,Sr3SbI3,Sr,Sb,I,1.31,0.983675,
verified_only,gkf,3,18,rf_magpie,Ba3AsCl3,Ba,As,Cl,0.959,1.600218,
verified_only,gkf,3,15,rf_magpie,Ba3AsI3,Ba,As,I,0.834,1.266458,
verified_only,gkf,3,16,rf_magpie,Ba3SbBr3,Ba,Sb,Br,1.1908,1.223634,
verified_only,gkf,3,15,rf_magpie,Ba3SbI3,Ba,Sb,I,0.78,1.16373,
verified_only,gkf,3,15,rf_magpie,Ca3AsBr3,Ca,As,Br,1.634,1.746853,
verified_only,gkf,3,15,rf_magpie,Ca3AsF3,Ca,As,F,2.27,2.337059,
verified_only,gkf,3,17,rf_magpie,Ca3BiI3,Ca,Bi,I,1.36,0.95878,
verified_only,gkf,3,17,rf_magpie,Ca3PBr3,Ca,P,Br,1.8846,1.633582,
verified_only,gkf,3,18,rf_magpie,Ca3PCl3,Ca,P,Cl,2.035,1.944948,
verified_only,gkf,3,15,rf_magpie,Ca3PF3,Ca,P,F,2.518,2.422877,
verified_only,gkf,3,16,rf_magpie,Ca3PI3,Ca,P,I,1.4909,1.409617,
verified_only,gkf,3,17,rf_magpie,Ca3SbBr3,Ca,Sb,Br,1.782,1.527401,
verified_only,gkf,3,19,rf_magpie,Ca3SbCl3,Ca,Sb,Cl,1.814,1.844715,
verified_only,gkf,3,16,rf_magpie,Ca3SbF3,Ca,Sb,F,2.19,2.273442,
verified_only,gkf,3,19,rf_magpie,Mg3AsBr3,Mg,As,Br,1.2907,1.793099,
verified_only,gkf,3,19,rf_magpie,Mg3BiBr3,Mg,Bi,Br,0.9648,0.817777,
verified_only,gkf,3,16,rf_magpie,Mg3BiI3,Mg,Bi,I,0.224,0.38304,
verified_only,gkf,3,19,rf_magpie,Mg3PBr3,Mg,P,Br,1.506,1.626402,
verified_only,gkf,3,15,rf_magpie,Mg3PCl3,Mg,P,Cl,2.297,1.912424,
verified_only,gkf,3,17,rf_magpie,Mg3PI3,Mg,P,I,0.377,0.859308,
verified_only,gkf,3,19,rf_magpie,Mg3SbBr3,Mg,Sb,Br,0.9418,1.461857,
verified_only,gkf,3,17,rf_magpie,Mg3SbCl3,Mg,Sb,Cl,1.7283,1.774032,
verified_only,gkf,3,17,rf_magpie,Mg3SbF3,Mg,Sb,F,3.184,1.915981,
verified_only,gkf,3,18,rf_magpie,Mg3SbI3,Mg,Sb,I,0.1057,0.501416,
verified_only,gkf,3,18,rf_magpie,Sr3AsCl3,Sr,As,Cl,1.7,1.732247,
verified_only,gkf,3,15,rf_magpie,Sr3AsI3,Sr,As,I,1.265,1.325914,
verified_only,gkf,3,18,rf_magpie,Sr3PBr3,Sr,P,Br,1.55,1.670484,
verified_only,gkf,3,16,rf_magpie,Sr3PCl3,Sr,P,Cl,1.677,1.824023,
verified_only,gkf,3,18,rf_magpie,Sr3PI3,Sr,P,I,1.258,1.338703,
verified_only,gkf,3,16,rf_magpie,Sr3SbCl3,Sr,Sb,Cl,1.712,1.666928,
verified_only,gkf,3,19,rf_magpie,Sr3SbI3,Sr,Sb,I,1.31,1.109248,
verified_only,gkf,4,23,rf_magpie,Ba3AsCl3,Ba,As,Cl,0.959,1.677598,
verified_only,gkf,4,23,rf_magpie,Ba3AsI3,Ba,As,I,0.834,1.297098,
verified_only,gkf,4,23,rf_magpie,Ba3SbBr3,Ba,Sb,Br,1.1908,1.422956,
verified_only,gkf,4,20,rf_magpie,Ba3SbI3,Ba,Sb,I,0.78,1.11573,
verified_only,gkf,4,23,rf_magpie,Ca3AsBr3,Ca,As,Br,1.634,1.741763,
verified_only,gkf,4,20,rf_magpie,Ca3AsF3,Ca,As,F,2.27,2.414283,
verified_only,gkf,4,24,rf_magpie,Ca3BiI3,Ca,Bi,I,1.36,0.966886,
verified_only,gkf,4,24,rf_magpie,Ca3PBr3,Ca,P,Br,1.8846,1.595692,
verified_only,gkf,4,24,rf_magpie,Ca3PCl3,Ca,P,Cl,2.035,1.875835,
verified_only,gkf,4,21,rf_magpie,Ca3PF3,Ca,P,F,2.518,2.187126,
verified_only,gkf,4,20,rf_magpie,Ca3PI3,Ca,P,I,1.4909,1.402102,
verified_only,gkf,4,24,rf_magpie,Ca3SbBr3,Ca,Sb,Br,1.782,1.534087,
verified_only,gkf,4,20,rf_magpie,Ca3SbCl3,Ca,Sb,Cl,1.814,1.822488,
verified_only,gkf,4,22,rf_magpie,Ca3SbF3,Ca,Sb,F,2.19,2.464433,
verified_only,gkf,4,21,rf_magpie,Mg3AsBr3,Mg,As,Br,1.2907,1.493485,
verified_only,gkf,4,23,rf_magpie,Mg3BiBr3,Mg,Bi,Br,0.9648,0.913937,
verified_only,gkf,4,21,rf_magpie,Mg3BiI3,Mg,Bi,I,0.224,0.397422,
verified_only,gkf,4,22,rf_magpie,Mg3PBr3,Mg,P,Br,1.506,1.480325,
verified_only,gkf,4,20,rf_magpie,Mg3PCl3,Mg,P,Cl,2.297,1.769768,
verified_only,gkf,4,20,rf_magpie,Mg3PI3,Mg,P,I,0.377,0.785643,
verified_only,gkf,4,22,rf_magpie,Mg3SbBr3,Mg,Sb,Br,0.9418,1.337159,
verified_only,gkf,4,22,rf_magpie,Mg3SbCl3,Mg,Sb,Cl,1.7283,2.066541,
verified_only,gkf,4,21,rf_magpie,Mg3SbF3,Mg,Sb,F,3.184,1.911457,
verified_only,gkf,4,22,rf_magpie,Mg3SbI3,Mg,Sb,I,0.1057,0.535849,
verified_only,gkf,4,20,rf_magpie,Sr3AsCl3,Sr,As,Cl,1.7,1.768777,
verified_only,gkf,4,23,rf_magpie,Sr3AsI3,Sr,As,I,1.265,1.290061,
verified_only,gkf,4,22,rf_magpie,Sr3PBr3,Sr,P,Br,1.55,1.628122,
verified_only,gkf,4,24,rf_magpie,Sr3PCl3,Sr,P,Cl,1.677,1.692304,
verified_only,gkf,4,21,rf_magpie,Sr3PI3,Sr,P,I,1.258,1.332792,
verified_only,gkf,4,21,rf_magpie,Sr3SbCl3,Sr,Sb,Cl,1.712,1.598821,
verified_only,gkf,4,24,rf_magpie,Sr3SbI3,Sr,Sb,I,1.31,1.073354,
verified_only,gkf,5,25,rf_magpie,Ba3AsCl3,Ba,As,Cl,0.959,1.702434,
verified_only,gkf,5,26,rf_magpie,Ba3AsI3,Ba,As,I,0.834,1.150045,
verified_only,gkf,5,26,rf_magpie,Ba3SbBr3,Ba,Sb,Br,1.1908,1.225561,
verified_only,gkf,5,28,rf_magpie,Ba3SbI3,Ba,Sb,I,0.78,1.083185,
verified_only,gkf,5,28,rf_magpie,Ca3AsBr3,Ca,As,Br,1.634,1.729381,
verified_only,gkf,5,26,rf_magpie,Ca3AsF3,Ca,As,F,2.27,2.190785,
verified_only,gkf,5,29,rf_magpie,Ca3BiI3,Ca,Bi,I,1.36,1.075103,
verified_only,gkf,5,25,rf_magpie,Ca3PBr3,Ca,P,Br,1.8846,1.629667,
verified_only,gkf,5,26,rf_magpie,Ca3PCl3,Ca,P,Cl,2.035,1.940179,
verified_only,gkf,5,29,rf_magpie,Ca3PF3,Ca,P,F,2.518,2.337495,
verified_only,gkf,5,27,rf_magpie,Ca3PI3,Ca,P,I,1.4909,1.40705,
verified_only,gkf,5,25,rf_magpie,Ca3SbBr3,Ca,Sb,Br,1.782,1.567535,
verified_only,gkf,5,29,rf_magpie,Ca3SbCl3,Ca,Sb,Cl,1.814,1.837203,
verified_only,gkf,5,25,rf_magpie,Ca3SbF3,Ca,Sb,F,2.19,2.263981,
verified_only,gkf,5,28,rf_magpie,Mg3AsBr3,Mg,As,Br,1.2907,1.416234,
verified_only,gkf,5,27,rf_magpie,Mg3BiBr3,Mg,Bi,Br,0.9648,0.821751,
verified_only,gkf,5,29,rf_magpie,Mg3BiI3,Mg,Bi,I,0.224,0.382525,
verified_only,gkf,5,25,rf_magpie,Mg3PBr3,Mg,P,Br,1.506,1.092263,
verified_only,gkf,5,29,rf_magpie,Mg3PCl3,Mg,P,Cl,2.297,1.809303,
verified_only,gkf,5,28,rf_magpie,Mg3PI3,Mg,P,I,0.377,0.837561,
verified_only,gkf,5,27,rf_magpie,Mg3SbBr3,Mg,Sb,Br,0.9418,1.376894,
verified_only,gkf,5,27,rf_magpie,Mg3SbCl3,Mg,Sb,Cl,1.7283,2.001399,
verified_only,gkf,5,26,rf_magpie,Mg3SbF3,Mg,Sb,F,3.184,2.034302,
verified_only,gkf,5,27,rf_magpie,Mg3SbI3,Mg,Sb,I,0.1057,0.563175,
verified_only,gkf,5,25,rf_magpie,Sr3AsCl3,Sr,As,Cl,1.7,1.75946,
verified_only,gkf,5,25,rf_magpie,Sr3AsI3,Sr,As,I,1.265,1.203673,
verified_only,gkf,5,28,rf_magpie,Sr3PBr3,Sr,P,Br,1.55,1.627447,
verified_only,gkf,5,29,rf_magpie,Sr3PCl3,Sr,P,Cl,1.677,1.784639,
verified_only,gkf,5,28,rf_magpie,Sr3PI3,Sr,P,I,1.258,1.318751,
verified_only,gkf,5,27,rf_magpie,Sr3SbCl3,Sr,Sb,Cl,1.712,1.649172,
verified_only,gkf,5,26,rf_magpie,Sr3SbI3,Sr,Sb,I,1.31,1.159293,
verified_only,gkf,6,33,rf_magpie,Ba3AsCl3,Ba,As,Cl,0.959,1.599264,
verified_only,gkf,6,30,rf_magpie,Ba3AsI3,Ba,As,I,0.834,1.213675,
verified_only,gkf,6,33,rf_magpie,Ba3SbBr3,Ba,Sb,Br,1.1908,1.381667,
verified_only,gkf,6,30,rf_magpie,Ba3SbI3,Ba,Sb,I,0.78,1.128004,
verified_only,gkf,6,31,rf_magpie,Ca3AsBr3,Ca,As,Br,1.634,1.708441,
verified_only,gkf,6,32,rf_magpie,Ca3AsF3,Ca,As,F,2.27,2.456833,
verified_only,gkf,6,34,rf_magpie,Ca3BiI3,Ca,Bi,I,1.36,0.937422,
verified_only,gkf,6,32,rf_magpie,Ca3PBr3,Ca,P,Br,1.8846,1.651327,
verified_only,gkf,6,33,rf_magpie,Ca3PCl3,Ca,P,Cl,2.035,1.922831,
verified_only,gkf,6,31,rf_magpie,Ca3PF3,Ca,P,F,2.518,2.28715,
verified_only,gkf,6,34,rf_magpie,Ca3PI3,Ca,P,I,1.4909,1.302128,
verified_only,gkf,6,30,rf_magpie,Ca3SbBr3,Ca,Sb,Br,1.782,1.616982,
verified_only,gkf,6,33,rf_magpie,Ca3SbCl3,Ca,Sb,Cl,1.814,1.76741,
verified_only,gkf,6,32,rf_magpie,Ca3SbF3,Ca,Sb,F,2.19,2.232992,
verified_only,gkf,6,30,rf_magpie,Mg3AsBr3,Mg,As,Br,1.2907,1.59365,
verified_only,gkf,6,30,rf_magpie,Mg3BiBr3,Mg,Bi,Br,0.9648,0.895442,
verified_only,gkf,6,31,rf_magpie,Mg3BiI3,Mg,Bi,I,0.224,0.906918,
verified_only,gkf,6,30,rf_magpie,Mg3PBr3,Mg,P,Br,1.506,1.692081,
verified_only,gkf,6,31,rf_magpie,Mg3PCl3,Mg,P,Cl,2.297,1.764059,
verified_only,gkf,6,33,rf_magpie,Mg3PI3,Mg,P,I,0.377,0.770882,
verified_only,gkf,6,32,rf_magpie,Mg3SbBr3,Mg,Sb,Br,0.9418,1.328033,
verified_only,gkf,6,30,rf_magpie,Mg3SbCl3,Mg,Sb,Cl,1.7283,2.009683,
verified_only,gkf,6,34,rf_magpie,Mg3SbF3,Mg,Sb,F,3.184,2.002143,
verified_only,gkf,6,31,rf_magpie,Mg3SbI3,Mg,Sb,I,0.1057,0.943174,
verified_only,gkf,6,34,rf_magpie,Sr3AsCl3,Sr,As,Cl,1.7,1.684381,
verified_only,gkf,6,34,rf_magpie,Sr3AsI3,Sr,As,I,1.265,1.206966,
verified_only,gkf,6,33,rf_magpie,Sr3PBr3,Sr,P,Br,1.55,1.687589,
verified_only,gkf,6,34,rf_magpie,Sr3PCl3,Sr,P,Cl,1.677,1.763834,
verified_only,gkf,6,31,rf_magpie,Sr3PI3,Sr,P,I,1.258,1.280567,
verified_only,gkf,6,32,rf_magpie,Sr3SbCl3,Sr,Sb,Cl,1.712,1.607637,
verified_only,gkf,6,32,rf_magpie,Sr3SbI3,Sr,Sb,I,1.31,1.12272,
verified_only,gkf,7,37,rf_magpie,Ba3AsCl3,Ba,As,Cl,0.959,1.521806,
verified_only,gkf,7,39,rf_magpie,Ba3AsI3,Ba,As,I,0.834,1.087162,
verified_only,gkf,7,38,rf_magpie,Ba3SbBr3,Ba,Sb,Br,1.1908,1.112808,
verified_only,gkf,7,35,rf_magpie,Ba3SbI3,Ba,Sb,I,0.78,1.03682,
verified_only,gkf,7,38,rf_magpie,Ca3AsBr3,Ca,As,Br,1.634,1.757691,
verified_only,gkf,7,36,rf_magpie,Ca3AsF3,Ca,As,F,2.27,2.319089,
verified_only,gkf,7,39,rf_magpie,Ca3BiI3,Ca,Bi,I,1.36,0.958159,
verified_only,gkf,7,36,rf_magpie,Ca3PBr3,Ca,P,Br,1.8846,1.682995,
verified_only,gkf,7,35,rf_magpie,Ca3PCl3,Ca,P,Cl,2.035,1.965481,
verified_only,gkf,7,36,rf_magpie,Ca3PF3,Ca,P,F,2.518,2.358721,
verified_only,gkf,7,35,rf_magpie,Ca3PI3,Ca,P,I,1.4909,1.394168,
verified_only,gkf,7,39,rf_magpie,Ca3SbBr3,Ca,Sb,Br,1.782,1.547365,
verified_only,gkf,7,35,rf_magpie,Ca3SbCl3,Ca,Sb,Cl,1.814,1.741342,
verified_only,gkf,7,35,rf_magpie,Ca3SbF3,Ca,Sb,F,2.19,2.203158,
verified_only,gkf,7,37,rf_magpie,Mg3AsBr3,Mg,As,Br,1.2907,1.359977,
verified_only,gkf,7,37,rf_magpie,Mg3BiBr3,Mg,Bi,Br,0.9648,0.819104,
verified_only,gkf,7,39,rf_magpie,Mg3BiI3,Mg,Bi,I,0.224,0.449536,
verified_only,gkf,7,36,rf_magpie,Mg3PBr3,Mg,P,Br,1.506,1.323528,
verified_only,gkf,7,37,rf_magpie,Mg3PCl3,Mg,P,Cl,2.297,1.6259,
verified_only,gkf,7,39,rf_magpie,Mg3PI3,Mg,P,I,0.377,0.900115,
verified_only,gkf,7,38,rf_magpie,Mg3SbBr3,Mg,Sb,Br,0.9418,1.368975,
verified_only,gkf,7,38,rf_magpie,Mg3SbCl3,Mg,Sb,Cl,1.7283,2.055342,
verified_only,gkf,7,37,rf_magpie,Mg3SbF3,Mg,Sb,F,3.184,1.850698,
verified_only,gkf,7,38,rf_magpie,Mg3SbI3,Mg,Sb,I,0.1057,0.56712,
verified_only,gkf,7,36,rf_magpie,Sr3AsCl3,Sr,As,Cl,1.7,1.678106,
verified_only,gkf,7,39,rf_magpie,Sr3AsI3,Sr,As,I,1.265,1.254636,
verified_only,gkf,7,35,rf_magpie,Sr3PBr3,Sr,P,Br,1.55,1.672462,
verified_only,gkf,7,35,rf_magpie,Sr3PCl3,Sr,P,Cl,1.677,1.778694,
verified_only,gkf,7,36,rf_magpie,Sr3PI3,Sr,P,I,1.258,1.308584,
verified_only,gkf,7,37,rf_magpie,Sr3SbCl3,Sr,Sb,Cl,1.712,1.687782,
verified_only,gkf,7,38,rf_magpie,Sr3SbI3,Sr,Sb,I,1.31,1.173452,
verified_only,gkf,8,43,rf_magpie,Ba3AsCl3,Ba,As,Cl,0.959,1.588769,
verified_only,gkf,8,44,rf_magpie,Ba3AsI3,Ba,As,I,0.834,1.100173,
verified_only,gkf,8,42,rf_magpie,Ba3SbBr3,Ba,Sb,Br,1.1908,1.164243,
verified_only,gkf,8,42,rf_magpie,Ba3SbI3,Ba,Sb,I,0.78,0.967473,
verified_only,gkf,8,44,rf_magpie,Ca3AsBr3,Ca,As,Br,1.634,1.71545,
verified_only,gkf,8,44,rf_magpie,Ca3AsF3,Ca,As,F,2.27,2.357914,
verified_only,gkf,8,41,rf_magpie,Ca3BiI3,Ca,Bi,I,1.36,1.064416,
verified_only,gkf,8,40,rf_magpie,Ca3PBr3,Ca,P,Br,1.8846,1.717235,
verified_only,gkf,8,42,rf_magpie,Ca3PCl3,Ca,P,Cl,2.035,1.927909,
verified_only,gkf,8,41,rf_magpie,Ca3PF3,Ca,P,F,2.518,2.164235,
verified_only,gkf,8,43,rf_magpie,Ca3PI3,Ca,P,I,1.4909,1.418975,
verified_only,gkf,8,41,rf_magpie,Ca3SbBr3,Ca,Sb,Br,1.782,1.588212,
verified_only,gkf,8,42,rf_magpie,Ca3SbCl3,Ca,Sb,Cl,1.814,1.774891,
verified_only,gkf,8,41,rf_magpie,Ca3SbF3,Ca,Sb,F,2.19,1.833307,
verified_only,gkf,8,41,rf_magpie,Mg3AsBr3,Mg,As,Br,1.2907,1.510271,
verified_only,gkf,8,43,rf_magpie,Mg3BiBr3,Mg,Bi,Br,0.9648,0.802428,
verified_only,gkf,8,40,rf_magpie,Mg3BiI3,Mg,Bi,I,0.224,0.392931,
verified_only,gkf,8,40,rf_magpie,Mg3PBr3,Mg,P,Br,1.506,1.314006,
verified_only,gkf,8,40,rf_magpie,Mg3PCl3,Mg,P,Cl,2.297,1.77061,
verified_only,gkf,8,44,rf_magpie,Mg3PI3,Mg,P,I,0.377,1.051789,
verified_only,gkf,8,42,rf_magpie,Mg3SbBr3,Mg,Sb,Br,0.9418,1.350164,
verified_only,gkf,8,43,rf_magpie,Mg3SbCl3,Mg,Sb,Cl,1.7283,1.967803,
verified_only,gkf,8,41,rf_magpie,Mg3SbF3,Mg,Sb,F,3.184,1.751348,
verified_only,gkf,8,44,rf_magpie,Mg3SbI3,Mg,Sb,I,0.1057,0.756327,
verified_only,gkf,8,42,rf_magpie,Sr3AsCl3,Sr,As,Cl,1.7,1.699456,
verified_only,gkf,8,40,rf_magpie,Sr3AsI3,Sr,As,I,1.265,1.252745,
verified_only,gkf,8,40,rf_magpie,Sr3PBr3,Sr,P,Br,1.55,1.60001,
verified_only,gkf,8,40,rf_magpie,Sr3PCl3,Sr,P,Cl,1.677,1.725716,
verified_only,gkf,8,43,rf_magpie,Sr3PI3,Sr,P,I,1.258,1.287022,
verified_only,gkf,8,43,rf_magpie,Sr3SbCl3,Sr,Sb,Cl,1.712,1.711742,
verified_only,gkf,8,44,rf_magpie,Sr3SbI3,Sr,Sb,I,1.31,1.160784,
verified_only,gkf,9,49,rf_magpie,Ba3AsCl3,Ba,As,Cl,0.959,1.598416,
verified_only,gkf,9,47,rf_magpie,Ba3AsI3,Ba,As,I,0.834,1.125066,
verified_only,gkf,9,48,rf_magpie,Ba3SbBr3,Ba,Sb,Br,1.1908,1.190521,
verified_only,gkf,9,45,rf_magpie,Ba3SbI3,Ba,Sb,I,0.78,1.021063,
verified_only,gkf,9,46,rf_magpie,Ca3AsBr3,Ca,As,Br,1.634,1.613088,
verified_only,gkf,9,45,rf_magpie,Ca3AsF3,Ca,As,F,2.27,2.392115,
verified_only,gkf,9,49,rf_magpie,Ca3BiI3,Ca,Bi,I,1.36,0.957742,
verified_only,gkf,9,49,rf_magpie,Ca3PBr3,Ca,P,Br,1.8846,1.693205,
verified_only,gkf,9,46,rf_magpie,Ca3PCl3,Ca,P,Cl,2.035,1.879798,
verified_only,gkf,9,48,rf_magpie,Ca3PF3,Ca,P,F,2.518,2.191543,
verified_only,gkf,9,49,rf_magpie,Ca3PI3,Ca,P,I,1.4909,1.399354,
verified_only,gkf,9,46,rf_magpie,Ca3SbBr3,Ca,Sb,Br,1.782,1.555815,
verified_only,gkf,9,46,rf_magpie,Ca3SbCl3,Ca,Sb,Cl,1.814,1.754139,
verified_only,gkf,9,47,rf_magpie,Ca3SbF3,Ca,Sb,F,2.19,2.334807,
verified_only,gkf,9,46,rf_magpie,Mg3AsBr3,Mg,As,Br,1.2907,1.446961,
verified_only,gkf,9,47,rf_magpie,Mg3BiBr3,Mg,Bi,Br,0.9648,0.921399,
verified_only,gkf,9,47,rf_magpie,Mg3BiI3,Mg,Bi,I,0.224,0.369418,
verified_only,gkf,9,49,rf_magpie,Mg3PBr3,Mg,P,Br,1.506,1.21991,
verified_only,gkf,9,47,rf_magpie,Mg3PCl3,Mg,P,Cl,2.297,1.860166,
verified_only,gkf,9,46,rf_magpie,Mg3PI3,Mg,P,I,0.377,0.841354,
verified_only,gkf,9,45,rf_magpie,Mg3SbBr3,Mg,Sb,Br,0.9418,1.417593,
verified_only,gkf,9,45,rf_magpie,Mg3SbCl3,Mg,Sb,Cl,1.7283,1.955651,
verified_only,gkf,9,48,rf_magpie,Mg3SbF3,Mg,Sb,F,3.184,1.948521,
verified_only,gkf,9,45,rf_magpie,Mg3SbI3,Mg,Sb,I,0.1057,0.540341,
verified_only,gkf,9,49,rf_magpie,Sr3AsCl3,Sr,As,Cl,1.7,1.735304,
verified_only,gkf,9,48,rf_magpie,Sr3AsI3,Sr,As,I,1.265,1.225154,
verified_only,gkf,9,45,rf_magpie,Sr3PBr3,Sr,P,Br,1.55,1.621185,
verified_only,gkf,9,47,rf_magpie,Sr3PCl3,Sr,P,Cl,1.677,1.750824,
verified_only,gkf,9,45,rf_magpie,Sr3PI3,Sr,P,I,1.258,1.329915,
verified_only,gkf,9,48,rf_magpie,Sr3SbCl3,Sr,Sb,Cl,1.712,1.551595,
verified_only,gkf,9,48,rf_magpie,Sr3SbI3,Sr,Sb,I,1.31,1.056919,
verified_only,gkf,0,1,rf_physics9,Ba3AsCl3,Ba,As,Cl,0.959,1.595026,
verified_only,gkf,0,2,rf_physics9,Ba3AsI3,Ba,As,I,0.834,1.100435,
verified_only,gkf,0,2,rf_physics9,Ba3SbBr3,Ba,Sb,Br,1.1908,1.231876,
verified_only,gkf,0,3,rf_physics9,Ba3SbI3,Ba,Sb,I,0.78,1.021583,
verified_only,gkf,0,1,rf_physics9,Ca3AsBr3,Ca,As,Br,1.634,1.748732,
verified_only,gkf,0,1,rf_physics9,Ca3AsF3,Ca,As,F,2.27,2.449479,
verified_only,gkf,0,4,rf_physics9,Ca3BiI3,Ca,Bi,I,1.36,1.06834,
verified_only,gkf,0,4,rf_physics9,Ca3PBr3,Ca,P,Br,1.8846,1.727455,
verified_only,gkf,0,0,rf_physics9,Ca3PCl3,Ca,P,Cl,2.035,1.940664,
verified_only,gkf,0,0,rf_physics9,Ca3PF3,Ca,P,F,2.518,2.265233,
verified_only,gkf,0,4,rf_physics9,Ca3PI3,Ca,P,I,1.4909,1.295515,
verified_only,gkf,0,2,rf_physics9,Ca3SbBr3,Ca,Sb,Br,1.782,1.65277,
verified_only,gkf,0,1,rf_physics9,Ca3SbCl3,Ca,Sb,Cl,1.814,1.855932,
verified_only,gkf,0,2,rf_physics9,Ca3SbF3,Ca,Sb,F,2.19,2.128112,
verified_only,gkf,0,4,rf_physics9,Mg3AsBr3,Mg,As,Br,1.2907,1.250714,
verified_only,gkf,0,0,rf_physics9,Mg3BiBr3,Mg,Bi,Br,0.9648,1.140977,
verified_only,gkf,0,1,rf_physics9,Mg3BiI3,Mg,Bi,I,0.224,0.322435,
verified_only,gkf,0,0,rf_physics9,Mg3PBr3,Mg,P,Br,1.506,1.373762,
verified_only,gkf,0,3,rf_physics9,Mg3PCl3,Mg,P,Cl,2.297,1.694952,
verified_only,gkf,0,4,rf_physics9,Mg3PI3,Mg,P,I,0.377,0.356882,
verified_only,gkf,0,3,rf_physics9,Mg3SbBr3,Mg,Sb,Br,0.9418,1.215168,
verified_only,gkf,0,3,rf_physics9,Mg3SbCl3,Mg,Sb,Cl,1.7283,1.622967,
verified_only,gkf,0,2,rf_physics9,Mg3SbF3,Mg,Sb,F,3.184,2.121458,
verified_only,gkf,0,0,rf_physics9,Mg3SbI3,Mg,Sb,I,0.1057,0.430713,
verified_only,gkf,0,1,rf_physics9,Sr3AsCl3,Sr,As,Cl,1.7,1.748989,
verified_only,gkf,0,2,rf_physics9,Sr3AsI3,Sr,As,I,1.265,1.313166,
verified_only,gkf,0,3,rf_physics9,Sr3PBr3,Sr,P,Br,1.55,1.740805,
verified_only,gkf,0,0,rf_physics9,Sr3PCl3,Sr,P,Cl,1.677,1.780474,
verified_only,gkf,0,4,rf_physics9,Sr3PI3,Sr,P,I,1.258,1.30535,
verified_only,gkf,0,0,rf_physics9,Sr3SbCl3,Sr,Sb,Cl,1.712,1.692845,
verified_only,gkf,0,3,rf_physics9,Sr3SbI3,Sr,Sb,I,1.31,1.244899,
verified_only,gkf,1,5,rf_physics9,Ba3AsCl3,Ba,As,Cl,0.959,1.603852,
verified_only,gkf,1,7,rf_physics9,Ba3AsI3,Ba,As,I,0.834,1.221168,
verified_only,gkf,1,8,rf_physics9,Ba3SbBr3,Ba,Sb,Br,1.1908,1.18544,
verified_only,gkf,1,7,rf_physics9,Ba3SbI3,Ba,Sb,I,0.78,1.232246,
verified_only,gkf,1,8,rf_physics9,Ca3AsBr3,Ca,As,Br,1.634,1.754938,
verified_only,gkf,1,5,rf_physics9,Ca3AsF3,Ca,As,F,2.27,2.47411,
verified_only,gkf,1,7,rf_physics9,Ca3BiI3,Ca,Bi,I,1.36,1.225202,
verified_only,gkf,1,5,rf_physics9,Ca3PBr3,Ca,P,Br,1.8846,1.633137,
verified_only,gkf,1,7,rf_physics9,Ca3PCl3,Ca,P,Cl,2.035,1.874568,
verified_only,gkf,1,9,rf_physics9,Ca3PF3,Ca,P,F,2.518,2.245872,
verified_only,gkf,1,6,rf_physics9,Ca3PI3,Ca,P,I,1.4909,1.182963,
verified_only,gkf,1,8,rf_physics9,Ca3SbBr3,Ca,Sb,Br,1.782,1.635226,
verified_only,gkf,1,6,rf_physics9,Ca3SbCl3,Ca,Sb,Cl,1.814,1.791874,
verified_only,gkf,1,5,rf_physics9,Ca3SbF3,Ca,Sb,F,2.19,2.653557,
verified_only,gkf,1,9,rf_physics9,Mg3AsBr3,Mg,As,Br,1.2907,1.329727,
verified_only,gkf,1,9,rf_physics9,Mg3BiBr3,Mg,Bi,Br,0.9648,1.180663,
verified_only,gkf,1,6,rf_physics9,Mg3BiI3,Mg,Bi,I,0.224,0.8773,
verified_only,gkf,1,7,rf_physics9,Mg3PBr3,Mg,P,Br,1.506,1.245265,
verified_only,gkf,1,8,rf_physics9,Mg3PCl3,Mg,P,Cl,2.297,1.680724,
verified_only,gkf,1,8,rf_physics9,Mg3PI3,Mg,P,I,0.377,0.339854,
verified_only,gkf,1,5,rf_physics9,Mg3SbBr3,Mg,Sb,Br,0.9418,1.280097,
verified_only,gkf,1,5,rf_physics9,Mg3SbCl3,Mg,Sb,Cl,1.7283,1.909054,
verified_only,gkf,1,8,rf_physics9,Mg3SbF3,Mg,Sb,F,3.184,2.16175,
verified_only,gkf,1,6,rf_physics9,Mg3SbI3,Mg,Sb,I,0.1057,0.764997,
verified_only,gkf,1,7,rf_physics9,Sr3AsCl3,Sr,As,Cl,1.7,1.539685,
verified_only,gkf,1,6,rf_physics9,Sr3AsI3,Sr,As,I,1.265,1.127728,
verified_only,gkf,1,9,rf_physics9,Sr3PBr3,Sr,P,Br,1.55,1.700601,
verified_only,gkf,1,9,rf_physics9,Sr3PCl3,Sr,P,Cl,1.677,1.873979,
verified_only,gkf,1,5,rf_physics9,Sr3PI3,Sr,P,I,1.258,1.408223,
verified_only,gkf,1,9,rf_physics9,Sr3SbCl3,Sr,Sb,Cl,1.712,1.705598,
verified_only,gkf,1,6,rf_physics9,Sr3SbI3,Sr,Sb,I,1.31,1.107054,
verified_only,gkf,2,10,rf_physics9,Ba3AsCl3,Ba,As,Cl,0.959,1.5277,
verified_only,gkf,2,12,rf_physics9,Ba3AsI3,Ba,As,I,0.834,1.059652,
verified_only,gkf,2,14,rf_physics9,Ba3SbBr3,Ba,Sb,Br,1.1908,1.185489,
verified_only,gkf,2,13,rf_physics9,Ba3SbI3,Ba,Sb,I,0.78,1.032601,
verified_only,gkf,2,10,rf_physics9,Ca3AsBr3,Ca,As,Br,1.634,1.762068,
verified_only,gkf,2,12,rf_physics9,Ca3AsF3,Ca,As,F,2.27,2.194646,
verified_only,gkf,2,14,rf_physics9,Ca3BiI3,Ca,Bi,I,1.36,1.131461,
verified_only,gkf,2,14,rf_physics9,Ca3PBr3,Ca,P,Br,1.8846,1.727035,
verified_only,gkf,2,10,rf_physics9,Ca3PCl3,Ca,P,Cl,2.035,1.920125,
verified_only,gkf,2,12,rf_physics9,Ca3PF3,Ca,P,F,2.518,2.205295,
verified_only,gkf,2,10,rf_physics9,Ca3PI3,Ca,P,I,1.4909,1.230378,
verified_only,gkf,2,14,rf_physics9,Ca3SbBr3,Ca,Sb,Br,1.782,1.615684,
verified_only,gkf,2,12,rf_physics9,Ca3SbCl3,Ca,Sb,Cl,1.814,1.830095,
verified_only,gkf,2,13,rf_physics9,Ca3SbF3,Ca,Sb,F,2.19,2.071017,
verified_only,gkf,2,14,rf_physics9,Mg3AsBr3,Mg,As,Br,1.2907,1.214301,
verified_only,gkf,2,11,rf_physics9,Mg3BiBr3,Mg,Bi,Br,0.9648,1.128748,
verified_only,gkf,2,13,rf_physics9,Mg3BiI3,Mg,Bi,I,0.224,0.358636,
verified_only,gkf,2,13,rf_physics9,Mg3PBr3,Mg,P,Br,1.506,1.270519,
verified_only,gkf,2,11,rf_physics9,Mg3PCl3,Mg,P,Cl,2.297,1.781159,
verified_only,gkf,2,12,rf_physics9,Mg3PI3,Mg,P,I,0.377,0.3771,
verified_only,gkf,2,10,rf_physics9,Mg3SbBr3,Mg,Sb,Br,0.9418,1.220485,
verified_only,gkf,2,12,rf_physics9,Mg3SbCl3,Mg,Sb,Cl,1.7283,1.905636,
verified_only,gkf,2,13,rf_physics9,Mg3SbF3,Mg,Sb,F,3.184,2.028644,
verified_only,gkf,2,11,rf_physics9,Mg3SbI3,Mg,Sb,I,0.1057,0.446986,
verified_only,gkf,2,11,rf_physics9,Sr3AsCl3,Sr,As,Cl,1.7,1.612838,
verified_only,gkf,2,10,rf_physics9,Sr3AsI3,Sr,As,I,1.265,1.150332,
verified_only,gkf,2,11,rf_physics9,Sr3PBr3,Sr,P,Br,1.55,1.690318,
verified_only,gkf,2,13,rf_physics9,Sr3PCl3,Sr,P,Cl,1.677,1.836527,
verified_only,gkf,2,14,rf_physics9,Sr3PI3,Sr,P,I,1.258,1.36742,
verified_only,gkf,2,11,rf_physics9,Sr3SbCl3,Sr,Sb,Cl,1.712,1.721802,
verified_only,gkf,2,10,rf_physics9,Sr3SbI3,Sr,Sb,I,1.31,1.120218,
verified_only,gkf,3,18,rf_physics9,Ba3AsCl3,Ba,As,Cl,0.959,1.567278,
verified_only,gkf,3,15,rf_physics9,Ba3AsI3,Ba,As,I,0.834,1.199315,
verified_only,gkf,3,16,rf_physics9,Ba3SbBr3,Ba,Sb,Br,1.1908,1.277939,
verified_only,gkf,3,15,rf_physics9,Ba3SbI3,Ba,Sb,I,0.78,1.206555,
verified_only,gkf,3,15,rf_physics9,Ca3AsBr3,Ca,As,Br,1.634,1.782284,
verified_only,gkf,3,15,rf_physics9,Ca3AsF3,Ca,As,F,2.27,2.304811,
verified_only,gkf,3,17,rf_physics9,Ca3BiI3,Ca,Bi,I,1.36,1.08269,
verified_only,gkf,3,17,rf_physics9,Ca3PBr3,Ca,P,Br,1.8846,1.647785,
verified_only,gkf,3,18,rf_physics9,Ca3PCl3,Ca,P,Cl,2.035,1.901579,
verified_only,gkf,3,15,rf_physics9,Ca3PF3,Ca,P,F,2.518,2.313564,
verified_only,gkf,3,16,rf_physics9,Ca3PI3,Ca,P,I,1.4909,1.276871,
verified_only,gkf,3,17,rf_physics9,Ca3SbBr3,Ca,Sb,Br,1.782,1.426812,
verified_only,gkf,3,19,rf_physics9,Ca3SbCl3,Ca,Sb,Cl,1.814,1.798618,
verified_only,gkf,3,16,rf_physics9,Ca3SbF3,Ca,Sb,F,2.19,2.665968,
verified_only,gkf,3,19,rf_physics9,Mg3AsBr3,Mg,As,Br,1.2907,1.594367,
verified_only,gkf,3,19,rf_physics9,Mg3BiBr3,Mg,Bi,Br,0.9648,1.576181,
verified_only,gkf,3,16,rf_physics9,Mg3BiI3,Mg,Bi,I,0.224,0.425864,
verified_only,gkf,3,19,rf_physics9,Mg3PBr3,Mg,P,Br,1.506,1.710994,
verified_only,gkf,3,15,rf_physics9,Mg3PCl3,Mg,P,Cl,2.297,1.904778,
verified_only,gkf,3,17,rf_physics9,Mg3PI3,Mg,P,I,0.377,0.416993,
verified_only,gkf,3,19,rf_physics9,Mg3SbBr3,Mg,Sb,Br,0.9418,1.575649,
verified_only,gkf,3,17,rf_physics9,Mg3SbCl3,Mg,Sb,Cl,1.7283,1.851921,
verified_only,gkf,3,17,rf_physics9,Mg3SbF3,Mg,Sb,F,3.184,2.159304,
verified_only,gkf,3,18,rf_physics9,Mg3SbI3,Mg,Sb,I,0.1057,0.447331,
verified_only,gkf,3,18,rf_physics9,Sr3AsCl3,Sr,As,Cl,1.7,1.746977,
verified_only,gkf,3,15,rf_physics9,Sr3AsI3,Sr,As,I,1.265,1.314581,
verified_only,gkf,3,18,rf_physics9,Sr3PBr3,Sr,P,Br,1.55,1.797787,
verified_only,gkf,3,16,rf_physics9,Sr3PCl3,Sr,P,Cl,1.677,1.847065,
verified_only,gkf,3,18,rf_physics9,Sr3PI3,Sr,P,I,1.258,1.37648,
verified_only,gkf,3,16,rf_physics9,Sr3SbCl3,Sr,Sb,Cl,1.712,1.745974,
verified_only,gkf,3,19,rf_physics9,Sr3SbI3,Sr,Sb,I,1.31,1.23653,
verified_only,gkf,4,23,rf_physics9,Ba3AsCl3,Ba,As,Cl,0.959,1.716329,
verified_only,gkf,4,23,rf_physics9,Ba3AsI3,Ba,As,I,0.834,1.077208,
verified_only,gkf,4,23,rf_physics9,Ba3SbBr3,Ba,Sb,Br,1.1908,1.620591,
verified_only,gkf,4,20,rf_physics9,Ba3SbI3,Ba,Sb,I,0.78,1.048158,
verified_only,gkf,4,23,rf_physics9,Ca3AsBr3,Ca,As,Br,1.634,1.839214,
verified_only,gkf,4,20,rf_physics9,Ca3AsF3,Ca,As,F,2.27,2.433762,
verified_only,gkf,4,24,rf_physics9,Ca3BiI3,Ca,Bi,I,1.36,1.024142,
verified_only,gkf,4,24,rf_physics9,Ca3PBr3,Ca,P,Br,1.8846,1.644052,
verified_only,gkf,4,24,rf_physics9,Ca3PCl3,Ca,P,Cl,2.035,1.952917,
verified_only,gkf,4,21,rf_physics9,Ca3PF3,Ca,P,F,2.518,2.125118,
verified_only,gkf,4,20,rf_physics9,Ca3PI3,Ca,P,I,1.4909,1.34497,
verified_only,gkf,4,24,rf_physics9,Ca3SbBr3,Ca,Sb,Br,1.782,1.431545,
verified_only,gkf,4,20,rf_physics9,Ca3SbCl3,Ca,Sb,Cl,1.814,1.77749,
verified_only,gkf,4,22,rf_physics9,Ca3SbF3,Ca,Sb,F,2.19,2.685813,
verified_only,gkf,4,21,rf_physics9,Mg3AsBr3,Mg,As,Br,1.2907,1.236677,
verified_only,gkf,4,23,rf_physics9,Mg3BiBr3,Mg,Bi,Br,0.9648,1.122682,
verified_only,gkf,4,21,rf_physics9,Mg3BiI3,Mg,Bi,I,0.224,0.415457,
verified_only,gkf,4,22,rf_physics9,Mg3PBr3,Mg,P,Br,1.506,1.380497,
verified_only,gkf,4,20,rf_physics9,Mg3PCl3,Mg,P,Cl,2.297,1.758618,
verified_only,gkf,4,20,rf_physics9,Mg3PI3,Mg,P,I,0.377,0.345382,
verified_only,gkf,4,22,rf_physics9,Mg3SbBr3,Mg,Sb,Br,0.9418,1.235274,
verified_only,gkf,4,22,rf_physics9,Mg3SbCl3,Mg,Sb,Cl,1.7283,1.920772,
verified_only,gkf,4,21,rf_physics9,Mg3SbF3,Mg,Sb,F,3.184,2.079028,
verified_only,gkf,4,22,rf_physics9,Mg3SbI3,Mg,Sb,I,0.1057,0.426814,
verified_only,gkf,4,20,rf_physics9,Sr3AsCl3,Sr,As,Cl,1.7,1.615049,
verified_only,gkf,4,23,rf_physics9,Sr3AsI3,Sr,As,I,1.265,1.300756,
verified_only,gkf,4,22,rf_physics9,Sr3PBr3,Sr,P,Br,1.55,1.723402,
verified_only,gkf,4,24,rf_physics9,Sr3PCl3,Sr,P,Cl,1.677,1.853024,
verified_only,gkf,4,21,rf_physics9,Sr3PI3,Sr,P,I,1.258,1.355636,
verified_only,gkf,4,21,rf_physics9,Sr3SbCl3,Sr,Sb,Cl,1.712,1.684114,
verified_only,gkf,4,24,rf_physics9,Sr3SbI3,Sr,Sb,I,1.31,1.026446,
verified_only,gkf,5,25,rf_physics9,Ba3AsCl3,Ba,As,Cl,0.959,1.731179,
verified_only,gkf,5,26,rf_physics9,Ba3AsI3,Ba,As,I,0.834,1.073615,
verified_only,gkf,5,26,rf_physics9,Ba3SbBr3,Ba,Sb,Br,1.1908,1.243061,
verified_only,gkf,5,28,rf_physics9,Ba3SbI3,Ba,Sb,I,0.78,1.046236,
verified_only,gkf,5,28,rf_physics9,Ca3AsBr3,Ca,As,Br,1.634,1.777066,
verified_only,gkf,5,26,rf_physics9,Ca3AsF3,Ca,As,F,2.27,2.254306,
verified_only,gkf,5,29,rf_physics9,Ca3BiI3,Ca,Bi,I,1.36,1.162877,
verified_only,gkf,5,25,rf_physics9,Ca3PBr3,Ca,P,Br,1.8846,1.606454,
verified_only,gkf,5,26,rf_physics9,Ca3PCl3,Ca,P,Cl,2.035,1.896076,
verified_only,gkf,5,29,rf_physics9,Ca3PF3,Ca,P,F,2.518,2.272693,
verified_only,gkf,5,27,rf_physics9,Ca3PI3,Ca,P,I,1.4909,1.295252,
verified_only,gkf,5,25,rf_physics9,Ca3SbBr3,Ca,Sb,Br,1.782,1.450835,
verified_only,gkf,5,29,rf_physics9,Ca3SbCl3,Ca,Sb,Cl,1.814,1.790896,
verified_only,gkf,5,25,rf_physics9,Ca3SbF3,Ca,Sb,F,2.19,2.660309,
verified_only,gkf,5,28,rf_physics9,Mg3AsBr3,Mg,As,Br,1.2907,1.19499,
verified_only,gkf,5,27,rf_physics9,Mg3BiBr3,Mg,Bi,Br,0.9648,1.457275,
verified_only,gkf,5,29,rf_physics9,Mg3BiI3,Mg,Bi,I,0.224,0.299124,
verified_only,gkf,5,25,rf_physics9,Mg3PBr3,Mg,P,Br,1.506,1.2811,
verified_only,gkf,5,29,rf_physics9,Mg3PCl3,Mg,P,Cl,2.297,1.726962,
verified_only,gkf,5,28,rf_physics9,Mg3PI3,Mg,P,I,0.377,0.341585,
verified_only,gkf,5,27,rf_physics9,Mg3SbBr3,Mg,Sb,Br,0.9418,1.464877,
verified_only,gkf,5,27,rf_physics9,Mg3SbCl3,Mg,Sb,Cl,1.7283,2.083505,
verified_only,gkf,5,26,rf_physics9,Mg3SbF3,Mg,Sb,F,3.184,2.174359,
verified_only,gkf,5,27,rf_physics9,Mg3SbI3,Mg,Sb,I,0.1057,0.470178,
verified_only,gkf,5,25,rf_physics9,Sr3AsCl3,Sr,As,Cl,1.7,1.785256,
verified_only,gkf,5,25,rf_physics9,Sr3AsI3,Sr,As,I,1.265,1.252855,
verified_only,gkf,5,28,rf_physics9,Sr3PBr3,Sr,P,Br,1.55,1.722401,
verified_only,gkf,5,29,rf_physics9,Sr3PCl3,Sr,P,Cl,1.677,1.778581,
verified_only,gkf,5,28,rf_physics9,Sr3PI3,Sr,P,I,1.258,1.424159,
verified_only,gkf,5,27,rf_physics9,Sr3SbCl3,Sr,Sb,Cl,1.712,1.720935,
verified_only,gkf,5,26,rf_physics9,Sr3SbI3,Sr,Sb,I,1.31,1.104432,
verified_only,gkf,6,33,rf_physics9,Ba3AsCl3,Ba,As,Cl,0.959,1.709249,
verified_only,gkf,6,30,rf_physics9,Ba3AsI3,Ba,As,I,0.834,1.248364,
verified_only,gkf,6,33,rf_physics9,Ba3SbBr3,Ba,Sb,Br,1.1908,1.695727,
verified_only,gkf,6,30,rf_physics9,Ba3SbI3,Ba,Sb,I,0.78,1.231534,
verified_only,gkf,6,31,rf_physics9,Ca3AsBr3,Ca,As,Br,1.634,1.792329,
verified_only,gkf,6,32,rf_physics9,Ca3AsF3,Ca,As,F,2.27,2.478264,
verified_only,gkf,6,34,rf_physics9,Ca3BiI3,Ca,Bi,I,1.36,1.053103,
verified_only,gkf,6,32,rf_physics9,Ca3PBr3,Ca,P,Br,1.8846,1.678085,
verified_only,gkf,6,33,rf_physics9,Ca3PCl3,Ca,P,Cl,2.035,1.851031,
verified_only,gkf,6,31,rf_physics9,Ca3PF3,Ca,P,F,2.518,2.230372,
verified_only,gkf,6,34,rf_physics9,Ca3PI3,Ca,P,I,1.4909,1.257376,
verified_only,gkf,6,30,rf_physics9,Ca3SbBr3,Ca,Sb,Br,1.782,1.526247,
verified_only,gkf,6,33,rf_physics9,Ca3SbCl3,Ca,Sb,Cl,1.814,1.767558,
verified_only,gkf,6,32,rf_physics9,Ca3SbF3,Ca,Sb,F,2.19,2.66924,
verified_only,gkf,6,30,rf_physics9,Mg3AsBr3,Mg,As,Br,1.2907,1.294393,
verified_only,gkf,6,30,rf_physics9,Mg3BiBr3,Mg,Bi,Br,0.9648,1.024003,
verified_only,gkf,6,31,rf_physics9,Mg3BiI3,Mg,Bi,I,0.224,0.871439,
verified_only,gkf,6,30,rf_physics9,Mg3PBr3,Mg,P,Br,1.506,1.389175,
verified_only,gkf,6,31,rf_physics9,Mg3PCl3,Mg,P,Cl,2.297,1.731202,
verified_only,gkf,6,33,rf_physics9,Mg3PI3,Mg,P,I,0.377,0.317172,
verified_only,gkf,6,32,rf_physics9,Mg3SbBr3,Mg,Sb,Br,0.9418,1.241867,
verified_only,gkf,6,30,rf_physics9,Mg3SbCl3,Mg,Sb,Cl,1.7283,1.729219,
verified_only,gkf,6,34,rf_physics9,Mg3SbF3,Mg,Sb,F,3.184,2.146119,
verified_only,gkf,6,31,rf_physics9,Mg3SbI3,Mg,Sb,I,0.1057,0.836874,
verified_only,gkf,6,34,rf_physics9,Sr3AsCl3,Sr,As,Cl,1.7,1.721265,
verified_only,gkf,6,34,rf_physics9,Sr3AsI3,Sr,As,I,1.265,1.173522,
verified_only,gkf,6,33,rf_physics9,Sr3PBr3,Sr,P,Br,1.55,1.806601,
verified_only,gkf,6,34,rf_physics9,Sr3PCl3,Sr,P,Cl,1.677,1.826337,
verified_only,gkf,6,31,rf_physics9,Sr3PI3,Sr,P,I,1.258,1.298143,
verified_only,gkf,6,32,rf_physics9,Sr3SbCl3,Sr,Sb,Cl,1.712,1.732161,
verified_only,gkf,6,32,rf_physics9,Sr3SbI3,Sr,Sb,I,1.31,1.220252,
verified_only,gkf,7,37,rf_physics9,Ba3AsCl3,Ba,As,Cl,0.959,1.536141,
verified_only,gkf,7,39,rf_physics9,Ba3AsI3,Ba,As,I,0.834,1.147804,
verified_only,gkf,7,38,rf_physics9,Ba3SbBr3,Ba,Sb,Br,1.1908,1.219031,
verified_only,gkf,7,35,rf_physics9,Ba3SbI3,Ba,Sb,I,0.78,1.033192,
verified_only,gkf,7,38,rf_physics9,Ca3AsBr3,Ca,As,Br,1.634,1.817046,
verified_only,gkf,7,36,rf_physics9,Ca3AsF3,Ca,As,F,2.27,2.286037,
verified_only,gkf,7,39,rf_physics9,Ca3BiI3,Ca,Bi,I,1.36,1.176067,
verified_only,gkf,7,36,rf_physics9,Ca3PBr3,Ca,P,Br,1.8846,1.732751,
verified_only,gkf,7,35,rf_physics9,Ca3PCl3,Ca,P,Cl,2.035,2.00022,
verified_only,gkf,7,36,rf_physics9,Ca3PF3,Ca,P,F,2.518,2.312627,
verified_only,gkf,7,35,rf_physics9,Ca3PI3,Ca,P,I,1.4909,1.362696,
verified_only,gkf,7,39,rf_physics9,Ca3SbBr3,Ca,Sb,Br,1.782,1.385219,
verified_only,gkf,7,35,rf_physics9,Ca3SbCl3,Ca,Sb,Cl,1.814,1.758665,
verified_only,gkf,7,35,rf_physics9,Ca3SbF3,Ca,Sb,F,2.19,2.604566,
verified_only,gkf,7,37,rf_physics9,Mg3AsBr3,Mg,As,Br,1.2907,1.331187,
verified_only,gkf,7,37,rf_physics9,Mg3BiBr3,Mg,Bi,Br,0.9648,1.19629,
verified_only,gkf,7,39,rf_physics9,Mg3BiI3,Mg,Bi,I,0.224,0.473808,
verified_only,gkf,7,36,rf_physics9,Mg3PBr3,Mg,P,Br,1.506,1.289301,
verified_only,gkf,7,37,rf_physics9,Mg3PCl3,Mg,P,Cl,2.297,1.755041,
verified_only,gkf,7,39,rf_physics9,Mg3PI3,Mg,P,I,0.377,1.026395,
verified_only,gkf,7,38,rf_physics9,Mg3SbBr3,Mg,Sb,Br,0.9418,1.202334,
verified_only,gkf,7,38,rf_physics9,Mg3SbCl3,Mg,Sb,Cl,1.7283,1.978277,
verified_only,gkf,7,37,rf_physics9,Mg3SbF3,Mg,Sb,F,3.184,2.205935,
verified_only,gkf,7,38,rf_physics9,Mg3SbI3,Mg,Sb,I,0.1057,0.386091,
verified_only,gkf,7,36,rf_physics9,Sr3AsCl3,Sr,As,Cl,1.7,1.678828,
verified_only,gkf,7,39,rf_physics9,Sr3AsI3,Sr,As,I,1.265,1.329967,
verified_only,gkf,7,35,rf_physics9,Sr3PBr3,Sr,P,Br,1.55,1.829347,
verified_only,gkf,7,35,rf_physics9,Sr3PCl3,Sr,P,Cl,1.677,1.933247,
verified_only,gkf,7,36,rf_physics9,Sr3PI3,Sr,P,I,1.258,1.385054,
verified_only,gkf,7,37,rf_physics9,Sr3SbCl3,Sr,Sb,Cl,1.712,1.728972,
verified_only,gkf,7,38,rf_physics9,Sr3SbI3,Sr,Sb,I,1.31,1.211522,
verified_only,gkf,8,43,rf_physics9,Ba3AsCl3,Ba,As,Cl,0.959,1.576385,
verified_only,gkf,8,44,rf_physics9,Ba3AsI3,Ba,As,I,0.834,1.093915,
verified_only,gkf,8,42,rf_physics9,Ba3SbBr3,Ba,Sb,Br,1.1908,1.271784,
verified_only,gkf,8,42,rf_physics9,Ba3SbI3,Ba,Sb,I,0.78,0.986679,
verified_only,gkf,8,44,rf_physics9,Ca3AsBr3,Ca,As,Br,1.634,1.795231,
verified_only,gkf,8,44,rf_physics9,Ca3AsF3,Ca,As,F,2.27,2.401307,
verified_only,gkf,8,41,rf_physics9,Ca3BiI3,Ca,Bi,I,1.36,1.154905,
verified_only,gkf,8,40,rf_physics9,Ca3PBr3,Ca,P,Br,1.8846,1.778031,
verified_only,gkf,8,42,rf_physics9,Ca3PCl3,Ca,P,Cl,2.035,1.846593,
verified_only,gkf,8,41,rf_physics9,Ca3PF3,Ca,P,F,2.518,2.044752,
verified_only,gkf,8,43,rf_physics9,Ca3PI3,Ca,P,I,1.4909,1.323494,
verified_only,gkf,8,41,rf_physics9,Ca3SbBr3,Ca,Sb,Br,1.782,1.6274,
verified_only,gkf,8,42,rf_physics9,Ca3SbCl3,Ca,Sb,Cl,1.814,1.760072,
verified_only,gkf,8,41,rf_physics9,Ca3SbF3,Ca,Sb,F,2.19,1.936015,
verified_only,gkf,8,41,rf_physics9,Mg3AsBr3,Mg,As,Br,1.2907,1.249478,
verified_only,gkf,8,43,rf_physics9,Mg3BiBr3,Mg,Bi,Br,0.9648,1.164476,
verified_only,gkf,8,40,rf_physics9,Mg3BiI3,Mg,Bi,I,0.224,0.376552,
verified_only,gkf,8,40,rf_physics9,Mg3PBr3,Mg,P,Br,1.506,1.273492,
verified_only,gkf,8,40,rf_physics9,Mg3PCl3,Mg,P,Cl,2.297,1.78123,
verified_only,gkf,8,44,rf_physics9,Mg3PI3,Mg,P,I,0.377,0.850351,
verified_only,gkf,8,42,rf_physics9,Mg3SbBr3,Mg,Sb,Br,0.9418,1.257274,
verified_only,gkf,8,43,rf_physics9,Mg3SbCl3,Mg,Sb,Cl,1.7283,1.968555,
verified_only,gkf,8,41,rf_physics9,Mg3SbF3,Mg,Sb,F,3.184,1.950464,
verified_only,gkf,8,44,rf_physics9,Mg3SbI3,Mg,Sb,I,0.1057,0.614578,
verified_only,gkf,8,42,rf_physics9,Sr3AsCl3,Sr,As,Cl,1.7,1.639447,
verified_only,gkf,8,40,rf_physics9,Sr3AsI3,Sr,As,I,1.265,1.258453,
verified_only,gkf,8,40,rf_physics9,Sr3PBr3,Sr,P,Br,1.55,1.749749,
verified_only,gkf,8,40,rf_physics9,Sr3PCl3,Sr,P,Cl,1.677,1.894176,
verified_only,gkf,8,43,rf_physics9,Sr3PI3,Sr,P,I,1.258,1.305796,
verified_only,gkf,8,43,rf_physics9,Sr3SbCl3,Sr,Sb,Cl,1.712,1.741253,
verified_only,gkf,8,44,rf_physics9,Sr3SbI3,Sr,Sb,I,1.31,1.115448,
verified_only,gkf,9,49,rf_physics9,Ba3AsCl3,Ba,As,Cl,0.959,1.636839,
verified_only,gkf,9,47,rf_physics9,Ba3AsI3,Ba,As,I,0.834,0.989612,
verified_only,gkf,9,48,rf_physics9,Ba3SbBr3,Ba,Sb,Br,1.1908,1.21639,
verified_only,gkf,9,45,rf_physics9,Ba3SbI3,Ba,Sb,I,0.78,1.05833,
verified_only,gkf,9,46,rf_physics9,Ca3AsBr3,Ca,As,Br,1.634,1.655075,
verified_only,gkf,9,45,rf_physics9,Ca3AsF3,Ca,As,F,2.27,2.346565,
verified_only,gkf,9,49,rf_physics9,Ca3BiI3,Ca,Bi,I,1.36,1.105971,
verified_only,gkf,9,49,rf_physics9,Ca3PBr3,Ca,P,Br,1.8846,1.688801,
verified_only,gkf,9,46,rf_physics9,Ca3PCl3,Ca,P,Cl,2.035,1.959608,
verified_only,gkf,9,48,rf_physics9,Ca3PF3,Ca,P,F,2.518,2.114811,
verified_only,gkf,9,49,rf_physics9,Ca3PI3,Ca,P,I,1.4909,1.219434,
verified_only,gkf,9,46,rf_physics9,Ca3SbBr3,Ca,Sb,Br,1.782,1.612237,
verified_only,gkf,9,46,rf_physics9,Ca3SbCl3,Ca,Sb,Cl,1.814,1.800998,
verified_only,gkf,9,47,rf_physics9,Ca3SbF3,Ca,Sb,F,2.19,2.60534,
verified_only,gkf,9,46,rf_physics9,Mg3AsBr3,Mg,As,Br,1.2907,1.214554,
verified_only,gkf,9,47,rf_physics9,Mg3BiBr3,Mg,Bi,Br,0.9648,1.163637,
verified_only,gkf,9,47,rf_physics9,Mg3BiI3,Mg,Bi,I,0.224,0.368186,
verified_only,gkf,9,49,rf_physics9,Mg3PBr3,Mg,P,Br,1.506,1.18891,
verified_only,gkf,9,47,rf_physics9,Mg3PCl3,Mg,P,Cl,2.297,1.843341,
verified_only,gkf,9,46,rf_physics9,Mg3PI3,Mg,P,I,0.377,0.37366,
verified_only,gkf,9,45,rf_physics9,Mg3SbBr3,Mg,Sb,Br,0.9418,1.207958,
verified_only,gkf,9,45,rf_physics9,Mg3SbCl3,Mg,Sb,Cl,1.7283,1.946281,
verified_only,gkf,9,48,rf_physics9,Mg3SbF3,Mg,Sb,F,3.184,2.102642,
verified_only,gkf,9,45,rf_physics9,Mg3SbI3,Mg,Sb,I,0.1057,0.471462,
verified_only,gkf,9,49,rf_physics9,Sr3AsCl3,Sr,As,Cl,1.7,1.758482,
verified_only,gkf,9,48,rf_physics9,Sr3AsI3,Sr,As,I,1.265,1.201235,
verified_only,gkf,9,45,rf_physics9,Sr3PBr3,Sr,P,Br,1.55,1.727858,
verified_only,gkf,9,47,rf_physics9,Sr3PCl3,Sr,P,Cl,1.677,1.790762,
verified_only,gkf,9,45,rf_physics9,Sr3PI3,Sr,P,I,1.258,1.383397,
verified_only,gkf,9,48,rf_physics9,Sr3SbCl3,Sr,Sb,Cl,1.712,1.708671,
verified_only,gkf,9,48,rf_physics9,Sr3SbI3,Sr,Sb,I,1.31,1.11644,
verified_only,gkf,0,1,ridge_magpie,Ba3AsCl3,Ba,As,Cl,0.959,1.443582,
verified_only,gkf,0,2,ridge_magpie,Ba3AsI3,Ba,As,I,0.834,0.958087,
verified_only,gkf,0,2,ridge_magpie,Ba3SbBr3,Ba,Sb,Br,1.1908,1.005029,
verified_only,gkf,0,3,ridge_magpie,Ba3SbI3,Ba,Sb,I,0.78,1.010566,
verified_only,gkf,0,1,ridge_magpie,Ca3AsBr3,Ca,As,Br,1.634,1.824436,
verified_only,gkf,0,1,ridge_magpie,Ca3AsF3,Ca,As,F,2.27,2.785242,
verified_only,gkf,0,4,ridge_magpie,Ca3BiI3,Ca,Bi,I,1.36,0.560627,
verified_only,gkf,0,4,ridge_magpie,Ca3PBr3,Ca,P,Br,1.8846,1.61507,
verified_only,gkf,0,0,ridge_magpie,Ca3PCl3,Ca,P,Cl,2.035,2.144403,
verified_only,gkf,0,0,ridge_magpie,Ca3PF3,Ca,P,F,2.518,2.783331,
verified_only,gkf,0,4,ridge_magpie,Ca3PI3,Ca,P,I,1.4909,0.904011,
verified_only,gkf,0,2,ridge_magpie,Ca3SbBr3,Ca,Sb,Br,1.782,1.461995,
verified_only,gkf,0,1,ridge_magpie,Ca3SbCl3,Ca,Sb,Cl,1.814,1.858726,
verified_only,gkf,0,2,ridge_magpie,Ca3SbF3,Ca,Sb,F,2.19,2.113037,
verified_only,gkf,0,4,ridge_magpie,Mg3AsBr3,Mg,As,Br,1.2907,1.380516,
verified_only,gkf,0,0,ridge_magpie,Mg3BiBr3,Mg,Bi,Br,0.9648,1.311412,
verified_only,gkf,0,1,ridge_magpie,Mg3BiI3,Mg,Bi,I,0.224,0.190425,
verified_only,gkf,0,0,ridge_magpie,Mg3PBr3,Mg,P,Br,1.506,1.543763,
verified_only,gkf,0,3,ridge_magpie,Mg3PCl3,Mg,P,Cl,2.297,1.854462,
verified_only,gkf,0,4,ridge_magpie,Mg3PI3,Mg,P,I,0.377,0.740767,
verified_only,gkf,0,3,ridge_magpie,Mg3SbBr3,Mg,Sb,Br,0.9418,1.207815,
verified_only,gkf,0,3,ridge_magpie,Mg3SbCl3,Mg,Sb,Cl,1.7283,1.590026,
verified_only,gkf,0,2,ridge_magpie,Mg3SbF3,Mg,Sb,F,3.184,1.709446,
verified_only,gkf,0,0,ridge_magpie,Mg3SbI3,Mg,Sb,I,0.1057,0.055961,
verified_only,gkf,0,1,ridge_magpie,Sr3AsCl3,Sr,As,Cl,1.7,1.733291,
verified_only,gkf,0,2,ridge_magpie,Sr3AsI3,Sr,As,I,1.265,1.11322,
verified_only,gkf,0,3,ridge_magpie,Sr3PBr3,Sr,P,Br,1.55,1.507359,
verified_only,gkf,0,0,ridge_magpie,Sr3PCl3,Sr,P,Cl,1.677,1.733244,
verified_only,gkf,0,4,ridge_magpie,Sr3PI3,Sr,P,I,1.258,1.07089,
verified_only,gkf,0,0,ridge_magpie,Sr3SbCl3,Sr,Sb,Cl,1.712,1.378003,
verified_only,gkf,0,3,ridge_magpie,Sr3SbI3,Sr,Sb,I,1.31,1.039327,
verified_only,gkf,1,5,ridge_magpie,Ba3AsCl3,Ba,As,Cl,0.959,1.812013,
verified_only,gkf,1,7,ridge_magpie,Ba3AsI3,Ba,As,I,0.834,1.343558,
verified_only,gkf,1,8,ridge_magpie,Ba3SbBr3,Ba,Sb,Br,1.1908,1.026647,
verified_only,gkf,1,7,ridge_magpie,Ba3SbI3,Ba,Sb,I,0.78,1.385982,
verified_only,gkf,1,8,ridge_magpie,Ca3AsBr3,Ca,As,Br,1.634,1.676699,
verified_only,gkf,1,5,ridge_magpie,Ca3AsF3,Ca,As,F,2.27,2.510569,
verified_only,gkf,1,7,ridge_magpie,Ca3BiI3,Ca,Bi,I,1.36,0.411235,
verified_only,gkf,1,5,ridge_magpie,Ca3PBr3,Ca,P,Br,1.8846,1.506176,
verified_only,gkf,1,7,ridge_magpie,Ca3PCl3,Ca,P,Cl,2.035,2.306662,
verified_only,gkf,1,9,ridge_magpie,Ca3PF3,Ca,P,F,2.518,2.744499,
verified_only,gkf,1,6,ridge_magpie,Ca3PI3,Ca,P,I,1.4909,1.138894,
verified_only,gkf,1,8,ridge_magpie,Ca3SbBr3,Ca,Sb,Br,1.782,1.694339,
verified_only,gkf,1,6,ridge_magpie,Ca3SbCl3,Ca,Sb,Cl,1.814,1.789787,
verified_only,gkf,1,5,ridge_magpie,Ca3SbF3,Ca,Sb,F,2.19,2.490073,
verified_only,gkf,1,9,ridge_magpie,Mg3AsBr3,Mg,As,Br,1.2907,1.354536,
verified_only,gkf,1,9,ridge_magpie,Mg3BiBr3,Mg,Bi,Br,0.9648,1.188545,
verified_only,gkf,1,6,ridge_magpie,Mg3BiI3,Mg,Bi,I,0.224,0.899126,
verified_only,gkf,1,7,ridge_magpie,Mg3PBr3,Mg,P,Br,1.506,1.472798,
verified_only,gkf,1,8,ridge_magpie,Mg3PCl3,Mg,P,Cl,2.297,1.95213,
verified_only,gkf,1,8,ridge_magpie,Mg3PI3,Mg,P,I,0.377,0.858792,
verified_only,gkf,1,5,ridge_magpie,Mg3SbBr3,Mg,Sb,Br,0.9418,1.283738,
verified_only,gkf,1,5,ridge_magpie,Mg3SbCl3,Mg,Sb,Cl,1.7283,1.707408,
verified_only,gkf,1,8,ridge_magpie,Mg3SbF3,Mg,Sb,F,3.184,1.751309,
verified_only,gkf,1,6,ridge_magpie,Mg3SbI3,Mg,Sb,I,0.1057,1.084359,
verified_only,gkf,1,7,ridge_magpie,Sr3AsCl3,Sr,As,Cl,1.7,1.709038,
verified_only,gkf,1,6,ridge_magpie,Sr3AsI3,Sr,As,I,1.265,1.022162,
verified_only,gkf,1,9,ridge_magpie,Sr3PBr3,Sr,P,Br,1.55,1.544347,
verified_only,gkf,1,9,ridge_magpie,Sr3PCl3,Sr,P,Cl,1.677,1.684289,
verified_only,gkf,1,5,ridge_magpie,Sr3PI3,Sr,P,I,1.258,1.165056,
verified_only,gkf,1,9,ridge_magpie,Sr3SbCl3,Sr,Sb,Cl,1.712,1.506551,
verified_only,gkf,1,6,ridge_magpie,Sr3SbI3,Sr,Sb,I,1.31,1.002974,
verified_only,gkf,2,10,ridge_magpie,Ba3AsCl3,Ba,As,Cl,0.959,1.447556,
verified_only,gkf,2,12,ridge_magpie,Ba3AsI3,Ba,As,I,0.834,0.930156,
verified_only,gkf,2,14,ridge_magpie,Ba3SbBr3,Ba,Sb,Br,1.1908,1.006511,
verified_only,gkf,2,13,ridge_magpie,Ba3SbI3,Ba,Sb,I,0.78,1.171766,
verified_only,gkf,2,10,ridge_magpie,Ca3AsBr3,Ca,As,Br,1.634,1.551345,
verified_only,gkf,2,12,ridge_magpie,Ca3AsF3,Ca,As,F,2.27,2.884487,
verified_only,gkf,2,14,ridge_magpie,Ca3BiI3,Ca,Bi,I,1.36,0.616208,
verified_only,gkf,2,14,ridge_magpie,Ca3PBr3,Ca,P,Br,1.8846,1.6679,
verified_only,gkf,2,10,ridge_magpie,Ca3PCl3,Ca,P,Cl,2.035,2.150451,
verified_only,gkf,2,12,ridge_magpie,Ca3PF3,Ca,P,F,2.518,2.964575,
verified_only,gkf,2,10,ridge_magpie,Ca3PI3,Ca,P,I,1.4909,1.036837,
verified_only,gkf,2,14,ridge_magpie,Ca3SbBr3,Ca,Sb,Br,1.782,1.353062,
verified_only,gkf,2,12,ridge_magpie,Ca3SbCl3,Ca,Sb,Cl,1.814,1.783856,
verified_only,gkf,2,13,ridge_magpie,Ca3SbF3,Ca,Sb,F,2.19,2.146501,
verified_only,gkf,2,14,ridge_magpie,Mg3AsBr3,Mg,As,Br,1.2907,1.296712,
verified_only,gkf,2,11,ridge_magpie,Mg3BiBr3,Mg,Bi,Br,0.9648,1.146785,
verified_only,gkf,2,13,ridge_magpie,Mg3BiI3,Mg,Bi,I,0.224,0.487018,
verified_only,gkf,2,13,ridge_magpie,Mg3PBr3,Mg,P,Br,1.506,1.266112,
verified_only,gkf,2,11,ridge_magpie,Mg3PCl3,Mg,P,Cl,2.297,1.927829,
verified_only,gkf,2,12,ridge_magpie,Mg3PI3,Mg,P,I,0.377,0.893606,
verified_only,gkf,2,10,ridge_magpie,Mg3SbBr3,Mg,Sb,Br,0.9418,1.134139,
verified_only,gkf,2,12,ridge_magpie,Mg3SbCl3,Mg,Sb,Cl,1.7283,1.60274,
verified_only,gkf,2,13,ridge_magpie,Mg3SbF3,Mg,Sb,F,3.184,1.669127,
verified_only,gkf,2,11,ridge_magpie,Mg3SbI3,Mg,Sb,I,0.1057,0.949954,
verified_only,gkf,2,11,ridge_magpie,Sr3AsCl3,Sr,As,Cl,1.7,1.680834,
verified_only,gkf,2,10,ridge_magpie,Sr3AsI3,Sr,As,I,1.265,0.950226,
verified_only,gkf,2,11,ridge_magpie,Sr3PBr3,Sr,P,Br,1.55,1.495066,
verified_only,gkf,2,13,ridge_magpie,Sr3PCl3,Sr,P,Cl,1.677,1.69413,
verified_only,gkf,2,14,ridge_magpie,Sr3PI3,Sr,P,I,1.258,1.225694,
verified_only,gkf,2,11,ridge_magpie,Sr3SbCl3,Sr,Sb,Cl,1.712,1.601152,
verified_only,gkf,2,10,ridge_magpie,Sr3SbI3,Sr,Sb,I,1.31,1.02485,
verified_only,gkf,3,18,ridge_magpie,Ba3AsCl3,Ba,As,Cl,0.959,1.433507,
verified_only,gkf,3,15,ridge_magpie,Ba3AsI3,Ba,As,I,0.834,0.705977,
verified_only,gkf,3,16,ridge_magpie,Ba3SbBr3,Ba,Sb,Br,1.1908,0.89197,
verified_only,gkf,3,15,ridge_magpie,Ba3SbI3,Ba,Sb,I,0.78,1.236794,
verified_only,gkf,3,15,ridge_magpie,Ca3AsBr3,Ca,As,Br,1.634,1.585042,
verified_only,gkf,3,15,ridge_magpie,Ca3AsF3,Ca,As,F,2.27,3.037892,
verified_only,gkf,3,17,ridge_magpie,Ca3BiI3,Ca,Bi,I,1.36,0.978039,
verified_only,gkf,3,17,ridge_magpie,Ca3PBr3,Ca,P,Br,1.8846,1.917535,
verified_only,gkf,3,18,ridge_magpie,Ca3PCl3,Ca,P,Cl,2.035,1.934356,
verified_only,gkf,3,15,ridge_magpie,Ca3PF3,Ca,P,F,2.518,2.905351,
verified_only,gkf,3,16,ridge_magpie,Ca3PI3,Ca,P,I,1.4909,1.223889,
verified_only,gkf,3,17,ridge_magpie,Ca3SbBr3,Ca,Sb,Br,1.782,1.55521,
verified_only,gkf,3,19,ridge_magpie,Ca3SbCl3,Ca,Sb,Cl,1.814,1.92041,
verified_only,gkf,3,16,ridge_magpie,Ca3SbF3,Ca,Sb,F,2.19,2.555875,
verified_only,gkf,3,19,ridge_magpie,Mg3AsBr3,Mg,As,Br,1.2907,1.415168,
verified_only,gkf,3,19,ridge_magpie,Mg3BiBr3,Mg,Bi,Br,0.9648,1.497677,
verified_only,gkf,3,16,ridge_magpie,Mg3BiI3,Mg,Bi,I,0.224,0.166375,
verified_only,gkf,3,19,ridge_magpie,Mg3PBr3,Mg,P,Br,1.506,1.676082,
verified_only,gkf,3,15,ridge_magpie,Mg3PCl3,Mg,P,Cl,2.297,2.128198,
verified_only,gkf,3,17,ridge_magpie,Mg3PI3,Mg,P,I,0.377,0.89456,
verified_only,gkf,3,19,ridge_magpie,Mg3SbBr3,Mg,Sb,Br,0.9418,1.349046,
verified_only,gkf,3,17,ridge_magpie,Mg3SbCl3,Mg,Sb,Cl,1.7283,1.422895,
verified_only,gkf,3,17,ridge_magpie,Mg3SbF3,Mg,Sb,F,3.184,1.777353,
verified_only,gkf,3,18,ridge_magpie,Mg3SbI3,Mg,Sb,I,0.1057,0.252457,
verified_only,gkf,3,18,ridge_magpie,Sr3AsCl3,Sr,As,Cl,1.7,1.536146,
verified_only,gkf,3,15,ridge_magpie,Sr3AsI3,Sr,As,I,1.265,0.918073,
verified_only,gkf,3,18,ridge_magpie,Sr3PBr3,Sr,P,Br,1.55,1.315262,
verified_only,gkf,3,16,ridge_magpie,Sr3PCl3,Sr,P,Cl,1.677,1.54892,
verified_only,gkf,3,18,ridge_magpie,Sr3PI3,Sr,P,I,1.258,1.441792,
verified_only,gkf,3,16,ridge_magpie,Sr3SbCl3,Sr,Sb,Cl,1.712,1.433855,
verified_only,gkf,3,19,ridge_magpie,Sr3SbI3,Sr,Sb,I,1.31,1.172978,
verified_only,gkf,4,23,ridge_magpie,Ba3AsCl3,Ba,As,Cl,0.959,1.668076,
verified_only,gkf,4,23,ridge_magpie,Ba3AsI3,Ba,As,I,0.834,1.090626,
verified_only,gkf,4,23,ridge_magpie,Ba3SbBr3,Ba,Sb,Br,1.1908,1.279618,
verified_only,gkf,4,20,ridge_magpie,Ba3SbI3,Ba,Sb,I,0.78,1.171598,
verified_only,gkf,4,23,ridge_magpie,Ca3AsBr3,Ca,As,Br,1.634,1.478317,
verified_only,gkf,4,20,ridge_magpie,Ca3AsF3,Ca,As,F,2.27,2.723099,
verified_only,gkf,4,24,ridge_magpie,Ca3BiI3,Ca,Bi,I,1.36,0.59989,
verified_only,gkf,4,24,ridge_magpie,Ca3PBr3,Ca,P,Br,1.8846,1.507296,
verified_only,gkf,4,24,ridge_magpie,Ca3PCl3,Ca,P,Cl,2.035,2.095577,
verified_only,gkf,4,21,ridge_magpie,Ca3PF3,Ca,P,F,2.518,2.245221,
verified_only,gkf,4,20,ridge_magpie,Ca3PI3,Ca,P,I,1.4909,1.112638,
verified_only,gkf,4,24,ridge_magpie,Ca3SbBr3,Ca,Sb,Br,1.782,1.241553,
verified_only,gkf,4,20,ridge_magpie,Ca3SbCl3,Ca,Sb,Cl,1.814,1.809744,
verified_only,gkf,4,22,ridge_magpie,Ca3SbF3,Ca,Sb,F,2.19,2.311692,
verified_only,gkf,4,21,ridge_magpie,Mg3AsBr3,Mg,As,Br,1.2907,1.302108,
verified_only,gkf,4,23,ridge_magpie,Mg3BiBr3,Mg,Bi,Br,0.9648,1.104297,
verified_only,gkf,4,21,ridge_magpie,Mg3BiI3,Mg,Bi,I,0.224,0.420821,
verified_only,gkf,4,22,ridge_magpie,Mg3PBr3,Mg,P,Br,1.506,1.525229,
verified_only,gkf,4,20,ridge_magpie,Mg3PCl3,Mg,P,Cl,2.297,2.007344,
verified_only,gkf,4,20,ridge_magpie,Mg3PI3,Mg,P,I,0.377,0.775674,
verified_only,gkf,4,22,ridge_magpie,Mg3SbBr3,Mg,Sb,Br,0.9418,1.355747,
verified_only,gkf,4,22,ridge_magpie,Mg3SbCl3,Mg,Sb,Cl,1.7283,1.711842,
verified_only,gkf,4,21,ridge_magpie,Mg3SbF3,Mg,Sb,F,3.184,1.66516,
verified_only,gkf,4,22,ridge_magpie,Mg3SbI3,Mg,Sb,I,0.1057,0.984164,
verified_only,gkf,4,20,ridge_magpie,Sr3AsCl3,Sr,As,Cl,1.7,1.636003,
verified_only,gkf,4,23,ridge_magpie,Sr3AsI3,Sr,As,I,1.265,1.111436,
verified_only,gkf,4,22,ridge_magpie,Sr3PBr3,Sr,P,Br,1.55,1.509122,
verified_only,gkf,4,24,ridge_magpie,Sr3PCl3,Sr,P,Cl,1.677,1.863363,
verified_only,gkf,4,21,ridge_magpie,Sr3PI3,Sr,P,I,1.258,1.390318,
verified_only,gkf,4,21,ridge_magpie,Sr3SbCl3,Sr,Sb,Cl,1.712,1.616885,
verified_only,gkf,4,24,ridge_magpie,Sr3SbI3,Sr,Sb,I,1.31,0.890012,
verified_only,gkf,5,25,ridge_magpie,Ba3AsCl3,Ba,As,Cl,0.959,1.568195,
verified_only,gkf,5,26,ridge_magpie,Ba3AsI3,Ba,As,I,0.834,0.882583,
verified_only,gkf,5,26,ridge_magpie,Ba3SbBr3,Ba,Sb,Br,1.1908,0.76054,
verified_only,gkf,5,28,ridge_magpie,Ba3SbI3,Ba,Sb,I,0.78,1.272457,
verified_only,gkf,5,28,ridge_magpie,Ca3AsBr3,Ca,As,Br,1.634,1.511704,
verified_only,gkf,5,26,ridge_magpie,Ca3AsF3,Ca,As,F,2.27,2.436,
verified_only,gkf,5,29,ridge_magpie,Ca3BiI3,Ca,Bi,I,1.36,0.805984,
verified_only,gkf,5,25,ridge_magpie,Ca3PBr3,Ca,P,Br,1.8846,1.659681,
verified_only,gkf,5,26,ridge_magpie,Ca3PCl3,Ca,P,Cl,2.035,2.584622,
verified_only,gkf,5,29,ridge_magpie,Ca3PF3,Ca,P,F,2.518,2.690885,
verified_only,gkf,5,27,ridge_magpie,Ca3PI3,Ca,P,I,1.4909,0.953399,
verified_only,gkf,5,25,ridge_magpie,Ca3SbBr3,Ca,Sb,Br,1.782,1.464398,
verified_only,gkf,5,29,ridge_magpie,Ca3SbCl3,Ca,Sb,Cl,1.814,1.848725,
verified_only,gkf,5,25,ridge_magpie,Ca3SbF3,Ca,Sb,F,2.19,2.561765,
verified_only,gkf,5,28,ridge_magpie,Mg3AsBr3,Mg,As,Br,1.2907,1.128099,
verified_only,gkf,5,27,ridge_magpie,Mg3BiBr3,Mg,Bi,Br,0.9648,1.649513,
verified_only,gkf,5,29,ridge_magpie,Mg3BiI3,Mg,Bi,I,0.224,0.270099,
verified_only,gkf,5,25,ridge_magpie,Mg3PBr3,Mg,P,Br,1.506,1.327609,
verified_only,gkf,5,29,ridge_magpie,Mg3PCl3,Mg,P,Cl,2.297,2.083925,
verified_only,gkf,5,28,ridge_magpie,Mg3PI3,Mg,P,I,0.377,0.937585,
verified_only,gkf,5,27,ridge_magpie,Mg3SbBr3,Mg,Sb,Br,0.9418,1.407682,
verified_only,gkf,5,27,ridge_magpie,Mg3SbCl3,Mg,Sb,Cl,1.7283,2.450787,
verified_only,gkf,5,26,ridge_magpie,Mg3SbF3,Mg,Sb,F,3.184,1.62528,
verified_only,gkf,5,27,ridge_magpie,Mg3SbI3,Mg,Sb,I,0.1057,-0.022999,
verified_only,gkf,5,25,ridge_magpie,Sr3AsCl3,Sr,As,Cl,1.7,1.767061,
verified_only,gkf,5,25,ridge_magpie,Sr3AsI3,Sr,As,I,1.265,1.03709,
verified_only,gkf,5,28,ridge_magpie,Sr3PBr3,Sr,P,Br,1.55,1.529661,
verified_only,gkf,5,29,ridge_magpie,Sr3PCl3,Sr,P,Cl,1.677,1.652594,
verified_only,gkf,5,28,ridge_magpie,Sr3PI3,Sr,P,I,1.258,1.47221,
verified_only,gkf,5,27,ridge_magpie,Sr3SbCl3,Sr,Sb,Cl,1.712,1.379938,
verified_only,gkf,5,26,ridge_magpie,Sr3SbI3,Sr,Sb,I,1.31,1.042614,
verified_only,gkf,6,33,ridge_magpie,Ba3AsCl3,Ba,As,Cl,0.959,1.496656,
verified_only,gkf,6,30,ridge_magpie,Ba3AsI3,Ba,As,I,0.834,1.09803,
verified_only,gkf,6,33,ridge_magpie,Ba3SbBr3,Ba,Sb,Br,1.1908,1.164613,
verified_only,gkf,6,30,ridge_magpie,Ba3SbI3,Ba,Sb,I,0.78,1.292854,
verified_only,gkf,6,31,ridge_magpie,Ca3AsBr3,Ca,As,Br,1.634,1.648239,
verified_only,gkf,6,32,ridge_magpie,Ca3AsF3,Ca,As,F,2.27,3.040572,
verified_only,gkf,6,34,ridge_magpie,Ca3BiI3,Ca,Bi,I,1.36,0.62512,
verified_only,gkf,6,32,ridge_magpie,Ca3PBr3,Ca,P,Br,1.8846,1.821903,
verified_only,gkf,6,33,ridge_magpie,Ca3PCl3,Ca,P,Cl,2.035,2.18603,
verified_only,gkf,6,31,ridge_magpie,Ca3PF3,Ca,P,F,2.518,2.627828,
verified_only,gkf,6,34,ridge_magpie,Ca3PI3,Ca,P,I,1.4909,0.88996,
verified_only,gkf,6,30,ridge_magpie,Ca3SbBr3,Ca,Sb,Br,1.782,1.50045,
verified_only,gkf,6,33,ridge_magpie,Ca3SbCl3,Ca,Sb,Cl,1.814,1.90953,
verified_only,gkf,6,32,ridge_magpie,Ca3SbF3,Ca,Sb,F,2.19,2.884806,
verified_only,gkf,6,30,ridge_magpie,Mg3AsBr3,Mg,As,Br,1.2907,1.277093,
verified_only,gkf,6,30,ridge_magpie,Mg3BiBr3,Mg,Bi,Br,0.9648,1.148989,
verified_only,gkf,6,31,ridge_magpie,Mg3BiI3,Mg,Bi,I,0.224,0.153005,
verified_only,gkf,6,30,ridge_magpie,Mg3PBr3,Mg,P,Br,1.506,1.443059,
verified_only,gkf,6,31,ridge_magpie,Mg3PCl3,Mg,P,Cl,2.297,2.190133,
verified_only,gkf,6,33,ridge_magpie,Mg3PI3,Mg,P,I,0.377,0.918843,
verified_only,gkf,6,32,ridge_magpie,Mg3SbBr3,Mg,Sb,Br,0.9418,1.179725,
verified_only,gkf,6,30,ridge_magpie,Mg3SbCl3,Mg,Sb,Cl,1.7283,1.659662,
verified_only,gkf,6,34,ridge_magpie,Mg3SbF3,Mg,Sb,F,3.184,1.848129,
verified_only,gkf,6,31,ridge_magpie,Mg3SbI3,Mg,Sb,I,0.1057,0.182097,
verified_only,gkf,6,34,ridge_magpie,Sr3AsCl3,Sr,As,Cl,1.7,1.589408,
verified_only,gkf,6,34,ridge_magpie,Sr3AsI3,Sr,As,I,1.265,1.064236,
verified_only,gkf,6,33,ridge_magpie,Sr3PBr3,Sr,P,Br,1.55,1.572898,
verified_only,gkf,6,34,ridge_magpie,Sr3PCl3,Sr,P,Cl,1.677,1.619691,
verified_only,gkf,6,31,ridge_magpie,Sr3PI3,Sr,P,I,1.258,1.533848,
verified_only,gkf,6,32,ridge_magpie,Sr3SbCl3,Sr,Sb,Cl,1.712,1.59979,
verified_only,gkf,6,32,ridge_magpie,Sr3SbI3,Sr,Sb,I,1.31,0.991173,
verified_only,gkf,7,37,ridge_magpie,Ba3AsCl3,Ba,As,Cl,0.959,1.500257,
verified_only,gkf,7,39,ridge_magpie,Ba3AsI3,Ba,As,I,0.834,1.040739,
verified_only,gkf,7,38,ridge_magpie,Ba3SbBr3,Ba,Sb,Br,1.1908,0.888205,
verified_only,gkf,7,35,ridge_magpie,Ba3SbI3,Ba,Sb,I,0.78,1.496849,
verified_only,gkf,7,38,ridge_magpie,Ca3AsBr3,Ca,As,Br,1.634,1.705075,
verified_only,gkf,7,36,ridge_magpie,Ca3AsF3,Ca,As,F,2.27,2.897569,
verified_only,gkf,7,39,ridge_magpie,Ca3BiI3,Ca,Bi,I,1.36,0.774401,
verified_only,gkf,7,36,ridge_magpie,Ca3PBr3,Ca,P,Br,1.8846,1.935491,
verified_only,gkf,7,35,ridge_magpie,Ca3PCl3,Ca,P,Cl,2.035,2.270087,
verified_only,gkf,7,36,ridge_magpie,Ca3PF3,Ca,P,F,2.518,2.922298,
verified_only,gkf,7,35,ridge_magpie,Ca3PI3,Ca,P,I,1.4909,0.88449,
verified_only,gkf,7,39,ridge_magpie,Ca3SbBr3,Ca,Sb,Br,1.782,1.332315,
verified_only,gkf,7,35,ridge_magpie,Ca3SbCl3,Ca,Sb,Cl,1.814,2.114003,
verified_only,gkf,7,35,ridge_magpie,Ca3SbF3,Ca,Sb,F,2.19,2.662057,
verified_only,gkf,7,37,ridge_magpie,Mg3AsBr3,Mg,As,Br,1.2907,1.238699,
verified_only,gkf,7,37,ridge_magpie,Mg3BiBr3,Mg,Bi,Br,0.9648,0.890037,
verified_only,gkf,7,39,ridge_magpie,Mg3BiI3,Mg,Bi,I,0.224,0.71966,
verified_only,gkf,7,36,ridge_magpie,Mg3PBr3,Mg,P,Br,1.506,1.617616,
verified_only,gkf,7,37,ridge_magpie,Mg3PCl3,Mg,P,Cl,2.297,1.606718,
verified_only,gkf,7,39,ridge_magpie,Mg3PI3,Mg,P,I,0.377,1.114284,
verified_only,gkf,7,38,ridge_magpie,Mg3SbBr3,Mg,Sb,Br,0.9418,1.285121,
verified_only,gkf,7,38,ridge_magpie,Mg3SbCl3,Mg,Sb,Cl,1.7283,2.129051,
verified_only,gkf,7,37,ridge_magpie,Mg3SbF3,Mg,Sb,F,3.184,1.635599,
verified_only,gkf,7,38,ridge_magpie,Mg3SbI3,Mg,Sb,I,0.1057,0.368283,
verified_only,gkf,7,36,ridge_magpie,Sr3AsCl3,Sr,As,Cl,1.7,1.526775,
verified_only,gkf,7,39,ridge_magpie,Sr3AsI3,Sr,As,I,1.265,1.081588,
verified_only,gkf,7,35,ridge_magpie,Sr3PBr3,Sr,P,Br,1.55,1.71893,
verified_only,gkf,7,35,ridge_magpie,Sr3PCl3,Sr,P,Cl,1.677,1.564226,
verified_only,gkf,7,36,ridge_magpie,Sr3PI3,Sr,P,I,1.258,1.410752,
verified_only,gkf,7,37,ridge_magpie,Sr3SbCl3,Sr,Sb,Cl,1.712,1.709151,
verified_only,gkf,7,38,ridge_magpie,Sr3SbI3,Sr,Sb,I,1.31,1.298394,
verified_only,gkf,8,43,ridge_magpie,Ba3AsCl3,Ba,As,Cl,0.959,1.350381,
verified_only,gkf,8,44,ridge_magpie,Ba3AsI3,Ba,As,I,0.834,1.05712,
verified_only,gkf,8,42,ridge_magpie,Ba3SbBr3,Ba,Sb,Br,1.1908,1.173006,
verified_only,gkf,8,42,ridge_magpie,Ba3SbI3,Ba,Sb,I,0.78,1.198555,
verified_only,gkf,8,44,ridge_magpie,Ca3AsBr3,Ca,As,Br,1.634,1.513993,
verified_only,gkf,8,44,ridge_magpie,Ca3AsF3,Ca,As,F,2.27,2.346959,
verified_only,gkf,8,41,ridge_magpie,Ca3BiI3,Ca,Bi,I,1.36,0.900728,
verified_only,gkf,8,40,ridge_magpie,Ca3PBr3,Ca,P,Br,1.8846,1.531629,
verified_only,gkf,8,42,ridge_magpie,Ca3PCl3,Ca,P,Cl,2.035,2.244675,
verified_only,gkf,8,41,ridge_magpie,Ca3PF3,Ca,P,F,2.518,2.383079,
verified_only,gkf,8,43,ridge_magpie,Ca3PI3,Ca,P,I,1.4909,1.039956,
verified_only,gkf,8,41,ridge_magpie,Ca3SbBr3,Ca,Sb,Br,1.782,1.519069,
verified_only,gkf,8,42,ridge_magpie,Ca3SbCl3,Ca,Sb,Cl,1.814,1.901103,
verified_only,gkf,8,41,ridge_magpie,Ca3SbF3,Ca,Sb,F,2.19,2.096353,
verified_only,gkf,8,41,ridge_magpie,Mg3AsBr3,Mg,As,Br,1.2907,1.025291,
verified_only,gkf,8,43,ridge_magpie,Mg3BiBr3,Mg,Bi,Br,0.9648,1.457466,
verified_only,gkf,8,40,ridge_magpie,Mg3BiI3,Mg,Bi,I,0.224,0.774839,
verified_only,gkf,8,40,ridge_magpie,Mg3PBr3,Mg,P,Br,1.506,1.383644,
verified_only,gkf,8,40,ridge_magpie,Mg3PCl3,Mg,P,Cl,2.297,1.845198,
verified_only,gkf,8,44,ridge_magpie,Mg3PI3,Mg,P,I,0.377,1.236844,
verified_only,gkf,8,42,ridge_magpie,Mg3SbBr3,Mg,Sb,Br,0.9418,1.16259,
verified_only,gkf,8,43,ridge_magpie,Mg3SbCl3,Mg,Sb,Cl,1.7283,2.031971,
verified_only,gkf,8,41,ridge_magpie,Mg3SbF3,Mg,Sb,F,3.184,2.072385,
verified_only,gkf,8,44,ridge_magpie,Mg3SbI3,Mg,Sb,I,0.1057,1.080001,
verified_only,gkf,8,42,ridge_magpie,Sr3AsCl3,Sr,As,Cl,1.7,1.679532,
verified_only,gkf,8,40,ridge_magpie,Sr3AsI3,Sr,As,I,1.265,1.081372,
verified_only,gkf,8,40,ridge_magpie,Sr3PBr3,Sr,P,Br,1.55,1.475544,
verified_only,gkf,8,40,ridge_magpie,Sr3PCl3,Sr,P,Cl,1.677,1.771136,
verified_only,gkf,8,43,ridge_magpie,Sr3PI3,Sr,P,I,1.258,1.144664,
verified_only,gkf,8,43,ridge_magpie,Sr3SbCl3,Sr,Sb,Cl,1.712,1.635502,
verified_only,gkf,8,44,ridge_magpie,Sr3SbI3,Sr,Sb,I,1.31,1.05127,
verified_only,gkf,9,49,ridge_magpie,Ba3AsCl3,Ba,As,Cl,0.959,1.620176,
verified_only,gkf,9,47,ridge_magpie,Ba3AsI3,Ba,As,I,0.834,1.127017,
verified_only,gkf,9,48,ridge_magpie,Ba3SbBr3,Ba,Sb,Br,1.1908,0.815718,
verified_only,gkf,9,45,ridge_magpie,Ba3SbI3,Ba,Sb,I,0.78,1.06966,
verified_only,gkf,9,46,ridge_magpie,Ca3AsBr3,Ca,As,Br,1.634,1.457398,
verified_only,gkf,9,45,ridge_magpie,Ca3AsF3,Ca,As,F,2.27,2.653876,
verified_only,gkf,9,49,ridge_magpie,Ca3BiI3,Ca,Bi,I,1.36,0.688981,
verified_only,gkf,9,49,ridge_magpie,Ca3PBr3,Ca,P,Br,1.8846,1.513301,
verified_only,gkf,9,46,ridge_magpie,Ca3PCl3,Ca,P,Cl,2.035,2.04446,
verified_only,gkf,9,48,ridge_magpie,Ca3PF3,Ca,P,F,2.518,2.30935,
verified_only,gkf,9,49,ridge_magpie,Ca3PI3,Ca,P,I,1.4909,1.100471,
verified_only,gkf,9,46,ridge_magpie,Ca3SbBr3,Ca,Sb,Br,1.782,1.340444,
verified_only,gkf,9,46,ridge_magpie,Ca3SbCl3,Ca,Sb,Cl,1.814,1.730357,
verified_only,gkf,9,47,ridge_magpie,Ca3SbF3,Ca,Sb,F,2.19,2.36469,
verified_only,gkf,9,46,ridge_magpie,Mg3AsBr3,Mg,As,Br,1.2907,1.384377,
verified_only,gkf,9,47,ridge_magpie,Mg3BiBr3,Mg,Bi,Br,0.9648,1.223782,
verified_only,gkf,9,47,ridge_magpie,Mg3BiI3,Mg,Bi,I,0.224,0.837244,
verified_only,gkf,9,49,ridge_magpie,Mg3PBr3,Mg,P,Br,1.506,1.366353,
verified_only,gkf,9,47,ridge_magpie,Mg3PCl3,Mg,P,Cl,2.297,1.830122,
verified_only,gkf,9,46,ridge_magpie,Mg3PI3,Mg,P,I,0.377,1.112946,
verified_only,gkf,9,45,ridge_magpie,Mg3SbBr3,Mg,Sb,Br,0.9418,1.681856,
verified_only,gkf,9,45,ridge_magpie,Mg3SbCl3,Mg,Sb,Cl,1.7283,2.347746,
verified_only,gkf,9,48,ridge_magpie,Mg3SbF3,Mg,Sb,F,3.184,1.634312,
verified_only,gkf,9,45,ridge_magpie,Mg3SbI3,Mg,Sb,I,0.1057,0.710869,
verified_only,gkf,9,49,ridge_magpie,Sr3AsCl3,Sr,As,Cl,1.7,1.788416,
verified_only,gkf,9,48,ridge_magpie,Sr3AsI3,Sr,As,I,1.265,1.072651,
verified_only,gkf,9,45,ridge_magpie,Sr3PBr3,Sr,P,Br,1.55,1.591713,
verified_only,gkf,9,47,ridge_magpie,Sr3PCl3,Sr,P,Cl,1.677,1.760913,
verified_only,gkf,9,45,ridge_magpie,Sr3PI3,Sr,P,I,1.258,1.777104,
verified_only,gkf,9,48,ridge_magpie,Sr3SbCl3,Sr,Sb,Cl,1.712,1.581497,
verified_only,gkf,9,48,ridge_magpie,Sr3SbI3,Sr,Sb,I,1.31,1.012296,
verified_only,gkf,0,1,ridge_physics9,Ba3AsCl3,Ba,As,Cl,0.959,1.812365,
verified_only,gkf,0,2,ridge_physics9,Ba3AsI3,Ba,As,I,0.834,0.501714,
verified_only,gkf,0,2,ridge_physics9,Ba3SbBr3,Ba,Sb,Br,1.1908,1.086765,
verified_only,gkf,0,3,ridge_physics9,Ba3SbI3,Ba,Sb,I,0.78,1.07513,
verified_only,gkf,0,1,ridge_physics9,Ca3AsBr3,Ca,As,Br,1.634,1.513208,
verified_only,gkf,0,1,ridge_physics9,Ca3AsF3,Ca,As,F,2.27,2.739,
verified_only,gkf,0,4,ridge_physics9,Ca3BiI3,Ca,Bi,I,1.36,0.837408,
verified_only,gkf,0,4,ridge_physics9,Ca3PBr3,Ca,P,Br,1.8846,1.494534,
verified_only,gkf,0,0,ridge_physics9,Ca3PCl3,Ca,P,Cl,2.035,1.706648,
verified_only,gkf,0,0,ridge_physics9,Ca3PF3,Ca,P,F,2.518,2.57699,
verified_only,gkf,0,4,ridge_physics9,Ca3PI3,Ca,P,I,1.4909,1.129326,
verified_only,gkf,0,2,ridge_physics9,Ca3SbBr3,Ca,Sb,Br,1.782,1.594631,
verified_only,gkf,0,1,ridge_physics9,Ca3SbCl3,Ca,Sb,Cl,1.814,1.646905,
verified_only,gkf,0,2,ridge_physics9,Ca3SbF3,Ca,Sb,F,2.19,2.117514,
verified_only,gkf,0,4,ridge_physics9,Mg3AsBr3,Mg,As,Br,1.2907,1.39817,
verified_only,gkf,0,0,ridge_physics9,Mg3BiBr3,Mg,Bi,Br,0.9648,1.320029,
verified_only,gkf,0,1,ridge_physics9,Mg3BiI3,Mg,Bi,I,0.224,0.826661,
verified_only,gkf,0,0,ridge_physics9,Mg3PBr3,Mg,P,Br,1.506,1.441366,
verified_only,gkf,0,3,ridge_physics9,Mg3PCl3,Mg,P,Cl,2.297,1.485571,
verified_only,gkf,0,4,ridge_physics9,Mg3PI3,Mg,P,I,0.377,1.103816,
verified_only,gkf,0,3,ridge_physics9,Mg3SbBr3,Mg,Sb,Br,0.9418,1.152354,
verified_only,gkf,0,3,ridge_physics9,Mg3SbCl3,Mg,Sb,Cl,1.7283,1.387443,
verified_only,gkf,0,2,ridge_physics9,Mg3SbF3,Mg,Sb,F,3.184,1.645895,
verified_only,gkf,0,0,ridge_physics9,Mg3SbI3,Mg,Sb,I,0.1057,1.003182,
verified_only,gkf,0,1,ridge_physics9,Sr3AsCl3,Sr,As,Cl,1.7,1.78666,
verified_only,gkf,0,2,ridge_physics9,Sr3AsI3,Sr,As,I,1.265,0.91783,
verified_only,gkf,0,3,ridge_physics9,Sr3PBr3,Sr,P,Br,1.55,1.493156,
verified_only,gkf,0,0,ridge_physics9,Sr3PCl3,Sr,P,Cl,1.677,1.709256,
verified_only,gkf,0,4,ridge_physics9,Sr3PI3,Sr,P,I,1.258,1.130092,
verified_only,gkf,0,0,ridge_physics9,Sr3SbCl3,Sr,Sb,Cl,1.712,1.620052,
verified_only,gkf,0,3,ridge_physics9,Sr3SbI3,Sr,Sb,I,1.31,1.034996,
verified_only,gkf,1,5,ridge_physics9,Ba3AsCl3,Ba,As,Cl,0.959,1.875066,
verified_only,gkf,1,7,ridge_physics9,Ba3AsI3,Ba,As,I,0.834,1.146475,
verified_only,gkf,1,8,ridge_physics9,Ba3SbBr3,Ba,Sb,Br,1.1908,1.056243,
verified_only,gkf,1,7,ridge_physics9,Ba3SbI3,Ba,Sb,I,0.78,1.029677,
verified_only,gkf,1,8,ridge_physics9,Ca3AsBr3,Ca,As,Br,1.634,1.599864,
verified_only,gkf,1,5,ridge_physics9,Ca3AsF3,Ca,As,F,2.27,2.965347,
verified_only,gkf,1,7,ridge_physics9,Ca3BiI3,Ca,Bi,I,1.36,0.9288,
verified_only,gkf,1,5,ridge_physics9,Ca3PBr3,Ca,P,Br,1.8846,1.525433,
verified_only,gkf,1,7,ridge_physics9,Ca3PCl3,Ca,P,Cl,2.035,1.734366,
verified_only,gkf,1,9,ridge_physics9,Ca3PF3,Ca,P,F,2.518,2.958493,
verified_only,gkf,1,6,ridge_physics9,Ca3PI3,Ca,P,I,1.4909,1.11293,
verified_only,gkf,1,8,ridge_physics9,Ca3SbBr3,Ca,Sb,Br,1.782,1.551204,
verified_only,gkf,1,6,ridge_physics9,Ca3SbCl3,Ca,Sb,Cl,1.814,1.608851,
verified_only,gkf,1,5,ridge_physics9,Ca3SbF3,Ca,Sb,F,2.19,2.900793,
verified_only,gkf,1,9,ridge_physics9,Mg3AsBr3,Mg,As,Br,1.2907,1.224172,
verified_only,gkf,1,9,ridge_physics9,Mg3BiBr3,Mg,Bi,Br,0.9648,1.099312,
verified_only,gkf,1,6,ridge_physics9,Mg3BiI3,Mg,Bi,I,0.224,1.032109,
verified_only,gkf,1,7,ridge_physics9,Mg3PBr3,Mg,P,Br,1.506,1.350025,
verified_only,gkf,1,8,ridge_physics9,Mg3PCl3,Mg,P,Cl,2.297,1.489139,
verified_only,gkf,1,8,ridge_physics9,Mg3PI3,Mg,P,I,0.377,0.918569,
verified_only,gkf,1,5,ridge_physics9,Mg3SbBr3,Mg,Sb,Br,0.9418,1.207617,
verified_only,gkf,1,5,ridge_physics9,Mg3SbCl3,Mg,Sb,Cl,1.7283,1.509928,
verified_only,gkf,1,8,ridge_physics9,Mg3SbF3,Mg,Sb,F,3.184,1.749499,
verified_only,gkf,1,6,ridge_physics9,Mg3SbI3,Mg,Sb,I,0.1057,1.055382,
verified_only,gkf,1,7,ridge_physics9,Sr3AsCl3,Sr,As,Cl,1.7,1.707562,
verified_only,gkf,1,6,ridge_physics9,Sr3AsI3,Sr,As,I,1.265,1.06808,
verified_only,gkf,1,9,ridge_physics9,Sr3PBr3,Sr,P,Br,1.55,1.655678,
verified_only,gkf,1,9,ridge_physics9,Sr3PCl3,Sr,P,Cl,1.677,1.937764,
verified_only,gkf,1,5,ridge_physics9,Sr3PI3,Sr,P,I,1.258,1.113984,
verified_only,gkf,1,9,ridge_physics9,Sr3SbCl3,Sr,Sb,Cl,1.712,1.676371,
verified_only,gkf,1,6,ridge_physics9,Sr3SbI3,Sr,Sb,I,1.31,1.028351,
verified_only,gkf,2,10,ridge_physics9,Ba3AsCl3,Ba,As,Cl,0.959,1.71409,
verified_only,gkf,2,12,ridge_physics9,Ba3AsI3,Ba,As,I,0.834,1.169064,
verified_only,gkf,2,14,ridge_physics9,Ba3SbBr3,Ba,Sb,Br,1.1908,1.281843,
verified_only,gkf,2,13,ridge_physics9,Ba3SbI3,Ba,Sb,I,0.78,0.703151,
verified_only,gkf,2,10,ridge_physics9,Ca3AsBr3,Ca,As,Br,1.634,1.421041,
verified_only,gkf,2,12,ridge_physics9,Ca3AsF3,Ca,As,F,2.27,2.749477,
verified_only,gkf,2,14,ridge_physics9,Ca3BiI3,Ca,Bi,I,1.36,0.82022,
verified_only,gkf,2,14,ridge_physics9,Ca3PBr3,Ca,P,Br,1.8846,1.463281,
verified_only,gkf,2,10,ridge_physics9,Ca3PCl3,Ca,P,Cl,2.035,1.713881,
verified_only,gkf,2,12,ridge_physics9,Ca3PF3,Ca,P,F,2.518,2.827638,
verified_only,gkf,2,10,ridge_physics9,Ca3PI3,Ca,P,I,1.4909,1.077804,
verified_only,gkf,2,14,ridge_physics9,Ca3SbBr3,Ca,Sb,Br,1.782,1.258251,
verified_only,gkf,2,12,ridge_physics9,Ca3SbCl3,Ca,Sb,Cl,1.814,1.570643,
verified_only,gkf,2,13,ridge_physics9,Ca3SbF3,Ca,Sb,F,2.19,2.002546,
verified_only,gkf,2,14,ridge_physics9,Mg3AsBr3,Mg,As,Br,1.2907,1.315489,
verified_only,gkf,2,11,ridge_physics9,Mg3BiBr3,Mg,Bi,Br,0.9648,1.289017,
verified_only,gkf,2,13,ridge_physics9,Mg3BiI3,Mg,Bi,I,0.224,0.634717,
verified_only,gkf,2,13,ridge_physics9,Mg3PBr3,Mg,P,Br,1.506,1.341185,
verified_only,gkf,2,11,ridge_physics9,Mg3PCl3,Mg,P,Cl,2.297,1.573516,
verified_only,gkf,2,12,ridge_physics9,Mg3PI3,Mg,P,I,0.377,1.118188,
verified_only,gkf,2,10,ridge_physics9,Mg3SbBr3,Mg,Sb,Br,0.9418,1.217687,
verified_only,gkf,2,12,ridge_physics9,Mg3SbCl3,Mg,Sb,Cl,1.7283,1.463325,
verified_only,gkf,2,13,ridge_physics9,Mg3SbF3,Mg,Sb,F,3.184,1.48979,
verified_only,gkf,2,11,ridge_physics9,Mg3SbI3,Mg,Sb,I,0.1057,0.968978,
verified_only,gkf,2,11,ridge_physics9,Sr3AsCl3,Sr,As,Cl,1.7,1.659101,
verified_only,gkf,2,10,ridge_physics9,Sr3AsI3,Sr,As,I,1.265,1.052869,
verified_only,gkf,2,11,ridge_physics9,Sr3PBr3,Sr,P,Br,1.55,1.466246,
verified_only,gkf,2,13,ridge_physics9,Sr3PCl3,Sr,P,Cl,1.677,2.050725,
verified_only,gkf,2,14,ridge_physics9,Sr3PI3,Sr,P,I,1.258,1.100571,
verified_only,gkf,2,11,ridge_physics9,Sr3SbCl3,Sr,Sb,Cl,1.712,1.638606,
verified_only,gkf,2,10,ridge_physics9,Sr3SbI3,Sr,Sb,I,1.31,0.957794,
verified_only,gkf,3,18,ridge_physics9,Ba3AsCl3,Ba,As,Cl,0.959,1.749295,
verified_only,gkf,3,15,ridge_physics9,Ba3AsI3,Ba,As,I,0.834,1.149777,
verified_only,gkf,3,16,ridge_physics9,Ba3SbBr3,Ba,Sb,Br,1.1908,1.45445,
verified_only,gkf,3,15,ridge_physics9,Ba3SbI3,Ba,Sb,I,0.78,1.078722,
verified_only,gkf,3,15,ridge_physics9,Ca3AsBr3,Ca,As,Br,1.634,1.45531,
verified_only,gkf,3,15,ridge_physics9,Ca3AsF3,Ca,As,F,2.27,2.722074,
verified_only,gkf,3,17,ridge_physics9,Ca3BiI3,Ca,Bi,I,1.36,0.85004,
verified_only,gkf,3,17,ridge_physics9,Ca3PBr3,Ca,P,Br,1.8846,1.830132,
verified_only,gkf,3,18,ridge_physics9,Ca3PCl3,Ca,P,Cl,2.035,1.752533,
verified_only,gkf,3,15,ridge_physics9,Ca3PF3,Ca,P,F,2.518,2.753187,
verified_only,gkf,3,16,ridge_physics9,Ca3PI3,Ca,P,I,1.4909,1.086841,
verified_only,gkf,3,17,ridge_physics9,Ca3SbBr3,Ca,Sb,Br,1.782,1.408289,
verified_only,gkf,3,19,ridge_physics9,Ca3SbCl3,Ca,Sb,Cl,1.814,1.566509,
verified_only,gkf,3,16,ridge_physics9,Ca3SbF3,Ca,Sb,F,2.19,2.689446,
verified_only,gkf,3,19,ridge_physics9,Mg3AsBr3,Mg,As,Br,1.2907,1.374231,
verified_only,gkf,3,19,ridge_physics9,Mg3BiBr3,Mg,Bi,Br,0.9648,1.215138,
verified_only,gkf,3,16,ridge_physics9,Mg3BiI3,Mg,Bi,I,0.224,0.902883,
verified_only,gkf,3,19,ridge_physics9,Mg3PBr3,Mg,P,Br,1.506,1.429473,
verified_only,gkf,3,15,ridge_physics9,Mg3PCl3,Mg,P,Cl,2.297,1.523107,
verified_only,gkf,3,17,ridge_physics9,Mg3PI3,Mg,P,I,0.377,1.079713,
verified_only,gkf,3,19,ridge_physics9,Mg3SbBr3,Mg,Sb,Br,0.9418,1.260808,
verified_only,gkf,3,17,ridge_physics9,Mg3SbCl3,Mg,Sb,Cl,1.7283,1.287349,
verified_only,gkf,3,17,ridge_physics9,Mg3SbF3,Mg,Sb,F,3.184,1.840554,
verified_only,gkf,3,18,ridge_physics9,Mg3SbI3,Mg,Sb,I,0.1057,0.939088,
verified_only,gkf,3,18,ridge_physics9,Sr3AsCl3,Sr,As,Cl,1.7,1.731524,
verified_only,gkf,3,15,ridge_physics9,Sr3AsI3,Sr,As,I,1.265,1.101543,
verified_only,gkf,3,18,ridge_physics9,Sr3PBr3,Sr,P,Br,1.55,1.541834,
verified_only,gkf,3,16,ridge_physics9,Sr3PCl3,Sr,P,Cl,1.677,1.734921,
verified_only,gkf,3,18,ridge_physics9,Sr3PI3,Sr,P,I,1.258,1.197648,
verified_only,gkf,3,16,ridge_physics9,Sr3SbCl3,Sr,Sb,Cl,1.712,1.695726,
verified_only,gkf,3,19,ridge_physics9,Sr3SbI3,Sr,Sb,I,1.31,0.967157,
verified_only,gkf,4,23,ridge_physics9,Ba3AsCl3,Ba,As,Cl,0.959,1.840598,
verified_only,gkf,4,23,ridge_physics9,Ba3AsI3,Ba,As,I,0.834,1.245656,
verified_only,gkf,4,23,ridge_physics9,Ba3SbBr3,Ba,Sb,Br,1.1908,1.493787,
verified_only,gkf,4,20,ridge_physics9,Ba3SbI3,Ba,Sb,I,0.78,1.029423,
verified_only,gkf,4,23,ridge_physics9,Ca3AsBr3,Ca,As,Br,1.634,1.522969,
verified_only,gkf,4,20,ridge_physics9,Ca3AsF3,Ca,As,F,2.27,2.629747,
verified_only,gkf,4,24,ridge_physics9,Ca3BiI3,Ca,Bi,I,1.36,0.751598,
verified_only,gkf,4,24,ridge_physics9,Ca3PBr3,Ca,P,Br,1.8846,1.442666,
verified_only,gkf,4,24,ridge_physics9,Ca3PCl3,Ca,P,Cl,2.035,1.693489,
verified_only,gkf,4,21,ridge_physics9,Ca3PF3,Ca,P,F,2.518,2.684232,
verified_only,gkf,4,20,ridge_physics9,Ca3PI3,Ca,P,I,1.4909,1.130835,
verified_only,gkf,4,24,ridge_physics9,Ca3SbBr3,Ca,Sb,Br,1.782,1.203926,
verified_only,gkf,4,20,ridge_physics9,Ca3SbCl3,Ca,Sb,Cl,1.814,1.594064,
verified_only,gkf,4,22,ridge_physics9,Ca3SbF3,Ca,Sb,F,2.19,2.614919,
verified_only,gkf,4,21,ridge_physics9,Mg3AsBr3,Mg,As,Br,1.2907,1.083737,
verified_only,gkf,4,23,ridge_physics9,Mg3BiBr3,Mg,Bi,Br,0.9648,1.173693,
verified_only,gkf,4,21,ridge_physics9,Mg3BiI3,Mg,Bi,I,0.224,0.652769,
verified_only,gkf,4,22,ridge_physics9,Mg3PBr3,Mg,P,Br,1.506,1.424356,
verified_only,gkf,4,20,ridge_physics9,Mg3PCl3,Mg,P,Cl,2.297,1.586327,
verified_only,gkf,4,20,ridge_physics9,Mg3PI3,Mg,P,I,0.377,0.986714,
verified_only,gkf,4,22,ridge_physics9,Mg3SbBr3,Mg,Sb,Br,0.9418,1.343835,
verified_only,gkf,4,22,ridge_physics9,Mg3SbCl3,Mg,Sb,Cl,1.7283,1.587298,
verified_only,gkf,4,21,ridge_physics9,Mg3SbF3,Mg,Sb,F,3.184,1.685201,
verified_only,gkf,4,22,ridge_physics9,Mg3SbI3,Mg,Sb,I,0.1057,0.977133,
verified_only,gkf,4,20,ridge_physics9,Sr3AsCl3,Sr,As,Cl,1.7,1.710046,
verified_only,gkf,4,23,ridge_physics9,Sr3AsI3,Sr,As,I,1.265,1.199106,
verified_only,gkf,4,22,ridge_physics9,Sr3PBr3,Sr,P,Br,1.55,1.501125,
verified_only,gkf,4,24,ridge_physics9,Sr3PCl3,Sr,P,Cl,1.677,1.700475,
verified_only,gkf,4,21,ridge_physics9,Sr3PI3,Sr,P,I,1.258,1.244814,
verified_only,gkf,4,21,ridge_physics9,Sr3SbCl3,Sr,Sb,Cl,1.712,1.782528,
verified_only,gkf,4,24,ridge_physics9,Sr3SbI3,Sr,Sb,I,1.31,0.82314,
verified_only,gkf,5,25,ridge_physics9,Ba3AsCl3,Ba,As,Cl,0.959,1.78792,
verified_only,gkf,5,26,ridge_physics9,Ba3AsI3,Ba,As,I,0.834,0.545241,
verified_only,gkf,5,26,ridge_physics9,Ba3SbBr3,Ba,Sb,Br,1.1908,1.045072,
verified_only,gkf,5,28,ridge_physics9,Ba3SbI3,Ba,Sb,I,0.78,0.952935,
verified_only,gkf,5,28,ridge_physics9,Ca3AsBr3,Ca,As,Br,1.634,1.412461,
verified_only,gkf,5,26,ridge_physics9,Ca3AsF3,Ca,As,F,2.27,2.308613,
verified_only,gkf,5,29,ridge_physics9,Ca3BiI3,Ca,Bi,I,1.36,0.931312,
verified_only,gkf,5,25,ridge_physics9,Ca3PBr3,Ca,P,Br,1.8846,1.486019,
verified_only,gkf,5,26,ridge_physics9,Ca3PCl3,Ca,P,Cl,2.035,2.132884,
verified_only,gkf,5,29,ridge_physics9,Ca3PF3,Ca,P,F,2.518,2.623415,
verified_only,gkf,5,27,ridge_physics9,Ca3PI3,Ca,P,I,1.4909,1.13523,
verified_only,gkf,5,25,ridge_physics9,Ca3SbBr3,Ca,Sb,Br,1.782,1.360519,
verified_only,gkf,5,29,ridge_physics9,Ca3SbCl3,Ca,Sb,Cl,1.814,1.574813,
verified_only,gkf,5,25,ridge_physics9,Ca3SbF3,Ca,Sb,F,2.19,2.694737,
verified_only,gkf,5,28,ridge_physics9,Mg3AsBr3,Mg,As,Br,1.2907,1.306533,
verified_only,gkf,5,27,ridge_physics9,Mg3BiBr3,Mg,Bi,Br,0.9648,1.386836,
verified_only,gkf,5,29,ridge_physics9,Mg3BiI3,Mg,Bi,I,0.224,0.803319,
verified_only,gkf,5,25,ridge_physics9,Mg3PBr3,Mg,P,Br,1.506,1.304697,
verified_only,gkf,5,29,ridge_physics9,Mg3PCl3,Mg,P,Cl,2.297,1.577866,
verified_only,gkf,5,28,ridge_physics9,Mg3PI3,Mg,P,I,0.377,1.178622,
verified_only,gkf,5,27,ridge_physics9,Mg3SbBr3,Mg,Sb,Br,0.9418,1.407394,
verified_only,gkf,5,27,ridge_physics9,Mg3SbCl3,Mg,Sb,Cl,1.7283,1.635355,
verified_only,gkf,5,26,ridge_physics9,Mg3SbF3,Mg,Sb,F,3.184,1.695381,
verified_only,gkf,5,27,ridge_physics9,Mg3SbI3,Mg,Sb,I,0.1057,1.062482,
verified_only,gkf,5,25,ridge_physics9,Sr3AsCl3,Sr,As,Cl,1.7,1.74935,
verified_only,gkf,5,25,ridge_physics9,Sr3AsI3,Sr,As,I,1.265,1.079639,
verified_only,gkf,5,28,ridge_physics9,Sr3PBr3,Sr,P,Br,1.55,1.640513,
verified_only,gkf,5,29,ridge_physics9,Sr3PCl3,Sr,P,Cl,1.677,1.724921,
verified_only,gkf,5,28,ridge_physics9,Sr3PI3,Sr,P,I,1.258,1.281964,
verified_only,gkf,5,27,ridge_physics9,Sr3SbCl3,Sr,Sb,Cl,1.712,1.631637,
verified_only,gkf,5,26,ridge_physics9,Sr3SbI3,Sr,Sb,I,1.31,1.001566,
verified_only,gkf,6,33,ridge_physics9,Ba3AsCl3,Ba,As,Cl,0.959,1.782927,
verified_only,gkf,6,30,ridge_physics9,Ba3AsI3,Ba,As,I,0.834,1.185302,
verified_only,gkf,6,33,ridge_physics9,Ba3SbBr3,Ba,Sb,Br,1.1908,1.389958,
verified_only,gkf,6,30,ridge_physics9,Ba3SbI3,Ba,Sb,I,0.78,1.062126,
verified_only,gkf,6,31,ridge_physics9,Ca3AsBr3,Ca,As,Br,1.634,1.416614,
verified_only,gkf,6,32,ridge_physics9,Ca3AsF3,Ca,As,F,2.27,2.871451,
verified_only,gkf,6,34,ridge_physics9,Ca3BiI3,Ca,Bi,I,1.36,0.876066,
verified_only,gkf,6,32,ridge_physics9,Ca3PBr3,Ca,P,Br,1.8846,1.477484,
verified_only,gkf,6,33,ridge_physics9,Ca3PCl3,Ca,P,Cl,2.035,1.81063,
verified_only,gkf,6,31,ridge_physics9,Ca3PF3,Ca,P,F,2.518,2.472707,
verified_only,gkf,6,34,ridge_physics9,Ca3PI3,Ca,P,I,1.4909,1.215982,
verified_only,gkf,6,30,ridge_physics9,Ca3SbBr3,Ca,Sb,Br,1.782,1.346554,
verified_only,gkf,6,33,ridge_physics9,Ca3SbCl3,Ca,Sb,Cl,1.814,1.580528,
verified_only,gkf,6,32,ridge_physics9,Ca3SbF3,Ca,Sb,F,2.19,2.810826,
verified_only,gkf,6,30,ridge_physics9,Mg3AsBr3,Mg,As,Br,1.2907,1.290443,
verified_only,gkf,6,30,ridge_physics9,Mg3BiBr3,Mg,Bi,Br,0.9648,1.125821,
verified_only,gkf,6,31,ridge_physics9,Mg3BiI3,Mg,Bi,I,0.224,1.043693,
verified_only,gkf,6,30,ridge_physics9,Mg3PBr3,Mg,P,Br,1.506,1.342967,
verified_only,gkf,6,31,ridge_physics9,Mg3PCl3,Mg,P,Cl,2.297,1.585401,
verified_only,gkf,6,33,ridge_physics9,Mg3PI3,Mg,P,I,0.377,1.1353,
verified_only,gkf,6,32,ridge_physics9,Mg3SbBr3,Mg,Sb,Br,0.9418,1.241775,
verified_only,gkf,6,30,ridge_physics9,Mg3SbCl3,Mg,Sb,Cl,1.7283,1.401467,
verified_only,gkf,6,34,ridge_physics9,Mg3SbF3,Mg,Sb,F,3.184,1.725498,
verified_only,gkf,6,31,ridge_physics9,Mg3SbI3,Mg,Sb,I,0.1057,1.049051,
verified_only,gkf,6,34,ridge_physics9,Sr3AsCl3,Sr,As,Cl,1.7,1.786304,
verified_only,gkf,6,34,ridge_physics9,Sr3AsI3,Sr,As,I,1.265,0.872766,
verified_only,gkf,6,33,ridge_physics9,Sr3PBr3,Sr,P,Br,1.55,1.604287,
verified_only,gkf,6,34,ridge_physics9,Sr3PCl3,Sr,P,Cl,1.677,2.113251,
verified_only,gkf,6,31,ridge_physics9,Sr3PI3,Sr,P,I,1.258,1.119968,
verified_only,gkf,6,32,ridge_physics9,Sr3SbCl3,Sr,Sb,Cl,1.712,1.667287,
verified_only,gkf,6,32,ridge_physics9,Sr3SbI3,Sr,Sb,I,1.31,0.927316,
verified_only,gkf,7,37,ridge_physics9,Ba3AsCl3,Ba,As,Cl,0.959,1.521193,
verified_only,gkf,7,39,ridge_physics9,Ba3AsI3,Ba,As,I,0.834,0.964067,
verified_only,gkf,7,38,ridge_physics9,Ba3SbBr3,Ba,Sb,Br,1.1908,1.35757,
verified_only,gkf,7,35,ridge_physics9,Ba3SbI3,Ba,Sb,I,0.78,1.016475,
verified_only,gkf,7,38,ridge_physics9,Ca3AsBr3,Ca,As,Br,1.634,1.419995,
verified_only,gkf,7,36,ridge_physics9,Ca3AsF3,Ca,As,F,2.27,2.797641,
verified_only,gkf,7,39,ridge_physics9,Ca3BiI3,Ca,Bi,I,1.36,0.776768,
verified_only,gkf,7,36,ridge_physics9,Ca3PBr3,Ca,P,Br,1.8846,1.4948,
verified_only,gkf,7,35,ridge_physics9,Ca3PCl3,Ca,P,Cl,2.035,1.696959,
verified_only,gkf,7,36,ridge_physics9,Ca3PF3,Ca,P,F,2.518,2.840168,
verified_only,gkf,7,35,ridge_physics9,Ca3PI3,Ca,P,I,1.4909,1.05934,
verified_only,gkf,7,39,ridge_physics9,Ca3SbBr3,Ca,Sb,Br,1.782,1.271365,
verified_only,gkf,7,35,ridge_physics9,Ca3SbCl3,Ca,Sb,Cl,1.814,1.624201,
verified_only,gkf,7,35,ridge_physics9,Ca3SbF3,Ca,Sb,F,2.19,2.651457,
verified_only,gkf,7,37,ridge_physics9,Mg3AsBr3,Mg,As,Br,1.2907,0.974078,
verified_only,gkf,7,37,ridge_physics9,Mg3BiBr3,Mg,Bi,Br,0.9648,0.928569,
verified_only,gkf,7,39,ridge_physics9,Mg3BiI3,Mg,Bi,I,0.224,0.781855,
verified_only,gkf,7,36,ridge_physics9,Mg3PBr3,Mg,P,Br,1.506,1.349087,
verified_only,gkf,7,37,ridge_physics9,Mg3PCl3,Mg,P,Cl,2.297,1.376797,
verified_only,gkf,7,39,ridge_physics9,Mg3PI3,Mg,P,I,0.377,1.258686,
verified_only,gkf,7,38,ridge_physics9,Mg3SbBr3,Mg,Sb,Br,0.9418,1.31426,
verified_only,gkf,7,38,ridge_physics9,Mg3SbCl3,Mg,Sb,Cl,1.7283,1.557667,
verified_only,gkf,7,37,ridge_physics9,Mg3SbF3,Mg,Sb,F,3.184,1.595806,
verified_only,gkf,7,38,ridge_physics9,Mg3SbI3,Mg,Sb,I,0.1057,0.94254,
verified_only,gkf,7,36,ridge_physics9,Sr3AsCl3,Sr,As,Cl,1.7,1.743919,
verified_only,gkf,7,39,ridge_physics9,Sr3AsI3,Sr,As,I,1.265,1.011809,
verified_only,gkf,7,35,ridge_physics9,Sr3PBr3,Sr,P,Br,1.55,1.464481,
verified_only,gkf,7,35,ridge_physics9,Sr3PCl3,Sr,P,Cl,1.677,1.718502,
verified_only,gkf,7,36,ridge_physics9,Sr3PI3,Sr,P,I,1.258,1.097253,
verified_only,gkf,7,37,ridge_physics9,Sr3SbCl3,Sr,Sb,Cl,1.712,1.841302,
verified_only,gkf,7,38,ridge_physics9,Sr3SbI3,Sr,Sb,I,1.31,1.001519,
verified_only,gkf,8,43,ridge_physics9,Ba3AsCl3,Ba,As,Cl,0.959,1.77603,
verified_only,gkf,8,44,ridge_physics9,Ba3AsI3,Ba,As,I,0.834,1.150428,
verified_only,gkf,8,42,ridge_physics9,Ba3SbBr3,Ba,Sb,Br,1.1908,1.422107,
verified_only,gkf,8,42,ridge_physics9,Ba3SbI3,Ba,Sb,I,0.78,1.071894,
verified_only,gkf,8,44,ridge_physics9,Ca3AsBr3,Ca,As,Br,1.634,1.510322,
verified_only,gkf,8,44,ridge_physics9,Ca3AsF3,Ca,As,F,2.27,2.613158,
verified_only,gkf,8,41,ridge_physics9,Ca3BiI3,Ca,Bi,I,1.36,0.925728,
verified_only,gkf,8,40,ridge_physics9,Ca3PBr3,Ca,P,Br,1.8846,1.365316,
verified_only,gkf,8,42,ridge_physics9,Ca3PCl3,Ca,P,Cl,2.035,1.718079,
verified_only,gkf,8,41,ridge_physics9,Ca3PF3,Ca,P,F,2.518,2.468263,
verified_only,gkf,8,43,ridge_physics9,Ca3PI3,Ca,P,I,1.4909,1.142954,
verified_only,gkf,8,41,ridge_physics9,Ca3SbBr3,Ca,Sb,Br,1.782,1.56947,
verified_only,gkf,8,42,ridge_physics9,Ca3SbCl3,Ca,Sb,Cl,1.814,1.611436,
verified_only,gkf,8,41,ridge_physics9,Ca3SbF3,Ca,Sb,F,2.19,2.396928,
verified_only,gkf,8,41,ridge_physics9,Mg3AsBr3,Mg,As,Br,1.2907,1.06223,
verified_only,gkf,8,43,ridge_physics9,Mg3BiBr3,Mg,Bi,Br,0.9648,1.142254,
verified_only,gkf,8,40,ridge_physics9,Mg3BiI3,Mg,Bi,I,0.224,0.879537,
verified_only,gkf,8,40,ridge_physics9,Mg3PBr3,Mg,P,Br,1.506,1.20976,
verified_only,gkf,8,40,ridge_physics9,Mg3PCl3,Mg,P,Cl,2.297,1.436875,
verified_only,gkf,8,44,ridge_physics9,Mg3PI3,Mg,P,I,0.377,1.237638,
verified_only,gkf,8,42,ridge_physics9,Mg3SbBr3,Mg,Sb,Br,0.9418,1.252091,
verified_only,gkf,8,43,ridge_physics9,Mg3SbCl3,Mg,Sb,Cl,1.7283,1.433464,
verified_only,gkf,8,41,ridge_physics9,Mg3SbF3,Mg,Sb,F,3.184,1.895279,
verified_only,gkf,8,44,ridge_physics9,Mg3SbI3,Mg,Sb,I,0.1057,1.007747,
verified_only,gkf,8,42,ridge_physics9,Sr3AsCl3,Sr,As,Cl,1.7,1.695136,
verified_only,gkf,8,40,ridge_physics9,Sr3AsI3,Sr,As,I,1.265,1.040588,
verified_only,gkf,8,40,ridge_physics9,Sr3PBr3,Sr,P,Br,1.55,1.389307,
verified_only,gkf,8,40,ridge_physics9,Sr3PCl3,Sr,P,Cl,1.677,1.616423,
verified_only,gkf,8,43,ridge_physics9,Sr3PI3,Sr,P,I,1.258,1.170402,
verified_only,gkf,8,43,ridge_physics9,Sr3SbCl3,Sr,Sb,Cl,1.712,1.627003,
verified_only,gkf,8,44,ridge_physics9,Sr3SbI3,Sr,Sb,I,1.31,1.005099,
verified_only,gkf,9,49,ridge_physics9,Ba3AsCl3,Ba,As,Cl,0.959,1.752521,
verified_only,gkf,9,47,ridge_physics9,Ba3AsI3,Ba,As,I,0.834,1.143886,
verified_only,gkf,9,48,ridge_physics9,Ba3SbBr3,Ba,Sb,Br,1.1908,1.142876,
verified_only,gkf,9,45,ridge_physics9,Ba3SbI3,Ba,Sb,I,0.78,1.067213,
verified_only,gkf,9,46,ridge_physics9,Ca3AsBr3,Ca,As,Br,1.634,1.43094,
verified_only,gkf,9,45,ridge_physics9,Ca3AsF3,Ca,As,F,2.27,2.621117,
verified_only,gkf,9,49,ridge_physics9,Ca3BiI3,Ca,Bi,I,1.36,0.880151,
verified_only,gkf,9,49,ridge_physics9,Ca3PBr3,Ca,P,Br,1.8846,1.479532,
verified_only,gkf,9,46,ridge_physics9,Ca3PCl3,Ca,P,Cl,2.035,1.787651,
verified_only,gkf,9,48,ridge_physics9,Ca3PF3,Ca,P,F,2.518,2.680929,
verified_only,gkf,9,49,ridge_physics9,Ca3PI3,Ca,P,I,1.4909,1.093472,
verified_only,gkf,9,46,ridge_physics9,Ca3SbBr3,Ca,Sb,Br,1.782,1.247485,
verified_only,gkf,9,46,ridge_physics9,Ca3SbCl3,Ca,Sb,Cl,1.814,1.484573,
verified_only,gkf,9,47,ridge_physics9,Ca3SbF3,Ca,Sb,F,2.19,2.654944,
verified_only,gkf,9,46,ridge_physics9,Mg3AsBr3,Mg,As,Br,1.2907,1.417081,
verified_only,gkf,9,47,ridge_physics9,Mg3BiBr3,Mg,Bi,Br,0.9648,1.289065,
verified_only,gkf,9,47,ridge_physics9,Mg3BiI3,Mg,Bi,I,0.224,0.923175,
verified_only,gkf,9,49,ridge_physics9,Mg3PBr3,Mg,P,Br,1.506,1.322374,
verified_only,gkf,9,47,ridge_physics9,Mg3PCl3,Mg,P,Cl,2.297,1.539971,
verified_only,gkf,9,46,ridge_physics9,Mg3PI3,Mg,P,I,0.377,1.19364,
verified_only,gkf,9,45,ridge_physics9,Mg3SbBr3,Mg,Sb,Br,0.9418,1.340507,
verified_only,gkf,9,45,ridge_physics9,Mg3SbCl3,Mg,Sb,Cl,1.7283,1.577558,
verified_only,gkf,9,48,ridge_physics9,Mg3SbF3,Mg,Sb,F,3.184,1.739294,
verified_only,gkf,9,45,ridge_physics9,Mg3SbI3,Mg,Sb,I,0.1057,0.981567,
verified_only,gkf,9,49,ridge_physics9,Sr3AsCl3,Sr,As,Cl,1.7,1.718909,
verified_only,gkf,9,48,ridge_physics9,Sr3AsI3,Sr,As,I,1.265,0.944555,
verified_only,gkf,9,45,ridge_physics9,Sr3PBr3,Sr,P,Br,1.55,1.525242,
verified_only,gkf,9,47,ridge_physics9,Sr3PCl3,Sr,P,Cl,1.677,1.719595,
verified_only,gkf,9,45,ridge_physics9,Sr3PI3,Sr,P,I,1.258,1.171536,
verified_only,gkf,9,48,ridge_physics9,Sr3SbCl3,Sr,Sb,Cl,1.712,1.764581,
verified_only,gkf,9,48,ridge_physics9,Sr3SbI3,Sr,Sb,I,1.31,1.003741,
verified_only,gkf,0,1,xgb_magpie,Ba3AsCl3,Ba,As,Cl,0.959,1.516811,
verified_only,gkf,0,2,xgb_magpie,Ba3AsI3,Ba,As,I,0.834,1.070729,
verified_only,gkf,0,2,xgb_magpie,Ba3SbBr3,Ba,Sb,Br,1.1908,1.04855,
verified_only,gkf,0,3,xgb_magpie,Ba3SbI3,Ba,Sb,I,0.78,0.882446,
verified_only,gkf,0,1,xgb_magpie,Ca3AsBr3,Ca,As,Br,1.634,1.767694,
verified_only,gkf,0,1,xgb_magpie,Ca3AsF3,Ca,As,F,2.27,2.389577,
verified_only,gkf,0,4,xgb_magpie,Ca3BiI3,Ca,Bi,I,1.36,1.006887,
verified_only,gkf,0,4,xgb_magpie,Ca3PBr3,Ca,P,Br,1.8846,1.729322,
verified_only,gkf,0,0,xgb_magpie,Ca3PCl3,Ca,P,Cl,2.035,2.151326,
verified_only,gkf,0,0,xgb_magpie,Ca3PF3,Ca,P,F,2.518,2.547002,
verified_only,gkf,0,4,xgb_magpie,Ca3PI3,Ca,P,I,1.4909,1.361382,
verified_only,gkf,0,2,xgb_magpie,Ca3SbBr3,Ca,Sb,Br,1.782,1.636712,
verified_only,gkf,0,1,xgb_magpie,Ca3SbCl3,Ca,Sb,Cl,1.814,1.853098,
verified_only,gkf,0,2,xgb_magpie,Ca3SbF3,Ca,Sb,F,2.19,1.888817,
verified_only,gkf,0,4,xgb_magpie,Mg3AsBr3,Mg,As,Br,1.2907,1.483266,
verified_only,gkf,0,0,xgb_magpie,Mg3BiBr3,Mg,Bi,Br,0.9648,0.618715,
verified_only,gkf,0,1,xgb_magpie,Mg3BiI3,Mg,Bi,I,0.224,0.360154,
verified_only,gkf,0,0,xgb_magpie,Mg3PBr3,Mg,P,Br,1.506,1.408932,
verified_only,gkf,0,3,xgb_magpie,Mg3PCl3,Mg,P,Cl,2.297,2.075032,
verified_only,gkf,0,4,xgb_magpie,Mg3PI3,Mg,P,I,0.377,0.608311,
verified_only,gkf,0,3,xgb_magpie,Mg3SbBr3,Mg,Sb,Br,0.9418,1.295668,
verified_only,gkf,0,3,xgb_magpie,Mg3SbCl3,Mg,Sb,Cl,1.7283,1.791759,
verified_only,gkf,0,2,xgb_magpie,Mg3SbF3,Mg,Sb,F,3.184,2.006896,
verified_only,gkf,0,0,xgb_magpie,Mg3SbI3,Mg,Sb,I,0.1057,0.373358,
verified_only,gkf,0,1,xgb_magpie,Sr3AsCl3,Sr,As,Cl,1.7,1.706741,
verified_only,gkf,0,2,xgb_magpie,Sr3AsI3,Sr,As,I,1.265,1.299112,
verified_only,gkf,0,3,xgb_magpie,Sr3PBr3,Sr,P,Br,1.55,1.721819,
verified_only,gkf,0,0,xgb_magpie,Sr3PCl3,Sr,P,Cl,1.677,1.680861,
verified_only,gkf,0,4,xgb_magpie,Sr3PI3,Sr,P,I,1.258,1.22123,
verified_only,gkf,0,0,xgb_magpie,Sr3SbCl3,Sr,Sb,Cl,1.712,1.566241,
verified_only,gkf,0,3,xgb_magpie,Sr3SbI3,Sr,Sb,I,1.31,1.25152,
verified_only,gkf,1,5,xgb_magpie,Ba3AsCl3,Ba,As,Cl,0.959,1.432089,
verified_only,gkf,1,7,xgb_magpie,Ba3AsI3,Ba,As,I,0.834,1.260076,
verified_only,gkf,1,8,xgb_magpie,Ba3SbBr3,Ba,Sb,Br,1.1908,0.896692,
verified_only,gkf,1,7,xgb_magpie,Ba3SbI3,Ba,Sb,I,0.78,1.298493,
verified_only,gkf,1,8,xgb_magpie,Ca3AsBr3,Ca,As,Br,1.634,1.695689,
verified_only,gkf,1,5,xgb_magpie,Ca3AsF3,Ca,As,F,2.27,2.560108,
verified_only,gkf,1,7,xgb_magpie,Ca3BiI3,Ca,Bi,I,1.36,0.618787,
verified_only,gkf,1,5,xgb_magpie,Ca3PBr3,Ca,P,Br,1.8846,1.710371,
verified_only,gkf,1,7,xgb_magpie,Ca3PCl3,Ca,P,Cl,2.035,2.087325,
verified_only,gkf,1,9,xgb_magpie,Ca3PF3,Ca,P,F,2.518,2.528843,
verified_only,gkf,1,6,xgb_magpie,Ca3PI3,Ca,P,I,1.4909,1.480325,
verified_only,gkf,1,8,xgb_magpie,Ca3SbBr3,Ca,Sb,Br,1.782,1.658285,
verified_only,gkf,1,6,xgb_magpie,Ca3SbCl3,Ca,Sb,Cl,1.814,1.83829,
verified_only,gkf,1,5,xgb_magpie,Ca3SbF3,Ca,Sb,F,2.19,2.305562,
verified_only,gkf,1,9,xgb_magpie,Mg3AsBr3,Mg,As,Br,1.2907,1.617665,
verified_only,gkf,1,9,xgb_magpie,Mg3BiBr3,Mg,Bi,Br,0.9648,0.634836,
verified_only,gkf,1,6,xgb_magpie,Mg3BiI3,Mg,Bi,I,0.224,0.622618,
verified_only,gkf,1,7,xgb_magpie,Mg3PBr3,Mg,P,Br,1.506,1.415931,
verified_only,gkf,1,8,xgb_magpie,Mg3PCl3,Mg,P,Cl,2.297,1.915754,
verified_only,gkf,1,8,xgb_magpie,Mg3PI3,Mg,P,I,0.377,0.848345,
verified_only,gkf,1,5,xgb_magpie,Mg3SbBr3,Mg,Sb,Br,0.9418,1.203504,
verified_only,gkf,1,5,xgb_magpie,Mg3SbCl3,Mg,Sb,Cl,1.7283,2.021503,
verified_only,gkf,1,8,xgb_magpie,Mg3SbF3,Mg,Sb,F,3.184,1.906006,
verified_only,gkf,1,6,xgb_magpie,Mg3SbI3,Mg,Sb,I,0.1057,0.555395,
verified_only,gkf,1,7,xgb_magpie,Sr3AsCl3,Sr,As,Cl,1.7,1.632383,
verified_only,gkf,1,6,xgb_magpie,Sr3AsI3,Sr,As,I,1.265,1.150364,
verified_only,gkf,1,9,xgb_magpie,Sr3PBr3,Sr,P,Br,1.55,1.679732,
verified_only,gkf,1,9,xgb_magpie,Sr3PCl3,Sr,P,Cl,1.677,1.79203,
verified_only,gkf,1,5,xgb_magpie,Sr3PI3,Sr,P,I,1.258,1.305255,
verified_only,gkf,1,9,xgb_magpie,Sr3SbCl3,Sr,Sb,Cl,1.712,1.590465,
verified_only,gkf,1,6,xgb_magpie,Sr3SbI3,Sr,Sb,I,1.31,1.178192,
verified_only,gkf,2,10,xgb_magpie,Ba3AsCl3,Ba,As,Cl,0.959,1.422154,
verified_only,gkf,2,12,xgb_magpie,Ba3AsI3,Ba,As,I,0.834,1.073463,
verified_only,gkf,2,14,xgb_magpie,Ba3SbBr3,Ba,Sb,Br,1.1908,0.817671,
verified_only,gkf,2,13,xgb_magpie,Ba3SbI3,Ba,Sb,I,0.78,0.864651,
verified_only,gkf,2,10,xgb_magpie,Ca3AsBr3,Ca,As,Br,1.634,1.798954,
verified_only,gkf,2,12,xgb_magpie,Ca3AsF3,Ca,As,F,2.27,2.415698,
verified_only,gkf,2,14,xgb_magpie,Ca3BiI3,Ca,Bi,I,1.36,1.00477,
verified_only,gkf,2,14,xgb_magpie,Ca3PBr3,Ca,P,Br,1.8846,1.727544,
verified_only,gkf,2,10,xgb_magpie,Ca3PCl3,Ca,P,Cl,2.035,2.178218,
verified_only,gkf,2,12,xgb_magpie,Ca3PF3,Ca,P,F,2.518,2.46433,
verified_only,gkf,2,10,xgb_magpie,Ca3PI3,Ca,P,I,1.4909,1.529505,
verified_only,gkf,2,14,xgb_magpie,Ca3SbBr3,Ca,Sb,Br,1.782,1.648797,
verified_only,gkf,2,12,xgb_magpie,Ca3SbCl3,Ca,Sb,Cl,1.814,1.924889,
verified_only,gkf,2,13,xgb_magpie,Ca3SbF3,Ca,Sb,F,2.19,1.831879,
verified_only,gkf,2,14,xgb_magpie,Mg3AsBr3,Mg,As,Br,1.2907,1.491048,
verified_only,gkf,2,11,xgb_magpie,Mg3BiBr3,Mg,Bi,Br,0.9648,0.546438,
verified_only,gkf,2,13,xgb_magpie,Mg3BiI3,Mg,Bi,I,0.224,0.31335,
verified_only,gkf,2,13,xgb_magpie,Mg3PBr3,Mg,P,Br,1.506,1.31304,
verified_only,gkf,2,11,xgb_magpie,Mg3PCl3,Mg,P,Cl,2.297,2.259657,
verified_only,gkf,2,12,xgb_magpie,Mg3PI3,Mg,P,I,0.377,0.597211,
verified_only,gkf,2,10,xgb_magpie,Mg3SbBr3,Mg,Sb,Br,0.9418,1.084189,
verified_only,gkf,2,12,xgb_magpie,Mg3SbCl3,Mg,Sb,Cl,1.7283,2.102974,
verified_only,gkf,2,13,xgb_magpie,Mg3SbF3,Mg,Sb,F,3.184,1.978385,
verified_only,gkf,2,11,xgb_magpie,Mg3SbI3,Mg,Sb,I,0.1057,0.375188,
verified_only,gkf,2,11,xgb_magpie,Sr3AsCl3,Sr,As,Cl,1.7,1.620504,
verified_only,gkf,2,10,xgb_magpie,Sr3AsI3,Sr,As,I,1.265,1.168631,
verified_only,gkf,2,11,xgb_magpie,Sr3PBr3,Sr,P,Br,1.55,1.620193,
verified_only,gkf,2,13,xgb_magpie,Sr3PCl3,Sr,P,Cl,1.677,1.778514,
verified_only,gkf,2,14,xgb_magpie,Sr3PI3,Sr,P,I,1.258,1.242719,
verified_only,gkf,2,11,xgb_magpie,Sr3SbCl3,Sr,Sb,Cl,1.712,1.504441,
verified_only,gkf,2,10,xgb_magpie,Sr3SbI3,Sr,Sb,I,1.31,1.074122,
verified_only,gkf,3,18,xgb_magpie,Ba3AsCl3,Ba,As,Cl,0.959,1.565889,
verified_only,gkf,3,15,xgb_magpie,Ba3AsI3,Ba,As,I,0.834,1.183732,
verified_only,gkf,3,16,xgb_magpie,Ba3SbBr3,Ba,Sb,Br,1.1908,0.870661,
verified_only,gkf,3,15,xgb_magpie,Ba3SbI3,Ba,Sb,I,0.78,1.059347,
verified_only,gkf,3,15,xgb_magpie,Ca3AsBr3,Ca,As,Br,1.634,1.808382,
verified_only,gkf,3,15,xgb_magpie,Ca3AsF3,Ca,As,F,2.27,2.569306,
verified_only,gkf,3,17,xgb_magpie,Ca3BiI3,Ca,Bi,I,1.36,0.973917,
verified_only,gkf,3,17,xgb_magpie,Ca3PBr3,Ca,P,Br,1.8846,1.709014,
verified_only,gkf,3,18,xgb_magpie,Ca3PCl3,Ca,P,Cl,2.035,2.143821,
verified_only,gkf,3,15,xgb_magpie,Ca3PF3,Ca,P,F,2.518,2.750024,
verified_only,gkf,3,16,xgb_magpie,Ca3PI3,Ca,P,I,1.4909,1.450182,
verified_only,gkf,3,17,xgb_magpie,Ca3SbBr3,Ca,Sb,Br,1.782,1.62848,
verified_only,gkf,3,19,xgb_magpie,Ca3SbCl3,Ca,Sb,Cl,1.814,1.850587,
verified_only,gkf,3,16,xgb_magpie,Ca3SbF3,Ca,Sb,F,2.19,2.173528,
verified_only,gkf,3,19,xgb_magpie,Mg3AsBr3,Mg,As,Br,1.2907,1.742157,
verified_only,gkf,3,19,xgb_magpie,Mg3BiBr3,Mg,Bi,Br,0.9648,0.442374,
verified_only,gkf,3,16,xgb_magpie,Mg3BiI3,Mg,Bi,I,0.224,0.430176,
verified_only,gkf,3,19,xgb_magpie,Mg3PBr3,Mg,P,Br,1.506,1.565361,
verified_only,gkf,3,15,xgb_magpie,Mg3PCl3,Mg,P,Cl,2.297,2.12988,
verified_only,gkf,3,17,xgb_magpie,Mg3PI3,Mg,P,I,0.377,0.617794,
verified_only,gkf,3,19,xgb_magpie,Mg3SbBr3,Mg,Sb,Br,0.9418,1.445137,
verified_only,gkf,3,17,xgb_magpie,Mg3SbCl3,Mg,Sb,Cl,1.7283,2.064577,
verified_only,gkf,3,17,xgb_magpie,Mg3SbF3,Mg,Sb,F,3.184,2.171018,
verified_only,gkf,3,18,xgb_magpie,Mg3SbI3,Mg,Sb,I,0.1057,0.336975,
verified_only,gkf,3,18,xgb_magpie,Sr3AsCl3,Sr,As,Cl,1.7,1.699595,
verified_only,gkf,3,15,xgb_magpie,Sr3AsI3,Sr,As,I,1.265,1.302106,
verified_only,gkf,3,18,xgb_magpie,Sr3PBr3,Sr,P,Br,1.55,1.705472,
verified_only,gkf,3,16,xgb_magpie,Sr3PCl3,Sr,P,Cl,1.677,1.745335,
verified_only,gkf,3,18,xgb_magpie,Sr3PI3,Sr,P,I,1.258,1.256496,
verified_only,gkf,3,16,xgb_magpie,Sr3SbCl3,Sr,Sb,Cl,1.712,1.556192,
verified_only,gkf,3,19,xgb_magpie,Sr3SbI3,Sr,Sb,I,1.31,1.191868,
verified_only,gkf,4,23,xgb_magpie,Ba3AsCl3,Ba,As,Cl,0.959,1.61584,
verified_only,gkf,4,23,xgb_magpie,Ba3AsI3,Ba,As,I,0.834,1.235888,
verified_only,gkf,4,23,xgb_magpie,Ba3SbBr3,Ba,Sb,Br,1.1908,1.245182,
verified_only,gkf,4,20,xgb_magpie,Ba3SbI3,Ba,Sb,I,0.78,1.005443,
verified_only,gkf,4,23,xgb_magpie,Ca3AsBr3,Ca,As,Br,1.634,1.770653,
verified_only,gkf,4,20,xgb_magpie,Ca3AsF3,Ca,As,F,2.27,2.34595,
verified_only,gkf,4,24,xgb_magpie,Ca3BiI3,Ca,Bi,I,1.36,0.973099,
verified_only,gkf,4,24,xgb_magpie,Ca3PBr3,Ca,P,Br,1.8846,1.65487,
verified_only,gkf,4,24,xgb_magpie,Ca3PCl3,Ca,P,Cl,2.035,2.129656,
verified_only,gkf,4,21,xgb_magpie,Ca3PF3,Ca,P,F,2.518,2.266148,
verified_only,gkf,4,20,xgb_magpie,Ca3PI3,Ca,P,I,1.4909,1.373266,
verified_only,gkf,4,24,xgb_magpie,Ca3SbBr3,Ca,Sb,Br,1.782,1.632872,
verified_only,gkf,4,20,xgb_magpie,Ca3SbCl3,Ca,Sb,Cl,1.814,1.875154,
verified_only,gkf,4,22,xgb_magpie,Ca3SbF3,Ca,Sb,F,2.19,2.179683,
verified_only,gkf,4,21,xgb_magpie,Mg3AsBr3,Mg,As,Br,1.2907,1.505655,
verified_only,gkf,4,23,xgb_magpie,Mg3BiBr3,Mg,Bi,Br,0.9648,0.769551,
verified_only,gkf,4,21,xgb_magpie,Mg3BiI3,Mg,Bi,I,0.224,0.385212,
verified_only,gkf,4,22,xgb_magpie,Mg3PBr3,Mg,P,Br,1.506,1.849203,
verified_only,gkf,4,20,xgb_magpie,Mg3PCl3,Mg,P,Cl,2.297,2.140706,
verified_only,gkf,4,20,xgb_magpie,Mg3PI3,Mg,P,I,0.377,0.739359,
verified_only,gkf,4,22,xgb_magpie,Mg3SbBr3,Mg,Sb,Br,0.9418,1.341278,
verified_only,gkf,4,22,xgb_magpie,Mg3SbCl3,Mg,Sb,Cl,1.7283,2.063789,
verified_only,gkf,4,21,xgb_magpie,Mg3SbF3,Mg,Sb,F,3.184,2.109035,
verified_only,gkf,4,22,xgb_magpie,Mg3SbI3,Mg,Sb,I,0.1057,0.416584,
verified_only,gkf,4,20,xgb_magpie,Sr3AsCl3,Sr,As,Cl,1.7,1.634822,
verified_only,gkf,4,23,xgb_magpie,Sr3AsI3,Sr,As,I,1.265,1.267039,
verified_only,gkf,4,22,xgb_magpie,Sr3PBr3,Sr,P,Br,1.55,1.774513,
verified_only,gkf,4,24,xgb_magpie,Sr3PCl3,Sr,P,Cl,1.677,1.698613,
verified_only,gkf,4,21,xgb_magpie,Sr3PI3,Sr,P,I,1.258,1.375947,
verified_only,gkf,4,21,xgb_magpie,Sr3SbCl3,Sr,Sb,Cl,1.712,1.559361,
verified_only,gkf,4,24,xgb_magpie,Sr3SbI3,Sr,Sb,I,1.31,1.11596,
verified_only,gkf,5,25,xgb_magpie,Ba3AsCl3,Ba,As,Cl,0.959,1.558978,
verified_only,gkf,5,26,xgb_magpie,Ba3AsI3,Ba,As,I,0.834,1.01684,
verified_only,gkf,5,26,xgb_magpie,Ba3SbBr3,Ba,Sb,Br,1.1908,1.075846,
verified_only,gkf,5,28,xgb_magpie,Ba3SbI3,Ba,Sb,I,0.78,1.092565,
verified_only,gkf,5,28,xgb_magpie,Ca3AsBr3,Ca,As,Br,1.634,1.775361,
verified_only,gkf,5,26,xgb_magpie,Ca3AsF3,Ca,As,F,2.27,2.338588,
verified_only,gkf,5,29,xgb_magpie,Ca3BiI3,Ca,Bi,I,1.36,1.094544,
verified_only,gkf,5,25,xgb_magpie,Ca3PBr3,Ca,P,Br,1.8846,1.649665,
verified_only,gkf,5,26,xgb_magpie,Ca3PCl3,Ca,P,Cl,2.035,2.235066,
verified_only,gkf,5,29,xgb_magpie,Ca3PF3,Ca,P,F,2.518,2.797119,
verified_only,gkf,5,27,xgb_magpie,Ca3PI3,Ca,P,I,1.4909,1.427388,
verified_only,gkf,5,25,xgb_magpie,Ca3SbBr3,Ca,Sb,Br,1.782,1.630924,
verified_only,gkf,5,29,xgb_magpie,Ca3SbCl3,Ca,Sb,Cl,1.814,1.867488,
verified_only,gkf,5,25,xgb_magpie,Ca3SbF3,Ca,Sb,F,2.19,2.021511,
verified_only,gkf,5,28,xgb_magpie,Mg3AsBr3,Mg,As,Br,1.2907,1.509203,
verified_only,gkf,5,27,xgb_magpie,Mg3BiBr3,Mg,Bi,Br,0.9648,0.568799,
verified_only,gkf,5,29,xgb_magpie,Mg3BiI3,Mg,Bi,I,0.224,0.327395,
verified_only,gkf,5,25,xgb_magpie,Mg3PBr3,Mg,P,Br,1.506,1.106467,
verified_only,gkf,5,29,xgb_magpie,Mg3PCl3,Mg,P,Cl,2.297,2.387784,
verified_only,gkf,5,28,xgb_magpie,Mg3PI3,Mg,P,I,0.377,0.780709,
verified_only,gkf,5,27,xgb_magpie,Mg3SbBr3,Mg,Sb,Br,0.9418,1.273369,
verified_only,gkf,5,27,xgb_magpie,Mg3SbCl3,Mg,Sb,Cl,1.7283,2.065329,
verified_only,gkf,5,26,xgb_magpie,Mg3SbF3,Mg,Sb,F,3.184,2.10937,
verified_only,gkf,5,27,xgb_magpie,Mg3SbI3,Mg,Sb,I,0.1057,0.384707,
verified_only,gkf,5,25,xgb_magpie,Sr3AsCl3,Sr,As,Cl,1.7,1.709903,
verified_only,gkf,5,25,xgb_magpie,Sr3AsI3,Sr,As,I,1.265,1.219243,
verified_only,gkf,5,28,xgb_magpie,Sr3PBr3,Sr,P,Br,1.55,1.702698,
verified_only,gkf,5,29,xgb_magpie,Sr3PCl3,Sr,P,Cl,1.677,1.831877,
verified_only,gkf,5,28,xgb_magpie,Sr3PI3,Sr,P,I,1.258,1.210194,
verified_only,gkf,5,27,xgb_magpie,Sr3SbCl3,Sr,Sb,Cl,1.712,1.602419,
verified_only,gkf,5,26,xgb_magpie,Sr3SbI3,Sr,Sb,I,1.31,1.22652,
verified_only,gkf,6,33,xgb_magpie,Ba3AsCl3,Ba,As,Cl,0.959,1.556699,
verified_only,gkf,6,30,xgb_magpie,Ba3AsI3,Ba,As,I,0.834,1.256274,
verified_only,gkf,6,33,xgb_magpie,Ba3SbBr3,Ba,Sb,Br,1.1908,1.360214,
verified_only,gkf,6,30,xgb_magpie,Ba3SbI3,Ba,Sb,I,0.78,1.246076,
verified_only,gkf,6,31,xgb_magpie,Ca3AsBr3,Ca,As,Br,1.634,1.765626,
verified_only,gkf,6,32,xgb_magpie,Ca3AsF3,Ca,As,F,2.27,2.530972,
verified_only,gkf,6,34,xgb_magpie,Ca3BiI3,Ca,Bi,I,1.36,1.027748,
verified_only,gkf,6,32,xgb_magpie,Ca3PBr3,Ca,P,Br,1.8846,1.738014,
verified_only,gkf,6,33,xgb_magpie,Ca3PCl3,Ca,P,Cl,2.035,2.190779,
verified_only,gkf,6,31,xgb_magpie,Ca3PF3,Ca,P,F,2.518,2.82127,
verified_only,gkf,6,34,xgb_magpie,Ca3PI3,Ca,P,I,1.4909,1.284659,
verified_only,gkf,6,30,xgb_magpie,Ca3SbBr3,Ca,Sb,Br,1.782,1.63716,
verified_only,gkf,6,33,xgb_magpie,Ca3SbCl3,Ca,Sb,Cl,1.814,1.823624,
verified_only,gkf,6,32,xgb_magpie,Ca3SbF3,Ca,Sb,F,2.19,2.025025,
verified_only,gkf,6,30,xgb_magpie,Mg3AsBr3,Mg,As,Br,1.2907,1.717076,
verified_only,gkf,6,30,xgb_magpie,Mg3BiBr3,Mg,Bi,Br,0.9648,0.509983,
verified_only,gkf,6,31,xgb_magpie,Mg3BiI3,Mg,Bi,I,0.224,0.561187,
verified_only,gkf,6,30,xgb_magpie,Mg3PBr3,Mg,P,Br,1.506,1.435964,
verified_only,gkf,6,31,xgb_magpie,Mg3PCl3,Mg,P,Cl,2.297,2.418576,
verified_only,gkf,6,33,xgb_magpie,Mg3PI3,Mg,P,I,0.377,0.809865,
verified_only,gkf,6,32,xgb_magpie,Mg3SbBr3,Mg,Sb,Br,0.9418,1.267138,
verified_only,gkf,6,30,xgb_magpie,Mg3SbCl3,Mg,Sb,Cl,1.7283,2.075512,
verified_only,gkf,6,34,xgb_magpie,Mg3SbF3,Mg,Sb,F,3.184,2.177411,
verified_only,gkf,6,31,xgb_magpie,Mg3SbI3,Mg,Sb,I,0.1057,0.501031,
verified_only,gkf,6,34,xgb_magpie,Sr3AsCl3,Sr,As,Cl,1.7,1.712649,
verified_only,gkf,6,34,xgb_magpie,Sr3AsI3,Sr,As,I,1.265,1.241537,
verified_only,gkf,6,33,xgb_magpie,Sr3PBr3,Sr,P,Br,1.55,1.696142,
verified_only,gkf,6,34,xgb_magpie,Sr3PCl3,Sr,P,Cl,1.677,1.864099,
verified_only,gkf,6,31,xgb_magpie,Sr3PI3,Sr,P,I,1.258,1.31321,
verified_only,gkf,6,32,xgb_magpie,Sr3SbCl3,Sr,Sb,Cl,1.712,1.546715,
verified_only,gkf,6,32,xgb_magpie,Sr3SbI3,Sr,Sb,I,1.31,1.25501,
verified_only,gkf,7,37,xgb_magpie,Ba3AsCl3,Ba,As,Cl,0.959,1.447382,
verified_only,gkf,7,39,xgb_magpie,Ba3AsI3,Ba,As,I,0.834,1.066232,
verified_only,gkf,7,38,xgb_magpie,Ba3SbBr3,Ba,Sb,Br,1.1908,0.91813,
verified_only,gkf,7,35,xgb_magpie,Ba3SbI3,Ba,Sb,I,0.78,0.93428,
verified_only,gkf,7,38,xgb_magpie,Ca3AsBr3,Ca,As,Br,1.634,1.774499,
verified_only,gkf,7,36,xgb_magpie,Ca3AsF3,Ca,As,F,2.27,2.413186,
verified_only,gkf,7,39,xgb_magpie,Ca3BiI3,Ca,Bi,I,1.36,1.100821,
verified_only,gkf,7,36,xgb_magpie,Ca3PBr3,Ca,P,Br,1.8846,1.722537,
verified_only,gkf,7,35,xgb_magpie,Ca3PCl3,Ca,P,Cl,2.035,2.241052,
verified_only,gkf,7,36,xgb_magpie,Ca3PF3,Ca,P,F,2.518,2.435116,
verified_only,gkf,7,35,xgb_magpie,Ca3PI3,Ca,P,I,1.4909,1.424584,
verified_only,gkf,7,39,xgb_magpie,Ca3SbBr3,Ca,Sb,Br,1.782,1.609562,
verified_only,gkf,7,35,xgb_magpie,Ca3SbCl3,Ca,Sb,Cl,1.814,1.854895,
verified_only,gkf,7,35,xgb_magpie,Ca3SbF3,Ca,Sb,F,2.19,2.141282,
verified_only,gkf,7,37,xgb_magpie,Mg3AsBr3,Mg,As,Br,1.2907,1.569948,
verified_only,gkf,7,37,xgb_magpie,Mg3BiBr3,Mg,Bi,Br,0.9648,0.5442,
verified_only,gkf,7,39,xgb_magpie,Mg3BiI3,Mg,Bi,I,0.224,0.401723,
verified_only,gkf,7,36,xgb_magpie,Mg3PBr3,Mg,P,Br,1.506,1.200072,
verified_only,gkf,7,37,xgb_magpie,Mg3PCl3,Mg,P,Cl,2.297,1.973322,
verified_only,gkf,7,39,xgb_magpie,Mg3PI3,Mg,P,I,0.377,0.751658,
verified_only,gkf,7,38,xgb_magpie,Mg3SbBr3,Mg,Sb,Br,0.9418,1.287731,
verified_only,gkf,7,38,xgb_magpie,Mg3SbCl3,Mg,Sb,Cl,1.7283,2.043206,
verified_only,gkf,7,37,xgb_magpie,Mg3SbF3,Mg,Sb,F,3.184,1.993896,
verified_only,gkf,7,38,xgb_magpie,Mg3SbI3,Mg,Sb,I,0.1057,0.338076,
verified_only,gkf,7,36,xgb_magpie,Sr3AsCl3,Sr,As,Cl,1.7,1.633579,
verified_only,gkf,7,39,xgb_magpie,Sr3AsI3,Sr,As,I,1.265,1.291699,
verified_only,gkf,7,35,xgb_magpie,Sr3PBr3,Sr,P,Br,1.55,1.770783,
verified_only,gkf,7,35,xgb_magpie,Sr3PCl3,Sr,P,Cl,1.677,1.805544,
verified_only,gkf,7,36,xgb_magpie,Sr3PI3,Sr,P,I,1.258,1.346702,
verified_only,gkf,7,37,xgb_magpie,Sr3SbCl3,Sr,Sb,Cl,1.712,1.585603,
verified_only,gkf,7,38,xgb_magpie,Sr3SbI3,Sr,Sb,I,1.31,1.252861,
verified_only,gkf,8,43,xgb_magpie,Ba3AsCl3,Ba,As,Cl,0.959,1.536699,
verified_only,gkf,8,44,xgb_magpie,Ba3AsI3,Ba,As,I,0.834,1.085027,
verified_only,gkf,8,42,xgb_magpie,Ba3SbBr3,Ba,Sb,Br,1.1908,0.869833,
verified_only,gkf,8,42,xgb_magpie,Ba3SbI3,Ba,Sb,I,0.78,0.673114,
verified_only,gkf,8,44,xgb_magpie,Ca3AsBr3,Ca,As,Br,1.634,1.775771,
verified_only,gkf,8,44,xgb_magpie,Ca3AsF3,Ca,As,F,2.27,2.408838,
verified_only,gkf,8,41,xgb_magpie,Ca3BiI3,Ca,Bi,I,1.36,1.072317,
verified_only,gkf,8,40,xgb_magpie,Ca3PBr3,Ca,P,Br,1.8846,1.717275,
verified_only,gkf,8,42,xgb_magpie,Ca3PCl3,Ca,P,Cl,2.035,2.199831,
verified_only,gkf,8,41,xgb_magpie,Ca3PF3,Ca,P,F,2.518,2.244854,
verified_only,gkf,8,43,xgb_magpie,Ca3PI3,Ca,P,I,1.4909,1.590585,
verified_only,gkf,8,41,xgb_magpie,Ca3SbBr3,Ca,Sb,Br,1.782,1.623534,
verified_only,gkf,8,42,xgb_magpie,Ca3SbCl3,Ca,Sb,Cl,1.814,1.829338,
verified_only,gkf,8,41,xgb_magpie,Ca3SbF3,Ca,Sb,F,2.19,1.760767,
verified_only,gkf,8,41,xgb_magpie,Mg3AsBr3,Mg,As,Br,1.2907,1.567708,
verified_only,gkf,8,43,xgb_magpie,Mg3BiBr3,Mg,Bi,Br,0.9648,0.613731,
verified_only,gkf,8,40,xgb_magpie,Mg3BiI3,Mg,Bi,I,0.224,0.350893,
verified_only,gkf,8,40,xgb_magpie,Mg3PBr3,Mg,P,Br,1.506,1.529845,
verified_only,gkf,8,40,xgb_magpie,Mg3PCl3,Mg,P,Cl,2.297,2.200697,
verified_only,gkf,8,44,xgb_magpie,Mg3PI3,Mg,P,I,0.377,0.920632,
verified_only,gkf,8,42,xgb_magpie,Mg3SbBr3,Mg,Sb,Br,0.9418,1.219537,
verified_only,gkf,8,43,xgb_magpie,Mg3SbCl3,Mg,Sb,Cl,1.7283,2.109612,
verified_only,gkf,8,41,xgb_magpie,Mg3SbF3,Mg,Sb,F,3.184,1.870312,
verified_only,gkf,8,44,xgb_magpie,Mg3SbI3,Mg,Sb,I,0.1057,0.819275,
verified_only,gkf,8,42,xgb_magpie,Sr3AsCl3,Sr,As,Cl,1.7,1.69447,
verified_only,gkf,8,40,xgb_magpie,Sr3AsI3,Sr,As,I,1.265,1.200805,
verified_only,gkf,8,40,xgb_magpie,Sr3PBr3,Sr,P,Br,1.55,1.665273,
verified_only,gkf,8,40,xgb_magpie,Sr3PCl3,Sr,P,Cl,1.677,1.725754,
verified_only,gkf,8,43,xgb_magpie,Sr3PI3,Sr,P,I,1.258,1.300171,
verified_only,gkf,8,43,xgb_magpie,Sr3SbCl3,Sr,Sb,Cl,1.712,1.65215,
verified_only,gkf,8,44,xgb_magpie,Sr3SbI3,Sr,Sb,I,1.31,1.158483,
verified_only,gkf,9,49,xgb_magpie,Ba3AsCl3,Ba,As,Cl,0.959,1.516188,
verified_only,gkf,9,47,xgb_magpie,Ba3AsI3,Ba,As,I,0.834,1.083402,
verified_only,gkf,9,48,xgb_magpie,Ba3SbBr3,Ba,Sb,Br,1.1908,1.050064,
verified_only,gkf,9,45,xgb_magpie,Ba3SbI3,Ba,Sb,I,0.78,0.833693,
verified_only,gkf,9,46,xgb_magpie,Ca3AsBr3,Ca,As,Br,1.634,1.670834,
verified_only,gkf,9,45,xgb_magpie,Ca3AsF3,Ca,As,F,2.27,2.464989,
verified_only,gkf,9,49,xgb_magpie,Ca3BiI3,Ca,Bi,I,1.36,1.012853,
verified_only,gkf,9,49,xgb_magpie,Ca3PBr3,Ca,P,Br,1.8846,1.688746,
verified_only,gkf,9,46,xgb_magpie,Ca3PCl3,Ca,P,Cl,2.035,2.203469,
verified_only,gkf,9,48,xgb_magpie,Ca3PF3,Ca,P,F,2.518,2.268539,
verified_only,gkf,9,49,xgb_magpie,Ca3PI3,Ca,P,I,1.4909,1.597618,
verified_only,gkf,9,46,xgb_magpie,Ca3SbBr3,Ca,Sb,Br,1.782,1.672591,
verified_only,gkf,9,46,xgb_magpie,Ca3SbCl3,Ca,Sb,Cl,1.814,1.91773,
verified_only,gkf,9,47,xgb_magpie,Ca3SbF3,Ca,Sb,F,2.19,2.133246,
verified_only,gkf,9,46,xgb_magpie,Mg3AsBr3,Mg,As,Br,1.2907,1.507455,
verified_only,gkf,9,47,xgb_magpie,Mg3BiBr3,Mg,Bi,Br,0.9648,0.693394,
verified_only,gkf,9,47,xgb_magpie,Mg3BiI3,Mg,Bi,I,0.224,0.32983,
verified_only,gkf,9,49,xgb_magpie,Mg3PBr3,Mg,P,Br,1.506,1.117991,
verified_only,gkf,9,47,xgb_magpie,Mg3PCl3,Mg,P,Cl,2.297,2.123386,
verified_only,gkf,9,46,xgb_magpie,Mg3PI3,Mg,P,I,0.377,0.691383,
verified_only,gkf,9,45,xgb_magpie,Mg3SbBr3,Mg,Sb,Br,0.9418,1.253758,
verified_only,gkf,9,45,xgb_magpie,Mg3SbCl3,Mg,Sb,Cl,1.7283,2.110262,
verified_only,gkf,9,48,xgb_magpie,Mg3SbF3,Mg,Sb,F,3.184,2.104933,
verified_only,gkf,9,45,xgb_magpie,Mg3SbI3,Mg,Sb,I,0.1057,0.358428,
verified_only,gkf,9,49,xgb_magpie,Sr3AsCl3,Sr,As,Cl,1.7,1.682265,
verified_only,gkf,9,48,xgb_magpie,Sr3AsI3,Sr,As,I,1.265,1.167002,
verified_only,gkf,9,45,xgb_magpie,Sr3PBr3,Sr,P,Br,1.55,1.719266,
verified_only,gkf,9,47,xgb_magpie,Sr3PCl3,Sr,P,Cl,1.677,1.793356,
verified_only,gkf,9,45,xgb_magpie,Sr3PI3,Sr,P,I,1.258,1.274241,
verified_only,gkf,9,48,xgb_magpie,Sr3SbCl3,Sr,Sb,Cl,1.712,1.403299,
verified_only,gkf,9,48,xgb_magpie,Sr3SbI3,Sr,Sb,I,1.31,1.091182,
verified_only,gkf,0,1,xgb_physics9,Ba3AsCl3,Ba,As,Cl,0.959,1.506714,
verified_only,gkf,0,2,xgb_physics9,Ba3AsI3,Ba,As,I,0.834,0.883936,
verified_only,gkf,0,2,xgb_physics9,Ba3SbBr3,Ba,Sb,Br,1.1908,0.966229,
verified_only,gkf,0,3,xgb_physics9,Ba3SbI3,Ba,Sb,I,0.78,0.89238,
verified_only,gkf,0,1,xgb_physics9,Ca3AsBr3,Ca,As,Br,1.634,1.814903,
verified_only,gkf,0,1,xgb_physics9,Ca3AsF3,Ca,As,F,2.27,2.385203,
verified_only,gkf,0,4,xgb_physics9,Ca3BiI3,Ca,Bi,I,1.36,1.023479,
verified_only,gkf,0,4,xgb_physics9,Ca3PBr3,Ca,P,Br,1.8846,1.737461,
verified_only,gkf,0,0,xgb_physics9,Ca3PCl3,Ca,P,Cl,2.035,2.036394,
verified_only,gkf,0,0,xgb_physics9,Ca3PF3,Ca,P,F,2.518,2.252882,
verified_only,gkf,0,4,xgb_physics9,Ca3PI3,Ca,P,I,1.4909,1.512139,
verified_only,gkf,0,2,xgb_physics9,Ca3SbBr3,Ca,Sb,Br,1.782,1.534939,
verified_only,gkf,0,1,xgb_physics9,Ca3SbCl3,Ca,Sb,Cl,1.814,1.994806,
verified_only,gkf,0,2,xgb_physics9,Ca3SbF3,Ca,Sb,F,2.19,2.077584,
verified_only,gkf,0,4,xgb_physics9,Mg3AsBr3,Mg,As,Br,1.2907,1.080178,
verified_only,gkf,0,0,xgb_physics9,Mg3BiBr3,Mg,Bi,Br,0.9648,1.102111,
verified_only,gkf,0,1,xgb_physics9,Mg3BiI3,Mg,Bi,I,0.224,0.40367,
verified_only,gkf,0,0,xgb_physics9,Mg3PBr3,Mg,P,Br,1.506,1.239842,
verified_only,gkf,0,3,xgb_physics9,Mg3PCl3,Mg,P,Cl,2.297,1.581074,
verified_only,gkf,0,4,xgb_physics9,Mg3PI3,Mg,P,I,0.377,0.886204,
verified_only,gkf,0,3,xgb_physics9,Mg3SbBr3,Mg,Sb,Br,0.9418,1.167058,
verified_only,gkf,0,3,xgb_physics9,Mg3SbCl3,Mg,Sb,Cl,1.7283,1.407677,
verified_only,gkf,0,2,xgb_physics9,Mg3SbF3,Mg,Sb,F,3.184,2.006067,
verified_only,gkf,0,0,xgb_physics9,Mg3SbI3,Mg,Sb,I,0.1057,0.275307,
verified_only,gkf,0,1,xgb_physics9,Sr3AsCl3,Sr,As,Cl,1.7,1.694158,
verified_only,gkf,0,2,xgb_physics9,Sr3AsI3,Sr,As,I,1.265,1.243176,
verified_only,gkf,0,3,xgb_physics9,Sr3PBr3,Sr,P,Br,1.55,1.691262,
verified_only,gkf,0,0,xgb_physics9,Sr3PCl3,Sr,P,Cl,1.677,1.775871,
verified_only,gkf,0,4,xgb_physics9,Sr3PI3,Sr,P,I,1.258,1.561395,
verified_only,gkf,0,0,xgb_physics9,Sr3SbCl3,Sr,Sb,Cl,1.712,1.635226,
verified_only,gkf,0,3,xgb_physics9,Sr3SbI3,Sr,Sb,I,1.31,1.191744,
verified_only,gkf,1,5,xgb_physics9,Ba3AsCl3,Ba,As,Cl,0.959,1.466642,
verified_only,gkf,1,7,xgb_physics9,Ba3AsI3,Ba,As,I,0.834,1.198587,
verified_only,gkf,1,8,xgb_physics9,Ba3SbBr3,Ba,Sb,Br,1.1908,1.012445,
verified_only,gkf,1,7,xgb_physics9,Ba3SbI3,Ba,Sb,I,0.78,1.206216,
verified_only,gkf,1,8,xgb_physics9,Ca3AsBr3,Ca,As,Br,1.634,1.813994,
verified_only,gkf,1,5,xgb_physics9,Ca3AsF3,Ca,As,F,2.27,2.522251,
verified_only,gkf,1,7,xgb_physics9,Ca3BiI3,Ca,Bi,I,1.36,1.362715,
verified_only,gkf,1,5,xgb_physics9,Ca3PBr3,Ca,P,Br,1.8846,1.680726,
verified_only,gkf,1,7,xgb_physics9,Ca3PCl3,Ca,P,Cl,2.035,2.083334,
verified_only,gkf,1,9,xgb_physics9,Ca3PF3,Ca,P,F,2.518,2.277704,
verified_only,gkf,1,6,xgb_physics9,Ca3PI3,Ca,P,I,1.4909,1.143336,
verified_only,gkf,1,8,xgb_physics9,Ca3SbBr3,Ca,Sb,Br,1.782,1.736667,
verified_only,gkf,1,6,xgb_physics9,Ca3SbCl3,Ca,Sb,Cl,1.814,1.918983,
verified_only,gkf,1,5,xgb_physics9,Ca3SbF3,Ca,Sb,F,2.19,2.895368,
verified_only,gkf,1,9,xgb_physics9,Mg3AsBr3,Mg,As,Br,1.2907,1.071754,
verified_only,gkf,1,9,xgb_physics9,Mg3BiBr3,Mg,Bi,Br,0.9648,1.105121,
verified_only,gkf,1,6,xgb_physics9,Mg3BiI3,Mg,Bi,I,0.224,1.09181,
verified_only,gkf,1,7,xgb_physics9,Mg3PBr3,Mg,P,Br,1.506,1.338803,
verified_only,gkf,1,8,xgb_physics9,Mg3PCl3,Mg,P,Cl,2.297,1.860871,
verified_only,gkf,1,8,xgb_physics9,Mg3PI3,Mg,P,I,0.377,0.726842,
verified_only,gkf,1,5,xgb_physics9,Mg3SbBr3,Mg,Sb,Br,0.9418,1.128393,
verified_only,gkf,1,5,xgb_physics9,Mg3SbCl3,Mg,Sb,Cl,1.7283,2.005047,
verified_only,gkf,1,8,xgb_physics9,Mg3SbF3,Mg,Sb,F,3.184,2.081107,
verified_only,gkf,1,6,xgb_physics9,Mg3SbI3,Mg,Sb,I,0.1057,0.949962,
verified_only,gkf,1,7,xgb_physics9,Sr3AsCl3,Sr,As,Cl,1.7,1.463856,
verified_only,gkf,1,6,xgb_physics9,Sr3AsI3,Sr,As,I,1.265,1.071789,
verified_only,gkf,1,9,xgb_physics9,Sr3PBr3,Sr,P,Br,1.55,1.819771,
verified_only,gkf,1,9,xgb_physics9,Sr3PCl3,Sr,P,Cl,1.677,1.860983,
verified_only,gkf,1,5,xgb_physics9,Sr3PI3,Sr,P,I,1.258,1.401783,
verified_only,gkf,1,9,xgb_physics9,Sr3SbCl3,Sr,Sb,Cl,1.712,1.647875,
verified_only,gkf,1,6,xgb_physics9,Sr3SbI3,Sr,Sb,I,1.31,1.081193,
verified_only,gkf,2,10,xgb_physics9,Ba3AsCl3,Ba,As,Cl,0.959,1.588291,
verified_only,gkf,2,12,xgb_physics9,Ba3AsI3,Ba,As,I,0.834,1.033409,
verified_only,gkf,2,14,xgb_physics9,Ba3SbBr3,Ba,Sb,Br,1.1908,0.969454,
verified_only,gkf,2,13,xgb_physics9,Ba3SbI3,Ba,Sb,I,0.78,1.031894,
verified_only,gkf,2,10,xgb_physics9,Ca3AsBr3,Ca,As,Br,1.634,1.728101,
verified_only,gkf,2,12,xgb_physics9,Ca3AsF3,Ca,As,F,2.27,2.252637,
verified_only,gkf,2,14,xgb_physics9,Ca3BiI3,Ca,Bi,I,1.36,1.138455,
verified_only,gkf,2,14,xgb_physics9,Ca3PBr3,Ca,P,Br,1.8846,1.881665,
verified_only,gkf,2,10,xgb_physics9,Ca3PCl3,Ca,P,Cl,2.035,2.038388,
verified_only,gkf,2,12,xgb_physics9,Ca3PF3,Ca,P,F,2.518,2.267997,
verified_only,gkf,2,10,xgb_physics9,Ca3PI3,Ca,P,I,1.4909,1.187098,
verified_only,gkf,2,14,xgb_physics9,Ca3SbBr3,Ca,Sb,Br,1.782,1.549097,
verified_only,gkf,2,12,xgb_physics9,Ca3SbCl3,Ca,Sb,Cl,1.814,2.124054,
verified_only,gkf,2,13,xgb_physics9,Ca3SbF3,Ca,Sb,F,2.19,2.085927,
verified_only,gkf,2,14,xgb_physics9,Mg3AsBr3,Mg,As,Br,1.2907,1.081067,
verified_only,gkf,2,11,xgb_physics9,Mg3BiBr3,Mg,Bi,Br,0.9648,1.216195,
verified_only,gkf,2,13,xgb_physics9,Mg3BiI3,Mg,Bi,I,0.224,0.360343,
verified_only,gkf,2,13,xgb_physics9,Mg3PBr3,Mg,P,Br,1.506,1.351134,
verified_only,gkf,2,11,xgb_physics9,Mg3PCl3,Mg,P,Cl,2.297,1.756003,
verified_only,gkf,2,12,xgb_physics9,Mg3PI3,Mg,P,I,0.377,0.728008,
verified_only,gkf,2,10,xgb_physics9,Mg3SbBr3,Mg,Sb,Br,0.9418,1.158105,
verified_only,gkf,2,12,xgb_physics9,Mg3SbCl3,Mg,Sb,Cl,1.7283,2.3456,
verified_only,gkf,2,13,xgb_physics9,Mg3SbF3,Mg,Sb,F,3.184,1.982647,
verified_only,gkf,2,11,xgb_physics9,Mg3SbI3,Mg,Sb,I,0.1057,0.682649,
verified_only,gkf,2,11,xgb_physics9,Sr3AsCl3,Sr,As,Cl,1.7,1.56058,
verified_only,gkf,2,10,xgb_physics9,Sr3AsI3,Sr,As,I,1.265,1.010754,
verified_only,gkf,2,11,xgb_physics9,Sr3PBr3,Sr,P,Br,1.55,1.691545,
verified_only,gkf,2,13,xgb_physics9,Sr3PCl3,Sr,P,Cl,1.677,1.765963,
verified_only,gkf,2,14,xgb_physics9,Sr3PI3,Sr,P,I,1.258,1.423414,
verified_only,gkf,2,11,xgb_physics9,Sr3SbCl3,Sr,Sb,Cl,1.712,1.710106,
verified_only,gkf,2,10,xgb_physics9,Sr3SbI3,Sr,Sb,I,1.31,0.968372,
verified_only,gkf,3,18,xgb_physics9,Ba3AsCl3,Ba,As,Cl,0.959,1.42357,
verified_only,gkf,3,15,xgb_physics9,Ba3AsI3,Ba,As,I,0.834,1.177355,
verified_only,gkf,3,16,xgb_physics9,Ba3SbBr3,Ba,Sb,Br,1.1908,1.065412,
verified_only,gkf,3,15,xgb_physics9,Ba3SbI3,Ba,Sb,I,0.78,1.187535,
verified_only,gkf,3,15,xgb_physics9,Ca3AsBr3,Ca,As,Br,1.634,1.864949,
verified_only,gkf,3,15,xgb_physics9,Ca3AsF3,Ca,As,F,2.27,2.23372,
verified_only,gkf,3,17,xgb_physics9,Ca3BiI3,Ca,Bi,I,1.36,1.02136,
verified_only,gkf,3,17,xgb_physics9,Ca3PBr3,Ca,P,Br,1.8846,1.731396,
verified_only,gkf,3,18,xgb_physics9,Ca3PCl3,Ca,P,Cl,2.035,2.071261,
verified_only,gkf,3,15,xgb_physics9,Ca3PF3,Ca,P,F,2.518,2.247307,
verified_only,gkf,3,16,xgb_physics9,Ca3PI3,Ca,P,I,1.4909,1.303601,
verified_only,gkf,3,17,xgb_physics9,Ca3SbBr3,Ca,Sb,Br,1.782,1.505551,
verified_only,gkf,3,19,xgb_physics9,Ca3SbCl3,Ca,Sb,Cl,1.814,2.010645,
verified_only,gkf,3,16,xgb_physics9,Ca3SbF3,Ca,Sb,F,2.19,2.885114,
verified_only,gkf,3,19,xgb_physics9,Mg3AsBr3,Mg,As,Br,1.2907,0.835109,
verified_only,gkf,3,19,xgb_physics9,Mg3BiBr3,Mg,Bi,Br,0.9648,0.983677,
verified_only,gkf,3,16,xgb_physics9,Mg3BiI3,Mg,Bi,I,0.224,0.437179,
verified_only,gkf,3,19,xgb_physics9,Mg3PBr3,Mg,P,Br,1.506,1.084383,
verified_only,gkf,3,15,xgb_physics9,Mg3PCl3,Mg,P,Cl,2.297,1.888613,
verified_only,gkf,3,17,xgb_physics9,Mg3PI3,Mg,P,I,0.377,0.839064,
verified_only,gkf,3,19,xgb_physics9,Mg3SbBr3,Mg,Sb,Br,0.9418,0.984502,
verified_only,gkf,3,17,xgb_physics9,Mg3SbCl3,Mg,Sb,Cl,1.7283,1.97814,
verified_only,gkf,3,17,xgb_physics9,Mg3SbF3,Mg,Sb,F,3.184,2.189605,
verified_only,gkf,3,18,xgb_physics9,Mg3SbI3,Mg,Sb,I,0.1057,0.248591,
verified_only,gkf,3,18,xgb_physics9,Sr3AsCl3,Sr,As,Cl,1.7,1.6615,
verified_only,gkf,3,15,xgb_physics9,Sr3AsI3,Sr,As,I,1.265,1.266673,
verified_only,gkf,3,18,xgb_physics9,Sr3PBr3,Sr,P,Br,1.55,1.665008,
verified_only,gkf,3,16,xgb_physics9,Sr3PCl3,Sr,P,Cl,1.677,1.763624,
verified_only,gkf,3,18,xgb_physics9,Sr3PI3,Sr,P,I,1.258,1.37713,
verified_only,gkf,3,16,xgb_physics9,Sr3SbCl3,Sr,Sb,Cl,1.712,1.563778,
verified_only,gkf,3,19,xgb_physics9,Sr3SbI3,Sr,Sb,I,1.31,1.161876,
verified_only,gkf,4,23,xgb_physics9,Ba3AsCl3,Ba,As,Cl,0.959,1.640274,
verified_only,gkf,4,23,xgb_physics9,Ba3AsI3,Ba,As,I,0.834,1.172268,
verified_only,gkf,4,23,xgb_physics9,Ba3SbBr3,Ba,Sb,Br,1.1908,1.517187,
verified_only,gkf,4,20,xgb_physics9,Ba3SbI3,Ba,Sb,I,0.78,0.943361,
verified_only,gkf,4,23,xgb_physics9,Ca3AsBr3,Ca,As,Br,1.634,1.795418,
verified_only,gkf,4,20,xgb_physics9,Ca3AsF3,Ca,As,F,2.27,2.328882,
verified_only,gkf,4,24,xgb_physics9,Ca3BiI3,Ca,Bi,I,1.36,1.01033,
verified_only,gkf,4,24,xgb_physics9,Ca3PBr3,Ca,P,Br,1.8846,1.775592,
verified_only,gkf,4,24,xgb_physics9,Ca3PCl3,Ca,P,Cl,2.035,2.188842,
verified_only,gkf,4,21,xgb_physics9,Ca3PF3,Ca,P,F,2.518,2.250795,
verified_only,gkf,4,20,xgb_physics9,Ca3PI3,Ca,P,I,1.4909,1.368314,
verified_only,gkf,4,24,xgb_physics9,Ca3SbBr3,Ca,Sb,Br,1.782,1.40929,
verified_only,gkf,4,20,xgb_physics9,Ca3SbCl3,Ca,Sb,Cl,1.814,2.00712,
verified_only,gkf,4,22,xgb_physics9,Ca3SbF3,Ca,Sb,F,2.19,2.809612,
verified_only,gkf,4,21,xgb_physics9,Mg3AsBr3,Mg,As,Br,1.2907,1.044219,
verified_only,gkf,4,23,xgb_physics9,Mg3BiBr3,Mg,Bi,Br,0.9648,1.145109,
verified_only,gkf,4,21,xgb_physics9,Mg3BiI3,Mg,Bi,I,0.224,0.467018,
verified_only,gkf,4,22,xgb_physics9,Mg3PBr3,Mg,P,Br,1.506,1.325052,
verified_only,gkf,4,20,xgb_physics9,Mg3PCl3,Mg,P,Cl,2.297,1.780001,
verified_only,gkf,4,20,xgb_physics9,Mg3PI3,Mg,P,I,0.377,0.710946,
verified_only,gkf,4,22,xgb_physics9,Mg3SbBr3,Mg,Sb,Br,0.9418,1.170443,
verified_only,gkf,4,22,xgb_physics9,Mg3SbCl3,Mg,Sb,Cl,1.7283,2.063087,
verified_only,gkf,4,21,xgb_physics9,Mg3SbF3,Mg,Sb,F,3.184,2.049759,
verified_only,gkf,4,22,xgb_physics9,Mg3SbI3,Mg,Sb,I,0.1057,0.347965,
verified_only,gkf,4,20,xgb_physics9,Sr3AsCl3,Sr,As,Cl,1.7,1.480171,
verified_only,gkf,4,23,xgb_physics9,Sr3AsI3,Sr,As,I,1.265,1.269409,
verified_only,gkf,4,22,xgb_physics9,Sr3PBr3,Sr,P,Br,1.55,1.732978,
verified_only,gkf,4,24,xgb_physics9,Sr3PCl3,Sr,P,Cl,1.677,1.883729,
verified_only,gkf,4,21,xgb_physics9,Sr3PI3,Sr,P,I,1.258,1.387271,
verified_only,gkf,4,21,xgb_physics9,Sr3SbCl3,Sr,Sb,Cl,1.712,1.63191,
verified_only,gkf,4,24,xgb_physics9,Sr3SbI3,Sr,Sb,I,1.31,1.005953,
verified_only,gkf,5,25,xgb_physics9,Ba3AsCl3,Ba,As,Cl,0.959,1.599813,
verified_only,gkf,5,26,xgb_physics9,Ba3AsI3,Ba,As,I,0.834,1.002041,
verified_only,gkf,5,26,xgb_physics9,Ba3SbBr3,Ba,Sb,Br,1.1908,1.024512,
verified_only,gkf,5,28,xgb_physics9,Ba3SbI3,Ba,Sb,I,0.78,0.979173,
verified_only,gkf,5,28,xgb_physics9,Ca3AsBr3,Ca,As,Br,1.634,1.663514,
verified_only,gkf,5,26,xgb_physics9,Ca3AsF3,Ca,As,F,2.27,2.227391,
verified_only,gkf,5,29,xgb_physics9,Ca3BiI3,Ca,Bi,I,1.36,1.172541,
verified_only,gkf,5,25,xgb_physics9,Ca3PBr3,Ca,P,Br,1.8846,1.704965,
verified_only,gkf,5,26,xgb_physics9,Ca3PCl3,Ca,P,Cl,2.035,2.166157,
verified_only,gkf,5,29,xgb_physics9,Ca3PF3,Ca,P,F,2.518,2.262338,
verified_only,gkf,5,27,xgb_physics9,Ca3PI3,Ca,P,I,1.4909,1.295475,
verified_only,gkf,5,25,xgb_physics9,Ca3SbBr3,Ca,Sb,Br,1.782,1.415752,
verified_only,gkf,5,29,xgb_physics9,Ca3SbCl3,Ca,Sb,Cl,1.814,1.948764,
verified_only,gkf,5,25,xgb_physics9,Ca3SbF3,Ca,Sb,F,2.19,2.871718,
verified_only,gkf,5,28,xgb_physics9,Mg3AsBr3,Mg,As,Br,1.2907,0.926571,
verified_only,gkf,5,27,xgb_physics9,Mg3BiBr3,Mg,Bi,Br,0.9648,1.481885,
verified_only,gkf,5,29,xgb_physics9,Mg3BiI3,Mg,Bi,I,0.224,0.17376,
verified_only,gkf,5,25,xgb_physics9,Mg3PBr3,Mg,P,Br,1.506,1.367899,
verified_only,gkf,5,29,xgb_physics9,Mg3PCl3,Mg,P,Cl,2.297,1.820819,
verified_only,gkf,5,28,xgb_physics9,Mg3PI3,Mg,P,I,0.377,0.794884,
verified_only,gkf,5,27,xgb_physics9,Mg3SbBr3,Mg,Sb,Br,0.9418,1.479967,
verified_only,gkf,5,27,xgb_physics9,Mg3SbCl3,Mg,Sb,Cl,1.7283,2.169494,
verified_only,gkf,5,26,xgb_physics9,Mg3SbF3,Mg,Sb,F,3.184,2.102485,
verified_only,gkf,5,27,xgb_physics9,Mg3SbI3,Mg,Sb,I,0.1057,0.334016,
verified_only,gkf,5,25,xgb_physics9,Sr3AsCl3,Sr,As,Cl,1.7,1.722602,
verified_only,gkf,5,25,xgb_physics9,Sr3AsI3,Sr,As,I,1.265,1.210842,
verified_only,gkf,5,28,xgb_physics9,Sr3PBr3,Sr,P,Br,1.55,1.755634,
verified_only,gkf,5,29,xgb_physics9,Sr3PCl3,Sr,P,Cl,1.677,1.760845,
verified_only,gkf,5,28,xgb_physics9,Sr3PI3,Sr,P,I,1.258,1.572039,
verified_only,gkf,5,27,xgb_physics9,Sr3SbCl3,Sr,Sb,Cl,1.712,1.621172,
verified_only,gkf,5,26,xgb_physics9,Sr3SbI3,Sr,Sb,I,1.31,1.046857,
verified_only,gkf,6,33,xgb_physics9,Ba3AsCl3,Ba,As,Cl,0.959,1.564672,
verified_only,gkf,6,30,xgb_physics9,Ba3AsI3,Ba,As,I,0.834,1.167299,
verified_only,gkf,6,33,xgb_physics9,Ba3SbBr3,Ba,Sb,Br,1.1908,1.489204,
verified_only,gkf,6,30,xgb_physics9,Ba3SbI3,Ba,Sb,I,0.78,1.188638,
verified_only,gkf,6,31,xgb_physics9,Ca3AsBr3,Ca,As,Br,1.634,1.78713,
verified_only,gkf,6,32,xgb_physics9,Ca3AsF3,Ca,As,F,2.27,2.471345,
verified_only,gkf,6,34,xgb_physics9,Ca3BiI3,Ca,Bi,I,1.36,0.935383,
verified_only,gkf,6,32,xgb_physics9,Ca3PBr3,Ca,P,Br,1.8846,1.735601,
verified_only,gkf,6,33,xgb_physics9,Ca3PCl3,Ca,P,Cl,2.035,2.080698,
verified_only,gkf,6,31,xgb_physics9,Ca3PF3,Ca,P,F,2.518,2.209589,
verified_only,gkf,6,34,xgb_physics9,Ca3PI3,Ca,P,I,1.4909,1.221014,
verified_only,gkf,6,30,xgb_physics9,Ca3SbBr3,Ca,Sb,Br,1.782,1.554419,
verified_only,gkf,6,33,xgb_physics9,Ca3SbCl3,Ca,Sb,Cl,1.814,1.930035,
verified_only,gkf,6,32,xgb_physics9,Ca3SbF3,Ca,Sb,F,2.19,2.847441,
verified_only,gkf,6,30,xgb_physics9,Mg3AsBr3,Mg,As,Br,1.2907,1.026066,
verified_only,gkf,6,30,xgb_physics9,Mg3BiBr3,Mg,Bi,Br,0.9648,0.96476,
verified_only,gkf,6,31,xgb_physics9,Mg3BiI3,Mg,Bi,I,0.224,1.009471,
verified_only,gkf,6,30,xgb_physics9,Mg3PBr3,Mg,P,Br,1.506,1.20789,
verified_only,gkf,6,31,xgb_physics9,Mg3PCl3,Mg,P,Cl,2.297,1.77529,
verified_only,gkf,6,33,xgb_physics9,Mg3PI3,Mg,P,I,0.377,0.855596,
verified_only,gkf,6,32,xgb_physics9,Mg3SbBr3,Mg,Sb,Br,0.9418,1.140807,
verified_only,gkf,6,30,xgb_physics9,Mg3SbCl3,Mg,Sb,Cl,1.7283,2.105144,
verified_only,gkf,6,34,xgb_physics9,Mg3SbF3,Mg,Sb,F,3.184,2.101646,
verified_only,gkf,6,31,xgb_physics9,Mg3SbI3,Mg,Sb,I,0.1057,0.928881,
verified_only,gkf,6,34,xgb_physics9,Sr3AsCl3,Sr,As,Cl,1.7,1.609243,
verified_only,gkf,6,34,xgb_physics9,Sr3AsI3,Sr,As,I,1.265,1.143734,
verified_only,gkf,6,33,xgb_physics9,Sr3PBr3,Sr,P,Br,1.55,1.683291,
verified_only,gkf,6,34,xgb_physics9,Sr3PCl3,Sr,P,Cl,1.677,1.762298,
verified_only,gkf,6,31,xgb_physics9,Sr3PI3,Sr,P,I,1.258,1.281932,
verified_only,gkf,6,32,xgb_physics9,Sr3SbCl3,Sr,Sb,Cl,1.712,1.545352,
verified_only,gkf,6,32,xgb_physics9,Sr3SbI3,Sr,Sb,I,1.31,1.109221,
verified_only,gkf,7,37,xgb_physics9,Ba3AsCl3,Ba,As,Cl,0.959,1.404423,
verified_only,gkf,7,39,xgb_physics9,Ba3AsI3,Ba,As,I,0.834,1.236209,
verified_only,gkf,7,38,xgb_physics9,Ba3SbBr3,Ba,Sb,Br,1.1908,1.056902,
verified_only,gkf,7,35,xgb_physics9,Ba3SbI3,Ba,Sb,I,0.78,0.978161,
verified_only,gkf,7,38,xgb_physics9,Ca3AsBr3,Ca,As,Br,1.634,1.809403,
verified_only,gkf,7,36,xgb_physics9,Ca3AsF3,Ca,As,F,2.27,2.18648,
verified_only,gkf,7,39,xgb_physics9,Ca3BiI3,Ca,Bi,I,1.36,1.00451,
verified_only,gkf,7,36,xgb_physics9,Ca3PBr3,Ca,P,Br,1.8846,1.68996,
verified_only,gkf,7,35,xgb_physics9,Ca3PCl3,Ca,P,Cl,2.035,2.127983,
verified_only,gkf,7,36,xgb_physics9,Ca3PF3,Ca,P,F,2.518,2.206717,
verified_only,gkf,7,35,xgb_physics9,Ca3PI3,Ca,P,I,1.4909,1.34799,
verified_only,gkf,7,39,xgb_physics9,Ca3SbBr3,Ca,Sb,Br,1.782,1.395597,
verified_only,gkf,7,35,xgb_physics9,Ca3SbCl3,Ca,Sb,Cl,1.814,1.927246,
verified_only,gkf,7,35,xgb_physics9,Ca3SbF3,Ca,Sb,F,2.19,2.91468,
verified_only,gkf,7,37,xgb_physics9,Mg3AsBr3,Mg,As,Br,1.2907,1.033978,
verified_only,gkf,7,37,xgb_physics9,Mg3BiBr3,Mg,Bi,Br,0.9648,1.041074,
verified_only,gkf,7,39,xgb_physics9,Mg3BiI3,Mg,Bi,I,0.224,0.821649,
verified_only,gkf,7,36,xgb_physics9,Mg3PBr3,Mg,P,Br,1.506,1.338922,
verified_only,gkf,7,37,xgb_physics9,Mg3PCl3,Mg,P,Cl,2.297,1.877006,
verified_only,gkf,7,39,xgb_physics9,Mg3PI3,Mg,P,I,0.377,1.270742,
verified_only,gkf,7,38,xgb_physics9,Mg3SbBr3,Mg,Sb,Br,0.9418,1.129707,
verified_only,gkf,7,38,xgb_physics9,Mg3SbCl3,Mg,Sb,Cl,1.7283,2.057063,
verified_only,gkf,7,37,xgb_physics9,Mg3SbF3,Mg,Sb,F,3.184,2.039385,
verified_only,gkf,7,38,xgb_physics9,Mg3SbI3,Mg,Sb,I,0.1057,0.260768,
verified_only,gkf,7,36,xgb_physics9,Sr3AsCl3,Sr,As,Cl,1.7,1.569288,
verified_only,gkf,7,39,xgb_physics9,Sr3AsI3,Sr,As,I,1.265,1.301784,
verified_only,gkf,7,35,xgb_physics9,Sr3PBr3,Sr,P,Br,1.55,1.816117,
verified_only,gkf,7,35,xgb_physics9,Sr3PCl3,Sr,P,Cl,1.677,1.863316,
verified_only,gkf,7,36,xgb_physics9,Sr3PI3,Sr,P,I,1.258,1.380096,
verified_only,gkf,7,37,xgb_physics9,Sr3SbCl3,Sr,Sb,Cl,1.712,1.677739,
verified_only,gkf,7,38,xgb_physics9,Sr3SbI3,Sr,Sb,I,1.31,1.177651,
verified_only,gkf,8,43,xgb_physics9,Ba3AsCl3,Ba,As,Cl,0.959,1.478744,
verified_only,gkf,8,44,xgb_physics9,Ba3AsI3,Ba,As,I,0.834,1.179769,
verified_only,gkf,8,42,xgb_physics9,Ba3SbBr3,Ba,Sb,Br,1.1908,1.148347,
verified_only,gkf,8,42,xgb_physics9,Ba3SbI3,Ba,Sb,I,0.78,0.953635,
verified_only,gkf,8,44,xgb_physics9,Ca3AsBr3,Ca,As,Br,1.634,1.747559,
verified_only,gkf,8,44,xgb_physics9,Ca3AsF3,Ca,As,F,2.27,2.300534,
verified_only,gkf,8,41,xgb_physics9,Ca3BiI3,Ca,Bi,I,1.36,1.165117,
verified_only,gkf,8,40,xgb_physics9,Ca3PBr3,Ca,P,Br,1.8846,1.884322,
verified_only,gkf,8,42,xgb_physics9,Ca3PCl3,Ca,P,Cl,2.035,2.10123,
verified_only,gkf,8,41,xgb_physics9,Ca3PF3,Ca,P,F,2.518,2.217984,
verified_only,gkf,8,43,xgb_physics9,Ca3PI3,Ca,P,I,1.4909,1.373222,
verified_only,gkf,8,41,xgb_physics9,Ca3SbBr3,Ca,Sb,Br,1.782,1.611258,
verified_only,gkf,8,42,xgb_physics9,Ca3SbCl3,Ca,Sb,Cl,1.814,1.924616,
verified_only,gkf,8,41,xgb_physics9,Ca3SbF3,Ca,Sb,F,2.19,1.907941,
verified_only,gkf,8,41,xgb_physics9,Mg3AsBr3,Mg,As,Br,1.2907,1.131458,
verified_only,gkf,8,43,xgb_physics9,Mg3BiBr3,Mg,Bi,Br,0.9648,1.082509,
verified_only,gkf,8,40,xgb_physics9,Mg3BiI3,Mg,Bi,I,0.224,0.449771,
verified_only,gkf,8,40,xgb_physics9,Mg3PBr3,Mg,P,Br,1.506,1.249008,
verified_only,gkf,8,40,xgb_physics9,Mg3PCl3,Mg,P,Cl,2.297,1.866638,
verified_only,gkf,8,44,xgb_physics9,Mg3PI3,Mg,P,I,0.377,1.357296,
verified_only,gkf,8,42,xgb_physics9,Mg3SbBr3,Mg,Sb,Br,0.9418,1.099433,
verified_only,gkf,8,43,xgb_physics9,Mg3SbCl3,Mg,Sb,Cl,1.7283,2.079773,
verified_only,gkf,8,41,xgb_physics9,Mg3SbF3,Mg,Sb,F,3.184,1.844577,
verified_only,gkf,8,44,xgb_physics9,Mg3SbI3,Mg,Sb,I,0.1057,0.845857,
verified_only,gkf,8,42,xgb_physics9,Sr3AsCl3,Sr,As,Cl,1.7,1.479742,
verified_only,gkf,8,40,xgb_physics9,Sr3AsI3,Sr,As,I,1.265,1.23095,
verified_only,gkf,8,40,xgb_physics9,Sr3PBr3,Sr,P,Br,1.55,1.784474,
verified_only,gkf,8,40,xgb_physics9,Sr3PCl3,Sr,P,Cl,1.677,1.852437,
verified_only,gkf,8,43,xgb_physics9,Sr3PI3,Sr,P,I,1.258,1.329483,
verified_only,gkf,8,43,xgb_physics9,Sr3SbCl3,Sr,Sb,Cl,1.712,1.577235,
verified_only,gkf,8,44,xgb_physics9,Sr3SbI3,Sr,Sb,I,1.31,1.067241,
verified_only,gkf,9,49,xgb_physics9,Ba3AsCl3,Ba,As,Cl,0.959,1.513109,
verified_only,gkf,9,47,xgb_physics9,Ba3AsI3,Ba,As,I,0.834,0.914381,
verified_only,gkf,9,48,xgb_physics9,Ba3SbBr3,Ba,Sb,Br,1.1908,1.010044,
verified_only,gkf,9,45,xgb_physics9,Ba3SbI3,Ba,Sb,I,0.78,0.957815,
verified_only,gkf,9,46,xgb_physics9,Ca3AsBr3,Ca,As,Br,1.634,1.706023,
verified_only,gkf,9,45,xgb_physics9,Ca3AsF3,Ca,As,F,2.27,2.375724,
verified_only,gkf,9,49,xgb_physics9,Ca3BiI3,Ca,Bi,I,1.36,1.131934,
verified_only,gkf,9,49,xgb_physics9,Ca3PBr3,Ca,P,Br,1.8846,1.673054,
verified_only,gkf,9,46,xgb_physics9,Ca3PCl3,Ca,P,Cl,2.035,2.142942,
verified_only,gkf,9,48,xgb_physics9,Ca3PF3,Ca,P,F,2.518,2.260887,
verified_only,gkf,9,49,xgb_physics9,Ca3PI3,Ca,P,I,1.4909,1.233221,
verified_only,gkf,9,46,xgb_physics9,Ca3SbBr3,Ca,Sb,Br,1.782,1.727879,
verified_only,gkf,9,46,xgb_physics9,Ca3SbCl3,Ca,Sb,Cl,1.814,2.005514,
verified_only,gkf,9,47,xgb_physics9,Ca3SbF3,Ca,Sb,F,2.19,2.932509,
verified_only,gkf,9,46,xgb_physics9,Mg3AsBr3,Mg,As,Br,1.2907,0.960594,
verified_only,gkf,9,47,xgb_physics9,Mg3BiBr3,Mg,Bi,Br,0.9648,1.129099,
verified_only,gkf,9,47,xgb_physics9,Mg3BiI3,Mg,Bi,I,0.224,0.390961,
verified_only,gkf,9,49,xgb_physics9,Mg3PBr3,Mg,P,Br,1.506,1.247376,
verified_only,gkf,9,47,xgb_physics9,Mg3PCl3,Mg,P,Cl,2.297,1.86988,
verified_only,gkf,9,46,xgb_physics9,Mg3PI3,Mg,P,I,0.377,0.824775,
verified_only,gkf,9,45,xgb_physics9,Mg3SbBr3,Mg,Sb,Br,0.9418,1.258882,
verified_only,gkf,9,45,xgb_physics9,Mg3SbCl3,Mg,Sb,Cl,1.7283,2.19562,
verified_only,gkf,9,48,xgb_physics9,Mg3SbF3,Mg,Sb,F,3.184,2.054332,
verified_only,gkf,9,45,xgb_physics9,Mg3SbI3,Mg,Sb,I,0.1057,0.379585,
verified_only,gkf,9,49,xgb_physics9,Sr3AsCl3,Sr,As,Cl,1.7,1.72258,
verified_only,gkf,9,48,xgb_physics9,Sr3AsI3,Sr,As,I,1.265,1.049491,
verified_only,gkf,9,45,xgb_physics9,Sr3PBr3,Sr,P,Br,1.55,1.761213,
verified_only,gkf,9,47,xgb_physics9,Sr3PCl3,Sr,P,Cl,1.677,1.746974,
verified_only,gkf,9,45,xgb_physics9,Sr3PI3,Sr,P,I,1.258,1.385638,
verified_only,gkf,9,48,xgb_physics9,Sr3SbCl3,Sr,Sb,Cl,1.712,1.593359,
verified_only,gkf,9,48,xgb_physics9,Sr3SbI3,Sr,Sb,I,1.31,1.004849,
plus_unverified,lobo,0,0,gpr_physics9,Ba3AsBr3,Ba,As,Br,0.92,1.012512,0.065341
plus_unverified,lobo,0,0,gpr_physics9,Ba3AsCl3,Ba,As,Cl,0.969,1.036424,0.066428
plus_unverified,lobo,0,0,gpr_physics9,Ba3AsI3,Ba,As,I,0.802,0.811347,0.067686
plus_unverified,lobo,0,1,gpr_physics9,Ba3BiBr3,Ba,Bi,Br,0.912,1.032187,0.090691
plus_unverified,lobo,0,1,gpr_physics9,Ba3BiCl3,Ba,Bi,Cl,0.957,1.057261,0.096209
plus_unverified,lobo,0,1,gpr_physics9,Ba3BiI3,Ba,Bi,I,0.786,0.841914,0.099167
plus_unverified,lobo,0,2,gpr_physics9,Ba3PBr3,Ba,P,Br,0.944,0.940512,0.088599
plus_unverified,lobo,0,2,gpr_physics9,Ba3PCl3,Ba,P,Cl,0.964,0.987222,0.091338
plus_unverified,lobo,0,2,gpr_physics9,Ba3PI3,Ba,P,I,0.764,0.785604,0.092873
plus_unverified,lobo,0,3,gpr_physics9,Ba3SbBr3,Ba,Sb,Br,1.0819,0.915838,0.043142
plus_unverified,lobo,0,3,gpr_physics9,Ba3SbCl3,Ba,Sb,Cl,1.002,0.958754,0.043387
plus_unverified,lobo,0,3,gpr_physics9,Ba3SbI3,Ba,Sb,I,0.78,0.797465,0.043331
plus_unverified,lobo,0,0,gpr_physics9,Ca3AsBr3,Ca,As,Br,1.634,1.872567,0.065406
plus_unverified,lobo,0,0,gpr_physics9,Ca3AsCl3,Ca,As,Cl,1.742,2.019196,0.065855
plus_unverified,lobo,0,0,gpr_physics9,Ca3AsF3,Ca,As,F,2.27,2.422423,0.072266
plus_unverified,lobo,0,1,gpr_physics9,Ca3BiBr3,Ca,Bi,Br,1.6,1.689149,0.092001
plus_unverified,lobo,0,1,gpr_physics9,Ca3BiCl3,Ca,Bi,Cl,1.76,1.798284,0.091153
plus_unverified,lobo,0,1,gpr_physics9,Ca3BiI3,Ca,Bi,I,1.325,1.38934,0.126128
plus_unverified,lobo,0,2,gpr_physics9,Ca3PBr3,Ca,P,Br,1.8846,1.658222,0.089171
plus_unverified,lobo,0,2,gpr_physics9,Ca3PCl3,Ca,P,Cl,2.035,1.81214,0.088853
plus_unverified,lobo,0,2,gpr_physics9,Ca3PF3,Ca,P,F,2.518,2.245539,0.097261
plus_unverified,lobo,0,2,gpr_physics9,Ca3PI3,Ca,P,I,1.4909,1.327926,0.110484
plus_unverified,lobo,0,3,gpr_physics9,Ca3SbBr3,Ca,Sb,Br,1.782,1.536864,0.043211
plus_unverified,lobo,0,3,gpr_physics9,Ca3SbCl3,Ca,Sb,Cl,1.814,1.678186,0.042734
plus_unverified,lobo,0,3,gpr_physics9,Ca3SbF3,Ca,Sb,F,2.19,2.166631,0.121257
plus_unverified,lobo,0,0,gpr_physics9,Mg3AsBr3,Mg,As,Br,1.2907,1.264952,0.067845
plus_unverified,lobo,0,1,gpr_physics9,Mg3BiBr3,Mg,Bi,Br,0.9648,0.885734,0.09193
plus_unverified,lobo,0,1,gpr_physics9,Mg3BiI3,Mg,Bi,I,0.224,-0.007462,0.104456
plus_unverified,lobo,0,2,gpr_physics9,Mg3PBr3,Mg,P,Br,1.506,1.204098,0.098756
plus_unverified,lobo,0,2,gpr_physics9,Mg3PCl3,Mg,P,Cl,2.297,1.814518,0.10807
plus_unverified,lobo,0,2,gpr_physics9,Mg3PI3,Mg,P,I,0.377,0.323728,0.11747
plus_unverified,lobo,0,3,gpr_physics9,Mg3SbBr3,Mg,Sb,Br,0.9418,1.054083,0.044453
plus_unverified,lobo,0,3,gpr_physics9,Mg3SbCl3,Mg,Sb,Cl,1.7283,1.642185,0.068747
plus_unverified,lobo,0,3,gpr_physics9,Mg3SbF3,Mg,Sb,F,3.184,3.465351,0.41686
plus_unverified,lobo,0,3,gpr_physics9,Mg3SbI3,Mg,Sb,I,0.1057,0.209638,0.05286
plus_unverified,lobo,0,0,gpr_physics9,Sr3AsCl3,Sr,As,Cl,1.7,1.723886,0.064188
plus_unverified,lobo,0,0,gpr_physics9,Sr3AsI3,Sr,As,I,1.265,1.325225,0.066222
plus_unverified,lobo,0,2,gpr_physics9,Sr3PBr3,Sr,P,Br,1.55,1.563931,0.093537
plus_unverified,lobo,0,2,gpr_physics9,Sr3PCl3,Sr,P,Cl,1.677,1.670923,0.090759
plus_unverified,lobo,0,2,gpr_physics9,Sr3PI3,Sr,P,I,1.258,1.28572,0.093047
plus_unverified,lobo,0,3,gpr_physics9,Sr3SbCl3,Sr,Sb,Cl,1.712,1.801606,0.105249
plus_unverified,lobo,0,3,gpr_physics9,Sr3SbI3,Sr,Sb,I,1.31,1.385673,0.105835
plus_unverified,lobo,0,0,halide_rule,Ba3AsBr3,Ba,As,Br,0.92,1.31671,
plus_unverified,lobo,0,0,halide_rule,Ba3AsCl3,Ba,As,Cl,0.969,1.59463,
plus_unverified,lobo,0,0,halide_rule,Ba3AsI3,Ba,As,I,0.802,0.84206,
plus_unverified,lobo,0,1,halide_rule,Ba3BiBr3,Ba,Bi,Br,0.912,1.3535,
plus_unverified,lobo,0,1,halide_rule,Ba3BiCl3,Ba,Bi,Cl,0.957,1.603664,
plus_unverified,lobo,0,1,halide_rule,Ba3BiI3,Ba,Bi,I,0.786,0.905844,
plus_unverified,lobo,0,2,halide_rule,Ba3PBr3,Ba,P,Br,0.944,1.236356,
plus_unverified,lobo,0,2,halide_rule,Ba3PCl3,Ba,P,Cl,0.964,1.487144,
plus_unverified,lobo,0,2,halide_rule,Ba3PI3,Ba,P,I,0.764,0.824712,
plus_unverified,lobo,0,3,halide_rule,Ba3SbBr3,Ba,Sb,Br,1.0819,1.32061,
plus_unverified,lobo,0,3,halide_rule,Ba3SbCl3,Ba,Sb,Cl,1.002,1.566778,
plus_unverified,lobo,0,3,halide_rule,Ba3SbI3,Ba,Sb,I,0.78,0.921322,
plus_unverified,lobo,0,0,halide_rule,Ca3AsBr3,Ca,As,Br,1.634,1.31671,
plus_unverified,lobo,0,0,halide_rule,Ca3AsCl3,Ca,As,Cl,1.742,1.59463,
plus_unverified,lobo,0,0,halide_rule,Ca3AsF3,Ca,As,F,2.27,2.630667,
plus_unverified,lobo,0,1,halide_rule,Ca3BiBr3,Ca,Bi,Br,1.6,1.3535,
plus_unverified,lobo,0,1,halide_rule,Ca3BiCl3,Ca,Bi,Cl,1.76,1.603664,
plus_unverified,lobo,0,1,halide_rule,Ca3BiI3,Ca,Bi,I,1.325,0.905844,
plus_unverified,lobo,0,2,halide_rule,Ca3PBr3,Ca,P,Br,1.8846,1.236356,
plus_unverified,lobo,0,2,halide_rule,Ca3PCl3,Ca,P,Cl,2.035,1.487144,
plus_unverified,lobo,0,2,halide_rule,Ca3PF3,Ca,P,F,2.518,2.548,
plus_unverified,lobo,0,2,halide_rule,Ca3PI3,Ca,P,I,1.4909,0.824712,
plus_unverified,lobo,0,3,halide_rule,Ca3SbBr3,Ca,Sb,Br,1.782,1.32061,
plus_unverified,lobo,0,3,halide_rule,Ca3SbCl3,Ca,Sb,Cl,1.814,1.566778,
plus_unverified,lobo,0,3,halide_rule,Ca3SbF3,Ca,Sb,F,2.19,2.394,
plus_unverified,lobo,0,0,halide_rule,Mg3AsBr3,Mg,As,Br,1.2907,1.31671,
plus_unverified,lobo,0,1,halide_rule,Mg3BiBr3,Mg,Bi,Br,0.9648,1.3535,
plus_unverified,lobo,0,1,halide_rule,Mg3BiI3,Mg,Bi,I,0.224,0.905844,
plus_unverified,lobo,0,2,halide_rule,Mg3PBr3,Mg,P,Br,1.506,1.236356,
plus_unverified,lobo,0,2,halide_rule,Mg3PCl3,Mg,P,Cl,2.297,1.487144,
plus_unverified,lobo,0,2,halide_rule,Mg3PI3,Mg,P,I,0.377,0.824712,
plus_unverified,lobo,0,3,halide_rule,Mg3SbBr3,Mg,Sb,Br,0.9418,1.32061,
plus_unverified,lobo,0,3,halide_rule,Mg3SbCl3,Mg,Sb,Cl,1.7283,1.566778,
plus_unverified,lobo,0,3,halide_rule,Mg3SbF3,Mg,Sb,F,3.184,2.394,
plus_unverified,lobo,0,3,halide_rule,Mg3SbI3,Mg,Sb,I,0.1057,0.921322,
plus_unverified,lobo,0,0,halide_rule,Sr3AsCl3,Sr,As,Cl,1.7,1.59463,
plus_unverified,lobo,0,0,halide_rule,Sr3AsI3,Sr,As,I,1.265,0.84206,
plus_unverified,lobo,0,2,halide_rule,Sr3PBr3,Sr,P,Br,1.55,1.236356,
plus_unverified,lobo,0,2,halide_rule,Sr3PCl3,Sr,P,Cl,1.677,1.487144,
plus_unverified,lobo,0,2,halide_rule,Sr3PI3,Sr,P,I,1.258,0.824712,
plus_unverified,lobo,0,3,halide_rule,Sr3SbCl3,Sr,Sb,Cl,1.712,1.566778,
plus_unverified,lobo,0,3,halide_rule,Sr3SbI3,Sr,Sb,I,1.31,0.921322,
plus_unverified,lobo,0,0,mean,Ba3AsBr3,Ba,As,Br,0.92,1.376545,
plus_unverified,lobo,0,0,mean,Ba3AsCl3,Ba,As,Cl,0.969,1.376545,
plus_unverified,lobo,0,0,mean,Ba3AsI3,Ba,As,I,0.802,1.376545,
plus_unverified,lobo,0,1,mean,Ba3BiBr3,Ba,Bi,Br,0.912,1.455585,
plus_unverified,lobo,0,1,mean,Ba3BiCl3,Ba,Bi,Cl,0.957,1.455585,
plus_unverified,lobo,0,1,mean,Ba3BiI3,Ba,Bi,I,0.786,1.455585,
plus_unverified,lobo,0,2,mean,Ba3PBr3,Ba,P,Br,0.944,1.336317,
plus_unverified,lobo,0,2,mean,Ba3PCl3,Ba,P,Cl,0.964,1.336317,
plus_unverified,lobo,0,2,mean,Ba3PI3,Ba,P,I,0.764,1.336317,
plus_unverified,lobo,0,3,mean,Ba3SbBr3,Ba,Sb,Br,1.0819,1.346233,
plus_unverified,lobo,0,3,mean,Ba3SbCl3,Ba,Sb,Cl,1.002,1.346233,
plus_unverified,lobo,0,3,mean,Ba3SbI3,Ba,Sb,I,0.78,1.346233,
plus_unverified,lobo,0,0,mean,Ca3AsBr3,Ca,As,Br,1.634,1.376545,
plus_unverified,lobo,0,0,mean,Ca3AsCl3,Ca,As,Cl,1.742,1.376545,
plus_unverified,lobo,0,0,mean,Ca3AsF3,Ca,As,F,2.27,1.376545,
plus_unverified,lobo,0,1,mean,Ca3BiBr3,Ca,Bi,Br,1.6,1.455585,
plus_unverified,lobo,0,1,mean,Ca3BiCl3,Ca,Bi,Cl,1.76,1.455585,
plus_unverified,lobo,0,1,mean,Ca3BiI3,Ca,Bi,I,1.325,1.455585,
plus_unverified,lobo,0,2,mean,Ca3PBr3,Ca,P,Br,1.8846,1.336317,
plus_unverified,lobo,0,2,mean,Ca3PCl3,Ca,P,Cl,2.035,1.336317,
plus_unverified,lobo,0,2,mean,Ca3PF3,Ca,P,F,2.518,1.336317,
plus_unverified,lobo,0,2,mean,Ca3PI3,Ca,P,I,1.4909,1.336317,
plus_unverified,lobo,0,3,mean,Ca3SbBr3,Ca,Sb,Br,1.782,1.346233,
plus_unverified,lobo,0,3,mean,Ca3SbCl3,Ca,Sb,Cl,1.814,1.346233,
plus_unverified,lobo,0,3,mean,Ca3SbF3,Ca,Sb,F,2.19,1.346233,
plus_unverified,lobo,0,0,mean,Mg3AsBr3,Mg,As,Br,1.2907,1.376545,
plus_unverified,lobo,0,1,mean,Mg3BiBr3,Mg,Bi,Br,0.9648,1.455585,
plus_unverified,lobo,0,1,mean,Mg3BiI3,Mg,Bi,I,0.224,1.455585,
plus_unverified,lobo,0,2,mean,Mg3PBr3,Mg,P,Br,1.506,1.336317,
plus_unverified,lobo,0,2,mean,Mg3PCl3,Mg,P,Cl,2.297,1.336317,
plus_unverified,lobo,0,2,mean,Mg3PI3,Mg,P,I,0.377,1.336317,
plus_unverified,lobo,0,3,mean,Mg3SbBr3,Mg,Sb,Br,0.9418,1.346233,
plus_unverified,lobo,0,3,mean,Mg3SbCl3,Mg,Sb,Cl,1.7283,1.346233,
plus_unverified,lobo,0,3,mean,Mg3SbF3,Mg,Sb,F,3.184,1.346233,
plus_unverified,lobo,0,3,mean,Mg3SbI3,Mg,Sb,I,0.1057,1.346233,
plus_unverified,lobo,0,0,mean,Sr3AsCl3,Sr,As,Cl,1.7,1.376545,
plus_unverified,lobo,0,0,mean,Sr3AsI3,Sr,As,I,1.265,1.376545,
plus_unverified,lobo,0,2,mean,Sr3PBr3,Sr,P,Br,1.55,1.336317,
plus_unverified,lobo,0,2,mean,Sr3PCl3,Sr,P,Cl,1.677,1.336317,
plus_unverified,lobo,0,2,mean,Sr3PI3,Sr,P,I,1.258,1.336317,
plus_unverified,lobo,0,3,mean,Sr3SbCl3,Sr,Sb,Cl,1.712,1.346233,
plus_unverified,lobo,0,3,mean,Sr3SbI3,Sr,Sb,I,1.31,1.346233,
plus_unverified,lobo,0,0,rf_magpie,Ba3AsBr3,Ba,As,Br,0.92,1.124102,
plus_unverified,lobo,0,0,rf_magpie,Ba3AsCl3,Ba,As,Cl,0.969,1.206373,
plus_unverified,lobo,0,0,rf_magpie,Ba3AsI3,Ba,As,I,0.802,0.950975,
plus_unverified,lobo,0,1,rf_magpie,Ba3BiBr3,Ba,Bi,Br,0.912,0.968849,
plus_unverified,lobo,0,1,rf_magpie,Ba3BiCl3,Ba,Bi,Cl,0.957,0.92194,
plus_unverified,lobo,0,1,rf_magpie,Ba3BiI3,Ba,Bi,I,0.786,0.844858,
plus_unverified,lobo,0,2,rf_magpie,Ba3PBr3,Ba,P,Br,0.944,0.957869,
plus_unverified,lobo,0,2,rf_magpie,Ba3PCl3,Ba,P,Cl,0.964,1.201954,
plus_unverified,lobo,0,2,rf_magpie,Ba3PI3,Ba,P,I,0.764,0.892055,
plus_unverified,lobo,0,3,rf_magpie,Ba3SbBr3,Ba,Sb,Br,1.0819,0.957116,
plus_unverified,lobo,0,3,rf_magpie,Ba3SbCl3,Ba,Sb,Cl,1.002,0.985275,
plus_unverified,lobo,0,3,rf_magpie,Ba3SbI3,Ba,Sb,I,0.78,0.8885,
plus_unverified,lobo,0,0,rf_magpie,Ca3AsBr3,Ca,As,Br,1.634,1.774999,
plus_unverified,lobo,0,0,rf_magpie,Ca3AsCl3,Ca,As,Cl,1.742,1.914155,
plus_unverified,lobo,0,0,rf_magpie,Ca3AsF3,Ca,As,F,2.27,2.398984,
plus_unverified,lobo,0,1,rf_magpie,Ca3BiBr3,Ca,Bi,Br,1.6,1.32781,
plus_unverified,lobo,0,1,rf_magpie,Ca3BiCl3,Ca,Bi,Cl,1.76,1.455701,
plus_unverified,lobo,0,1,rf_magpie,Ca3BiI3,Ca,Bi,I,1.325,1.124688,
plus_unverified,lobo,0,2,rf_magpie,Ca3PBr3,Ca,P,Br,1.8846,1.709966,
plus_unverified,lobo,0,2,rf_magpie,Ca3PCl3,Ca,P,Cl,2.035,1.792632,
plus_unverified,lobo,0,2,rf_magpie,Ca3PF3,Ca,P,F,2.518,2.347685,
plus_unverified,lobo,0,2,rf_magpie,Ca3PI3,Ca,P,I,1.4909,1.420781,
plus_unverified,lobo,0,3,rf_magpie,Ca3SbBr3,Ca,Sb,Br,1.782,1.558286,
plus_unverified,lobo,0,3,rf_magpie,Ca3SbCl3,Ca,Sb,Cl,1.814,1.674254,
plus_unverified,lobo,0,3,rf_magpie,Ca3SbF3,Ca,Sb,F,2.19,1.790001,
plus_unverified,lobo,0,0,rf_magpie,Mg3AsBr3,Mg,As,Br,1.2907,1.492247,
plus_unverified,lobo,0,1,rf_magpie,Mg3BiBr3,Mg,Bi,Br,0.9648,0.802138,
plus_unverified,lobo,0,1,rf_magpie,Mg3BiI3,Mg,Bi,I,0.224,0.392806,
plus_unverified,lobo,0,2,rf_magpie,Mg3PBr3,Mg,P,Br,1.506,1.34141,
plus_unverified,lobo,0,2,rf_magpie,Mg3PCl3,Mg,P,Cl,2.297,1.649747,
plus_unverified,lobo,0,2,rf_magpie,Mg3PI3,Mg,P,I,0.377,0.864979,
plus_unverified,lobo,0,3,rf_magpie,Mg3SbBr3,Mg,Sb,Br,0.9418,1.171481,
plus_unverified,lobo,0,3,rf_magpie,Mg3SbCl3,Mg,Sb,Cl,1.7283,1.388233,
plus_unverified,lobo,0,3,rf_magpie,Mg3SbF3,Mg,Sb,F,3.184,1.589963,
plus_unverified,lobo,0,3,rf_magpie,Mg3SbI3,Mg,Sb,I,0.1057,0.546593,
plus_unverified,lobo,0,0,rf_magpie,Sr3AsCl3,Sr,As,Cl,1.7,1.736571,
plus_unverified,lobo,0,0,rf_magpie,Sr3AsI3,Sr,As,I,1.265,1.283513,
plus_unverified,lobo,0,2,rf_magpie,Sr3PBr3,Sr,P,Br,1.55,1.467304,
plus_unverified,lobo,0,2,rf_magpie,Sr3PCl3,Sr,P,Cl,1.677,1.709965,
plus_unverified,lobo,0,2,rf_magpie,Sr3PI3,Sr,P,I,1.258,1.220465,
plus_unverified,lobo,0,3,rf_magpie,Sr3SbCl3,Sr,Sb,Cl,1.712,1.460434,
plus_unverified,lobo,0,3,rf_magpie,Sr3SbI3,Sr,Sb,I,1.31,1.262685,
plus_unverified,lobo,0,0,rf_physics9,Ba3AsBr3,Ba,As,Br,0.92,0.979679,
plus_unverified,lobo,0,0,rf_physics9,Ba3AsCl3,Ba,As,Cl,0.969,1.008282,
plus_unverified,lobo,0,0,rf_physics9,Ba3AsI3,Ba,As,I,0.802,0.80732,
plus_unverified,lobo,0,1,rf_physics9,Ba3BiBr3,Ba,Bi,Br,0.912,1.04632,
plus_unverified,lobo,0,1,rf_physics9,Ba3BiCl3,Ba,Bi,Cl,0.957,1.121707,
plus_unverified,lobo,0,1,rf_physics9,Ba3BiI3,Ba,Bi,I,0.786,0.819034,
plus_unverified,lobo,0,2,rf_physics9,Ba3PBr3,Ba,P,Br,0.944,0.945469,
plus_unverified,lobo,0,2,rf_physics9,Ba3PCl3,Ba,P,Cl,0.964,0.985101,
plus_unverified,lobo,0,2,rf_physics9,Ba3PI3,Ba,P,I,0.764,0.815976,
plus_unverified,lobo,0,3,rf_physics9,Ba3SbBr3,Ba,Sb,Br,1.0819,0.920467,
plus_unverified,lobo,0,3,rf_physics9,Ba3SbCl3,Ba,Sb,Cl,1.002,0.997093,
plus_unverified,lobo,0,3,rf_physics9,Ba3SbI3,Ba,Sb,I,0.78,0.801313,
plus_unverified,lobo,0,0,rf_physics9,Ca3AsBr3,Ca,As,Br,1.634,1.831742,
plus_unverified,lobo,0,0,rf_physics9,Ca3AsCl3,Ca,As,Cl,1.742,1.945081,
plus_unverified,lobo,0,0,rf_physics9,Ca3AsF3,Ca,As,F,2.27,2.450182,
plus_unverified,lobo,0,1,rf_physics9,Ca3BiBr3,Ca,Bi,Br,1.6,1.714307,
plus_unverified,lobo,0,1,rf_physics9,Ca3BiCl3,Ca,Bi,Cl,1.76,1.838139,
plus_unverified,lobo,0,1,rf_physics9,Ca3BiI3,Ca,Bi,I,1.325,1.228825,
plus_unverified,lobo,0,2,rf_physics9,Ca3PBr3,Ca,P,Br,1.8846,1.611754,
plus_unverified,lobo,0,2,rf_physics9,Ca3PCl3,Ca,P,Cl,2.035,1.719575,
plus_unverified,lobo,0,2,rf_physics9,Ca3PF3,Ca,P,F,2.518,2.21887,
plus_unverified,lobo,0,2,rf_physics9,Ca3PI3,Ca,P,I,1.4909,1.250994,
plus_unverified,lobo,0,3,rf_physics9,Ca3SbBr3,Ca,Sb,Br,1.782,1.60642,
plus_unverified,lobo,0,3,rf_physics9,Ca3SbCl3,Ca,Sb,Cl,1.814,1.760175,
plus_unverified,lobo,0,3,rf_physics9,Ca3SbF3,Ca,Sb,F,2.19,2.201323,
plus_unverified,lobo,0,0,rf_physics9,Mg3AsBr3,Mg,As,Br,1.2907,1.335984,
plus_unverified,lobo,0,1,rf_physics9,Mg3BiBr3,Mg,Bi,Br,0.9648,1.12126,
plus_unverified,lobo,0,1,rf_physics9,Mg3BiI3,Mg,Bi,I,0.224,0.329373,
plus_unverified,lobo,0,2,rf_physics9,Mg3PBr3,Mg,P,Br,1.506,1.171124,
plus_unverified,lobo,0,2,rf_physics9,Mg3PCl3,Mg,P,Cl,2.297,1.658393,
plus_unverified,lobo,0,2,rf_physics9,Mg3PI3,Mg,P,I,0.377,0.281211,
plus_unverified,lobo,0,3,rf_physics9,Mg3SbBr3,Mg,Sb,Br,0.9418,1.174099,
plus_unverified,lobo,0,3,rf_physics9,Mg3SbCl3,Mg,Sb,Cl,1.7283,1.899226,
plus_unverified,lobo,0,3,rf_physics9,Mg3SbF3,Mg,Sb,F,3.184,2.209007,
plus_unverified,lobo,0,3,rf_physics9,Mg3SbI3,Mg,Sb,I,0.1057,0.408611,
plus_unverified,lobo,0,0,rf_physics9,Sr3AsCl3,Sr,As,Cl,1.7,1.751061,
plus_unverified,lobo,0,0,rf_physics9,Sr3AsI3,Sr,As,I,1.265,1.301955,
plus_unverified,lobo,0,2,rf_physics9,Sr3PBr3,Sr,P,Br,1.55,1.599977,
plus_unverified,lobo,0,2,rf_physics9,Sr3PCl3,Sr,P,Cl,1.677,1.684049,
plus_unverified,lobo,0,2,rf_physics9,Sr3PI3,Sr,P,I,1.258,1.25995,
plus_unverified,lobo,0,3,rf_physics9,Sr3SbCl3,Sr,Sb,Cl,1.712,1.68775,
plus_unverified,lobo,0,3,rf_physics9,Sr3SbI3,Sr,Sb,I,1.31,1.269018,
plus_unverified,lobo,0,0,ridge_magpie,Ba3AsBr3,Ba,As,Br,0.92,0.827108,
plus_unverified,lobo,0,0,ridge_magpie,Ba3AsCl3,Ba,As,Cl,0.969,1.107197,
plus_unverified,lobo,0,0,ridge_magpie,Ba3AsI3,Ba,As,I,0.802,0.657166,
plus_unverified,lobo,0,1,ridge_magpie,Ba3BiBr3,Ba,Bi,Br,0.912,1.014986,
plus_unverified,lobo,0,1,ridge_magpie,Ba3BiCl3,Ba,Bi,Cl,0.957,1.093301,
plus_unverified,lobo,0,1,ridge_magpie,Ba3BiI3,Ba,Bi,I,0.786,0.989215,
plus_unverified,lobo,0,2,ridge_magpie,Ba3PBr3,Ba,P,Br,0.944,1.072146,
plus_unverified,lobo,0,2,ridge_magpie,Ba3PCl3,Ba,P,Cl,0.964,1.368154,
plus_unverified,lobo,0,2,ridge_magpie,Ba3PI3,Ba,P,I,0.764,1.031434,
plus_unverified,lobo,0,3,ridge_magpie,Ba3SbBr3,Ba,Sb,Br,1.0819,0.869444,
plus_unverified,lobo,0,3,ridge_magpie,Ba3SbCl3,Ba,Sb,Cl,1.002,0.867835,
plus_unverified,lobo,0,3,ridge_magpie,Ba3SbI3,Ba,Sb,I,0.78,0.798995,
plus_unverified,lobo,0,0,ridge_magpie,Ca3AsBr3,Ca,As,Br,1.634,1.807834,
plus_unverified,lobo,0,0,ridge_magpie,Ca3AsCl3,Ca,As,Cl,1.742,2.088071,
plus_unverified,lobo,0,0,ridge_magpie,Ca3AsF3,Ca,As,F,2.27,2.797556,
plus_unverified,lobo,0,1,ridge_magpie,Ca3BiBr3,Ca,Bi,Br,1.6,1.692674,
plus_unverified,lobo,0,1,ridge_magpie,Ca3BiCl3,Ca,Bi,Cl,1.76,1.789108,
plus_unverified,lobo,0,1,ridge_magpie,Ca3BiI3,Ca,Bi,I,1.325,1.044086,
plus_unverified,lobo,0,2,ridge_magpie,Ca3PBr3,Ca,P,Br,1.8846,1.660691,
plus_unverified,lobo,0,2,ridge_magpie,Ca3PCl3,Ca,P,Cl,2.035,1.757012,
plus_unverified,lobo,0,2,ridge_magpie,Ca3PF3,Ca,P,F,2.518,2.537867,
plus_unverified,lobo,0,2,ridge_magpie,Ca3PI3,Ca,P,I,1.4909,1.318542,
plus_unverified,lobo,0,3,ridge_magpie,Ca3SbBr3,Ca,Sb,Br,1.782,1.658116,
plus_unverified,lobo,0,3,ridge_magpie,Ca3SbCl3,Ca,Sb,Cl,1.814,1.812463,
plus_unverified,lobo,0,3,ridge_magpie,Ca3SbF3,Ca,Sb,F,2.19,2.107354,
plus_unverified,lobo,0,0,ridge_magpie,Mg3AsBr3,Mg,As,Br,1.2907,1.356852,
plus_unverified,lobo,0,1,ridge_magpie,Mg3BiBr3,Mg,Bi,Br,0.9648,1.114236,
plus_unverified,lobo,0,1,ridge_magpie,Mg3BiI3,Mg,Bi,I,0.224,0.083942,
plus_unverified,lobo,0,2,ridge_magpie,Mg3PBr3,Mg,P,Br,1.506,1.432589,
plus_unverified,lobo,0,2,ridge_magpie,Mg3PCl3,Mg,P,Cl,2.297,1.972022,
plus_unverified,lobo,0,2,ridge_magpie,Mg3PI3,Mg,P,I,0.377,0.919308,
plus_unverified,lobo,0,3,ridge_magpie,Mg3SbBr3,Mg,Sb,Br,0.9418,0.991515,
plus_unverified,lobo,0,3,ridge_magpie,Mg3SbCl3,Mg,Sb,Cl,1.7283,1.353501,
plus_unverified,lobo,0,3,ridge_magpie,Mg3SbF3,Mg,Sb,F,3.184,1.658712,
plus_unverified,lobo,0,3,ridge_magpie,Mg3SbI3,Mg,Sb,I,0.1057,0.384607,
plus_unverified,lobo,0,0,ridge_magpie,Sr3AsCl3,Sr,As,Cl,1.7,1.585916,
plus_unverified,lobo,0,0,ridge_magpie,Sr3AsI3,Sr,As,I,1.265,1.117607,
plus_unverified,lobo,0,2,ridge_magpie,Sr3PBr3,Sr,P,Br,1.55,1.439733,
plus_unverified,lobo,0,2,ridge_magpie,Sr3PCl3,Sr,P,Cl,1.677,1.691537,
plus_unverified,lobo,0,2,ridge_magpie,Sr3PI3,Sr,P,I,1.258,1.437078,
plus_unverified,lobo,0,3,ridge_magpie,Sr3SbCl3,Sr,Sb,Cl,1.712,1.393558,
plus_unverified,lobo,0,3,ridge_magpie,Sr3SbI3,Sr,Sb,I,1.31,1.124531,
plus_unverified,lobo,0,0,ridge_physics9,Ba3AsBr3,Ba,As,Br,0.92,1.203027,
plus_unverified,lobo,0,0,ridge_physics9,Ba3AsCl3,Ba,As,Cl,0.969,1.471766,
plus_unverified,lobo,0,0,ridge_physics9,Ba3AsI3,Ba,As,I,0.802,0.792117,
plus_unverified,lobo,0,1,ridge_physics9,Ba3BiBr3,Ba,Bi,Br,0.912,1.016081,
plus_unverified,lobo,0,1,ridge_physics9,Ba3BiCl3,Ba,Bi,Cl,0.957,1.269516,
plus_unverified,lobo,0,1,ridge_physics9,Ba3BiI3,Ba,Bi,I,0.786,0.630904,
plus_unverified,lobo,0,2,ridge_physics9,Ba3PBr3,Ba,P,Br,0.944,1.241387,
plus_unverified,lobo,0,2,ridge_physics9,Ba3PCl3,Ba,P,Cl,0.964,1.460196,
plus_unverified,lobo,0,2,ridge_physics9,Ba3PI3,Ba,P,I,0.764,0.925165,
plus_unverified,lobo,0,3,ridge_physics9,Ba3SbBr3,Ba,Sb,Br,1.0819,0.90334,
plus_unverified,lobo,0,3,ridge_physics9,Ba3SbCl3,Ba,Sb,Cl,1.002,1.073759,
plus_unverified,lobo,0,3,ridge_physics9,Ba3SbI3,Ba,Sb,I,0.78,0.570733,
plus_unverified,lobo,0,0,ridge_physics9,Ca3AsBr3,Ca,As,Br,1.634,1.518207,
plus_unverified,lobo,0,0,ridge_physics9,Ca3AsCl3,Ca,As,Cl,1.742,1.786946,
plus_unverified,lobo,0,0,ridge_physics9,Ca3AsF3,Ca,As,F,2.27,2.787248,
plus_unverified,lobo,0,1,ridge_physics9,Ca3BiBr3,Ca,Bi,Br,1.6,1.363625,
plus_unverified,lobo,0,1,ridge_physics9,Ca3BiCl3,Ca,Bi,Cl,1.76,1.61706,
plus_unverified,lobo,0,1,ridge_physics9,Ca3BiI3,Ca,Bi,I,1.325,0.978448,
plus_unverified,lobo,0,2,ridge_physics9,Ca3PBr3,Ca,P,Br,1.8846,1.510729,
plus_unverified,lobo,0,2,ridge_physics9,Ca3PCl3,Ca,P,Cl,2.035,1.729538,
plus_unverified,lobo,0,2,ridge_physics9,Ca3PF3,Ca,P,F,2.518,2.64236,
plus_unverified,lobo,0,2,ridge_physics9,Ca3PI3,Ca,P,I,1.4909,1.194507,
plus_unverified,lobo,0,3,ridge_physics9,Ca3SbBr3,Ca,Sb,Br,1.782,1.573332,
plus_unverified,lobo,0,3,ridge_physics9,Ca3SbCl3,Ca,Sb,Cl,1.814,1.743751,
plus_unverified,lobo,0,3,ridge_physics9,Ca3SbF3,Ca,Sb,F,2.19,2.006459,
plus_unverified,lobo,0,0,ridge_physics9,Mg3AsBr3,Mg,As,Br,1.2907,1.332094,
plus_unverified,lobo,0,1,ridge_physics9,Mg3BiBr3,Mg,Bi,Br,0.9648,1.268584,
plus_unverified,lobo,0,1,ridge_physics9,Mg3BiI3,Mg,Bi,I,0.224,0.883407,
plus_unverified,lobo,0,2,ridge_physics9,Mg3PBr3,Mg,P,Br,1.506,1.300325,
plus_unverified,lobo,0,2,ridge_physics9,Mg3PCl3,Mg,P,Cl,2.297,1.519134,
plus_unverified,lobo,0,2,ridge_physics9,Mg3PI3,Mg,P,I,0.377,0.984103,
plus_unverified,lobo,0,3,ridge_physics9,Mg3SbBr3,Mg,Sb,Br,0.9418,1.124002,
plus_unverified,lobo,0,3,ridge_physics9,Mg3SbCl3,Mg,Sb,Cl,1.7283,1.294421,
plus_unverified,lobo,0,3,ridge_physics9,Mg3SbF3,Mg,Sb,F,3.184,1.557129,
plus_unverified,lobo,0,3,ridge_physics9,Mg3SbI3,Mg,Sb,I,0.1057,0.791395,
plus_unverified,lobo,0,0,ridge_physics9,Sr3AsCl3,Sr,As,Cl,1.7,1.722217,
plus_unverified,lobo,0,0,ridge_physics9,Sr3AsI3,Sr,As,I,1.265,1.042568,
plus_unverified,lobo,0,2,ridge_physics9,Sr3PBr3,Sr,P,Br,1.55,1.459168,
plus_unverified,lobo,0,2,ridge_physics9,Sr3PCl3,Sr,P,Cl,1.677,1.677977,
plus_unverified,lobo,0,2,ridge_physics9,Sr3PI3,Sr,P,I,1.258,1.142946,
plus_unverified,lobo,0,3,ridge_physics9,Sr3SbCl3,Sr,Sb,Cl,1.712,1.610078,
plus_unverified,lobo,0,3,ridge_physics9,Sr3SbI3,Sr,Sb,I,1.31,1.107052,
plus_unverified,lobo,0,0,xgb_magpie,Ba3AsBr3,Ba,As,Br,0.92,1.092453,
plus_unverified,lobo,0,0,xgb_magpie,Ba3AsCl3,Ba,As,Cl,0.969,1.156094,
plus_unverified,lobo,0,0,xgb_magpie,Ba3AsI3,Ba,As,I,0.802,0.892261,
plus_unverified,lobo,0,1,xgb_magpie,Ba3BiBr3,Ba,Bi,Br,0.912,0.972443,
plus_unverified,lobo,0,1,xgb_magpie,Ba3BiCl3,Ba,Bi,Cl,0.957,0.764745,
plus_unverified,lobo,0,1,xgb_magpie,Ba3BiI3,Ba,Bi,I,0.786,0.803931,
plus_unverified,lobo,0,2,xgb_magpie,Ba3PBr3,Ba,P,Br,0.944,0.953111,
plus_unverified,lobo,0,2,xgb_magpie,Ba3PCl3,Ba,P,Cl,0.964,1.068115,
plus_unverified,lobo,0,2,xgb_magpie,Ba3PI3,Ba,P,I,0.764,0.850902,
plus_unverified,lobo,0,3,xgb_magpie,Ba3SbBr3,Ba,Sb,Br,1.0819,0.92691,
plus_unverified,lobo,0,3,xgb_magpie,Ba3SbCl3,Ba,Sb,Cl,1.002,0.947861,
plus_unverified,lobo,0,3,xgb_magpie,Ba3SbI3,Ba,Sb,I,0.78,0.809477,
plus_unverified,lobo,0,0,xgb_magpie,Ca3AsBr3,Ca,As,Br,1.634,1.794725,
plus_unverified,lobo,0,0,xgb_magpie,Ca3AsCl3,Ca,As,Cl,1.742,1.921445,
plus_unverified,lobo,0,0,xgb_magpie,Ca3AsF3,Ca,As,F,2.27,2.466802,
plus_unverified,lobo,0,1,xgb_magpie,Ca3BiBr3,Ca,Bi,Br,1.6,1.473342,
plus_unverified,lobo,0,1,xgb_magpie,Ca3BiCl3,Ca,Bi,Cl,1.76,1.596986,
plus_unverified,lobo,0,1,xgb_magpie,Ca3BiI3,Ca,Bi,I,1.325,1.123697,
plus_unverified,lobo,0,2,xgb_magpie,Ca3PBr3,Ca,P,Br,1.8846,1.718179,
plus_unverified,lobo,0,2,xgb_magpie,Ca3PCl3,Ca,P,Cl,2.035,1.935757,
plus_unverified,lobo,0,2,xgb_magpie,Ca3PF3,Ca,P,F,2.518,2.651757,
plus_unverified,lobo,0,2,xgb_magpie,Ca3PI3,Ca,P,I,1.4909,1.436892,
plus_unverified,lobo,0,3,xgb_magpie,Ca3SbBr3,Ca,Sb,Br,1.782,1.585573,
plus_unverified,lobo,0,3,xgb_magpie,Ca3SbCl3,Ca,Sb,Cl,1.814,1.76676,
plus_unverified,lobo,0,3,xgb_magpie,Ca3SbF3,Ca,Sb,F,2.19,2.016121,
plus_unverified,lobo,0,0,xgb_magpie,Mg3AsBr3,Mg,As,Br,1.2907,1.429589,
plus_unverified,lobo,0,1,xgb_magpie,Mg3BiBr3,Mg,Bi,Br,0.9648,0.725029,
plus_unverified,lobo,0,1,xgb_magpie,Mg3BiI3,Mg,Bi,I,0.224,0.311573,
plus_unverified,lobo,0,2,xgb_magpie,Mg3PBr3,Mg,P,Br,1.506,1.479737,
plus_unverified,lobo,0,2,xgb_magpie,Mg3PCl3,Mg,P,Cl,2.297,2.145525,
plus_unverified,lobo,0,2,xgb_magpie,Mg3PI3,Mg,P,I,0.377,0.845498,
plus_unverified,lobo,0,3,xgb_magpie,Mg3SbBr3,Mg,Sb,Br,0.9418,1.17698,
plus_unverified,lobo,0,3,xgb_magpie,Mg3SbCl3,Mg,Sb,Cl,1.7283,1.820821,
plus_unverified,lobo,0,3,xgb_magpie,Mg3SbF3,Mg,Sb,F,3.184,2.147727,
plus_unverified,lobo,0,3,xgb_magpie,Mg3SbI3,Mg,Sb,I,0.1057,0.35067,
plus_unverified,lobo,0,0,xgb_magpie,Sr3AsCl3,Sr,As,Cl,1.7,1.688582,
plus_unverified,lobo,0,0,xgb_magpie,Sr3AsI3,Sr,As,I,1.265,1.312123,
plus_unverified,lobo,0,2,xgb_magpie,Sr3PBr3,Sr,P,Br,1.55,1.399382,
plus_unverified,lobo,0,2,xgb_magpie,Sr3PCl3,Sr,P,Cl,1.677,1.717184,
plus_unverified,lobo,0,2,xgb_magpie,Sr3PI3,Sr,P,I,1.258,1.287191,
plus_unverified,lobo,0,3,xgb_magpie,Sr3SbCl3,Sr,Sb,Cl,1.712,1.473604,
plus_unverified,lobo,0,3,xgb_magpie,Sr3SbI3,Sr,Sb,I,1.31,1.182699,
plus_unverified,lobo,0,0,xgb_physics9,Ba3AsBr3,Ba,As,Br,0.92,0.956495,
plus_unverified,lobo,0,0,xgb_physics9,Ba3AsCl3,Ba,As,Cl,0.969,1.006045,
plus_unverified,lobo,0,0,xgb_physics9,Ba3AsI3,Ba,As,I,0.802,0.798208,
plus_unverified,lobo,0,1,xgb_physics9,Ba3BiBr3,Ba,Bi,Br,0.912,1.024064,
plus_unverified,lobo,0,1,xgb_physics9,Ba3BiCl3,Ba,Bi,Cl,0.957,1.0262,
plus_unverified,lobo,0,1,xgb_physics9,Ba3BiI3,Ba,Bi,I,0.786,0.82342,
plus_unverified,lobo,0,2,xgb_physics9,Ba3PBr3,Ba,P,Br,0.944,0.936153,
plus_unverified,lobo,0,2,xgb_physics9,Ba3PCl3,Ba,P,Cl,0.964,0.927225,
plus_unverified,lobo,0,2,xgb_physics9,Ba3PI3,Ba,P,I,0.764,0.809924,
plus_unverified,lobo,0,3,xgb_physics9,Ba3SbBr3,Ba,Sb,Br,1.0819,0.916846,
plus_unverified,lobo,0,3,xgb_physics9,Ba3SbCl3,Ba,Sb,Cl,1.002,0.995512,
plus_unverified,lobo,0,3,xgb_physics9,Ba3SbI3,Ba,Sb,I,0.78,0.808917,
plus_unverified,lobo,0,0,xgb_physics9,Ca3AsBr3,Ca,As,Br,1.634,1.864753,
plus_unverified,lobo,0,0,xgb_physics9,Ca3AsCl3,Ca,As,Cl,1.742,2.037536,
plus_unverified,lobo,0,0,xgb_physics9,Ca3AsF3,Ca,As,F,2.27,2.452598,
plus_unverified,lobo,0,1,xgb_physics9,Ca3BiBr3,Ca,Bi,Br,1.6,1.716353,
plus_unverified,lobo,0,1,xgb_physics9,Ca3BiCl3,Ca,Bi,Cl,1.76,1.823815,
plus_unverified,lobo,0,1,xgb_physics9,Ca3BiI3,Ca,Bi,I,1.325,1.246211,
plus_unverified,lobo,0,2,xgb_physics9,Ca3PBr3,Ca,P,Br,1.8846,1.674251,
plus_unverified,lobo,0,2,xgb_physics9,Ca3PCl3,Ca,P,Cl,2.035,1.725925,
plus_unverified,lobo,0,2,xgb_physics9,Ca3PF3,Ca,P,F,2.518,2.229914,
plus_unverified,lobo,0,2,xgb_physics9,Ca3PI3,Ca,P,I,1.4909,1.303644,
plus_unverified,lobo,0,3,xgb_physics9,Ca3SbBr3,Ca,Sb,Br,1.782,1.644466,
plus_unverified,lobo,0,3,xgb_physics9,Ca3SbCl3,Ca,Sb,Cl,1.814,1.853146,
plus_unverified,lobo,0,3,xgb_physics9,Ca3SbF3,Ca,Sb,F,2.19,2.228724,
plus_unverified,lobo,0,0,xgb_physics9,Mg3AsBr3,Mg,As,Br,1.2907,1.365556,
plus_unverified,lobo,0,1,xgb_physics9,Mg3BiBr3,Mg,Bi,Br,0.9648,1.028868,
plus_unverified,lobo,0,1,xgb_physics9,Mg3BiI3,Mg,Bi,I,0.224,0.1322,
plus_unverified,lobo,0,2,xgb_physics9,Mg3PBr3,Mg,P,Br,1.506,1.214016,
plus_unverified,lobo,0,2,xgb_physics9,Mg3PCl3,Mg,P,Cl,2.297,1.694045,
plus_unverified,lobo,0,2,xgb_physics9,Mg3PI3,Mg,P,I,0.377,0.393049,
plus_unverified,lobo,0,3,xgb_physics9,Mg3SbBr3,Mg,Sb,Br,0.9418,1.180876,
plus_unverified,lobo,0,3,xgb_physics9,Mg3SbCl3,Mg,Sb,Cl,1.7283,1.87073,
plus_unverified,lobo,0,3,xgb_physics9,Mg3SbF3,Mg,Sb,F,3.184,2.216963,
plus_unverified,lobo,0,3,xgb_physics9,Mg3SbI3,Mg,Sb,I,0.1057,0.355321,
plus_unverified,lobo,0,0,xgb_physics9,Sr3AsCl3,Sr,As,Cl,1.7,1.709658,
plus_unverified,lobo,0,0,xgb_physics9,Sr3AsI3,Sr,As,I,1.265,1.271359,
plus_unverified,lobo,0,2,xgb_physics9,Sr3PBr3,Sr,P,Br,1.55,1.602462,
plus_unverified,lobo,0,2,xgb_physics9,Sr3PCl3,Sr,P,Cl,1.677,1.672866,
plus_unverified,lobo,0,2,xgb_physics9,Sr3PI3,Sr,P,I,1.258,1.272125,
plus_unverified,lobo,0,3,xgb_physics9,Sr3SbCl3,Sr,Sb,Cl,1.712,1.66144,
plus_unverified,lobo,0,3,xgb_physics9,Sr3SbI3,Sr,Sb,I,1.31,1.229659,
plus_unverified,loao,0,0,gpr_physics9,Ba3AsBr3,Ba,As,Br,0.92,1.265639,0.159834
plus_unverified,loao,0,0,gpr_physics9,Ba3AsCl3,Ba,As,Cl,0.969,1.40194,0.165738
plus_unverified,loao,0,0,gpr_physics9,Ba3AsI3,Ba,As,I,0.802,1.043529,0.17014
plus_unverified,loao,0,0,gpr_physics9,Ba3BiBr3,Ba,Bi,Br,0.912,1.418674,0.200126
plus_unverified,loao,0,0,gpr_physics9,Ba3BiCl3,Ba,Bi,Cl,0.957,1.529994,0.204989
plus_unverified,loao,0,0,gpr_physics9,Ba3BiI3,Ba,Bi,I,0.786,1.19185,0.210604
plus_unverified,loao,0,0,gpr_physics9,Ba3PBr3,Ba,P,Br,0.944,1.293933,0.163244
plus_unverified,loao,0,0,gpr_physics9,Ba3PCl3,Ba,P,Cl,0.964,1.443605,0.17207
plus_unverified,loao,0,0,gpr_physics9,Ba3PI3,Ba,P,I,0.764,1.062609,0.17903
plus_unverified,loao,0,0,gpr_physics9,Ba3SbBr3,Ba,Sb,Br,1.0819,1.402357,0.177196
plus_unverified,loao,0,0,gpr_physics9,Ba3SbCl3,Ba,Sb,Cl,1.002,1.520784,0.181357
plus_unverified,loao,0,0,gpr_physics9,Ba3SbI3,Ba,Sb,I,0.78,1.171687,0.186195
plus_unverified,loao,0,1,gpr_physics9,Ca3AsBr3,Ca,As,Br,1.634,1.17149,1.099272
plus_unverified,loao,0,1,gpr_physics9,Ca3AsCl3,Ca,As,Cl,1.742,1.17149,1.099272
plus_unverified,loao,0,1,gpr_physics9,Ca3AsF3,Ca,As,F,2.27,1.17149,1.099272
plus_unverified,loao,0,1,gpr_physics9,Ca3BiBr3,Ca,Bi,Br,1.6,1.17149,1.099272
plus_unverified,loao,0,1,gpr_physics9,Ca3BiCl3,Ca,Bi,Cl,1.76,1.17149,1.099272
plus_unverified,loao,0,1,gpr_physics9,Ca3BiI3,Ca,Bi,I,1.325,1.17149,1.099272
plus_unverified,loao,0,1,gpr_physics9,Ca3PBr3,Ca,P,Br,1.8846,1.17149,1.099272
plus_unverified,loao,0,1,gpr_physics9,Ca3PCl3,Ca,P,Cl,2.035,1.17149,1.099272
plus_unverified,loao,0,1,gpr_physics9,Ca3PF3,Ca,P,F,2.518,1.17149,1.099272
plus_unverified,loao,0,1,gpr_physics9,Ca3PI3,Ca,P,I,1.4909,1.17149,1.099272
plus_unverified,loao,0,1,gpr_physics9,Ca3SbBr3,Ca,Sb,Br,1.782,1.17149,1.099272
plus_unverified,loao,0,1,gpr_physics9,Ca3SbCl3,Ca,Sb,Cl,1.814,1.17149,1.099272
plus_unverified,loao,0,1,gpr_physics9,Ca3SbF3,Ca,Sb,F,2.19,1.17149,1.099272
plus_unverified,loao,0,2,gpr_physics9,Mg3AsBr3,Mg,As,Br,1.2907,1.626906,0.896983
plus_unverified,loao,0,2,gpr_physics9,Mg3BiBr3,Mg,Bi,Br,0.9648,1.54856,0.898143
plus_unverified,loao,0,2,gpr_physics9,Mg3BiI3,Mg,Bi,I,0.224,1.453759,0.900531
plus_unverified,loao,0,2,gpr_physics9,Mg3PBr3,Mg,P,Br,1.506,1.678517,0.898208
plus_unverified,loao,0,2,gpr_physics9,Mg3PCl3,Mg,P,Cl,2.297,1.745657,0.897248
plus_unverified,loao,0,2,gpr_physics9,Mg3PI3,Mg,P,I,0.377,1.572965,0.903331
plus_unverified,loao,0,2,gpr_physics9,Mg3SbBr3,Mg,Sb,Br,0.9418,1.580474,0.896915
plus_unverified,loao,0,2,gpr_physics9,Mg3SbCl3,Mg,Sb,Cl,1.7283,1.641458,0.89747
plus_unverified,loao,0,2,gpr_physics9,Mg3SbF3,Mg,Sb,F,3.184,1.840846,0.918819
plus_unverified,loao,0,2,gpr_physics9,Mg3SbI3,Mg,Sb,I,0.1057,1.483253,0.899825
plus_unverified,loao,0,3,gpr_physics9,Sr3AsCl3,Sr,As,Cl,1.7,1.427753,0.103814
plus_unverified,loao,0,3,gpr_physics9,Sr3AsI3,Sr,As,I,1.265,1.142764,0.109978
plus_unverified,loao,0,3,gpr_physics9,Sr3PBr3,Sr,P,Br,1.55,1.471898,0.103887
plus_unverified,loao,0,3,gpr_physics9,Sr3PCl3,Sr,P,Cl,1.677,1.561247,0.104186
plus_unverified,loao,0,3,gpr_physics9,Sr3PI3,Sr,P,I,1.258,1.220497,0.10558
plus_unverified,loao,0,3,gpr_physics9,Sr3SbCl3,Sr,Sb,Cl,1.712,1.485662,0.103764
plus_unverified,loao,0,3,gpr_physics9,Sr3SbI3,Sr,Sb,I,1.31,1.18688,0.107938
plus_unverified,loao,0,0,halide_rule,Ba3AsBr3,Ba,As,Br,0.92,1.461544,
plus_unverified,loao,0,0,halide_rule,Ba3AsCl3,Ba,As,Cl,0.969,1.829478,
plus_unverified,loao,0,0,halide_rule,Ba3AsI3,Ba,As,I,0.802,0.91945,
plus_unverified,loao,0,0,halide_rule,Ba3BiBr3,Ba,Bi,Br,0.912,1.461544,
plus_unverified,loao,0,0,halide_rule,Ba3BiCl3,Ba,Bi,Cl,0.957,1.829478,
plus_unverified,loao,0,0,halide_rule,Ba3BiI3,Ba,Bi,I,0.786,0.91945,
plus_unverified,loao,0,0,halide_rule,Ba3PBr3,Ba,P,Br,0.944,1.461544,
plus_unverified,loao,0,0,halide_rule,Ba3PCl3,Ba,P,Cl,0.964,1.829478,
plus_unverified,loao,0,0,halide_rule,Ba3PI3,Ba,P,I,0.764,0.91945,
plus_unverified,loao,0,0,halide_rule,Ba3SbBr3,Ba,Sb,Br,1.0819,1.461544,
plus_unverified,loao,0,0,halide_rule,Ba3SbCl3,Ba,Sb,Cl,1.002,1.829478,
plus_unverified,loao,0,0,halide_rule,Ba3SbI3,Ba,Sb,I,0.78,0.91945,
plus_unverified,loao,0,1,halide_rule,Ca3AsBr3,Ca,As,Br,1.634,1.123467,
plus_unverified,loao,0,1,halide_rule,Ca3AsCl3,Ca,As,Cl,1.742,1.445144,
plus_unverified,loao,0,1,halide_rule,Ca3AsF3,Ca,As,F,2.27,3.184,
plus_unverified,loao,0,1,halide_rule,Ca3BiBr3,Ca,Bi,Br,1.6,1.123467,
plus_unverified,loao,0,1,halide_rule,Ca3BiCl3,Ca,Bi,Cl,1.76,1.445144,
plus_unverified,loao,0,1,halide_rule,Ca3BiI3,Ca,Bi,I,1.325,0.76717,
plus_unverified,loao,0,1,halide_rule,Ca3PBr3,Ca,P,Br,1.8846,1.123467,
plus_unverified,loao,0,1,halide_rule,Ca3PCl3,Ca,P,Cl,2.035,1.445144,
plus_unverified,loao,0,1,halide_rule,Ca3PF3,Ca,P,F,2.518,3.184,
plus_unverified,loao,0,1,halide_rule,Ca3PI3,Ca,P,I,1.4909,0.76717,
plus_unverified,loao,0,1,halide_rule,Ca3SbBr3,Ca,Sb,Br,1.782,1.123467,
plus_unverified,loao,0,1,halide_rule,Ca3SbCl3,Ca,Sb,Cl,1.814,1.445144,
plus_unverified,loao,0,1,halide_rule,Ca3SbF3,Ca,Sb,F,2.19,3.184,
plus_unverified,loao,0,2,halide_rule,Mg3AsBr3,Mg,As,Br,1.2907,1.367611,
plus_unverified,loao,0,2,halide_rule,Mg3BiBr3,Mg,Bi,Br,0.9648,1.367611,
plus_unverified,loao,0,2,halide_rule,Mg3BiI3,Mg,Bi,I,0.224,1.086767,
plus_unverified,loao,0,2,halide_rule,Mg3PBr3,Mg,P,Br,1.506,1.367611,
plus_unverified,loao,0,2,halide_rule,Mg3PCl3,Mg,P,Cl,2.297,1.484727,
plus_unverified,loao,0,2,halide_rule,Mg3PI3,Mg,P,I,0.377,1.086767,
plus_unverified,loao,0,2,halide_rule,Mg3SbBr3,Mg,Sb,Br,0.9418,1.367611,
plus_unverified,loao,0,2,halide_rule,Mg3SbCl3,Mg,Sb,Cl,1.7283,1.484727,
plus_unverified,loao,0,2,halide_rule,Mg3SbF3,Mg,Sb,F,3.184,2.326,
plus_unverified,loao,0,2,halide_rule,Mg3SbI3,Mg,Sb,I,0.1057,1.086767,
plus_unverified,loao,0,3,halide_rule,Sr3AsCl3,Sr,As,Cl,1.7,1.52683,
plus_unverified,loao,0,3,halide_rule,Sr3AsI3,Sr,As,I,1.265,0.7394,
plus_unverified,loao,0,3,halide_rule,Sr3PBr3,Sr,P,Br,1.55,1.288483,
plus_unverified,loao,0,3,halide_rule,Sr3PCl3,Sr,P,Cl,1.677,1.52683,
plus_unverified,loao,0,3,halide_rule,Sr3PI3,Sr,P,I,1.258,0.7394,
plus_unverified,loao,0,3,halide_rule,Sr3SbCl3,Sr,Sb,Cl,1.712,1.52683,
plus_unverified,loao,0,3,halide_rule,Sr3SbI3,Sr,Sb,I,1.31,0.7394,
plus_unverified,loao,0,0,mean,Ba3AsBr3,Ba,As,Br,0.92,1.571227,
plus_unverified,loao,0,0,mean,Ba3AsCl3,Ba,As,Cl,0.969,1.571227,
plus_unverified,loao,0,0,mean,Ba3AsI3,Ba,As,I,0.802,1.571227,
plus_unverified,loao,0,0,mean,Ba3BiBr3,Ba,Bi,Br,0.912,1.571227,
plus_unverified,loao,0,0,mean,Ba3BiCl3,Ba,Bi,Cl,0.957,1.571227,
plus_unverified,loao,0,0,mean,Ba3BiI3,Ba,Bi,I,0.786,1.571227,
plus_unverified,loao,0,0,mean,Ba3PBr3,Ba,P,Br,0.944,1.571227,
plus_unverified,loao,0,0,mean,Ba3PCl3,Ba,P,Cl,0.964,1.571227,
plus_unverified,loao,0,0,mean,Ba3PI3,Ba,P,I,0.764,1.571227,
plus_unverified,loao,0,0,mean,Ba3SbBr3,Ba,Sb,Br,1.0819,1.571227,
plus_unverified,loao,0,0,mean,Ba3SbCl3,Ba,Sb,Cl,1.002,1.571227,
plus_unverified,loao,0,0,mean,Ba3SbI3,Ba,Sb,I,0.78,1.571227,
plus_unverified,loao,0,1,mean,Ca3AsBr3,Ca,As,Br,1.634,1.17149,
plus_unverified,loao,0,1,mean,Ca3AsCl3,Ca,As,Cl,1.742,1.17149,
plus_unverified,loao,0,1,mean,Ca3AsF3,Ca,As,F,2.27,1.17149,
plus_unverified,loao,0,1,mean,Ca3BiBr3,Ca,Bi,Br,1.6,1.17149,
plus_unverified,loao,0,1,mean,Ca3BiCl3,Ca,Bi,Cl,1.76,1.17149,
plus_unverified,loao,0,1,mean,Ca3BiI3,Ca,Bi,I,1.325,1.17149,
plus_unverified,loao,0,1,mean,Ca3PBr3,Ca,P,Br,1.8846,1.17149,
plus_unverified,loao,0,1,mean,Ca3PCl3,Ca,P,Cl,2.035,1.17149,
plus_unverified,loao,0,1,mean,Ca3PF3,Ca,P,F,2.518,1.17149,
plus_unverified,loao,0,1,mean,Ca3PI3,Ca,P,I,1.4909,1.17149,
plus_unverified,loao,0,1,mean,Ca3SbBr3,Ca,Sb,Br,1.782,1.17149,
plus_unverified,loao,0,1,mean,Ca3SbCl3,Ca,Sb,Cl,1.814,1.17149,
plus_unverified,loao,0,1,mean,Ca3SbF3,Ca,Sb,F,2.19,1.17149,
plus_unverified,loao,0,2,mean,Mg3AsBr3,Mg,As,Br,1.2907,1.418731,
plus_unverified,loao,0,2,mean,Mg3BiBr3,Mg,Bi,Br,0.9648,1.418731,
plus_unverified,loao,0,2,mean,Mg3BiI3,Mg,Bi,I,0.224,1.418731,
plus_unverified,loao,0,2,mean,Mg3PBr3,Mg,P,Br,1.506,1.418731,
plus_unverified,loao,0,2,mean,Mg3PCl3,Mg,P,Cl,2.297,1.418731,
plus_unverified,loao,0,2,mean,Mg3PI3,Mg,P,I,0.377,1.418731,
plus_unverified,loao,0,2,mean,Mg3SbBr3,Mg,Sb,Br,0.9418,1.418731,
plus_unverified,loao,0,2,mean,Mg3SbCl3,Mg,Sb,Cl,1.7283,1.418731,
plus_unverified,loao,0,2,mean,Mg3SbF3,Mg,Sb,F,3.184,1.418731,
plus_unverified,loao,0,2,mean,Mg3SbI3,Mg,Sb,I,0.1057,1.418731,
plus_unverified,loao,0,3,mean,Sr3AsCl3,Sr,As,Cl,1.7,1.358477,
plus_unverified,loao,0,3,mean,Sr3AsI3,Sr,As,I,1.265,1.358477,
plus_unverified,loao,0,3,mean,Sr3PBr3,Sr,P,Br,1.55,1.358477,
plus_unverified,loao,0,3,mean,Sr3PCl3,Sr,P,Cl,1.677,1.358477,
plus_unverified,loao,0,3,mean,Sr3PI3,Sr,P,I,1.258,1.358477,
plus_unverified,loao,0,3,mean,Sr3SbCl3,Sr,Sb,Cl,1.712,1.358477,
plus_unverified,loao,0,3,mean,Sr3SbI3,Sr,Sb,I,1.31,1.358477,
plus_unverified,loao,0,0,rf_magpie,Ba3AsBr3,Ba,As,Br,0.92,1.535352,
plus_unverified,loao,0,0,rf_magpie,Ba3AsCl3,Ba,As,Cl,0.969,1.625697,
plus_unverified,loao,0,0,rf_magpie,Ba3AsI3,Ba,As,I,0.802,1.312816,
plus_unverified,loao,0,0,rf_magpie,Ba3BiBr3,Ba,Bi,Br,0.912,1.391098,
plus_unverified,loao,0,0,rf_magpie,Ba3BiCl3,Ba,Bi,Cl,0.957,1.50709,
plus_unverified,loao,0,0,rf_magpie,Ba3BiI3,Ba,Bi,I,0.786,1.159353,
plus_unverified,loao,0,0,rf_magpie,Ba3PBr3,Ba,P,Br,0.944,1.485008,
plus_unverified,loao,0,0,rf_magpie,Ba3PCl3,Ba,P,Cl,0.964,1.603688,
plus_unverified,loao,0,0,rf_magpie,Ba3PI3,Ba,P,I,0.764,1.307642,
plus_unverified,loao,0,0,rf_magpie,Ba3SbBr3,Ba,Sb,Br,1.0819,1.449196,
plus_unverified,loao,0,0,rf_magpie,Ba3SbCl3,Ba,Sb,Cl,1.002,1.567541,
plus_unverified,loao,0,0,rf_magpie,Ba3SbI3,Ba,Sb,I,0.78,1.186549,
plus_unverified,loao,0,1,rf_magpie,Ca3AsBr3,Ca,As,Br,1.634,1.397076,
plus_unverified,loao,0,1,rf_magpie,Ca3AsCl3,Ca,As,Cl,1.742,1.681429,
plus_unverified,loao,0,1,rf_magpie,Ca3AsF3,Ca,As,F,2.27,2.409037,
plus_unverified,loao,0,1,rf_magpie,Ca3BiBr3,Ca,Bi,Br,1.6,1.123989,
plus_unverified,loao,0,1,rf_magpie,Ca3BiCl3,Ca,Bi,Cl,1.76,1.218084,
plus_unverified,loao,0,1,rf_magpie,Ca3BiI3,Ca,Bi,I,1.325,1.041685,
plus_unverified,loao,0,1,rf_magpie,Ca3PBr3,Ca,P,Br,1.8846,1.519265,
plus_unverified,loao,0,1,rf_magpie,Ca3PCl3,Ca,P,Cl,2.035,1.799462,
plus_unverified,loao,0,1,rf_magpie,Ca3PF3,Ca,P,F,2.518,2.430732,
plus_unverified,loao,0,1,rf_magpie,Ca3PI3,Ca,P,I,1.4909,1.231715,
plus_unverified,loao,0,1,rf_magpie,Ca3SbBr3,Ca,Sb,Br,1.782,1.342309,
plus_unverified,loao,0,1,rf_magpie,Ca3SbCl3,Ca,Sb,Cl,1.814,1.662269,
plus_unverified,loao,0,1,rf_magpie,Ca3SbF3,Ca,Sb,F,2.19,2.160485,
plus_unverified,loao,0,2,rf_magpie,Mg3AsBr3,Mg,As,Br,1.2907,1.740937,
plus_unverified,loao,0,2,rf_magpie,Mg3BiBr3,Mg,Bi,Br,0.9648,1.666916,
plus_unverified,loao,0,2,rf_magpie,Mg3BiI3,Mg,Bi,I,0.224,1.413153,
plus_unverified,loao,0,2,rf_magpie,Mg3PBr3,Mg,P,Br,1.506,1.778048,
plus_unverified,loao,0,2,rf_magpie,Mg3PCl3,Mg,P,Cl,2.297,1.857893,
plus_unverified,loao,0,2,rf_magpie,Mg3PI3,Mg,P,I,0.377,1.598332,
plus_unverified,loao,0,2,rf_magpie,Mg3SbBr3,Mg,Sb,Br,0.9418,1.714805,
plus_unverified,loao,0,2,rf_magpie,Mg3SbCl3,Mg,Sb,Cl,1.7283,1.780785,
plus_unverified,loao,0,2,rf_magpie,Mg3SbF3,Mg,Sb,F,3.184,1.997031,
plus_unverified,loao,0,2,rf_magpie,Mg3SbI3,Mg,Sb,I,0.1057,1.478222,
plus_unverified,loao,0,3,rf_magpie,Sr3AsCl3,Sr,As,Cl,1.7,1.577975,
plus_unverified,loao,0,3,rf_magpie,Sr3AsI3,Sr,As,I,1.265,1.116569,
plus_unverified,loao,0,3,rf_magpie,Sr3PBr3,Sr,P,Br,1.55,1.392832,
plus_unverified,loao,0,3,rf_magpie,Sr3PCl3,Sr,P,Cl,1.677,1.672585,
plus_unverified,loao,0,3,rf_magpie,Sr3PI3,Sr,P,I,1.258,1.129429,
plus_unverified,loao,0,3,rf_magpie,Sr3SbCl3,Sr,Sb,Cl,1.712,1.440216,
plus_unverified,loao,0,3,rf_magpie,Sr3SbI3,Sr,Sb,I,1.31,1.180945,
plus_unverified,loao,0,0,rf_physics9,Ba3AsBr3,Ba,As,Br,0.92,1.614917,
plus_unverified,loao,0,0,rf_physics9,Ba3AsCl3,Ba,As,Cl,0.969,1.709367,
plus_unverified,loao,0,0,rf_physics9,Ba3AsI3,Ba,As,I,0.802,1.285203,
plus_unverified,loao,0,0,rf_physics9,Ba3BiBr3,Ba,Bi,Br,0.912,1.623784,
plus_unverified,loao,0,0,rf_physics9,Ba3BiCl3,Ba,Bi,Cl,0.957,1.760967,
plus_unverified,loao,0,0,rf_physics9,Ba3BiI3,Ba,Bi,I,0.786,1.267426,
plus_unverified,loao,0,0,rf_physics9,Ba3PBr3,Ba,P,Br,0.944,1.641668,
plus_unverified,loao,0,0,rf_physics9,Ba3PCl3,Ba,P,Cl,0.964,1.752452,
plus_unverified,loao,0,0,rf_physics9,Ba3PI3,Ba,P,I,0.764,1.321424,
plus_unverified,loao,0,0,rf_physics9,Ba3SbBr3,Ba,Sb,Br,1.0819,1.666697,
plus_unverified,loao,0,0,rf_physics9,Ba3SbCl3,Ba,Sb,Cl,1.002,1.719252,
plus_unverified,loao,0,0,rf_physics9,Ba3SbI3,Ba,Sb,I,0.78,1.292202,
plus_unverified,loao,0,1,rf_physics9,Ca3AsBr3,Ca,As,Br,1.634,1.445729,
plus_unverified,loao,0,1,rf_physics9,Ca3AsCl3,Ca,As,Cl,1.742,1.696906,
plus_unverified,loao,0,1,rf_physics9,Ca3AsF3,Ca,As,F,2.27,2.334892,
plus_unverified,loao,0,1,rf_physics9,Ca3BiBr3,Ca,Bi,Br,1.6,1.287284,
plus_unverified,loao,0,1,rf_physics9,Ca3BiCl3,Ca,Bi,Cl,1.76,1.64852,
plus_unverified,loao,0,1,rf_physics9,Ca3BiI3,Ca,Bi,I,1.325,1.12885,
plus_unverified,loao,0,1,rf_physics9,Ca3PBr3,Ca,P,Br,1.8846,1.491773,
plus_unverified,loao,0,1,rf_physics9,Ca3PCl3,Ca,P,Cl,2.035,1.742236,
plus_unverified,loao,0,1,rf_physics9,Ca3PF3,Ca,P,F,2.518,2.350916,
plus_unverified,loao,0,1,rf_physics9,Ca3PI3,Ca,P,I,1.4909,1.284923,
plus_unverified,loao,0,1,rf_physics9,Ca3SbBr3,Ca,Sb,Br,1.782,1.323862,
plus_unverified,loao,0,1,rf_physics9,Ca3SbCl3,Ca,Sb,Cl,1.814,1.689399,
plus_unverified,loao,0,1,rf_physics9,Ca3SbF3,Ca,Sb,F,2.19,2.52998,
plus_unverified,loao,0,2,rf_physics9,Mg3AsBr3,Mg,As,Br,1.2907,1.627733,
plus_unverified,loao,0,2,rf_physics9,Mg3BiBr3,Mg,Bi,Br,0.9648,1.598323,
plus_unverified,loao,0,2,rf_physics9,Mg3BiI3,Mg,Bi,I,0.224,1.371053,
plus_unverified,loao,0,2,rf_physics9,Mg3PBr3,Mg,P,Br,1.506,1.73663,
plus_unverified,loao,0,2,rf_physics9,Mg3PCl3,Mg,P,Cl,2.297,1.919053,
plus_unverified,loao,0,2,rf_physics9,Mg3PI3,Mg,P,I,0.377,1.439131,
plus_unverified,loao,0,2,rf_physics9,Mg3SbBr3,Mg,Sb,Br,0.9418,1.659139,
plus_unverified,loao,0,2,rf_physics9,Mg3SbCl3,Mg,Sb,Cl,1.7283,1.782933,
plus_unverified,loao,0,2,rf_physics9,Mg3SbF3,Mg,Sb,F,3.184,2.212263,
plus_unverified,loao,0,2,rf_physics9,Mg3SbI3,Mg,Sb,I,0.1057,1.369268,
plus_unverified,loao,0,3,rf_physics9,Sr3AsCl3,Sr,As,Cl,1.7,1.786666,
plus_unverified,loao,0,3,rf_physics9,Sr3AsI3,Sr,As,I,1.265,1.271173,
plus_unverified,loao,0,3,rf_physics9,Sr3PBr3,Sr,P,Br,1.55,1.853173,
plus_unverified,loao,0,3,rf_physics9,Sr3PCl3,Sr,P,Cl,1.677,2.025616,
plus_unverified,loao,0,3,rf_physics9,Sr3PI3,Sr,P,I,1.258,1.305588,
plus_unverified,loao,0,3,rf_physics9,Sr3SbCl3,Sr,Sb,Cl,1.712,1.791193,
plus_unverified,loao,0,3,rf_physics9,Sr3SbI3,Sr,Sb,I,1.31,1.200482,
plus_unverified,loao,0,0,ridge_magpie,Ba3AsBr3,Ba,As,Br,0.92,1.140096,
plus_unverified,loao,0,0,ridge_magpie,Ba3AsCl3,Ba,As,Cl,0.969,1.398652,
plus_unverified,loao,0,0,ridge_magpie,Ba3AsI3,Ba,As,I,0.802,1.036648,
plus_unverified,loao,0,0,ridge_magpie,Ba3BiBr3,Ba,Bi,Br,0.912,1.323363,
plus_unverified,loao,0,0,ridge_magpie,Ba3BiCl3,Ba,Bi,Cl,0.957,1.377009,
plus_unverified,loao,0,0,ridge_magpie,Ba3BiI3,Ba,Bi,I,0.786,1.395891,
plus_unverified,loao,0,0,ridge_magpie,Ba3PBr3,Ba,P,Br,0.944,1.298221,
plus_unverified,loao,0,0,ridge_magpie,Ba3PCl3,Ba,P,Cl,0.964,1.521519,
plus_unverified,loao,0,0,ridge_magpie,Ba3PI3,Ba,P,I,0.764,1.172253,
plus_unverified,loao,0,0,ridge_magpie,Ba3SbBr3,Ba,Sb,Br,1.0819,1.293176,
plus_unverified,loao,0,0,ridge_magpie,Ba3SbCl3,Ba,Sb,Cl,1.002,1.347689,
plus_unverified,loao,0,0,ridge_magpie,Ba3SbI3,Ba,Sb,I,0.78,1.303907,
plus_unverified,loao,0,1,ridge_magpie,Ca3AsBr3,Ca,As,Br,1.634,1.989095,
plus_unverified,loao,0,1,ridge_magpie,Ca3AsCl3,Ca,As,Cl,1.742,2.274176,
plus_unverified,loao,0,1,ridge_magpie,Ca3AsF3,Ca,As,F,2.27,3.531642,
plus_unverified,loao,0,1,ridge_magpie,Ca3BiBr3,Ca,Bi,Br,1.6,1.545575,
plus_unverified,loao,0,1,ridge_magpie,Ca3BiCl3,Ca,Bi,Cl,1.76,1.811795,
plus_unverified,loao,0,1,ridge_magpie,Ca3BiI3,Ca,Bi,I,1.325,0.899659,
plus_unverified,loao,0,1,ridge_magpie,Ca3PBr3,Ca,P,Br,1.8846,1.980593,
plus_unverified,loao,0,1,ridge_magpie,Ca3PCl3,Ca,P,Cl,2.035,2.29015,
plus_unverified,loao,0,1,ridge_magpie,Ca3PF3,Ca,P,F,2.518,3.564653,
plus_unverified,loao,0,1,ridge_magpie,Ca3PI3,Ca,P,I,1.4909,1.107184,
plus_unverified,loao,0,1,ridge_magpie,Ca3SbBr3,Ca,Sb,Br,1.782,1.713437,
plus_unverified,loao,0,1,ridge_magpie,Ca3SbCl3,Ca,Sb,Cl,1.814,1.991832,
plus_unverified,loao,0,1,ridge_magpie,Ca3SbF3,Ca,Sb,F,2.19,3.283984,
plus_unverified,loao,0,2,ridge_magpie,Mg3AsBr3,Mg,As,Br,1.2907,1.47254,
plus_unverified,loao,0,2,ridge_magpie,Mg3BiBr3,Mg,Bi,Br,0.9648,1.069347,
plus_unverified,loao,0,2,ridge_magpie,Mg3BiI3,Mg,Bi,I,0.224,0.772521,
plus_unverified,loao,0,2,ridge_magpie,Mg3PBr3,Mg,P,Br,1.506,1.432177,
plus_unverified,loao,0,2,ridge_magpie,Mg3PCl3,Mg,P,Cl,2.297,1.611992,
plus_unverified,loao,0,2,ridge_magpie,Mg3PI3,Mg,P,I,0.377,1.137176,
plus_unverified,loao,0,2,ridge_magpie,Mg3SbBr3,Mg,Sb,Br,0.9418,1.175535,
plus_unverified,loao,0,2,ridge_magpie,Mg3SbCl3,Mg,Sb,Cl,1.7283,1.282694,
plus_unverified,loao,0,2,ridge_magpie,Mg3SbF3,Mg,Sb,F,3.184,1.71055,
plus_unverified,loao,0,2,ridge_magpie,Mg3SbI3,Mg,Sb,I,0.1057,0.912347,
plus_unverified,loao,0,3,ridge_magpie,Sr3AsCl3,Sr,As,Cl,1.7,1.463635,
plus_unverified,loao,0,3,ridge_magpie,Sr3AsI3,Sr,As,I,1.265,0.984414,
plus_unverified,loao,0,3,ridge_magpie,Sr3PBr3,Sr,P,Br,1.55,1.386775,
plus_unverified,loao,0,3,ridge_magpie,Sr3PCl3,Sr,P,Cl,1.677,1.529223,
plus_unverified,loao,0,3,ridge_magpie,Sr3PI3,Sr,P,I,1.258,1.101522,
plus_unverified,loao,0,3,ridge_magpie,Sr3SbCl3,Sr,Sb,Cl,1.712,1.369437,
plus_unverified,loao,0,3,ridge_magpie,Sr3SbI3,Sr,Sb,I,1.31,1.025132,
plus_unverified,loao,0,0,ridge_physics9,Ba3AsBr3,Ba,As,Br,0.92,1.674686,
plus_unverified,loao,0,0,ridge_physics9,Ba3AsCl3,Ba,As,Cl,0.969,1.906924,
plus_unverified,loao,0,0,ridge_physics9,Ba3AsI3,Ba,As,I,0.802,1.321791,
plus_unverified,loao,0,0,ridge_physics9,Ba3BiBr3,Ba,Bi,Br,0.912,1.558285,
plus_unverified,loao,0,0,ridge_physics9,Ba3BiCl3,Ba,Bi,Cl,0.957,1.794193,
plus_unverified,loao,0,0,ridge_physics9,Ba3BiI3,Ba,Bi,I,0.786,1.200557,
plus_unverified,loao,0,0,ridge_physics9,Ba3PBr3,Ba,P,Br,0.944,1.710148,
plus_unverified,loao,0,0,ridge_physics9,Ba3PCl3,Ba,P,Cl,0.964,1.940867,
plus_unverified,loao,0,0,ridge_physics9,Ba3PI3,Ba,P,I,0.764,1.359252,
plus_unverified,loao,0,0,ridge_physics9,Ba3SbBr3,Ba,Sb,Br,1.0819,1.589967,
plus_unverified,loao,0,0,ridge_physics9,Ba3SbCl3,Ba,Sb,Cl,1.002,1.824736,
plus_unverified,loao,0,0,ridge_physics9,Ba3SbI3,Ba,Sb,I,0.78,1.233739,
plus_unverified,loao,0,1,ridge_physics9,Ca3AsBr3,Ca,As,Br,1.634,1.552667,
plus_unverified,loao,0,1,ridge_physics9,Ca3AsCl3,Ca,As,Cl,1.742,1.850641,
plus_unverified,loao,0,1,ridge_physics9,Ca3AsF3,Ca,As,F,2.27,3.600681,
plus_unverified,loao,0,1,ridge_physics9,Ca3BiBr3,Ca,Bi,Br,1.6,1.402597,
plus_unverified,loao,0,1,ridge_physics9,Ca3BiCl3,Ca,Bi,Cl,1.76,1.706631,
plus_unverified,loao,0,1,ridge_physics9,Ca3BiI3,Ca,Bi,I,1.325,1.009229,
plus_unverified,loao,0,1,ridge_physics9,Ca3PBr3,Ca,P,Br,1.8846,1.648423,
plus_unverified,loao,0,1,ridge_physics9,Ca3PCl3,Ca,P,Cl,2.035,1.94389,
plus_unverified,loao,0,1,ridge_physics9,Ca3PF3,Ca,P,F,2.518,3.682103,
plus_unverified,loao,0,1,ridge_physics9,Ca3PI3,Ca,P,I,1.4909,1.266334,
plus_unverified,loao,0,1,ridge_physics9,Ca3SbBr3,Ca,Sb,Br,1.782,1.460941,
plus_unverified,loao,0,1,ridge_physics9,Ca3SbCl3,Ca,Sb,Cl,1.814,1.763094,
plus_unverified,loao,0,1,ridge_physics9,Ca3SbF3,Ca,Sb,F,2.19,3.532843,
plus_unverified,loao,0,2,ridge_physics9,Mg3AsBr3,Mg,As,Br,1.2907,1.605546,
plus_unverified,loao,0,2,ridge_physics9,Mg3BiBr3,Mg,Bi,Br,0.9648,1.610076,
plus_unverified,loao,0,2,ridge_physics9,Mg3BiI3,Mg,Bi,I,0.224,1.435703,
plus_unverified,loao,0,2,ridge_physics9,Mg3PBr3,Mg,P,Br,1.506,1.699467,
plus_unverified,loao,0,2,ridge_physics9,Mg3PCl3,Mg,P,Cl,2.297,1.847719,
plus_unverified,loao,0,2,ridge_physics9,Mg3PI3,Mg,P,I,0.377,1.457602,
plus_unverified,loao,0,2,ridge_physics9,Mg3SbBr3,Mg,Sb,Br,0.9418,1.642169,
plus_unverified,loao,0,2,ridge_physics9,Mg3SbCl3,Mg,Sb,Cl,1.7283,1.750403,
plus_unverified,loao,0,2,ridge_physics9,Mg3SbF3,Mg,Sb,F,3.184,2.132876,
plus_unverified,loao,0,2,ridge_physics9,Mg3SbI3,Mg,Sb,I,0.1057,1.452981,
plus_unverified,loao,0,3,ridge_physics9,Sr3AsCl3,Sr,As,Cl,1.7,1.572214,
plus_unverified,loao,0,3,ridge_physics9,Sr3AsI3,Sr,As,I,1.265,0.890945,
plus_unverified,loao,0,3,ridge_physics9,Sr3PBr3,Sr,P,Br,1.55,1.448391,
plus_unverified,loao,0,3,ridge_physics9,Sr3PCl3,Sr,P,Cl,1.677,1.712982,
plus_unverified,loao,0,3,ridge_physics9,Sr3PI3,Sr,P,I,1.258,1.035997,
plus_unverified,loao,0,3,ridge_physics9,Sr3SbCl3,Sr,Sb,Cl,1.712,1.566039,
plus_unverified,loao,0,3,ridge_physics9,Sr3SbI3,Sr,Sb,I,1.31,0.877629,
plus_unverified,loao,0,0,xgb_magpie,Ba3AsBr3,Ba,As,Br,0.92,1.524476,
plus_unverified,loao,0,0,xgb_magpie,Ba3AsCl3,Ba,As,Cl,0.969,1.569627,
plus_unverified,loao,0,0,xgb_magpie,Ba3AsI3,Ba,As,I,0.802,1.291128,
plus_unverified,loao,0,0,xgb_magpie,Ba3BiBr3,Ba,Bi,Br,0.912,1.374783,
plus_unverified,loao,0,0,xgb_magpie,Ba3BiCl3,Ba,Bi,Cl,0.957,1.485772,
plus_unverified,loao,0,0,xgb_magpie,Ba3BiI3,Ba,Bi,I,0.786,0.988637,
plus_unverified,loao,0,0,xgb_magpie,Ba3PBr3,Ba,P,Br,0.944,1.480702,
plus_unverified,loao,0,0,xgb_magpie,Ba3PCl3,Ba,P,Cl,0.964,1.546175,
plus_unverified,loao,0,0,xgb_magpie,Ba3PI3,Ba,P,I,0.764,1.266958,
plus_unverified,loao,0,0,xgb_magpie,Ba3SbBr3,Ba,Sb,Br,1.0819,1.417148,
plus_unverified,loao,0,0,xgb_magpie,Ba3SbCl3,Ba,Sb,Cl,1.002,1.57515,
plus_unverified,loao,0,0,xgb_magpie,Ba3SbI3,Ba,Sb,I,0.78,1.037739,
plus_unverified,loao,0,1,xgb_magpie,Ca3AsBr3,Ca,As,Br,1.634,1.515554,
plus_unverified,loao,0,1,xgb_magpie,Ca3AsCl3,Ca,As,Cl,1.742,1.667497,
plus_unverified,loao,0,1,xgb_magpie,Ca3AsF3,Ca,As,F,2.27,2.798773,
plus_unverified,loao,0,1,xgb_magpie,Ca3BiBr3,Ca,Bi,Br,1.6,1.169149,
plus_unverified,loao,0,1,xgb_magpie,Ca3BiCl3,Ca,Bi,Cl,1.76,1.191001,
plus_unverified,loao,0,1,xgb_magpie,Ca3BiI3,Ca,Bi,I,1.325,1.073501,
plus_unverified,loao,0,1,xgb_magpie,Ca3PBr3,Ca,P,Br,1.8846,1.569461,
plus_unverified,loao,0,1,xgb_magpie,Ca3PCl3,Ca,P,Cl,2.035,2.147854,
plus_unverified,loao,0,1,xgb_magpie,Ca3PF3,Ca,P,F,2.518,2.80005,
plus_unverified,loao,0,1,xgb_magpie,Ca3PI3,Ca,P,I,1.4909,1.267595,
plus_unverified,loao,0,1,xgb_magpie,Ca3SbBr3,Ca,Sb,Br,1.782,1.519965,
plus_unverified,loao,0,1,xgb_magpie,Ca3SbCl3,Ca,Sb,Cl,1.814,1.691373,
plus_unverified,loao,0,1,xgb_magpie,Ca3SbF3,Ca,Sb,F,2.19,2.31264,
plus_unverified,loao,0,2,xgb_magpie,Mg3AsBr3,Mg,As,Br,1.2907,1.855808,
plus_unverified,loao,0,2,xgb_magpie,Mg3BiBr3,Mg,Bi,Br,0.9648,1.685918,
plus_unverified,loao,0,2,xgb_magpie,Mg3BiI3,Mg,Bi,I,0.224,1.483862,
plus_unverified,loao,0,2,xgb_magpie,Mg3PBr3,Mg,P,Br,1.506,1.798511,
plus_unverified,loao,0,2,xgb_magpie,Mg3PCl3,Mg,P,Cl,2.297,2.184111,
plus_unverified,loao,0,2,xgb_magpie,Mg3PI3,Mg,P,I,0.377,1.677418,
plus_unverified,loao,0,2,xgb_magpie,Mg3SbBr3,Mg,Sb,Br,0.9418,1.760931,
plus_unverified,loao,0,2,xgb_magpie,Mg3SbCl3,Mg,Sb,Cl,1.7283,2.023809,
plus_unverified,loao,0,2,xgb_magpie,Mg3SbF3,Mg,Sb,F,3.184,2.224674,
plus_unverified,loao,0,2,xgb_magpie,Mg3SbI3,Mg,Sb,I,0.1057,1.535124,
plus_unverified,loao,0,3,xgb_magpie,Sr3AsCl3,Sr,As,Cl,1.7,1.554157,
plus_unverified,loao,0,3,xgb_magpie,Sr3AsI3,Sr,As,I,1.265,1.21081,
plus_unverified,loao,0,3,xgb_magpie,Sr3PBr3,Sr,P,Br,1.55,1.356223,
plus_unverified,loao,0,3,xgb_magpie,Sr3PCl3,Sr,P,Cl,1.677,1.734607,
plus_unverified,loao,0,3,xgb_magpie,Sr3PI3,Sr,P,I,1.258,1.318635,
plus_unverified,loao,0,3,xgb_magpie,Sr3SbCl3,Sr,Sb,Cl,1.712,1.438608,
plus_unverified,loao,0,3,xgb_magpie,Sr3SbI3,Sr,Sb,I,1.31,1.191529,
plus_unverified,loao,0,0,xgb_physics9,Ba3AsBr3,Ba,As,Br,0.92,1.560565,
plus_unverified,loao,0,0,xgb_physics9,Ba3AsCl3,Ba,As,Cl,0.969,1.66758,
plus_unverified,loao,0,0,xgb_physics9,Ba3AsI3,Ba,As,I,0.802,1.251339,
plus_unverified,loao,0,0,xgb_physics9,Ba3BiBr3,Ba,Bi,Br,0.912,1.554436,
plus_unverified,loao,0,0,xgb_physics9,Ba3BiCl3,Ba,Bi,Cl,0.957,1.702247,
plus_unverified,loao,0,0,xgb_physics9,Ba3BiI3,Ba,Bi,I,0.786,1.278569,
plus_unverified,loao,0,0,xgb_physics9,Ba3PBr3,Ba,P,Br,0.944,1.597819,
plus_unverified,loao,0,0,xgb_physics9,Ba3PCl3,Ba,P,Cl,0.964,1.728175,
plus_unverified,loao,0,0,xgb_physics9,Ba3PI3,Ba,P,I,0.764,1.291894,
plus_unverified,loao,0,0,xgb_physics9,Ba3SbBr3,Ba,Sb,Br,1.0819,1.609003,
plus_unverified,loao,0,0,xgb_physics9,Ba3SbCl3,Ba,Sb,Cl,1.002,1.699015,
plus_unverified,loao,0,0,xgb_physics9,Ba3SbI3,Ba,Sb,I,0.78,1.280983,
plus_unverified,loao,0,1,xgb_physics9,Ca3AsBr3,Ca,As,Br,1.634,1.481007,
plus_unverified,loao,0,1,xgb_physics9,Ca3AsCl3,Ca,As,Cl,1.742,1.90976,
plus_unverified,loao,0,1,xgb_physics9,Ca3AsF3,Ca,As,F,2.27,2.884832,
plus_unverified,loao,0,1,xgb_physics9,Ca3BiBr3,Ca,Bi,Br,1.6,1.220492,
plus_unverified,loao,0,1,xgb_physics9,Ca3BiCl3,Ca,Bi,Cl,1.76,1.696105,
plus_unverified,loao,0,1,xgb_physics9,Ca3BiI3,Ca,Bi,I,1.325,0.738621,
plus_unverified,loao,0,1,xgb_physics9,Ca3PBr3,Ca,P,Br,1.8846,1.645903,
plus_unverified,loao,0,1,xgb_physics9,Ca3PCl3,Ca,P,Cl,2.035,2.048954,
plus_unverified,loao,0,1,xgb_physics9,Ca3PF3,Ca,P,F,2.518,2.932412,
plus_unverified,loao,0,1,xgb_physics9,Ca3PI3,Ca,P,I,1.4909,1.015802,
plus_unverified,loao,0,1,xgb_physics9,Ca3SbBr3,Ca,Sb,Br,1.782,1.330872,
plus_unverified,loao,0,1,xgb_physics9,Ca3SbCl3,Ca,Sb,Cl,1.814,1.770756,
plus_unverified,loao,0,1,xgb_physics9,Ca3SbF3,Ca,Sb,F,2.19,2.868948,
plus_unverified,loao,0,2,xgb_physics9,Mg3AsBr3,Mg,As,Br,1.2907,1.712794,
plus_unverified,loao,0,2,xgb_physics9,Mg3BiBr3,Mg,Bi,Br,0.9648,1.627614,
plus_unverified,loao,0,2,xgb_physics9,Mg3BiI3,Mg,Bi,I,0.224,1.310295,
plus_unverified,loao,0,2,xgb_physics9,Mg3PBr3,Mg,P,Br,1.506,1.840476,
plus_unverified,loao,0,2,xgb_physics9,Mg3PCl3,Mg,P,Cl,2.297,1.950951,
plus_unverified,loao,0,2,xgb_physics9,Mg3PI3,Mg,P,I,0.377,1.516664,
plus_unverified,loao,0,2,xgb_physics9,Mg3SbBr3,Mg,Sb,Br,0.9418,1.774684,
plus_unverified,loao,0,2,xgb_physics9,Mg3SbCl3,Mg,Sb,Cl,1.7283,1.83661,
plus_unverified,loao,0,2,xgb_physics9,Mg3SbF3,Mg,Sb,F,3.184,2.205928,
plus_unverified,loao,0,2,xgb_physics9,Mg3SbI3,Mg,Sb,I,0.1057,1.408202,
plus_unverified,loao,0,3,xgb_physics9,Sr3AsCl3,Sr,As,Cl,1.7,1.619972,
plus_unverified,loao,0,3,xgb_physics9,Sr3AsI3,Sr,As,I,1.265,1.150135,
plus_unverified,loao,0,3,xgb_physics9,Sr3PBr3,Sr,P,Br,1.55,1.683363,
plus_unverified,loao,0,3,xgb_physics9,Sr3PCl3,Sr,P,Cl,1.677,1.830788,
plus_unverified,loao,0,3,xgb_physics9,Sr3PI3,Sr,P,I,1.258,1.28395,
plus_unverified,loao,0,3,xgb_physics9,Sr3SbCl3,Sr,Sb,Cl,1.712,1.621014,
plus_unverified,loao,0,3,xgb_physics9,Sr3SbI3,Sr,Sb,I,1.31,1.08964,
plus_unverified,gkf,0,2,gpr_physics9,Ba3AsBr3,Ba,As,Br,0.92,0.847933,0.07462
plus_unverified,gkf,0,2,gpr_physics9,Ba3AsCl3,Ba,As,Cl,0.969,0.862431,0.081756
plus_unverified,gkf,0,3,gpr_physics9,Ba3AsI3,Ba,As,I,0.802,0.725378,0.089947
plus_unverified,gkf,0,3,gpr_physics9,Ba3BiBr3,Ba,Bi,Br,0.912,0.994929,0.086568
plus_unverified,gkf,0,0,gpr_physics9,Ba3BiCl3,Ba,Bi,Cl,0.957,1.010835,0.100224
plus_unverified,gkf,0,2,gpr_physics9,Ba3BiI3,Ba,Bi,I,0.786,0.92649,0.110121
plus_unverified,gkf,0,1,gpr_physics9,Ba3PBr3,Ba,P,Br,0.944,0.909639,0.082657
plus_unverified,gkf,0,4,gpr_physics9,Ba3PCl3,Ba,P,Cl,0.964,1.018122,0.101906
plus_unverified,gkf,0,0,gpr_physics9,Ba3PI3,Ba,P,I,0.764,0.791347,0.107842
plus_unverified,gkf,0,1,gpr_physics9,Ba3SbBr3,Ba,Sb,Br,1.0819,0.922623,0.077069
plus_unverified,gkf,0,4,gpr_physics9,Ba3SbCl3,Ba,Sb,Cl,1.002,1.006876,0.085657
plus_unverified,gkf,0,2,gpr_physics9,Ba3SbI3,Ba,Sb,I,0.78,0.966974,0.092145
plus_unverified,gkf,0,1,gpr_physics9,Ca3AsBr3,Ca,As,Br,1.634,1.794428,0.076947
plus_unverified,gkf,0,0,gpr_physics9,Ca3AsCl3,Ca,As,Cl,1.742,1.925057,0.093591
plus_unverified,gkf,0,4,gpr_physics9,Ca3AsF3,Ca,As,F,2.27,2.302727,0.162422
plus_unverified,gkf,0,1,gpr_physics9,Ca3BiBr3,Ca,Bi,Br,1.6,1.714698,0.088697
plus_unverified,gkf,0,1,gpr_physics9,Ca3BiCl3,Ca,Bi,Cl,1.76,1.79683,0.08717
plus_unverified,gkf,0,1,gpr_physics9,Ca3BiI3,Ca,Bi,I,1.325,1.431077,0.119308
plus_unverified,gkf,0,4,gpr_physics9,Ca3PBr3,Ca,P,Br,1.8846,1.735653,0.088298
plus_unverified,gkf,0,0,gpr_physics9,Ca3PCl3,Ca,P,Cl,2.035,1.995346,0.097843
plus_unverified,gkf,0,4,gpr_physics9,Ca3PF3,Ca,P,F,2.518,2.387871,0.212526
plus_unverified,gkf,0,3,gpr_physics9,Ca3PI3,Ca,P,I,1.4909,1.376024,0.114041
plus_unverified,gkf,0,4,gpr_physics9,Ca3SbBr3,Ca,Sb,Br,1.782,1.626669,0.083163
plus_unverified,gkf,0,3,gpr_physics9,Ca3SbCl3,Ca,Sb,Cl,1.814,1.829706,0.081459
plus_unverified,gkf,0,2,gpr_physics9,Ca3SbF3,Ca,Sb,F,2.19,2.143779,0.221366
plus_unverified,gkf,0,0,gpr_physics9,Mg3AsBr3,Mg,As,Br,1.2907,1.30748,0.099611
plus_unverified,gkf,0,0,gpr_physics9,Mg3BiBr3,Mg,Bi,Br,0.9648,0.972678,0.10128
plus_unverified,gkf,0,1,gpr_physics9,Mg3BiI3,Mg,Bi,I,0.224,-0.004842,0.09629
plus_unverified,gkf,0,4,gpr_physics9,Mg3PBr3,Mg,P,Br,1.506,1.445639,0.093095
plus_unverified,gkf,0,0,gpr_physics9,Mg3PCl3,Mg,P,Cl,2.297,2.028286,0.11794
plus_unverified,gkf,0,0,gpr_physics9,Mg3PI3,Mg,P,I,0.377,0.563455,0.14032
plus_unverified,gkf,0,2,gpr_physics9,Mg3SbBr3,Mg,Sb,Br,0.9418,1.087579,0.068593
plus_unverified,gkf,0,3,gpr_physics9,Mg3SbCl3,Mg,Sb,Cl,1.7283,1.650205,0.106199
plus_unverified,gkf,0,1,gpr_physics9,Mg3SbF3,Mg,Sb,F,3.184,3.696744,0.661673
plus_unverified,gkf,0,3,gpr_physics9,Mg3SbI3,Mg,Sb,I,0.1057,0.220156,0.090376
plus_unverified,gkf,0,2,gpr_physics9,Sr3AsCl3,Sr,As,Cl,1.7,1.476975,0.071268
plus_unverified,gkf,0,1,gpr_physics9,Sr3AsI3,Sr,As,I,1.265,1.292188,0.07912
plus_unverified,gkf,0,3,gpr_physics9,Sr3PBr3,Sr,P,Br,1.55,1.622094,0.086658
plus_unverified,gkf,0,4,gpr_physics9,Sr3PCl3,Sr,P,Cl,1.677,1.721446,0.090223
plus_unverified,gkf,0,0,gpr_physics9,Sr3PI3,Sr,P,I,1.258,1.324482,0.098209
plus_unverified,gkf,0,2,gpr_physics9,Sr3SbCl3,Sr,Sb,Cl,1.712,1.557794,0.069711
plus_unverified,gkf,0,3,gpr_physics9,Sr3SbI3,Sr,Sb,I,1.31,1.306692,0.094464
plus_unverified,gkf,1,5,gpr_physics9,Ba3AsBr3,Ba,As,Br,0.92,0.926232,0.06061
plus_unverified,gkf,1,8,gpr_physics9,Ba3AsCl3,Ba,As,Cl,0.969,1.002164,0.095847
plus_unverified,gkf,1,7,gpr_physics9,Ba3AsI3,Ba,As,I,0.802,0.740251,0.100306
plus_unverified,gkf,1,9,gpr_physics9,Ba3BiBr3,Ba,Bi,Br,0.912,0.994567,0.083649
plus_unverified,gkf,1,5,gpr_physics9,Ba3BiCl3,Ba,Bi,Cl,0.957,1.03636,0.089903
plus_unverified,gkf,1,6,gpr_physics9,Ba3BiI3,Ba,Bi,I,0.786,0.7975,0.093891
plus_unverified,gkf,1,8,gpr_physics9,Ba3PBr3,Ba,P,Br,0.944,0.984475,0.091433
plus_unverified,gkf,1,8,gpr_physics9,Ba3PCl3,Ba,P,Cl,0.964,1.06704,0.111268
plus_unverified,gkf,1,9,gpr_physics9,Ba3PI3,Ba,P,I,0.764,0.798428,0.102604
plus_unverified,gkf,1,6,gpr_physics9,Ba3SbBr3,Ba,Sb,Br,1.0819,0.915429,0.080078
plus_unverified,gkf,1,5,gpr_physics9,Ba3SbCl3,Ba,Sb,Cl,1.002,1.137993,0.077391
plus_unverified,gkf,1,8,gpr_physics9,Ba3SbI3,Ba,Sb,I,0.78,0.827829,0.081512
plus_unverified,gkf,1,5,gpr_physics9,Ca3AsBr3,Ca,As,Br,1.634,1.687136,0.06175
plus_unverified,gkf,1,9,gpr_physics9,Ca3AsCl3,Ca,As,Cl,1.742,1.93585,0.079611
plus_unverified,gkf,1,8,gpr_physics9,Ca3AsF3,Ca,As,F,2.27,2.34546,0.090115
plus_unverified,gkf,1,6,gpr_physics9,Ca3BiBr3,Ca,Bi,Br,1.6,1.582889,0.090912
plus_unverified,gkf,1,7,gpr_physics9,Ca3BiCl3,Ca,Bi,Cl,1.76,1.752746,0.101117
plus_unverified,gkf,1,9,gpr_physics9,Ca3BiI3,Ca,Bi,I,1.325,1.319678,0.150107
plus_unverified,gkf,1,6,gpr_physics9,Ca3PBr3,Ca,P,Br,1.8846,1.722754,0.085187
plus_unverified,gkf,1,8,gpr_physics9,Ca3PCl3,Ca,P,Cl,2.035,1.96383,0.08287
plus_unverified,gkf,1,6,gpr_physics9,Ca3PF3,Ca,P,F,2.518,2.313521,0.107968
plus_unverified,gkf,1,7,gpr_physics9,Ca3PI3,Ca,P,I,1.4909,1.431284,0.151899
plus_unverified,gkf,1,6,gpr_physics9,Ca3SbBr3,Ca,Sb,Br,1.782,1.613475,0.086249
plus_unverified,gkf,1,5,gpr_physics9,Ca3SbCl3,Ca,Sb,Cl,1.814,1.889363,0.059874
plus_unverified,gkf,1,9,gpr_physics9,Ca3SbF3,Ca,Sb,F,2.19,2.042952,0.174353
plus_unverified,gkf,1,9,gpr_physics9,Mg3AsBr3,Mg,As,Br,1.2907,1.28819,0.088815
plus_unverified,gkf,1,7,gpr_physics9,Mg3BiBr3,Mg,Bi,Br,0.9648,0.917058,0.104524
plus_unverified,gkf,1,8,gpr_physics9,Mg3BiI3,Mg,Bi,I,0.224,-0.001002,0.097948
plus_unverified,gkf,1,5,gpr_physics9,Mg3PBr3,Mg,P,Br,1.506,1.550642,0.067188
plus_unverified,gkf,1,6,gpr_physics9,Mg3PCl3,Mg,P,Cl,2.297,2.037409,0.115055
plus_unverified,gkf,1,7,gpr_physics9,Mg3PI3,Mg,P,I,0.377,0.524919,0.17059
plus_unverified,gkf,1,8,gpr_physics9,Mg3SbBr3,Mg,Sb,Br,0.9418,1.098584,0.078435
plus_unverified,gkf,1,5,gpr_physics9,Mg3SbCl3,Mg,Sb,Cl,1.7283,1.550153,0.077835
plus_unverified,gkf,1,6,gpr_physics9,Mg3SbF3,Mg,Sb,F,3.184,2.951459,0.478184
plus_unverified,gkf,1,6,gpr_physics9,Mg3SbI3,Mg,Sb,I,0.1057,0.22375,0.08699
plus_unverified,gkf,1,5,gpr_physics9,Sr3AsCl3,Sr,As,Cl,1.7,1.534782,0.061302
plus_unverified,gkf,1,7,gpr_physics9,Sr3AsI3,Sr,As,I,1.265,1.249613,0.117469
plus_unverified,gkf,1,5,gpr_physics9,Sr3PBr3,Sr,P,Br,1.55,1.565416,0.058116
plus_unverified,gkf,1,9,gpr_physics9,Sr3PCl3,Sr,P,Cl,1.677,1.729948,0.081772
plus_unverified,gkf,1,7,gpr_physics9,Sr3PI3,Sr,P,I,1.258,1.295823,0.128316
plus_unverified,gkf,1,7,gpr_physics9,Sr3SbCl3,Sr,Sb,Cl,1.712,1.602353,0.099606
plus_unverified,gkf,1,9,gpr_physics9,Sr3SbI3,Sr,Sb,I,1.31,1.265557,0.11021
plus_unverified,gkf,2,13,gpr_physics9,Ba3AsBr3,Ba,As,Br,0.92,0.938061,0.093721
plus_unverified,gkf,2,10,gpr_physics9,Ba3AsCl3,Ba,As,Cl,0.969,0.948033,0.081756
plus_unverified,gkf,2,12,gpr_physics9,Ba3AsI3,Ba,As,I,0.802,0.742175,0.102434
plus_unverified,gkf,2,10,gpr_physics9,Ba3BiBr3,Ba,Bi,Br,0.912,1.022017,0.086545
plus_unverified,gkf,2,11,gpr_physics9,Ba3BiCl3,Ba,Bi,Cl,0.957,0.972969,0.067459
plus_unverified,gkf,2,10,gpr_physics9,Ba3BiI3,Ba,Bi,I,0.786,0.812679,0.097248
plus_unverified,gkf,2,13,gpr_physics9,Ba3PBr3,Ba,P,Br,0.944,1.037896,0.11436
plus_unverified,gkf,2,13,gpr_physics9,Ba3PCl3,Ba,P,Cl,0.964,1.108629,0.118872
plus_unverified,gkf,2,13,gpr_physics9,Ba3PI3,Ba,P,I,0.764,0.867739,0.11775
plus_unverified,gkf,2,11,gpr_physics9,Ba3SbBr3,Ba,Sb,Br,1.0819,0.925037,0.057811
plus_unverified,gkf,2,12,gpr_physics9,Ba3SbCl3,Ba,Sb,Cl,1.002,1.01132,0.097929
plus_unverified,gkf,2,13,gpr_physics9,Ba3SbI3,Ba,Sb,I,0.78,0.851995,0.090434
plus_unverified,gkf,2,10,gpr_physics9,Ca3AsBr3,Ca,As,Br,1.634,1.772758,0.079981
plus_unverified,gkf,2,11,gpr_physics9,Ca3AsCl3,Ca,As,Cl,1.742,1.934104,0.057901
plus_unverified,gkf,2,14,gpr_physics9,Ca3AsF3,Ca,As,F,2.27,1.933344,0.625833
plus_unverified,gkf,2,14,gpr_physics9,Ca3BiBr3,Ca,Bi,Br,1.6,1.680081,0.099751
plus_unverified,gkf,2,12,gpr_physics9,Ca3BiCl3,Ca,Bi,Cl,1.76,1.793557,0.099106
plus_unverified,gkf,2,14,gpr_physics9,Ca3BiI3,Ca,Bi,I,1.325,1.373396,0.144651
plus_unverified,gkf,2,12,gpr_physics9,Ca3PBr3,Ca,P,Br,1.8846,1.774168,0.096656
plus_unverified,gkf,2,10,gpr_physics9,Ca3PCl3,Ca,P,Cl,2.035,1.920014,0.08805
plus_unverified,gkf,2,14,gpr_physics9,Ca3PF3,Ca,P,F,2.518,1.997289,0.63369
plus_unverified,gkf,2,11,gpr_physics9,Ca3PI3,Ca,P,I,1.4909,1.414769,0.082589
plus_unverified,gkf,2,11,gpr_physics9,Ca3SbBr3,Ca,Sb,Br,1.782,1.645726,0.056926
plus_unverified,gkf,2,14,gpr_physics9,Ca3SbCl3,Ca,Sb,Cl,1.814,1.842881,0.090645
plus_unverified,gkf,2,14,gpr_physics9,Ca3SbF3,Ca,Sb,F,2.19,1.872695,0.624063
plus_unverified,gkf,2,14,gpr_physics9,Mg3AsBr3,Mg,As,Br,1.2907,1.287469,0.110833
plus_unverified,gkf,2,12,gpr_physics9,Mg3BiBr3,Mg,Bi,Br,0.9648,1.012422,0.103394
plus_unverified,gkf,2,11,gpr_physics9,Mg3BiI3,Mg,Bi,I,0.224,0.019745,0.073886
plus_unverified,gkf,2,14,gpr_physics9,Mg3PBr3,Mg,P,Br,1.506,1.44347,0.112917
plus_unverified,gkf,2,12,gpr_physics9,Mg3PCl3,Mg,P,Cl,2.297,1.989588,0.115334
plus_unverified,gkf,2,11,gpr_physics9,Mg3PI3,Mg,P,I,0.377,0.440724,0.110497
plus_unverified,gkf,2,11,gpr_physics9,Mg3SbBr3,Mg,Sb,Br,0.9418,1.074298,0.058488
plus_unverified,gkf,2,10,gpr_physics9,Mg3SbCl3,Mg,Sb,Cl,1.7283,1.723724,0.11553
plus_unverified,gkf,2,13,gpr_physics9,Mg3SbF3,Mg,Sb,F,3.184,3.480713,0.457716
plus_unverified,gkf,2,10,gpr_physics9,Mg3SbI3,Mg,Sb,I,0.1057,0.225233,0.084008
plus_unverified,gkf,2,12,gpr_physics9,Sr3AsCl3,Sr,As,Cl,1.7,1.619918,0.097791
plus_unverified,gkf,2,13,gpr_physics9,Sr3AsI3,Sr,As,I,1.265,1.214083,0.093592
plus_unverified,gkf,2,10,gpr_physics9,Sr3PBr3,Sr,P,Br,1.55,1.656757,0.090972
plus_unverified,gkf,2,13,gpr_physics9,Sr3PCl3,Sr,P,Cl,1.677,1.751453,0.090816
plus_unverified,gkf,2,10,gpr_physics9,Sr3PI3,Sr,P,I,1.258,1.333072,0.088063
plus_unverified,gkf,2,11,gpr_physics9,Sr3SbCl3,Sr,Sb,Cl,1.712,1.590349,0.063526
plus_unverified,gkf,2,12,gpr_physics9,Sr3SbI3,Sr,Sb,I,1.31,1.268488,0.1023
plus_unverified,gkf,3,19,gpr_physics9,Ba3AsBr3,Ba,As,Br,0.92,0.934608,0.083827
plus_unverified,gkf,3,15,gpr_physics9,Ba3AsCl3,Ba,As,Cl,0.969,0.945428,0.072703
plus_unverified,gkf,3,19,gpr_physics9,Ba3AsI3,Ba,As,I,0.802,0.759335,0.087895
plus_unverified,gkf,3,17,gpr_physics9,Ba3BiBr3,Ba,Bi,Br,0.912,0.929166,0.082272
plus_unverified,gkf,3,19,gpr_physics9,Ba3BiCl3,Ba,Bi,Cl,0.957,1.003373,0.094747
plus_unverified,gkf,3,15,gpr_physics9,Ba3BiI3,Ba,Bi,I,0.786,0.853663,0.097635
plus_unverified,gkf,3,18,gpr_physics9,Ba3PBr3,Ba,P,Br,0.944,0.966736,0.101728
plus_unverified,gkf,3,15,gpr_physics9,Ba3PCl3,Ba,P,Cl,0.964,1.036237,0.075241
plus_unverified,gkf,3,18,gpr_physics9,Ba3PI3,Ba,P,I,0.764,0.810782,0.11471
plus_unverified,gkf,3,17,gpr_physics9,Ba3SbBr3,Ba,Sb,Br,1.0819,0.939672,0.076541
plus_unverified,gkf,3,16,gpr_physics9,Ba3SbCl3,Ba,Sb,Cl,1.002,0.998072,0.085271
plus_unverified,gkf,3,15,gpr_physics9,Ba3SbI3,Ba,Sb,I,0.78,0.954339,0.081882
plus_unverified,gkf,3,17,gpr_physics9,Ca3AsBr3,Ca,As,Br,1.634,1.697682,0.077
plus_unverified,gkf,3,19,gpr_physics9,Ca3AsCl3,Ca,As,Cl,1.742,1.94386,0.082632
plus_unverified,gkf,3,18,gpr_physics9,Ca3AsF3,Ca,As,F,2.27,2.373755,0.103011
plus_unverified,gkf,3,16,gpr_physics9,Ca3BiBr3,Ca,Bi,Br,1.6,1.594383,0.100961
plus_unverified,gkf,3,17,gpr_physics9,Ca3BiCl3,Ca,Bi,Cl,1.76,1.774051,0.077339
plus_unverified,gkf,3,16,gpr_physics9,Ca3BiI3,Ca,Bi,I,1.325,1.253024,0.142778
plus_unverified,gkf,3,17,gpr_physics9,Ca3PBr3,Ca,P,Br,1.8846,1.736427,0.084899
plus_unverified,gkf,3,17,gpr_physics9,Ca3PCl3,Ca,P,Cl,2.035,1.870017,0.084227
plus_unverified,gkf,3,16,gpr_physics9,Ca3PF3,Ca,P,F,2.518,2.363119,0.118546
plus_unverified,gkf,3,16,gpr_physics9,Ca3PI3,Ca,P,I,1.4909,1.366956,0.124297
plus_unverified,gkf,3,16,gpr_physics9,Ca3SbBr3,Ca,Sb,Br,1.782,1.640053,0.092887
plus_unverified,gkf,3,15,gpr_physics9,Ca3SbCl3,Ca,Sb,Cl,1.814,1.922164,0.055473
plus_unverified,gkf,3,16,gpr_physics9,Ca3SbF3,Ca,Sb,F,2.19,2.160097,0.14757
plus_unverified,gkf,3,18,gpr_physics9,Mg3AsBr3,Mg,As,Br,1.2907,1.272061,0.114367
plus_unverified,gkf,3,18,gpr_physics9,Mg3BiBr3,Mg,Bi,Br,0.9648,0.911458,0.103369
plus_unverified,gkf,3,16,gpr_physics9,Mg3BiI3,Mg,Bi,I,0.224,-0.002946,0.104566
plus_unverified,gkf,3,18,gpr_physics9,Mg3PBr3,Mg,P,Br,1.506,1.437786,0.11662
plus_unverified,gkf,3,15,gpr_physics9,Mg3PCl3,Mg,P,Cl,2.297,2.002877,0.111211
plus_unverified,gkf,3,15,gpr_physics9,Mg3PI3,Mg,P,I,0.377,0.751853,0.167088
plus_unverified,gkf,3,17,gpr_physics9,Mg3SbBr3,Mg,Sb,Br,0.9418,1.075731,0.068627
plus_unverified,gkf,3,15,gpr_physics9,Mg3SbCl3,Mg,Sb,Cl,1.7283,1.48758,0.070169
plus_unverified,gkf,3,18,gpr_physics9,Mg3SbF3,Mg,Sb,F,3.184,3.398062,0.568692
plus_unverified,gkf,3,19,gpr_physics9,Mg3SbI3,Mg,Sb,I,0.1057,0.215779,0.089657
plus_unverified,gkf,3,15,gpr_physics9,Sr3AsCl3,Sr,As,Cl,1.7,1.50944,0.057758
plus_unverified,gkf,3,19,gpr_physics9,Sr3AsI3,Sr,As,I,1.265,1.241058,0.089766
plus_unverified,gkf,3,18,gpr_physics9,Sr3PBr3,Sr,P,Br,1.55,1.607607,0.098088
plus_unverified,gkf,3,16,gpr_physics9,Sr3PCl3,Sr,P,Cl,1.677,1.72413,0.088996
plus_unverified,gkf,3,17,gpr_physics9,Sr3PI3,Sr,P,I,1.258,1.316311,0.077774
plus_unverified,gkf,3,19,gpr_physics9,Sr3SbCl3,Sr,Sb,Cl,1.712,1.586315,0.088015
plus_unverified,gkf,3,19,gpr_physics9,Sr3SbI3,Sr,Sb,I,1.31,1.230738,0.094598
plus_unverified,gkf,4,23,gpr_physics9,Ba3AsBr3,Ba,As,Br,0.92,0.968488,0.086388
plus_unverified,gkf,4,20,gpr_physics9,Ba3AsCl3,Ba,As,Cl,0.969,0.942946,0.080002
plus_unverified,gkf,4,22,gpr_physics9,Ba3AsI3,Ba,As,I,0.802,0.729391,0.123334
plus_unverified,gkf,4,21,gpr_physics9,Ba3BiBr3,Ba,Bi,Br,0.912,0.93022,0.095653
plus_unverified,gkf,4,22,gpr_physics9,Ba3BiCl3,Ba,Bi,Cl,0.957,1.017102,0.102476
plus_unverified,gkf,4,24,gpr_physics9,Ba3BiI3,Ba,Bi,I,0.786,0.815192,0.096564
plus_unverified,gkf,4,22,gpr_physics9,Ba3PBr3,Ba,P,Br,0.944,0.975741,0.111409
plus_unverified,gkf,4,22,gpr_physics9,Ba3PCl3,Ba,P,Cl,0.964,1.059027,0.11379
plus_unverified,gkf,4,22,gpr_physics9,Ba3PI3,Ba,P,I,0.764,0.780467,0.150009
plus_unverified,gkf,4,21,gpr_physics9,Ba3SbBr3,Ba,Sb,Br,1.0819,0.934655,0.089308
plus_unverified,gkf,4,24,gpr_physics9,Ba3SbCl3,Ba,Sb,Cl,1.002,0.999469,0.086455
plus_unverified,gkf,4,21,gpr_physics9,Ba3SbI3,Ba,Sb,I,0.78,0.803965,0.083539
plus_unverified,gkf,4,23,gpr_physics9,Ca3AsBr3,Ca,As,Br,1.634,1.78944,0.085984
plus_unverified,gkf,4,20,gpr_physics9,Ca3AsCl3,Ca,As,Cl,1.742,1.904978,0.079909
plus_unverified,gkf,4,21,gpr_physics9,Ca3AsF3,Ca,As,F,2.27,2.284081,0.174548
plus_unverified,gkf,4,21,gpr_physics9,Ca3BiBr3,Ca,Bi,Br,1.6,1.609068,0.093589
plus_unverified,gkf,4,20,gpr_physics9,Ca3BiCl3,Ca,Bi,Cl,1.76,1.826679,0.094002
plus_unverified,gkf,4,20,gpr_physics9,Ca3BiI3,Ca,Bi,I,1.325,1.318816,0.118312
plus_unverified,gkf,4,20,gpr_physics9,Ca3PBr3,Ca,P,Br,1.8846,1.791667,0.073994
plus_unverified,gkf,4,24,gpr_physics9,Ca3PCl3,Ca,P,Cl,2.035,1.953315,0.088766
plus_unverified,gkf,4,21,gpr_physics9,Ca3PF3,Ca,P,F,2.518,2.370949,0.240097
plus_unverified,gkf,4,21,gpr_physics9,Ca3PI3,Ca,P,I,1.4909,1.382888,0.12031
plus_unverified,gkf,4,21,gpr_physics9,Ca3SbBr3,Ca,Sb,Br,1.782,1.638352,0.086901
plus_unverified,gkf,4,20,gpr_physics9,Ca3SbCl3,Ca,Sb,Cl,1.814,1.917067,0.084337
plus_unverified,gkf,4,24,gpr_physics9,Ca3SbF3,Ca,Sb,F,2.19,2.231671,0.129724
plus_unverified,gkf,4,22,gpr_physics9,Mg3AsBr3,Mg,As,Br,1.2907,1.296676,0.103059
plus_unverified,gkf,4,23,gpr_physics9,Mg3BiBr3,Mg,Bi,Br,0.9648,1.248237,0.120854
plus_unverified,gkf,4,24,gpr_physics9,Mg3BiI3,Mg,Bi,I,0.224,-0.010281,0.103266
plus_unverified,gkf,4,20,gpr_physics9,Mg3PBr3,Mg,P,Br,1.506,1.549141,0.102797
plus_unverified,gkf,4,24,gpr_physics9,Mg3PCl3,Mg,P,Cl,2.297,2.055866,0.107051
plus_unverified,gkf,4,20,gpr_physics9,Mg3PI3,Mg,P,I,0.377,0.537499,0.211508
plus_unverified,gkf,4,23,gpr_physics9,Mg3SbBr3,Mg,Sb,Br,0.9418,1.293416,0.107801
plus_unverified,gkf,4,23,gpr_physics9,Mg3SbCl3,Mg,Sb,Cl,1.7283,2.045317,0.129533
plus_unverified,gkf,4,22,gpr_physics9,Mg3SbF3,Mg,Sb,F,3.184,3.443323,0.475914
plus_unverified,gkf,4,23,gpr_physics9,Mg3SbI3,Mg,Sb,I,0.1057,0.257115,0.094129
plus_unverified,gkf,4,20,gpr_physics9,Sr3AsCl3,Sr,As,Cl,1.7,1.612787,0.078877
plus_unverified,gkf,4,21,gpr_physics9,Sr3AsI3,Sr,As,I,1.265,1.256358,0.085082
plus_unverified,gkf,4,23,gpr_physics9,Sr3PBr3,Sr,P,Br,1.55,1.648457,0.101094
plus_unverified,gkf,4,23,gpr_physics9,Sr3PCl3,Sr,P,Cl,1.677,1.736315,0.093119
plus_unverified,gkf,4,24,gpr_physics9,Sr3PI3,Sr,P,I,1.258,1.330555,0.089718
plus_unverified,gkf,4,24,gpr_physics9,Sr3SbCl3,Sr,Sb,Cl,1.712,1.599456,0.089362
plus_unverified,gkf,4,22,gpr_physics9,Sr3SbI3,Sr,Sb,I,1.31,1.280152,0.101053
plus_unverified,gkf,5,28,gpr_physics9,Ba3AsBr3,Ba,As,Br,0.92,0.927557,0.08531
plus_unverified,gkf,5,29,gpr_physics9,Ba3AsCl3,Ba,As,Cl,0.969,0.943576,0.086157
plus_unverified,gkf,5,29,gpr_physics9,Ba3AsI3,Ba,As,I,0.802,0.717269,0.089374
plus_unverified,gkf,5,27,gpr_physics9,Ba3BiBr3,Ba,Bi,Br,0.912,1.073334,0.102685
plus_unverified,gkf,5,27,gpr_physics9,Ba3BiCl3,Ba,Bi,Cl,0.957,1.159116,0.136099
plus_unverified,gkf,5,27,gpr_physics9,Ba3BiI3,Ba,Bi,I,0.786,0.824309,0.104515
plus_unverified,gkf,5,25,gpr_physics9,Ba3PBr3,Ba,P,Br,0.944,0.900635,0.059837
plus_unverified,gkf,5,25,gpr_physics9,Ba3PCl3,Ba,P,Cl,0.964,0.982204,0.07463
plus_unverified,gkf,5,26,gpr_physics9,Ba3PI3,Ba,P,I,0.764,0.816196,0.102033
plus_unverified,gkf,5,25,gpr_physics9,Ba3SbBr3,Ba,Sb,Br,1.0819,0.936312,0.044418
plus_unverified,gkf,5,27,gpr_physics9,Ba3SbCl3,Ba,Sb,Cl,1.002,1.140268,0.11095
plus_unverified,gkf,5,28,gpr_physics9,Ba3SbI3,Ba,Sb,I,0.78,0.810692,0.090192
plus_unverified,gkf,5,25,gpr_physics9,Ca3AsBr3,Ca,As,Br,1.634,1.892919,0.050544
plus_unverified,gkf,5,25,gpr_physics9,Ca3AsCl3,Ca,As,Cl,1.742,2.054153,0.051044
plus_unverified,gkf,5,26,gpr_physics9,Ca3AsF3,Ca,As,F,2.27,2.380694,0.095175
plus_unverified,gkf,5,26,gpr_physics9,Ca3BiBr3,Ca,Bi,Br,1.6,1.698319,0.087986
plus_unverified,gkf,5,29,gpr_physics9,Ca3BiCl3,Ca,Bi,Cl,1.76,1.751477,0.087934
plus_unverified,gkf,5,25,gpr_physics9,Ca3BiI3,Ca,Bi,I,1.325,1.340955,0.093834
plus_unverified,gkf,5,28,gpr_physics9,Ca3PBr3,Ca,P,Br,1.8846,1.762475,0.08754
plus_unverified,gkf,5,26,gpr_physics9,Ca3PCl3,Ca,P,Cl,2.035,1.904358,0.090974
plus_unverified,gkf,5,28,gpr_physics9,Ca3PF3,Ca,P,F,2.518,2.318225,0.107754
plus_unverified,gkf,5,26,gpr_physics9,Ca3PI3,Ca,P,I,1.4909,1.384593,0.119781
plus_unverified,gkf,5,29,gpr_physics9,Ca3SbBr3,Ca,Sb,Br,1.782,1.666002,0.080866
plus_unverified,gkf,5,25,gpr_physics9,Ca3SbCl3,Ca,Sb,Cl,1.814,1.906465,0.048359
plus_unverified,gkf,5,27,gpr_physics9,Ca3SbF3,Ca,Sb,F,2.19,2.138448,0.189752
plus_unverified,gkf,5,27,gpr_physics9,Mg3AsBr3,Mg,As,Br,1.2907,1.287474,0.096751
plus_unverified,gkf,5,26,gpr_physics9,Mg3BiBr3,Mg,Bi,Br,0.9648,0.899321,0.092453
plus_unverified,gkf,5,29,gpr_physics9,Mg3BiI3,Mg,Bi,I,0.224,-0.011653,0.101509
plus_unverified,gkf,5,26,gpr_physics9,Mg3PBr3,Mg,P,Br,1.506,1.441476,0.093952
plus_unverified,gkf,5,28,gpr_physics9,Mg3PCl3,Mg,P,Cl,2.297,1.966588,0.106196
plus_unverified,gkf,5,25,gpr_physics9,Mg3PI3,Mg,P,I,0.377,0.446262,0.146199
plus_unverified,gkf,5,28,gpr_physics9,Mg3SbBr3,Mg,Sb,Br,0.9418,1.114738,0.091622
plus_unverified,gkf,5,28,gpr_physics9,Mg3SbCl3,Mg,Sb,Cl,1.7283,1.679787,0.102229
plus_unverified,gkf,5,26,gpr_physics9,Mg3SbF3,Mg,Sb,F,3.184,3.269665,0.570831
plus_unverified,gkf,5,27,gpr_physics9,Mg3SbI3,Mg,Sb,I,0.1057,0.208055,0.089582
plus_unverified,gkf,5,26,gpr_physics9,Sr3AsCl3,Sr,As,Cl,1.7,1.601346,0.084388
plus_unverified,gkf,5,29,gpr_physics9,Sr3AsI3,Sr,As,I,1.265,1.230728,0.092478
plus_unverified,gkf,5,29,gpr_physics9,Sr3PBr3,Sr,P,Br,1.55,1.60063,0.085896
plus_unverified,gkf,5,27,gpr_physics9,Sr3PCl3,Sr,P,Cl,1.677,1.717345,0.084158
plus_unverified,gkf,5,28,gpr_physics9,Sr3PI3,Sr,P,I,1.258,1.327879,0.091798
plus_unverified,gkf,5,25,gpr_physics9,Sr3SbCl3,Sr,Sb,Cl,1.712,1.607172,0.056429
plus_unverified,gkf,5,29,gpr_physics9,Sr3SbI3,Sr,Sb,I,1.31,1.27247,0.096302
plus_unverified,gkf,6,34,gpr_physics9,Ba3AsBr3,Ba,As,Br,0.92,0.963492,0.089697
plus_unverified,gkf,6,32,gpr_physics9,Ba3AsCl3,Ba,As,Cl,0.969,0.868815,0.053573
plus_unverified,gkf,6,33,gpr_physics9,Ba3AsI3,Ba,As,I,0.802,0.715095,0.078502
plus_unverified,gkf,6,30,gpr_physics9,Ba3BiBr3,Ba,Bi,Br,0.912,1.002425,0.093616
plus_unverified,gkf,6,31,gpr_physics9,Ba3BiCl3,Ba,Bi,Cl,0.957,1.019617,0.098186
plus_unverified,gkf,6,30,gpr_physics9,Ba3BiI3,Ba,Bi,I,0.786,0.836145,0.106147
plus_unverified,gkf,6,34,gpr_physics9,Ba3PBr3,Ba,P,Br,0.944,0.954175,0.099156
plus_unverified,gkf,6,30,gpr_physics9,Ba3PCl3,Ba,P,Cl,0.964,0.97373,0.100917
plus_unverified,gkf,6,31,gpr_physics9,Ba3PI3,Ba,P,I,0.764,0.808628,0.110156
plus_unverified,gkf,6,33,gpr_physics9,Ba3SbBr3,Ba,Sb,Br,1.0819,0.933578,0.069818
plus_unverified,gkf,6,34,gpr_physics9,Ba3SbCl3,Ba,Sb,Cl,1.002,0.98246,0.082255
plus_unverified,gkf,6,32,gpr_physics9,Ba3SbI3,Ba,Sb,I,0.78,0.915182,0.051931
plus_unverified,gkf,6,31,gpr_physics9,Ca3AsBr3,Ca,As,Br,1.634,1.765564,0.086621
plus_unverified,gkf,6,30,gpr_physics9,Ca3AsCl3,Ca,As,Cl,1.742,1.954146,0.083985
plus_unverified,gkf,6,31,gpr_physics9,Ca3AsF3,Ca,As,F,2.27,2.379703,0.095017
plus_unverified,gkf,6,32,gpr_physics9,Ca3BiBr3,Ca,Bi,Br,1.6,1.666281,0.065502
plus_unverified,gkf,6,32,gpr_physics9,Ca3BiCl3,Ca,Bi,Cl,1.76,1.745316,0.074924
plus_unverified,gkf,6,34,gpr_physics9,Ca3BiI3,Ca,Bi,I,1.325,1.443514,0.131795
plus_unverified,gkf,6,34,gpr_physics9,Ca3PBr3,Ca,P,Br,1.8846,1.682077,0.090523
plus_unverified,gkf,6,34,gpr_physics9,Ca3PCl3,Ca,P,Cl,2.035,1.826763,0.094635
plus_unverified,gkf,6,30,gpr_physics9,Ca3PF3,Ca,P,F,2.518,2.342216,0.122808
plus_unverified,gkf,6,30,gpr_physics9,Ca3PI3,Ca,P,I,1.4909,1.386797,0.119509
plus_unverified,gkf,6,33,gpr_physics9,Ca3SbBr3,Ca,Sb,Br,1.782,1.659501,0.069369
plus_unverified,gkf,6,31,gpr_physics9,Ca3SbCl3,Ca,Sb,Cl,1.814,1.82237,0.084906
plus_unverified,gkf,6,33,gpr_physics9,Ca3SbF3,Ca,Sb,F,2.19,2.176268,0.120452
plus_unverified,gkf,6,32,gpr_physics9,Mg3AsBr3,Mg,As,Br,1.2907,1.166286,0.106019
plus_unverified,gkf,6,31,gpr_physics9,Mg3BiBr3,Mg,Bi,Br,0.9648,0.916028,0.096952
plus_unverified,gkf,6,33,gpr_physics9,Mg3BiI3,Mg,Bi,I,0.224,-0.020984,0.087046
plus_unverified,gkf,6,30,gpr_physics9,Mg3PBr3,Mg,P,Br,1.506,1.480633,0.104672
plus_unverified,gkf,6,33,gpr_physics9,Mg3PCl3,Mg,P,Cl,2.297,2.083837,0.092746
plus_unverified,gkf,6,30,gpr_physics9,Mg3PI3,Mg,P,I,0.377,0.483906,0.172184
plus_unverified,gkf,6,34,gpr_physics9,Mg3SbBr3,Mg,Sb,Br,0.9418,1.099105,0.08402
plus_unverified,gkf,6,34,gpr_physics9,Mg3SbCl3,Mg,Sb,Cl,1.7283,1.836582,0.117066
plus_unverified,gkf,6,31,gpr_physics9,Mg3SbF3,Mg,Sb,F,3.184,3.275625,0.530583
plus_unverified,gkf,6,31,gpr_physics9,Mg3SbI3,Mg,Sb,I,0.1057,0.218009,0.093011
plus_unverified,gkf,6,32,gpr_physics9,Sr3AsCl3,Sr,As,Cl,1.7,1.451904,0.048935
plus_unverified,gkf,6,33,gpr_physics9,Sr3AsI3,Sr,As,I,1.265,1.244668,0.077695
plus_unverified,gkf,6,32,gpr_physics9,Sr3PBr3,Sr,P,Br,1.55,1.575452,0.04318
plus_unverified,gkf,6,33,gpr_physics9,Sr3PCl3,Sr,P,Cl,1.677,1.745777,0.074993
plus_unverified,gkf,6,31,gpr_physics9,Sr3PI3,Sr,P,I,1.258,1.327071,0.09494
plus_unverified,gkf,6,32,gpr_physics9,Sr3SbCl3,Sr,Sb,Cl,1.712,1.550524,0.059399
plus_unverified,gkf,6,30,gpr_physics9,Sr3SbI3,Sr,Sb,I,1.31,1.25862,0.096017
plus_unverified,gkf,7,37,gpr_physics9,Ba3AsBr3,Ba,As,Br,0.92,0.932529,0.094357
plus_unverified,gkf,7,38,gpr_physics9,Ba3AsCl3,Ba,As,Cl,0.969,0.956814,0.081255
plus_unverified,gkf,7,38,gpr_physics9,Ba3AsI3,Ba,As,I,0.802,0.74613,0.083796
plus_unverified,gkf,7,37,gpr_physics9,Ba3BiBr3,Ba,Bi,Br,0.912,0.985979,0.09828
plus_unverified,gkf,7,35,gpr_physics9,Ba3BiCl3,Ba,Bi,Cl,0.957,0.983399,0.090395
plus_unverified,gkf,7,36,gpr_physics9,Ba3BiI3,Ba,Bi,I,0.786,0.874405,0.14692
plus_unverified,gkf,7,36,gpr_physics9,Ba3PBr3,Ba,P,Br,0.944,0.950637,0.101886
plus_unverified,gkf,7,36,gpr_physics9,Ba3PCl3,Ba,P,Cl,0.964,1.031632,0.113676
plus_unverified,gkf,7,37,gpr_physics9,Ba3PI3,Ba,P,I,0.764,0.793091,0.114191
plus_unverified,gkf,7,35,gpr_physics9,Ba3SbBr3,Ba,Sb,Br,1.0819,0.926977,0.080544
plus_unverified,gkf,7,36,gpr_physics9,Ba3SbCl3,Ba,Sb,Cl,1.002,1.02352,0.090628
plus_unverified,gkf,7,36,gpr_physics9,Ba3SbI3,Ba,Sb,I,0.78,0.879384,0.124877
plus_unverified,gkf,7,35,gpr_physics9,Ca3AsBr3,Ca,As,Br,1.634,1.766037,0.079262
plus_unverified,gkf,7,38,gpr_physics9,Ca3AsCl3,Ca,As,Cl,1.742,1.921504,0.078242
plus_unverified,gkf,7,36,gpr_physics9,Ca3AsF3,Ca,As,F,2.27,2.30368,0.193473
plus_unverified,gkf,7,37,gpr_physics9,Ca3BiBr3,Ca,Bi,Br,1.6,1.61333,0.10471
plus_unverified,gkf,7,35,gpr_physics9,Ca3BiCl3,Ca,Bi,Cl,1.76,1.782205,0.084984
plus_unverified,gkf,7,38,gpr_physics9,Ca3BiI3,Ca,Bi,I,1.325,1.310164,0.115184
plus_unverified,gkf,7,36,gpr_physics9,Ca3PBr3,Ca,P,Br,1.8846,1.767418,0.090965
plus_unverified,gkf,7,39,gpr_physics9,Ca3PCl3,Ca,P,Cl,2.035,1.9553,0.082281
plus_unverified,gkf,7,36,gpr_physics9,Ca3PF3,Ca,P,F,2.518,2.414096,0.25031
plus_unverified,gkf,7,38,gpr_physics9,Ca3PI3,Ca,P,I,1.4909,1.37337,0.106813
plus_unverified,gkf,7,37,gpr_physics9,Ca3SbBr3,Ca,Sb,Br,1.782,1.656094,0.099145
plus_unverified,gkf,7,37,gpr_physics9,Ca3SbCl3,Ca,Sb,Cl,1.814,1.809558,0.095116
plus_unverified,gkf,7,39,gpr_physics9,Ca3SbF3,Ca,Sb,F,2.19,2.130148,0.18948
plus_unverified,gkf,7,37,gpr_physics9,Mg3AsBr3,Mg,As,Br,1.2907,1.333817,0.09974
plus_unverified,gkf,7,36,gpr_physics9,Mg3BiBr3,Mg,Bi,Br,0.9648,0.922282,0.099613
plus_unverified,gkf,7,35,gpr_physics9,Mg3BiI3,Mg,Bi,I,0.224,-0.011678,0.099372
plus_unverified,gkf,7,38,gpr_physics9,Mg3PBr3,Mg,P,Br,1.506,1.514824,0.084349
plus_unverified,gkf,7,35,gpr_physics9,Mg3PCl3,Mg,P,Cl,2.297,2.076586,0.110563
plus_unverified,gkf,7,37,gpr_physics9,Mg3PI3,Mg,P,I,0.377,0.549322,0.16362
plus_unverified,gkf,7,38,gpr_physics9,Mg3SbBr3,Mg,Sb,Br,0.9418,1.092399,0.083271
plus_unverified,gkf,7,38,gpr_physics9,Mg3SbCl3,Mg,Sb,Cl,1.7283,1.709385,0.10124
plus_unverified,gkf,7,35,gpr_physics9,Mg3SbF3,Mg,Sb,F,3.184,3.312304,0.432474
plus_unverified,gkf,7,39,gpr_physics9,Mg3SbI3,Mg,Sb,I,0.1057,0.213305,0.0823
plus_unverified,gkf,7,39,gpr_physics9,Sr3AsCl3,Sr,As,Cl,1.7,1.544161,0.081197
plus_unverified,gkf,7,39,gpr_physics9,Sr3AsI3,Sr,As,I,1.265,1.269018,0.092149
plus_unverified,gkf,7,39,gpr_physics9,Sr3PBr3,Sr,P,Br,1.55,1.589179,0.082837
plus_unverified,gkf,7,35,gpr_physics9,Sr3PCl3,Sr,P,Cl,1.677,1.713417,0.084241
plus_unverified,gkf,7,39,gpr_physics9,Sr3PI3,Sr,P,I,1.258,1.341258,0.091515
plus_unverified,gkf,7,39,gpr_physics9,Sr3SbCl3,Sr,Sb,Cl,1.712,1.585118,0.087736
plus_unverified,gkf,7,35,gpr_physics9,Sr3SbI3,Sr,Sb,I,1.31,1.248119,0.08863
plus_unverified,gkf,8,41,gpr_physics9,Ba3AsBr3,Ba,As,Br,0.92,0.914148,0.053058
plus_unverified,gkf,8,41,gpr_physics9,Ba3AsCl3,Ba,As,Cl,0.969,0.90318,0.066474
plus_unverified,gkf,8,43,gpr_physics9,Ba3AsI3,Ba,As,I,0.802,0.756833,0.087723
plus_unverified,gkf,8,43,gpr_physics9,Ba3BiBr3,Ba,Bi,Br,0.912,1.027101,0.089488
plus_unverified,gkf,8,43,gpr_physics9,Ba3BiCl3,Ba,Bi,Cl,0.957,1.053956,0.097119
plus_unverified,gkf,8,42,gpr_physics9,Ba3BiI3,Ba,Bi,I,0.786,0.82009,0.112664
plus_unverified,gkf,8,40,gpr_physics9,Ba3PBr3,Ba,P,Br,0.944,0.95109,0.09681
plus_unverified,gkf,8,40,gpr_physics9,Ba3PCl3,Ba,P,Cl,0.964,1.010748,0.10727
plus_unverified,gkf,8,42,gpr_physics9,Ba3PI3,Ba,P,I,0.764,0.824527,0.118087
plus_unverified,gkf,8,41,gpr_physics9,Ba3SbBr3,Ba,Sb,Br,1.0819,0.946882,0.02641
plus_unverified,gkf,8,40,gpr_physics9,Ba3SbCl3,Ba,Sb,Cl,1.002,1.002928,0.088643
plus_unverified,gkf,8,43,gpr_physics9,Ba3SbI3,Ba,Sb,I,0.78,0.811188,0.085822
plus_unverified,gkf,8,40,gpr_physics9,Ca3AsBr3,Ca,As,Br,1.634,1.750133,0.087445
plus_unverified,gkf,8,43,gpr_physics9,Ca3AsCl3,Ca,As,Cl,1.742,1.927718,0.081673
plus_unverified,gkf,8,40,gpr_physics9,Ca3AsF3,Ca,As,F,2.27,2.380229,0.095084
plus_unverified,gkf,8,41,gpr_physics9,Ca3BiBr3,Ca,Bi,Br,1.6,1.603386,0.080945
plus_unverified,gkf,8,43,gpr_physics9,Ca3BiCl3,Ca,Bi,Cl,1.76,1.806122,0.089096
plus_unverified,gkf,8,41,gpr_physics9,Ca3BiI3,Ca,Bi,I,1.325,1.333364,0.136187
plus_unverified,gkf,8,43,gpr_physics9,Ca3PBr3,Ca,P,Br,1.8846,1.785131,0.086589
plus_unverified,gkf,8,40,gpr_physics9,Ca3PCl3,Ca,P,Cl,2.035,1.94634,0.093578
plus_unverified,gkf,8,44,gpr_physics9,Ca3PF3,Ca,P,F,2.518,2.343848,0.109
plus_unverified,gkf,8,40,gpr_physics9,Ca3PI3,Ca,P,I,1.4909,1.394742,0.116929
plus_unverified,gkf,8,41,gpr_physics9,Ca3SbBr3,Ca,Sb,Br,1.782,1.651632,0.067056
plus_unverified,gkf,8,42,gpr_physics9,Ca3SbCl3,Ca,Sb,Cl,1.814,1.818012,0.095338
plus_unverified,gkf,8,41,gpr_physics9,Ca3SbF3,Ca,Sb,F,2.19,2.200609,0.239347
plus_unverified,gkf,8,40,gpr_physics9,Mg3AsBr3,Mg,As,Br,1.2907,1.35728,0.091678
plus_unverified,gkf,8,44,gpr_physics9,Mg3BiBr3,Mg,Bi,Br,0.9648,0.892975,0.102291
plus_unverified,gkf,8,44,gpr_physics9,Mg3BiI3,Mg,Bi,I,0.224,-0.022213,0.104626
plus_unverified,gkf,8,42,gpr_physics9,Mg3PBr3,Mg,P,Br,1.506,1.535561,0.114544
plus_unverified,gkf,8,44,gpr_physics9,Mg3PCl3,Mg,P,Cl,2.297,1.994712,0.128855
plus_unverified,gkf,8,42,gpr_physics9,Mg3PI3,Mg,P,I,0.377,0.559376,0.18019
plus_unverified,gkf,8,40,gpr_physics9,Mg3SbBr3,Mg,Sb,Br,0.9418,1.108708,0.088266
plus_unverified,gkf,8,44,gpr_physics9,Mg3SbCl3,Mg,Sb,Cl,1.7283,1.566731,0.131815
plus_unverified,gkf,8,44,gpr_physics9,Mg3SbF3,Mg,Sb,F,3.184,2.954387,0.521044
plus_unverified,gkf,8,41,gpr_physics9,Mg3SbI3,Mg,Sb,I,0.1057,0.113272,0.049487
plus_unverified,gkf,8,41,gpr_physics9,Sr3AsCl3,Sr,As,Cl,1.7,1.5071,0.042213
plus_unverified,gkf,8,44,gpr_physics9,Sr3AsI3,Sr,As,I,1.265,1.258177,0.090187
plus_unverified,gkf,8,43,gpr_physics9,Sr3PBr3,Sr,P,Br,1.55,1.563416,0.088777
plus_unverified,gkf,8,42,gpr_physics9,Sr3PCl3,Sr,P,Cl,1.677,1.698391,0.098574
plus_unverified,gkf,8,42,gpr_physics9,Sr3PI3,Sr,P,I,1.258,1.335198,0.103716
plus_unverified,gkf,8,42,gpr_physics9,Sr3SbCl3,Sr,Sb,Cl,1.712,1.599816,0.102311
plus_unverified,gkf,8,44,gpr_physics9,Sr3SbI3,Sr,Sb,I,1.31,1.259157,0.093633
plus_unverified,gkf,9,47,gpr_physics9,Ba3AsBr3,Ba,As,Br,0.92,0.937397,0.079627
plus_unverified,gkf,9,49,gpr_physics9,Ba3AsCl3,Ba,As,Cl,0.969,1.000279,0.095496
plus_unverified,gkf,9,46,gpr_physics9,Ba3AsI3,Ba,As,I,0.802,0.746808,0.096502
plus_unverified,gkf,9,48,gpr_physics9,Ba3BiBr3,Ba,Bi,Br,0.912,0.991147,0.079972
plus_unverified,gkf,9,45,gpr_physics9,Ba3BiCl3,Ba,Bi,Cl,0.957,1.032527,0.109687
plus_unverified,gkf,9,46,gpr_physics9,Ba3BiI3,Ba,Bi,I,0.786,0.777524,0.108289
plus_unverified,gkf,9,48,gpr_physics9,Ba3PBr3,Ba,P,Br,0.944,0.962167,0.080916
plus_unverified,gkf,9,47,gpr_physics9,Ba3PCl3,Ba,P,Cl,0.964,1.014376,0.092312
plus_unverified,gkf,9,49,gpr_physics9,Ba3PI3,Ba,P,I,0.764,0.802233,0.106172
plus_unverified,gkf,9,46,gpr_physics9,Ba3SbBr3,Ba,Sb,Br,1.0819,0.931461,0.087166
plus_unverified,gkf,9,45,gpr_physics9,Ba3SbCl3,Ba,Sb,Cl,1.002,1.02545,0.102247
plus_unverified,gkf,9,47,gpr_physics9,Ba3SbI3,Ba,Sb,I,0.78,0.830863,0.081882
plus_unverified,gkf,9,48,gpr_physics9,Ca3AsBr3,Ca,As,Br,1.634,1.736401,0.078021
plus_unverified,gkf,9,47,gpr_physics9,Ca3AsCl3,Ca,As,Cl,1.742,1.920903,0.083737
plus_unverified,gkf,9,46,gpr_physics9,Ca3AsF3,Ca,As,F,2.27,2.367694,0.098848
plus_unverified,gkf,9,47,gpr_physics9,Ca3BiBr3,Ca,Bi,Br,1.6,1.660496,0.081431
plus_unverified,gkf,9,49,gpr_physics9,Ca3BiCl3,Ca,Bi,Cl,1.76,1.77189,0.104717
plus_unverified,gkf,9,45,gpr_physics9,Ca3BiI3,Ca,Bi,I,1.325,1.306433,0.120437
plus_unverified,gkf,9,45,gpr_physics9,Ca3PBr3,Ca,P,Br,1.8846,1.737241,0.094691
plus_unverified,gkf,9,47,gpr_physics9,Ca3PCl3,Ca,P,Cl,2.035,2.01115,0.08966
plus_unverified,gkf,9,45,gpr_physics9,Ca3PF3,Ca,P,F,2.518,2.309034,0.117313
plus_unverified,gkf,9,47,gpr_physics9,Ca3PI3,Ca,P,I,1.4909,1.367044,0.104022
plus_unverified,gkf,9,45,gpr_physics9,Ca3SbBr3,Ca,Sb,Br,1.782,1.634688,0.092209
plus_unverified,gkf,9,48,gpr_physics9,Ca3SbCl3,Ca,Sb,Cl,1.814,1.836468,0.076496
plus_unverified,gkf,9,48,gpr_physics9,Ca3SbF3,Ca,Sb,F,2.19,2.167955,0.156474
plus_unverified,gkf,9,49,gpr_physics9,Mg3AsBr3,Mg,As,Br,1.2907,1.114198,0.112853
plus_unverified,gkf,9,45,gpr_physics9,Mg3BiBr3,Mg,Bi,Br,0.9648,1.017654,0.100311
plus_unverified,gkf,9,48,gpr_physics9,Mg3BiI3,Mg,Bi,I,0.224,-0.00443,0.097338
plus_unverified,gkf,9,49,gpr_physics9,Mg3PBr3,Mg,P,Br,1.506,1.178571,0.12958
plus_unverified,gkf,9,45,gpr_physics9,Mg3PCl3,Mg,P,Cl,2.297,1.978324,0.111992
plus_unverified,gkf,9,46,gpr_physics9,Mg3PI3,Mg,P,I,0.377,0.515512,0.157604
plus_unverified,gkf,9,47,gpr_physics9,Mg3SbBr3,Mg,Sb,Br,0.9418,1.09874,0.078675
plus_unverified,gkf,9,49,gpr_physics9,Mg3SbCl3,Mg,Sb,Cl,1.7283,2.048066,0.140667
plus_unverified,gkf,9,48,gpr_physics9,Mg3SbF3,Mg,Sb,F,3.184,3.582621,0.464768
plus_unverified,gkf,9,49,gpr_physics9,Mg3SbI3,Mg,Sb,I,0.1057,0.253866,0.101968
plus_unverified,gkf,9,48,gpr_physics9,Sr3AsCl3,Sr,As,Cl,1.7,1.59574,0.078742
plus_unverified,gkf,9,46,gpr_physics9,Sr3AsI3,Sr,As,I,1.265,1.305615,0.122786
plus_unverified,gkf,9,46,gpr_physics9,Sr3PBr3,Sr,P,Br,1.55,1.616765,0.099577
plus_unverified,gkf,9,45,gpr_physics9,Sr3PCl3,Sr,P,Cl,1.677,1.690424,0.096923
plus_unverified,gkf,9,46,gpr_physics9,Sr3PI3,Sr,P,I,1.258,1.361165,0.122375
plus_unverified,gkf,9,49,gpr_physics9,Sr3SbCl3,Sr,Sb,Cl,1.712,1.57332,0.101854
plus_unverified,gkf,9,46,gpr_physics9,Sr3SbI3,Sr,Sb,I,1.31,1.310676,0.120703
plus_unverified,gkf,0,2,halide_rule,Ba3AsBr3,Ba,As,Br,0.92,1.377273,
plus_unverified,gkf,0,2,halide_rule,Ba3AsCl3,Ba,As,Cl,0.969,1.59763,
plus_unverified,gkf,0,3,halide_rule,Ba3AsI3,Ba,As,I,0.802,0.847375,
plus_unverified,gkf,0,3,halide_rule,Ba3BiBr3,Ba,Bi,Br,0.912,1.322709,
plus_unverified,gkf,0,0,halide_rule,Ba3BiCl3,Ba,Bi,Cl,0.957,1.4807,
plus_unverified,gkf,0,2,halide_rule,Ba3BiI3,Ba,Bi,I,0.786,0.89216,
plus_unverified,gkf,0,1,halide_rule,Ba3PBr3,Ba,P,Br,0.944,1.305767,
plus_unverified,gkf,0,4,halide_rule,Ba3PCl3,Ba,P,Cl,0.964,1.67143,
plus_unverified,gkf,0,0,halide_rule,Ba3PI3,Ba,P,I,0.764,0.898733,
plus_unverified,gkf,0,1,halide_rule,Ba3SbBr3,Ba,Sb,Br,1.0819,1.305767,
plus_unverified,gkf,0,4,halide_rule,Ba3SbCl3,Ba,Sb,Cl,1.002,1.67143,
plus_unverified,gkf,0,2,halide_rule,Ba3SbI3,Ba,Sb,I,0.78,0.89216,
plus_unverified,gkf,0,1,halide_rule,Ca3AsBr3,Ca,As,Br,1.634,1.305767,
plus_unverified,gkf,0,0,halide_rule,Ca3AsCl3,Ca,As,Cl,1.742,1.4807,
plus_unverified,gkf,0,4,halide_rule,Ca3AsF3,Ca,As,F,2.27,2.687,
plus_unverified,gkf,0,1,halide_rule,Ca3BiBr3,Ca,Bi,Br,1.6,1.305767,
plus_unverified,gkf,0,1,halide_rule,Ca3BiCl3,Ca,Bi,Cl,1.76,1.549775,
plus_unverified,gkf,0,1,halide_rule,Ca3BiI3,Ca,Bi,I,1.325,0.852622,
plus_unverified,gkf,0,4,halide_rule,Ca3PBr3,Ca,P,Br,1.8846,1.18392,
plus_unverified,gkf,0,0,halide_rule,Ca3PCl3,Ca,P,Cl,2.035,1.4807,
plus_unverified,gkf,0,4,halide_rule,Ca3PF3,Ca,P,F,2.518,2.687,
plus_unverified,gkf,0,3,halide_rule,Ca3PI3,Ca,P,I,1.4909,0.847375,
plus_unverified,gkf,0,4,halide_rule,Ca3SbBr3,Ca,Sb,Br,1.782,1.18392,
plus_unverified,gkf,0,3,halide_rule,Ca3SbCl3,Ca,Sb,Cl,1.814,1.528636,
plus_unverified,gkf,0,2,halide_rule,Ca3SbF3,Ca,Sb,F,2.19,2.657333,
plus_unverified,gkf,0,0,halide_rule,Mg3AsBr3,Mg,As,Br,1.2907,1.341482,
plus_unverified,gkf,0,0,halide_rule,Mg3BiBr3,Mg,Bi,Br,0.9648,1.341482,
plus_unverified,gkf,0,1,halide_rule,Mg3BiI3,Mg,Bi,I,0.224,0.852622,
plus_unverified,gkf,0,4,halide_rule,Mg3PBr3,Mg,P,Br,1.506,1.18392,
plus_unverified,gkf,0,0,halide_rule,Mg3PCl3,Mg,P,Cl,2.297,1.4807,
plus_unverified,gkf,0,0,halide_rule,Mg3PI3,Mg,P,I,0.377,0.898733,
plus_unverified,gkf,0,2,halide_rule,Mg3SbBr3,Mg,Sb,Br,0.9418,1.377273,
plus_unverified,gkf,0,3,halide_rule,Mg3SbCl3,Mg,Sb,Cl,1.7283,1.528636,
plus_unverified,gkf,0,1,halide_rule,Mg3SbF3,Mg,Sb,F,3.184,2.326,
plus_unverified,gkf,0,3,halide_rule,Mg3SbI3,Mg,Sb,I,0.1057,0.847375,
plus_unverified,gkf,0,2,halide_rule,Sr3AsCl3,Sr,As,Cl,1.7,1.59763,
plus_unverified,gkf,0,1,halide_rule,Sr3AsI3,Sr,As,I,1.265,0.852622,
plus_unverified,gkf,0,3,halide_rule,Sr3PBr3,Sr,P,Br,1.55,1.322709,
plus_unverified,gkf,0,4,halide_rule,Sr3PCl3,Sr,P,Cl,1.677,1.67143,
plus_unverified,gkf,0,0,halide_rule,Sr3PI3,Sr,P,I,1.258,0.898733,
plus_unverified,gkf,0,2,halide_rule,Sr3SbCl3,Sr,Sb,Cl,1.712,1.59763,
plus_unverified,gkf,0,3,halide_rule,Sr3SbI3,Sr,Sb,I,1.31,0.847375,
plus_unverified,gkf,1,5,halide_rule,Ba3AsBr3,Ba,As,Br,0.92,1.266867,
plus_unverified,gkf,1,8,halide_rule,Ba3AsCl3,Ba,As,Cl,0.969,1.63893,
plus_unverified,gkf,1,7,halide_rule,Ba3AsI3,Ba,As,I,0.802,0.756386,
plus_unverified,gkf,1,9,halide_rule,Ba3BiBr3,Ba,Bi,Br,0.912,1.346282,
plus_unverified,gkf,1,5,halide_rule,Ba3BiCl3,Ba,Bi,Cl,0.957,1.6445,
plus_unverified,gkf,1,6,halide_rule,Ba3BiI3,Ba,Bi,I,0.786,0.95959,
plus_unverified,gkf,1,8,halide_rule,Ba3PBr3,Ba,P,Br,0.944,1.375091,
plus_unverified,gkf,1,8,halide_rule,Ba3PCl3,Ba,P,Cl,0.964,1.63893,
plus_unverified,gkf,1,9,halide_rule,Ba3PI3,Ba,P,I,0.764,0.787622,
plus_unverified,gkf,1,6,halide_rule,Ba3SbBr3,Ba,Sb,Br,1.0819,1.184811,
plus_unverified,gkf,1,5,halide_rule,Ba3SbCl3,Ba,Sb,Cl,1.002,1.6445,
plus_unverified,gkf,1,8,halide_rule,Ba3SbI3,Ba,Sb,I,0.78,0.94836,
plus_unverified,gkf,1,5,halide_rule,Ca3AsBr3,Ca,As,Br,1.634,1.266867,
plus_unverified,gkf,1,9,halide_rule,Ca3AsCl3,Ca,As,Cl,1.742,1.539845,
plus_unverified,gkf,1,8,halide_rule,Ca3AsF3,Ca,As,F,2.27,2.630667,
plus_unverified,gkf,1,6,halide_rule,Ca3BiBr3,Ca,Bi,Br,1.6,1.184811,
plus_unverified,gkf,1,7,halide_rule,Ca3BiCl3,Ca,Bi,Cl,1.76,1.535027,
plus_unverified,gkf,1,9,halide_rule,Ca3BiI3,Ca,Bi,I,1.325,0.787622,
plus_unverified,gkf,1,6,halide_rule,Ca3PBr3,Ca,P,Br,1.8846,1.184811,
plus_unverified,gkf,1,8,halide_rule,Ca3PCl3,Ca,P,Cl,2.035,1.63893,
plus_unverified,gkf,1,6,halide_rule,Ca3PF3,Ca,P,F,2.518,2.23,
plus_unverified,gkf,1,7,halide_rule,Ca3PI3,Ca,P,I,1.4909,0.756386,
plus_unverified,gkf,1,6,halide_rule,Ca3SbBr3,Ca,Sb,Br,1.782,1.184811,
plus_unverified,gkf,1,5,halide_rule,Ca3SbCl3,Ca,Sb,Cl,1.814,1.6445,
plus_unverified,gkf,1,9,halide_rule,Ca3SbF3,Ca,Sb,F,2.19,2.657333,
plus_unverified,gkf,1,9,halide_rule,Mg3AsBr3,Mg,As,Br,1.2907,1.346282,
plus_unverified,gkf,1,7,halide_rule,Mg3BiBr3,Mg,Bi,Br,0.9648,1.33725,
plus_unverified,gkf,1,8,halide_rule,Mg3BiI3,Mg,Bi,I,0.224,0.94836,
plus_unverified,gkf,1,5,halide_rule,Mg3PBr3,Mg,P,Br,1.506,1.266867,
plus_unverified,gkf,1,6,halide_rule,Mg3PCl3,Mg,P,Cl,2.297,1.505025,
plus_unverified,gkf,1,7,halide_rule,Mg3PI3,Mg,P,I,0.377,0.756386,
plus_unverified,gkf,1,8,halide_rule,Mg3SbBr3,Mg,Sb,Br,0.9418,1.375091,
plus_unverified,gkf,1,5,halide_rule,Mg3SbCl3,Mg,Sb,Cl,1.7283,1.6445,
plus_unverified,gkf,1,6,halide_rule,Mg3SbF3,Mg,Sb,F,3.184,2.23,
plus_unverified,gkf,1,6,halide_rule,Mg3SbI3,Mg,Sb,I,0.1057,0.95959,
plus_unverified,gkf,1,5,halide_rule,Sr3AsCl3,Sr,As,Cl,1.7,1.6445,
plus_unverified,gkf,1,7,halide_rule,Sr3AsI3,Sr,As,I,1.265,0.756386,
plus_unverified,gkf,1,5,halide_rule,Sr3PBr3,Sr,P,Br,1.55,1.266867,
plus_unverified,gkf,1,9,halide_rule,Sr3PCl3,Sr,P,Cl,1.677,1.539845,
plus_unverified,gkf,1,7,halide_rule,Sr3PI3,Sr,P,I,1.258,0.756386,
plus_unverified,gkf,1,7,halide_rule,Sr3SbCl3,Sr,Sb,Cl,1.712,1.535027,
plus_unverified,gkf,1,9,halide_rule,Sr3SbI3,Sr,Sb,I,1.31,0.787622,
plus_unverified,gkf,2,13,halide_rule,Ba3AsBr3,Ba,As,Br,0.92,1.377073,
plus_unverified,gkf,2,10,halide_rule,Ba3AsCl3,Ba,As,Cl,0.969,1.5625,
plus_unverified,gkf,2,12,halide_rule,Ba3AsI3,Ba,As,I,0.802,0.83756,
plus_unverified,gkf,2,10,halide_rule,Ba3BiBr3,Ba,Bi,Br,0.912,1.29158,
plus_unverified,gkf,2,11,halide_rule,Ba3BiCl3,Ba,Bi,Cl,0.957,1.59463,
plus_unverified,gkf,2,10,halide_rule,Ba3BiI3,Ba,Bi,I,0.786,0.926433,
plus_unverified,gkf,2,13,halide_rule,Ba3PBr3,Ba,P,Br,0.944,1.377073,
plus_unverified,gkf,2,13,halide_rule,Ba3PCl3,Ba,P,Cl,0.964,1.610573,
plus_unverified,gkf,2,13,halide_rule,Ba3PI3,Ba,P,I,0.764,0.853178,
plus_unverified,gkf,2,11,halide_rule,Ba3SbBr3,Ba,Sb,Br,1.0819,1.32061,
plus_unverified,gkf,2,12,halide_rule,Ba3SbCl3,Ba,Sb,Cl,1.002,1.510922,
plus_unverified,gkf,2,13,halide_rule,Ba3SbI3,Ba,Sb,I,0.78,0.853178,
plus_unverified,gkf,2,10,halide_rule,Ca3AsBr3,Ca,As,Br,1.634,1.29158,
plus_unverified,gkf,2,11,halide_rule,Ca3AsCl3,Ca,As,Cl,1.742,1.59463,
plus_unverified,gkf,2,14,halide_rule,Ca3AsF3,Ca,As,F,2.27,3.184,
plus_unverified,gkf,2,14,halide_rule,Ca3BiBr3,Ca,Bi,Br,1.6,1.26151,
plus_unverified,gkf,2,12,halide_rule,Ca3BiCl3,Ca,Bi,Cl,1.76,1.510922,
plus_unverified,gkf,2,14,halide_rule,Ca3BiI3,Ca,Bi,I,1.325,0.832964,
plus_unverified,gkf,2,12,halide_rule,Ca3PBr3,Ca,P,Br,1.8846,1.287491,
plus_unverified,gkf,2,10,halide_rule,Ca3PCl3,Ca,P,Cl,2.035,1.5625,
plus_unverified,gkf,2,14,halide_rule,Ca3PF3,Ca,P,F,2.518,3.184,
plus_unverified,gkf,2,11,halide_rule,Ca3PI3,Ca,P,I,1.4909,0.932856,
plus_unverified,gkf,2,11,halide_rule,Ca3SbBr3,Ca,Sb,Br,1.782,1.32061,
plus_unverified,gkf,2,14,halide_rule,Ca3SbCl3,Ca,Sb,Cl,1.814,1.545275,
plus_unverified,gkf,2,14,halide_rule,Ca3SbF3,Ca,Sb,F,2.19,3.184,
plus_unverified,gkf,2,14,halide_rule,Mg3AsBr3,Mg,As,Br,1.2907,1.26151,
plus_unverified,gkf,2,12,halide_rule,Mg3BiBr3,Mg,Bi,Br,0.9648,1.287491,
plus_unverified,gkf,2,11,halide_rule,Mg3BiI3,Mg,Bi,I,0.224,0.932856,
plus_unverified,gkf,2,14,halide_rule,Mg3PBr3,Mg,P,Br,1.506,1.26151,
plus_unverified,gkf,2,12,halide_rule,Mg3PCl3,Mg,P,Cl,2.297,1.510922,
plus_unverified,gkf,2,11,halide_rule,Mg3PI3,Mg,P,I,0.377,0.932856,
plus_unverified,gkf,2,11,halide_rule,Mg3SbBr3,Mg,Sb,Br,0.9418,1.32061,
plus_unverified,gkf,2,10,halide_rule,Mg3SbCl3,Mg,Sb,Cl,1.7283,1.5625,
plus_unverified,gkf,2,13,halide_rule,Mg3SbF3,Mg,Sb,F,3.184,2.326,
plus_unverified,gkf,2,10,halide_rule,Mg3SbI3,Mg,Sb,I,0.1057,0.926433,
plus_unverified,gkf,2,12,halide_rule,Sr3AsCl3,Sr,As,Cl,1.7,1.510922,
plus_unverified,gkf,2,13,halide_rule,Sr3AsI3,Sr,As,I,1.265,0.853178,
plus_unverified,gkf,2,10,halide_rule,Sr3PBr3,Sr,P,Br,1.55,1.29158,
plus_unverified,gkf,2,13,halide_rule,Sr3PCl3,Sr,P,Cl,1.677,1.610573,
plus_unverified,gkf,2,10,halide_rule,Sr3PI3,Sr,P,I,1.258,0.926433,
plus_unverified,gkf,2,11,halide_rule,Sr3SbCl3,Sr,Sb,Cl,1.712,1.59463,
plus_unverified,gkf,2,12,halide_rule,Sr3SbI3,Sr,Sb,I,1.31,0.83756,
plus_unverified,gkf,3,19,halide_rule,Ba3AsBr3,Ba,As,Br,0.92,1.340983,
plus_unverified,gkf,3,15,halide_rule,Ba3AsCl3,Ba,As,Cl,0.969,1.555,
plus_unverified,gkf,3,19,halide_rule,Ba3AsI3,Ba,As,I,0.802,0.875612,
plus_unverified,gkf,3,17,halide_rule,Ba3BiBr3,Ba,Bi,Br,0.912,1.319688,
plus_unverified,gkf,3,19,halide_rule,Ba3BiCl3,Ba,Bi,Cl,0.957,1.59463,
plus_unverified,gkf,3,15,halide_rule,Ba3BiI3,Ba,Bi,I,0.786,0.9494,
plus_unverified,gkf,3,18,halide_rule,Ba3PBr3,Ba,P,Br,0.944,1.344537,
plus_unverified,gkf,3,15,halide_rule,Ba3PCl3,Ba,P,Cl,0.964,1.555,
plus_unverified,gkf,3,18,halide_rule,Ba3PI3,Ba,P,I,0.764,0.883964,
plus_unverified,gkf,3,17,halide_rule,Ba3SbBr3,Ba,Sb,Br,1.0819,1.319688,
plus_unverified,gkf,3,16,halide_rule,Ba3SbCl3,Ba,Sb,Cl,1.002,1.607118,
plus_unverified,gkf,3,15,halide_rule,Ba3SbI3,Ba,Sb,I,0.78,0.9494,
plus_unverified,gkf,3,17,halide_rule,Ca3AsBr3,Ca,As,Br,1.634,1.319688,
plus_unverified,gkf,3,19,halide_rule,Ca3AsCl3,Ca,As,Cl,1.742,1.59463,
plus_unverified,gkf,3,18,halide_rule,Ca3AsF3,Ca,As,F,2.27,2.354,
plus_unverified,gkf,3,16,halide_rule,Ca3BiBr3,Ca,Bi,Br,1.6,1.239073,
plus_unverified,gkf,3,17,halide_rule,Ca3BiCl3,Ca,Bi,Cl,1.76,1.505664,
plus_unverified,gkf,3,16,halide_rule,Ca3BiI3,Ca,Bi,I,1.325,0.827522,
plus_unverified,gkf,3,17,halide_rule,Ca3PBr3,Ca,P,Br,1.8846,1.319688,
plus_unverified,gkf,3,17,halide_rule,Ca3PCl3,Ca,P,Cl,2.035,1.505664,
plus_unverified,gkf,3,16,halide_rule,Ca3PF3,Ca,P,F,2.518,2.727,
plus_unverified,gkf,3,16,halide_rule,Ca3PI3,Ca,P,I,1.4909,0.827522,
plus_unverified,gkf,3,16,halide_rule,Ca3SbBr3,Ca,Sb,Br,1.782,1.239073,
plus_unverified,gkf,3,15,halide_rule,Ca3SbCl3,Ca,Sb,Cl,1.814,1.555,
plus_unverified,gkf,3,16,halide_rule,Ca3SbF3,Ca,Sb,F,2.19,2.727,
plus_unverified,gkf,3,18,halide_rule,Mg3AsBr3,Mg,As,Br,1.2907,1.344537,
plus_unverified,gkf,3,18,halide_rule,Mg3BiBr3,Mg,Bi,Br,0.9648,1.344537,
plus_unverified,gkf,3,16,halide_rule,Mg3BiI3,Mg,Bi,I,0.224,0.827522,
plus_unverified,gkf,3,18,halide_rule,Mg3PBr3,Mg,P,Br,1.506,1.344537,
plus_unverified,gkf,3,15,halide_rule,Mg3PCl3,Mg,P,Cl,2.297,1.555,
plus_unverified,gkf,3,15,halide_rule,Mg3PI3,Mg,P,I,0.377,0.9494,
plus_unverified,gkf,3,17,halide_rule,Mg3SbBr3,Mg,Sb,Br,0.9418,1.319688,
plus_unverified,gkf,3,15,halide_rule,Mg3SbCl3,Mg,Sb,Cl,1.7283,1.555,
plus_unverified,gkf,3,18,halide_rule,Mg3SbF3,Mg,Sb,F,3.184,2.354,
plus_unverified,gkf,3,19,halide_rule,Mg3SbI3,Mg,Sb,I,0.1057,0.875612,
plus_unverified,gkf,3,15,halide_rule,Sr3AsCl3,Sr,As,Cl,1.7,1.555,
plus_unverified,gkf,3,19,halide_rule,Sr3AsI3,Sr,As,I,1.265,0.875612,
plus_unverified,gkf,3,18,halide_rule,Sr3PBr3,Sr,P,Br,1.55,1.344537,
plus_unverified,gkf,3,16,halide_rule,Sr3PCl3,Sr,P,Cl,1.677,1.607118,
plus_unverified,gkf,3,17,halide_rule,Sr3PI3,Sr,P,I,1.258,0.839055,
plus_unverified,gkf,3,19,halide_rule,Sr3SbCl3,Sr,Sb,Cl,1.712,1.59463,
plus_unverified,gkf,3,19,halide_rule,Sr3SbI3,Sr,Sb,I,1.31,0.875612,
plus_unverified,gkf,4,23,halide_rule,Ba3AsBr3,Ba,As,Br,0.92,1.37515,
plus_unverified,gkf,4,20,halide_rule,Ba3AsCl3,Ba,As,Cl,0.969,1.546537,
plus_unverified,gkf,4,22,halide_rule,Ba3AsI3,Ba,As,I,0.802,0.845733,
plus_unverified,gkf,4,21,halide_rule,Ba3BiBr3,Ba,Bi,Br,0.912,1.292878,
plus_unverified,gkf,4,22,halide_rule,Ba3BiCl3,Ba,Bi,Cl,0.957,1.676027,
plus_unverified,gkf,4,24,halide_rule,Ba3BiI3,Ba,Bi,I,0.786,0.913289,
plus_unverified,gkf,4,22,halide_rule,Ba3PBr3,Ba,P,Br,0.944,1.343373,
plus_unverified,gkf,4,22,halide_rule,Ba3PCl3,Ba,P,Cl,0.964,1.676027,
plus_unverified,gkf,4,22,halide_rule,Ba3PI3,Ba,P,I,0.764,0.845733,
plus_unverified,gkf,4,21,halide_rule,Ba3SbBr3,Ba,Sb,Br,1.0819,1.292878,
plus_unverified,gkf,4,24,halide_rule,Ba3SbCl3,Ba,Sb,Cl,1.002,1.479033,
plus_unverified,gkf,4,21,halide_rule,Ba3SbI3,Ba,Sb,I,0.78,0.772411,
plus_unverified,gkf,4,23,halide_rule,Ca3AsBr3,Ca,As,Br,1.634,1.37515,
plus_unverified,gkf,4,20,halide_rule,Ca3AsCl3,Ca,As,Cl,1.742,1.546537,
plus_unverified,gkf,4,21,halide_rule,Ca3AsF3,Ca,As,F,2.27,2.687,
plus_unverified,gkf,4,21,halide_rule,Ca3BiBr3,Ca,Bi,Br,1.6,1.292878,
plus_unverified,gkf,4,20,halide_rule,Ca3BiCl3,Ca,Bi,Cl,1.76,1.546537,
plus_unverified,gkf,4,20,halide_rule,Ca3BiI3,Ca,Bi,I,1.325,0.87856,
plus_unverified,gkf,4,20,halide_rule,Ca3PBr3,Ca,P,Br,1.8846,1.238291,
plus_unverified,gkf,4,24,halide_rule,Ca3PCl3,Ca,P,Cl,2.035,1.479033,
plus_unverified,gkf,4,21,halide_rule,Ca3PF3,Ca,P,F,2.518,2.687,
plus_unverified,gkf,4,21,halide_rule,Ca3PI3,Ca,P,I,1.4909,0.772411,
plus_unverified,gkf,4,21,halide_rule,Ca3SbBr3,Ca,Sb,Br,1.782,1.292878,
plus_unverified,gkf,4,20,halide_rule,Ca3SbCl3,Ca,Sb,Cl,1.814,1.546537,
plus_unverified,gkf,4,24,halide_rule,Ca3SbF3,Ca,Sb,F,2.19,2.657333,
plus_unverified,gkf,4,22,halide_rule,Mg3AsBr3,Mg,As,Br,1.2907,1.343373,
plus_unverified,gkf,4,23,halide_rule,Mg3BiBr3,Mg,Bi,Br,0.9648,1.37515,
plus_unverified,gkf,4,24,halide_rule,Mg3BiI3,Mg,Bi,I,0.224,0.913289,
plus_unverified,gkf,4,20,halide_rule,Mg3PBr3,Mg,P,Br,1.506,1.238291,
plus_unverified,gkf,4,24,halide_rule,Mg3PCl3,Mg,P,Cl,2.297,1.479033,
plus_unverified,gkf,4,20,halide_rule,Mg3PI3,Mg,P,I,0.377,0.87856,
plus_unverified,gkf,4,23,halide_rule,Mg3SbBr3,Mg,Sb,Br,0.9418,1.37515,
plus_unverified,gkf,4,23,halide_rule,Mg3SbCl3,Mg,Sb,Cl,1.7283,1.541091,
plus_unverified,gkf,4,22,halide_rule,Mg3SbF3,Mg,Sb,F,3.184,2.326,
plus_unverified,gkf,4,23,halide_rule,Mg3SbI3,Mg,Sb,I,0.1057,0.943809,
plus_unverified,gkf,4,20,halide_rule,Sr3AsCl3,Sr,As,Cl,1.7,1.546537,
plus_unverified,gkf,4,21,halide_rule,Sr3AsI3,Sr,As,I,1.265,0.772411,
plus_unverified,gkf,4,23,halide_rule,Sr3PBr3,Sr,P,Br,1.55,1.37515,
plus_unverified,gkf,4,23,halide_rule,Sr3PCl3,Sr,P,Cl,1.677,1.541091,
plus_unverified,gkf,4,24,halide_rule,Sr3PI3,Sr,P,I,1.258,0.913289,
plus_unverified,gkf,4,24,halide_rule,Sr3SbCl3,Sr,Sb,Cl,1.712,1.479033,
plus_unverified,gkf,4,22,halide_rule,Sr3SbI3,Sr,Sb,I,1.31,0.845733,
plus_unverified,gkf,5,28,halide_rule,Ba3AsBr3,Ba,As,Br,0.92,1.32654,
plus_unverified,gkf,5,29,halide_rule,Ba3AsCl3,Ba,As,Cl,0.969,1.602573,
plus_unverified,gkf,5,29,halide_rule,Ba3AsI3,Ba,As,I,0.802,0.860825,
plus_unverified,gkf,5,27,halide_rule,Ba3BiBr3,Ba,Bi,Br,0.912,1.346282,
plus_unverified,gkf,5,27,halide_rule,Ba3BiCl3,Ba,Bi,Cl,0.957,1.67213,
plus_unverified,gkf,5,27,halide_rule,Ba3BiI3,Ba,Bi,I,0.786,0.95959,
plus_unverified,gkf,5,25,halide_rule,Ba3PBr3,Ba,P,Br,0.944,1.33519,
plus_unverified,gkf,5,25,halide_rule,Ba3PCl3,Ba,P,Cl,0.964,1.569478,
plus_unverified,gkf,5,26,halide_rule,Ba3PI3,Ba,P,I,0.764,0.82327,
plus_unverified,gkf,5,25,halide_rule,Ba3SbBr3,Ba,Sb,Br,1.0819,1.33519,
plus_unverified,gkf,5,27,halide_rule,Ba3SbCl3,Ba,Sb,Cl,1.002,1.67213,
plus_unverified,gkf,5,28,halide_rule,Ba3SbI3,Ba,Sb,I,0.78,0.84496,
plus_unverified,gkf,5,25,halide_rule,Ca3AsBr3,Ca,As,Br,1.634,1.33519,
plus_unverified,gkf,5,25,halide_rule,Ca3AsCl3,Ca,As,Cl,1.742,1.569478,
plus_unverified,gkf,5,26,halide_rule,Ca3AsF3,Ca,As,F,2.27,2.354,
plus_unverified,gkf,5,26,halide_rule,Ca3BiBr3,Ca,Bi,Br,1.6,1.2941,
plus_unverified,gkf,5,29,halide_rule,Ca3BiCl3,Ca,Bi,Cl,1.76,1.602573,
plus_unverified,gkf,5,25,halide_rule,Ca3BiI3,Ca,Bi,I,1.325,0.87856,
plus_unverified,gkf,5,28,halide_rule,Ca3PBr3,Ca,P,Br,1.8846,1.32654,
plus_unverified,gkf,5,26,halide_rule,Ca3PCl3,Ca,P,Cl,2.035,1.511118,
plus_unverified,gkf,5,28,halide_rule,Ca3PF3,Ca,P,F,2.518,2.548,
plus_unverified,gkf,5,26,halide_rule,Ca3PI3,Ca,P,I,1.4909,0.82327,
plus_unverified,gkf,5,29,halide_rule,Ca3SbBr3,Ca,Sb,Br,1.782,1.243618,
plus_unverified,gkf,5,25,halide_rule,Ca3SbCl3,Ca,Sb,Cl,1.814,1.569478,
plus_unverified,gkf,5,27,halide_rule,Ca3SbF3,Ca,Sb,F,2.19,2.657333,
plus_unverified,gkf,5,27,halide_rule,Mg3AsBr3,Mg,As,Br,1.2907,1.346282,
plus_unverified,gkf,5,26,halide_rule,Mg3BiBr3,Mg,Bi,Br,0.9648,1.2941,
plus_unverified,gkf,5,29,halide_rule,Mg3BiI3,Mg,Bi,I,0.224,0.860825,
plus_unverified,gkf,5,26,halide_rule,Mg3PBr3,Mg,P,Br,1.506,1.2941,
plus_unverified,gkf,5,28,halide_rule,Mg3PCl3,Mg,P,Cl,2.297,1.484727,
plus_unverified,gkf,5,25,halide_rule,Mg3PI3,Mg,P,I,0.377,0.87856,
plus_unverified,gkf,5,28,halide_rule,Mg3SbBr3,Mg,Sb,Br,0.9418,1.32654,
plus_unverified,gkf,5,28,halide_rule,Mg3SbCl3,Mg,Sb,Cl,1.7283,1.484727,
plus_unverified,gkf,5,26,halide_rule,Mg3SbF3,Mg,Sb,F,3.184,2.354,
plus_unverified,gkf,5,27,halide_rule,Mg3SbI3,Mg,Sb,I,0.1057,0.95959,
plus_unverified,gkf,5,26,halide_rule,Sr3AsCl3,Sr,As,Cl,1.7,1.511118,
plus_unverified,gkf,5,29,halide_rule,Sr3AsI3,Sr,As,I,1.265,0.860825,
plus_unverified,gkf,5,29,halide_rule,Sr3PBr3,Sr,P,Br,1.55,1.243618,
plus_unverified,gkf,5,27,halide_rule,Sr3PCl3,Sr,P,Cl,1.677,1.67213,
plus_unverified,gkf,5,28,halide_rule,Sr3PI3,Sr,P,I,1.258,0.84496,
plus_unverified,gkf,5,25,halide_rule,Sr3SbCl3,Sr,Sb,Cl,1.712,1.569478,
plus_unverified,gkf,5,29,halide_rule,Sr3SbI3,Sr,Sb,I,1.31,0.860825,
plus_unverified,gkf,6,34,halide_rule,Ba3AsBr3,Ba,As,Br,0.92,1.369044,
plus_unverified,gkf,6,32,halide_rule,Ba3AsCl3,Ba,As,Cl,0.969,1.579589,
plus_unverified,gkf,6,33,halide_rule,Ba3AsI3,Ba,As,I,0.802,0.910733,
plus_unverified,gkf,6,30,halide_rule,Ba3BiBr3,Ba,Bi,Br,0.912,1.326709,
plus_unverified,gkf,6,31,halide_rule,Ba3BiCl3,Ba,Bi,Cl,0.957,1.598755,
plus_unverified,gkf,6,30,halide_rule,Ba3BiI3,Ba,Bi,I,0.786,0.815462,
plus_unverified,gkf,6,34,halide_rule,Ba3PBr3,Ba,P,Br,0.944,1.369044,
plus_unverified,gkf,6,30,halide_rule,Ba3PCl3,Ba,P,Cl,0.964,1.604664,
plus_unverified,gkf,6,31,halide_rule,Ba3PI3,Ba,P,I,0.764,0.928878,
plus_unverified,gkf,6,33,halide_rule,Ba3SbBr3,Ba,Sb,Br,1.0819,1.286173,
plus_unverified,gkf,6,34,halide_rule,Ba3SbCl3,Ba,Sb,Cl,1.002,1.5592,
plus_unverified,gkf,6,32,halide_rule,Ba3SbI3,Ba,Sb,I,0.78,0.882509,
plus_unverified,gkf,6,31,halide_rule,Ca3AsBr3,Ca,As,Br,1.634,1.310273,
plus_unverified,gkf,6,30,halide_rule,Ca3AsCl3,Ca,As,Cl,1.742,1.604664,
plus_unverified,gkf,6,31,halide_rule,Ca3AsF3,Ca,As,F,2.27,2.354,
plus_unverified,gkf,6,32,halide_rule,Ca3BiBr3,Ca,Bi,Br,1.6,1.25711,
plus_unverified,gkf,6,32,halide_rule,Ca3BiCl3,Ca,Bi,Cl,1.76,1.579589,
plus_unverified,gkf,6,34,halide_rule,Ca3BiI3,Ca,Bi,I,1.325,0.832964,
plus_unverified,gkf,6,34,halide_rule,Ca3PBr3,Ca,P,Br,1.8846,1.369044,
plus_unverified,gkf,6,34,halide_rule,Ca3PCl3,Ca,P,Cl,2.035,1.5592,
plus_unverified,gkf,6,30,halide_rule,Ca3PF3,Ca,P,F,2.518,2.548,
plus_unverified,gkf,6,30,halide_rule,Ca3PI3,Ca,P,I,1.4909,0.815462,
plus_unverified,gkf,6,33,halide_rule,Ca3SbBr3,Ca,Sb,Br,1.782,1.286173,
plus_unverified,gkf,6,31,halide_rule,Ca3SbCl3,Ca,Sb,Cl,1.814,1.598755,
plus_unverified,gkf,6,33,halide_rule,Ca3SbF3,Ca,Sb,F,2.19,2.657333,
plus_unverified,gkf,6,32,halide_rule,Mg3AsBr3,Mg,As,Br,1.2907,1.25711,
plus_unverified,gkf,6,31,halide_rule,Mg3BiBr3,Mg,Bi,Br,0.9648,1.310273,
plus_unverified,gkf,6,33,halide_rule,Mg3BiI3,Mg,Bi,I,0.224,0.910733,
plus_unverified,gkf,6,30,halide_rule,Mg3PBr3,Mg,P,Br,1.506,1.326709,
plus_unverified,gkf,6,33,halide_rule,Mg3PCl3,Mg,P,Cl,2.297,1.489391,
plus_unverified,gkf,6,30,halide_rule,Mg3PI3,Mg,P,I,0.377,0.815462,
plus_unverified,gkf,6,34,halide_rule,Mg3SbBr3,Mg,Sb,Br,0.9418,1.369044,
plus_unverified,gkf,6,34,halide_rule,Mg3SbCl3,Mg,Sb,Cl,1.7283,1.5592,
plus_unverified,gkf,6,31,halide_rule,Mg3SbF3,Mg,Sb,F,3.184,2.354,
plus_unverified,gkf,6,31,halide_rule,Mg3SbI3,Mg,Sb,I,0.1057,0.928878,
plus_unverified,gkf,6,32,halide_rule,Sr3AsCl3,Sr,As,Cl,1.7,1.579589,
plus_unverified,gkf,6,33,halide_rule,Sr3AsI3,Sr,As,I,1.265,0.910733,
plus_unverified,gkf,6,32,halide_rule,Sr3PBr3,Sr,P,Br,1.55,1.25711,
plus_unverified,gkf,6,33,halide_rule,Sr3PCl3,Sr,P,Cl,1.677,1.489391,
plus_unverified,gkf,6,31,halide_rule,Sr3PI3,Sr,P,I,1.258,0.928878,
plus_unverified,gkf,6,32,halide_rule,Sr3SbCl3,Sr,Sb,Cl,1.712,1.579589,
plus_unverified,gkf,6,30,halide_rule,Sr3SbI3,Sr,Sb,I,1.31,0.815462,
plus_unverified,gkf,7,37,halide_rule,Ba3AsBr3,Ba,As,Br,0.92,1.313387,
plus_unverified,gkf,7,38,halide_rule,Ba3AsCl3,Ba,As,Cl,0.969,1.5918,
plus_unverified,gkf,7,38,halide_rule,Ba3AsI3,Ba,As,I,0.802,0.7633,
plus_unverified,gkf,7,37,halide_rule,Ba3BiBr3,Ba,Bi,Br,0.912,1.313387,
plus_unverified,gkf,7,35,halide_rule,Ba3BiCl3,Ba,Bi,Cl,0.957,1.518478,
plus_unverified,gkf,7,36,halide_rule,Ba3BiI3,Ba,Bi,I,0.786,0.89216,
plus_unverified,gkf,7,36,halide_rule,Ba3PBr3,Ba,P,Br,0.944,1.32184,
plus_unverified,gkf,7,36,halide_rule,Ba3PCl3,Ba,P,Cl,0.964,1.671936,
plus_unverified,gkf,7,37,halide_rule,Ba3PI3,Ba,P,I,0.764,0.93466,
plus_unverified,gkf,7,35,halide_rule,Ba3SbBr3,Ba,Sb,Br,1.0819,1.299627,
plus_unverified,gkf,7,36,halide_rule,Ba3SbCl3,Ba,Sb,Cl,1.002,1.671936,
plus_unverified,gkf,7,36,halide_rule,Ba3SbI3,Ba,Sb,I,0.78,0.89216,
plus_unverified,gkf,7,35,halide_rule,Ca3AsBr3,Ca,As,Br,1.634,1.299627,
plus_unverified,gkf,7,38,halide_rule,Ca3AsCl3,Ca,As,Cl,1.742,1.5918,
plus_unverified,gkf,7,36,halide_rule,Ca3AsF3,Ca,As,F,2.27,2.687,
plus_unverified,gkf,7,37,halide_rule,Ca3BiBr3,Ca,Bi,Br,1.6,1.313387,
plus_unverified,gkf,7,35,halide_rule,Ca3BiCl3,Ca,Bi,Cl,1.76,1.518478,
plus_unverified,gkf,7,38,halide_rule,Ca3BiI3,Ca,Bi,I,1.325,0.7633,
plus_unverified,gkf,7,36,halide_rule,Ca3PBr3,Ca,P,Br,1.8846,1.32184,
plus_unverified,gkf,7,39,halide_rule,Ca3PCl3,Ca,P,Cl,2.035,1.49103,
plus_unverified,gkf,7,36,halide_rule,Ca3PF3,Ca,P,F,2.518,2.687,
plus_unverified,gkf,7,38,halide_rule,Ca3PI3,Ca,P,I,1.4909,0.7633,
plus_unverified,gkf,7,37,halide_rule,Ca3SbBr3,Ca,Sb,Br,1.782,1.313387,
plus_unverified,gkf,7,37,halide_rule,Ca3SbCl3,Ca,Sb,Cl,1.814,1.545275,
plus_unverified,gkf,7,39,halide_rule,Ca3SbF3,Ca,Sb,F,2.19,2.657333,
plus_unverified,gkf,7,37,halide_rule,Mg3AsBr3,Mg,As,Br,1.2907,1.313387,
plus_unverified,gkf,7,36,halide_rule,Mg3BiBr3,Mg,Bi,Br,0.9648,1.32184,
plus_unverified,gkf,7,35,halide_rule,Mg3BiI3,Mg,Bi,I,0.224,0.89536,
plus_unverified,gkf,7,38,halide_rule,Mg3PBr3,Mg,P,Br,1.506,1.324,
plus_unverified,gkf,7,35,halide_rule,Mg3PCl3,Mg,P,Cl,2.297,1.518478,
plus_unverified,gkf,7,37,halide_rule,Mg3PI3,Mg,P,I,0.377,0.93466,
plus_unverified,gkf,7,38,halide_rule,Mg3SbBr3,Mg,Sb,Br,0.9418,1.324,
plus_unverified,gkf,7,38,halide_rule,Mg3SbCl3,Mg,Sb,Cl,1.7283,1.5918,
plus_unverified,gkf,7,35,halide_rule,Mg3SbF3,Mg,Sb,F,3.184,2.326,
plus_unverified,gkf,7,39,halide_rule,Mg3SbI3,Mg,Sb,I,0.1057,0.873211,
plus_unverified,gkf,7,39,halide_rule,Sr3AsCl3,Sr,As,Cl,1.7,1.49103,
plus_unverified,gkf,7,39,halide_rule,Sr3AsI3,Sr,As,I,1.265,0.873211,
plus_unverified,gkf,7,39,halide_rule,Sr3PBr3,Sr,P,Br,1.55,1.288483,
plus_unverified,gkf,7,35,halide_rule,Sr3PCl3,Sr,P,Cl,1.677,1.518478,
plus_unverified,gkf,7,39,halide_rule,Sr3PI3,Sr,P,I,1.258,0.873211,
plus_unverified,gkf,7,39,halide_rule,Sr3SbCl3,Sr,Sb,Cl,1.712,1.49103,
plus_unverified,gkf,7,35,halide_rule,Sr3SbI3,Sr,Sb,I,1.31,0.89536,
plus_unverified,gkf,8,41,halide_rule,Ba3AsBr3,Ba,As,Br,0.92,1.291989,
plus_unverified,gkf,8,41,halide_rule,Ba3AsCl3,Ba,As,Cl,0.969,1.608027,
plus_unverified,gkf,8,43,halide_rule,Ba3AsI3,Ba,As,I,0.802,0.89056,
plus_unverified,gkf,8,43,halide_rule,Ba3BiBr3,Ba,Bi,Br,0.912,1.26652,
plus_unverified,gkf,8,43,halide_rule,Ba3BiCl3,Ba,Bi,Cl,0.957,1.58983,
plus_unverified,gkf,8,42,halide_rule,Ba3BiI3,Ba,Bi,I,0.786,0.912825,
plus_unverified,gkf,8,40,halide_rule,Ba3PBr3,Ba,P,Br,0.944,1.3557,
plus_unverified,gkf,8,40,halide_rule,Ba3PCl3,Ba,P,Cl,0.964,1.63563,
plus_unverified,gkf,8,42,halide_rule,Ba3PI3,Ba,P,I,0.764,0.912825,
plus_unverified,gkf,8,41,halide_rule,Ba3SbBr3,Ba,Sb,Br,1.0819,1.291989,
plus_unverified,gkf,8,40,halide_rule,Ba3SbCl3,Ba,Sb,Cl,1.002,1.63563,
plus_unverified,gkf,8,43,halide_rule,Ba3SbI3,Ba,Sb,I,0.78,0.89056,
plus_unverified,gkf,8,40,halide_rule,Ca3AsBr3,Ca,As,Br,1.634,1.3557,
plus_unverified,gkf,8,43,halide_rule,Ca3AsCl3,Ca,As,Cl,1.742,1.58983,
plus_unverified,gkf,8,40,halide_rule,Ca3AsF3,Ca,As,F,2.27,2.630667,
plus_unverified,gkf,8,41,halide_rule,Ca3BiBr3,Ca,Bi,Br,1.6,1.291989,
plus_unverified,gkf,8,43,halide_rule,Ca3BiCl3,Ca,Bi,Cl,1.76,1.58983,
plus_unverified,gkf,8,41,halide_rule,Ca3BiI3,Ca,Bi,I,1.325,0.90569,
plus_unverified,gkf,8,43,halide_rule,Ca3PBr3,Ca,P,Br,1.8846,1.26652,
plus_unverified,gkf,8,40,halide_rule,Ca3PCl3,Ca,P,Cl,2.035,1.63563,
plus_unverified,gkf,8,44,halide_rule,Ca3PF3,Ca,P,F,2.518,2.23,
plus_unverified,gkf,8,40,halide_rule,Ca3PI3,Ca,P,I,1.4909,0.817882,
plus_unverified,gkf,8,41,halide_rule,Ca3SbBr3,Ca,Sb,Br,1.782,1.291989,
plus_unverified,gkf,8,42,halide_rule,Ca3SbCl3,Ca,Sb,Cl,1.814,1.51543,
plus_unverified,gkf,8,41,halide_rule,Ca3SbF3,Ca,Sb,F,2.19,2.657333,
plus_unverified,gkf,8,40,halide_rule,Mg3AsBr3,Mg,As,Br,1.2907,1.3557,
plus_unverified,gkf,8,44,halide_rule,Mg3BiBr3,Mg,Bi,Br,0.9648,1.33725,
plus_unverified,gkf,8,44,halide_rule,Mg3BiI3,Mg,Bi,I,0.224,0.854289,
plus_unverified,gkf,8,42,halide_rule,Mg3PBr3,Mg,P,Br,1.506,1.29215,
plus_unverified,gkf,8,44,halide_rule,Mg3PCl3,Mg,P,Cl,2.297,1.484727,
plus_unverified,gkf,8,42,halide_rule,Mg3PI3,Mg,P,I,0.377,0.912825,
plus_unverified,gkf,8,40,halide_rule,Mg3SbBr3,Mg,Sb,Br,0.9418,1.3557,
plus_unverified,gkf,8,44,halide_rule,Mg3SbCl3,Mg,Sb,Cl,1.7283,1.484727,
plus_unverified,gkf,8,44,halide_rule,Mg3SbF3,Mg,Sb,F,3.184,2.23,
plus_unverified,gkf,8,41,halide_rule,Mg3SbI3,Mg,Sb,I,0.1057,0.90569,
plus_unverified,gkf,8,41,halide_rule,Sr3AsCl3,Sr,As,Cl,1.7,1.608027,
plus_unverified,gkf,8,44,halide_rule,Sr3AsI3,Sr,As,I,1.265,0.854289,
plus_unverified,gkf,8,43,halide_rule,Sr3PBr3,Sr,P,Br,1.55,1.26652,
plus_unverified,gkf,8,42,halide_rule,Sr3PCl3,Sr,P,Cl,1.677,1.51543,
plus_unverified,gkf,8,42,halide_rule,Sr3PI3,Sr,P,I,1.258,0.912825,
plus_unverified,gkf,8,42,halide_rule,Sr3SbCl3,Sr,Sb,Cl,1.712,1.51543,
plus_unverified,gkf,8,44,halide_rule,Sr3SbI3,Sr,Sb,I,1.31,0.854289,
plus_unverified,gkf,9,47,halide_rule,Ba3AsBr3,Ba,As,Br,0.92,1.355,
plus_unverified,gkf,9,49,halide_rule,Ba3AsCl3,Ba,As,Cl,0.969,1.576444,
plus_unverified,gkf,9,46,halide_rule,Ba3AsI3,Ba,As,I,0.802,0.7816,
plus_unverified,gkf,9,48,halide_rule,Ba3BiBr3,Ba,Bi,Br,0.912,1.35218,
plus_unverified,gkf,9,45,halide_rule,Ba3BiCl3,Ba,Bi,Cl,0.957,1.6027,
plus_unverified,gkf,9,46,halide_rule,Ba3BiI3,Ba,Bi,I,0.786,0.7816,
plus_unverified,gkf,9,48,halide_rule,Ba3PBr3,Ba,P,Br,0.944,1.35218,
plus_unverified,gkf,9,47,halide_rule,Ba3PCl3,Ba,P,Cl,0.964,1.56163,
plus_unverified,gkf,9,49,halide_rule,Ba3PI3,Ba,P,I,0.764,0.96179,
plus_unverified,gkf,9,46,halide_rule,Ba3SbBr3,Ba,Sb,Br,1.0819,1.307264,
plus_unverified,gkf,9,45,halide_rule,Ba3SbCl3,Ba,Sb,Cl,1.002,1.6027,
plus_unverified,gkf,9,47,halide_rule,Ba3SbI3,Ba,Sb,I,0.78,0.82167,
plus_unverified,gkf,9,48,halide_rule,Ca3AsBr3,Ca,As,Br,1.634,1.35218,
plus_unverified,gkf,9,47,halide_rule,Ca3AsCl3,Ca,As,Cl,1.742,1.56163,
plus_unverified,gkf,9,46,halide_rule,Ca3AsF3,Ca,As,F,2.27,2.630667,
plus_unverified,gkf,9,47,halide_rule,Ca3BiBr3,Ca,Bi,Br,1.6,1.355,
plus_unverified,gkf,9,49,halide_rule,Ca3BiCl3,Ca,Bi,Cl,1.76,1.576444,
plus_unverified,gkf,9,45,halide_rule,Ca3BiI3,Ca,Bi,I,1.325,0.832964,
plus_unverified,gkf,9,45,halide_rule,Ca3PBr3,Ca,P,Br,1.8846,1.23804,
plus_unverified,gkf,9,47,halide_rule,Ca3PCl3,Ca,P,Cl,2.035,1.56163,
plus_unverified,gkf,9,45,halide_rule,Ca3PF3,Ca,P,F,2.518,2.548,
plus_unverified,gkf,9,47,halide_rule,Ca3PI3,Ca,P,I,1.4909,0.82167,
plus_unverified,gkf,9,45,halide_rule,Ca3SbBr3,Ca,Sb,Br,1.782,1.23804,
plus_unverified,gkf,9,48,halide_rule,Ca3SbCl3,Ca,Sb,Cl,1.814,1.531209,
plus_unverified,gkf,9,48,halide_rule,Ca3SbF3,Ca,Sb,F,2.19,2.394,
plus_unverified,gkf,9,49,halide_rule,Mg3AsBr3,Mg,As,Br,1.2907,1.292282,
plus_unverified,gkf,9,45,halide_rule,Mg3BiBr3,Mg,Bi,Br,0.9648,1.23804,
plus_unverified,gkf,9,48,halide_rule,Mg3BiI3,Mg,Bi,I,0.224,0.933055,
plus_unverified,gkf,9,49,halide_rule,Mg3PBr3,Mg,P,Br,1.506,1.292282,
plus_unverified,gkf,9,45,halide_rule,Mg3PCl3,Mg,P,Cl,2.297,1.6027,
plus_unverified,gkf,9,46,halide_rule,Mg3PI3,Mg,P,I,0.377,0.7816,
plus_unverified,gkf,9,47,halide_rule,Mg3SbBr3,Mg,Sb,Br,0.9418,1.355,
plus_unverified,gkf,9,49,halide_rule,Mg3SbCl3,Mg,Sb,Cl,1.7283,1.576444,
plus_unverified,gkf,9,48,halide_rule,Mg3SbF3,Mg,Sb,F,3.184,2.394,
plus_unverified,gkf,9,49,halide_rule,Mg3SbI3,Mg,Sb,I,0.1057,0.96179,
plus_unverified,gkf,9,48,halide_rule,Sr3AsCl3,Sr,As,Cl,1.7,1.531209,
plus_unverified,gkf,9,46,halide_rule,Sr3AsI3,Sr,As,I,1.265,0.7816,
plus_unverified,gkf,9,46,halide_rule,Sr3PBr3,Sr,P,Br,1.55,1.307264,
plus_unverified,gkf,9,45,halide_rule,Sr3PCl3,Sr,P,Cl,1.677,1.6027,
plus_unverified,gkf,9,46,halide_rule,Sr3PI3,Sr,P,I,1.258,0.7816,
plus_unverified,gkf,9,49,halide_rule,Sr3SbCl3,Sr,Sb,Cl,1.712,1.576444,
plus_unverified,gkf,9,46,halide_rule,Sr3SbI3,Sr,Sb,I,1.31,0.7816,
plus_unverified,gkf,0,2,mean,Ba3AsBr3,Ba,As,Br,0.92,1.41235,
plus_unverified,gkf,0,2,mean,Ba3AsCl3,Ba,As,Cl,0.969,1.41235,
plus_unverified,gkf,0,3,mean,Ba3AsI3,Ba,As,I,0.802,1.420759,
plus_unverified,gkf,0,3,mean,Ba3BiBr3,Ba,Bi,Br,0.912,1.420759,
plus_unverified,gkf,0,0,mean,Ba3BiCl3,Ba,Bi,Cl,0.957,1.404036,
plus_unverified,gkf,0,2,mean,Ba3BiI3,Ba,Bi,I,0.786,1.41235,
plus_unverified,gkf,0,1,mean,Ba3PBr3,Ba,P,Br,0.944,1.363661,
plus_unverified,gkf,0,4,mean,Ba3PCl3,Ba,P,Cl,0.964,1.306326,
plus_unverified,gkf,0,0,mean,Ba3PI3,Ba,P,I,0.764,1.404036,
plus_unverified,gkf,0,1,mean,Ba3SbBr3,Ba,Sb,Br,1.0819,1.363661,
plus_unverified,gkf,0,4,mean,Ba3SbCl3,Ba,Sb,Cl,1.002,1.306326,
plus_unverified,gkf,0,2,mean,Ba3SbI3,Ba,Sb,I,0.78,1.41235,
plus_unverified,gkf,0,1,mean,Ca3AsBr3,Ca,As,Br,1.634,1.363661,
plus_unverified,gkf,0,0,mean,Ca3AsCl3,Ca,As,Cl,1.742,1.404036,
plus_unverified,gkf,0,4,mean,Ca3AsF3,Ca,As,F,2.27,1.306326,
plus_unverified,gkf,0,1,mean,Ca3BiBr3,Ca,Bi,Br,1.6,1.363661,
plus_unverified,gkf,0,1,mean,Ca3BiCl3,Ca,Bi,Cl,1.76,1.363661,
plus_unverified,gkf,0,1,mean,Ca3BiI3,Ca,Bi,I,1.325,1.363661,
plus_unverified,gkf,0,4,mean,Ca3PBr3,Ca,P,Br,1.8846,1.306326,
plus_unverified,gkf,0,0,mean,Ca3PCl3,Ca,P,Cl,2.035,1.404036,
plus_unverified,gkf,0,4,mean,Ca3PF3,Ca,P,F,2.518,1.306326,
plus_unverified,gkf,0,3,mean,Ca3PI3,Ca,P,I,1.4909,1.420759,
plus_unverified,gkf,0,4,mean,Ca3SbBr3,Ca,Sb,Br,1.782,1.306326,
plus_unverified,gkf,0,3,mean,Ca3SbCl3,Ca,Sb,Cl,1.814,1.420759,
plus_unverified,gkf,0,2,mean,Ca3SbF3,Ca,Sb,F,2.19,1.41235,
plus_unverified,gkf,0,0,mean,Mg3AsBr3,Mg,As,Br,1.2907,1.404036,
plus_unverified,gkf,0,0,mean,Mg3BiBr3,Mg,Bi,Br,0.9648,1.404036,
plus_unverified,gkf,0,1,mean,Mg3BiI3,Mg,Bi,I,0.224,1.363661,
plus_unverified,gkf,0,4,mean,Mg3PBr3,Mg,P,Br,1.506,1.306326,
plus_unverified,gkf,0,0,mean,Mg3PCl3,Mg,P,Cl,2.297,1.404036,
plus_unverified,gkf,0,0,mean,Mg3PI3,Mg,P,I,0.377,1.404036,
plus_unverified,gkf,0,2,mean,Mg3SbBr3,Mg,Sb,Br,0.9418,1.41235,
plus_unverified,gkf,0,3,mean,Mg3SbCl3,Mg,Sb,Cl,1.7283,1.420759,
plus_unverified,gkf,0,1,mean,Mg3SbF3,Mg,Sb,F,3.184,1.363661,
plus_unverified,gkf,0,3,mean,Mg3SbI3,Mg,Sb,I,0.1057,1.420759,
plus_unverified,gkf,0,2,mean,Sr3AsCl3,Sr,As,Cl,1.7,1.41235,
plus_unverified,gkf,0,1,mean,Sr3AsI3,Sr,As,I,1.265,1.363661,
plus_unverified,gkf,0,3,mean,Sr3PBr3,Sr,P,Br,1.55,1.420759,
plus_unverified,gkf,0,4,mean,Sr3PCl3,Sr,P,Cl,1.677,1.306326,
plus_unverified,gkf,0,0,mean,Sr3PI3,Sr,P,I,1.258,1.404036,
plus_unverified,gkf,0,2,mean,Sr3SbCl3,Sr,Sb,Cl,1.712,1.41235,
plus_unverified,gkf,0,3,mean,Sr3SbI3,Sr,Sb,I,1.31,1.420759,
plus_unverified,gkf,1,5,mean,Ba3AsBr3,Ba,As,Br,0.92,1.369921,
plus_unverified,gkf,1,8,mean,Ba3AsCl3,Ba,As,Cl,0.969,1.437968,
plus_unverified,gkf,1,7,mean,Ba3AsI3,Ba,As,I,0.802,1.423206,
plus_unverified,gkf,1,9,mean,Ba3BiBr3,Ba,Bi,Br,0.912,1.376706,
plus_unverified,gkf,1,5,mean,Ba3BiCl3,Ba,Bi,Cl,0.957,1.369921,
plus_unverified,gkf,1,6,mean,Ba3BiI3,Ba,Bi,I,0.786,1.296348,
plus_unverified,gkf,1,8,mean,Ba3PBr3,Ba,P,Br,0.944,1.437968,
plus_unverified,gkf,1,8,mean,Ba3PCl3,Ba,P,Cl,0.964,1.437968,
plus_unverified,gkf,1,9,mean,Ba3PI3,Ba,P,I,0.764,1.376706,
plus_unverified,gkf,1,6,mean,Ba3SbBr3,Ba,Sb,Br,1.0819,1.296348,
plus_unverified,gkf,1,5,mean,Ba3SbCl3,Ba,Sb,Cl,1.002,1.369921,
plus_unverified,gkf,1,8,mean,Ba3SbI3,Ba,Sb,I,0.78,1.437968,
plus_unverified,gkf,1,5,mean,Ca3AsBr3,Ca,As,Br,1.634,1.369921,
plus_unverified,gkf,1,9,mean,Ca3AsCl3,Ca,As,Cl,1.742,1.376706,
plus_unverified,gkf,1,8,mean,Ca3AsF3,Ca,As,F,2.27,1.437968,
plus_unverified,gkf,1,6,mean,Ca3BiBr3,Ca,Bi,Br,1.6,1.296348,
plus_unverified,gkf,1,7,mean,Ca3BiCl3,Ca,Bi,Cl,1.76,1.423206,
plus_unverified,gkf,1,9,mean,Ca3BiI3,Ca,Bi,I,1.325,1.376706,
plus_unverified,gkf,1,6,mean,Ca3PBr3,Ca,P,Br,1.8846,1.296348,
plus_unverified,gkf,1,8,mean,Ca3PCl3,Ca,P,Cl,2.035,1.437968,
plus_unverified,gkf,1,6,mean,Ca3PF3,Ca,P,F,2.518,1.296348,
plus_unverified,gkf,1,7,mean,Ca3PI3,Ca,P,I,1.4909,1.423206,
plus_unverified,gkf,1,6,mean,Ca3SbBr3,Ca,Sb,Br,1.782,1.296348,
plus_unverified,gkf,1,5,mean,Ca3SbCl3,Ca,Sb,Cl,1.814,1.369921,
plus_unverified,gkf,1,9,mean,Ca3SbF3,Ca,Sb,F,2.19,1.376706,
plus_unverified,gkf,1,9,mean,Mg3AsBr3,Mg,As,Br,1.2907,1.376706,
plus_unverified,gkf,1,7,mean,Mg3BiBr3,Mg,Bi,Br,0.9648,1.423206,
plus_unverified,gkf,1,8,mean,Mg3BiI3,Mg,Bi,I,0.224,1.437968,
plus_unverified,gkf,1,5,mean,Mg3PBr3,Mg,P,Br,1.506,1.369921,
plus_unverified,gkf,1,6,mean,Mg3PCl3,Mg,P,Cl,2.297,1.296348,
plus_unverified,gkf,1,7,mean,Mg3PI3,Mg,P,I,0.377,1.423206,
plus_unverified,gkf,1,8,mean,Mg3SbBr3,Mg,Sb,Br,0.9418,1.437968,
plus_unverified,gkf,1,5,mean,Mg3SbCl3,Mg,Sb,Cl,1.7283,1.369921,
plus_unverified,gkf,1,6,mean,Mg3SbF3,Mg,Sb,F,3.184,1.296348,
plus_unverified,gkf,1,6,mean,Mg3SbI3,Mg,Sb,I,0.1057,1.296348,
plus_unverified,gkf,1,5,mean,Sr3AsCl3,Sr,As,Cl,1.7,1.369921,
plus_unverified,gkf,1,7,mean,Sr3AsI3,Sr,As,I,1.265,1.423206,
plus_unverified,gkf,1,5,mean,Sr3PBr3,Sr,P,Br,1.55,1.369921,
plus_unverified,gkf,1,9,mean,Sr3PCl3,Sr,P,Cl,1.677,1.376706,
plus_unverified,gkf,1,7,mean,Sr3PI3,Sr,P,I,1.258,1.423206,
plus_unverified,gkf,1,7,mean,Sr3SbCl3,Sr,Sb,Cl,1.712,1.423206,
plus_unverified,gkf,1,9,mean,Sr3SbI3,Sr,Sb,I,1.31,1.376706,
plus_unverified,gkf,2,13,mean,Ba3AsBr3,Ba,As,Br,0.92,1.397668,
plus_unverified,gkf,2,10,mean,Ba3AsCl3,Ba,As,Cl,0.969,1.425476,
plus_unverified,gkf,2,12,mean,Ba3AsI3,Ba,As,I,0.802,1.361715,
plus_unverified,gkf,2,10,mean,Ba3BiBr3,Ba,Bi,Br,0.912,1.425476,
plus_unverified,gkf,2,11,mean,Ba3BiCl3,Ba,Bi,Cl,0.957,1.445761,
plus_unverified,gkf,2,10,mean,Ba3BiI3,Ba,Bi,I,0.786,1.425476,
plus_unverified,gkf,2,13,mean,Ba3PBr3,Ba,P,Br,0.944,1.397668,
plus_unverified,gkf,2,13,mean,Ba3PCl3,Ba,P,Cl,0.964,1.397668,
plus_unverified,gkf,2,13,mean,Ba3PI3,Ba,P,I,0.764,1.397668,
plus_unverified,gkf,2,11,mean,Ba3SbBr3,Ba,Sb,Br,1.0819,1.445761,
plus_unverified,gkf,2,12,mean,Ba3SbCl3,Ba,Sb,Cl,1.002,1.361715,
plus_unverified,gkf,2,13,mean,Ba3SbI3,Ba,Sb,I,0.78,1.397668,
plus_unverified,gkf,2,10,mean,Ca3AsBr3,Ca,As,Br,1.634,1.425476,
plus_unverified,gkf,2,11,mean,Ca3AsCl3,Ca,As,Cl,1.742,1.445761,
plus_unverified,gkf,2,14,mean,Ca3AsF3,Ca,As,F,2.27,1.279559,
plus_unverified,gkf,2,14,mean,Ca3BiBr3,Ca,Bi,Br,1.6,1.279559,
plus_unverified,gkf,2,12,mean,Ca3BiCl3,Ca,Bi,Cl,1.76,1.361715,
plus_unverified,gkf,2,14,mean,Ca3BiI3,Ca,Bi,I,1.325,1.279559,
plus_unverified,gkf,2,12,mean,Ca3PBr3,Ca,P,Br,1.8846,1.361715,
plus_unverified,gkf,2,10,mean,Ca3PCl3,Ca,P,Cl,2.035,1.425476,
plus_unverified,gkf,2,14,mean,Ca3PF3,Ca,P,F,2.518,1.279559,
plus_unverified,gkf,2,11,mean,Ca3PI3,Ca,P,I,1.4909,1.445761,
plus_unverified,gkf,2,11,mean,Ca3SbBr3,Ca,Sb,Br,1.782,1.445761,
plus_unverified,gkf,2,14,mean,Ca3SbCl3,Ca,Sb,Cl,1.814,1.279559,
plus_unverified,gkf,2,14,mean,Ca3SbF3,Ca,Sb,F,2.19,1.279559,
plus_unverified,gkf,2,14,mean,Mg3AsBr3,Mg,As,Br,1.2907,1.279559,
plus_unverified,gkf,2,12,mean,Mg3BiBr3,Mg,Bi,Br,0.9648,1.361715,
plus_unverified,gkf,2,11,mean,Mg3BiI3,Mg,Bi,I,0.224,1.445761,
plus_unverified,gkf,2,14,mean,Mg3PBr3,Mg,P,Br,1.506,1.279559,
plus_unverified,gkf,2,12,mean,Mg3PCl3,Mg,P,Cl,2.297,1.361715,
plus_unverified,gkf,2,11,mean,Mg3PI3,Mg,P,I,0.377,1.445761,
plus_unverified,gkf,2,11,mean,Mg3SbBr3,Mg,Sb,Br,0.9418,1.445761,
plus_unverified,gkf,2,10,mean,Mg3SbCl3,Mg,Sb,Cl,1.7283,1.425476,
plus_unverified,gkf,2,13,mean,Mg3SbF3,Mg,Sb,F,3.184,1.397668,
plus_unverified,gkf,2,10,mean,Mg3SbI3,Mg,Sb,I,0.1057,1.425476,
plus_unverified,gkf,2,12,mean,Sr3AsCl3,Sr,As,Cl,1.7,1.361715,
plus_unverified,gkf,2,13,mean,Sr3AsI3,Sr,As,I,1.265,1.397668,
plus_unverified,gkf,2,10,mean,Sr3PBr3,Sr,P,Br,1.55,1.425476,
plus_unverified,gkf,2,13,mean,Sr3PCl3,Sr,P,Cl,1.677,1.397668,
plus_unverified,gkf,2,10,mean,Sr3PI3,Sr,P,I,1.258,1.425476,
plus_unverified,gkf,2,11,mean,Sr3SbCl3,Sr,Sb,Cl,1.712,1.445761,
plus_unverified,gkf,2,12,mean,Sr3SbI3,Sr,Sb,I,1.31,1.361715,
plus_unverified,gkf,3,19,mean,Ba3AsBr3,Ba,As,Br,0.92,1.447206,
plus_unverified,gkf,3,15,mean,Ba3AsCl3,Ba,As,Cl,0.969,1.412224,
plus_unverified,gkf,3,19,mean,Ba3AsI3,Ba,As,I,0.802,1.447206,
plus_unverified,gkf,3,17,mean,Ba3BiBr3,Ba,Bi,Br,0.912,1.367982,
plus_unverified,gkf,3,19,mean,Ba3BiCl3,Ba,Bi,Cl,0.957,1.447206,
plus_unverified,gkf,3,15,mean,Ba3BiI3,Ba,Bi,I,0.786,1.412224,
plus_unverified,gkf,3,18,mean,Ba3PBr3,Ba,P,Br,0.944,1.339565,
plus_unverified,gkf,3,15,mean,Ba3PCl3,Ba,P,Cl,0.964,1.412224,
plus_unverified,gkf,3,18,mean,Ba3PI3,Ba,P,I,0.764,1.339565,
plus_unverified,gkf,3,17,mean,Ba3SbBr3,Ba,Sb,Br,1.0819,1.367982,
plus_unverified,gkf,3,16,mean,Ba3SbCl3,Ba,Sb,Cl,1.002,1.339691,
plus_unverified,gkf,3,15,mean,Ba3SbI3,Ba,Sb,I,0.78,1.412224,
plus_unverified,gkf,3,17,mean,Ca3AsBr3,Ca,As,Br,1.634,1.367982,
plus_unverified,gkf,3,19,mean,Ca3AsCl3,Ca,As,Cl,1.742,1.447206,
plus_unverified,gkf,3,18,mean,Ca3AsF3,Ca,As,F,2.27,1.339565,
plus_unverified,gkf,3,16,mean,Ca3BiBr3,Ca,Bi,Br,1.6,1.339691,
plus_unverified,gkf,3,17,mean,Ca3BiCl3,Ca,Bi,Cl,1.76,1.367982,
plus_unverified,gkf,3,16,mean,Ca3BiI3,Ca,Bi,I,1.325,1.339691,
plus_unverified,gkf,3,17,mean,Ca3PBr3,Ca,P,Br,1.8846,1.367982,
plus_unverified,gkf,3,17,mean,Ca3PCl3,Ca,P,Cl,2.035,1.367982,
plus_unverified,gkf,3,16,mean,Ca3PF3,Ca,P,F,2.518,1.339691,
plus_unverified,gkf,3,16,mean,Ca3PI3,Ca,P,I,1.4909,1.339691,
plus_unverified,gkf,3,16,mean,Ca3SbBr3,Ca,Sb,Br,1.782,1.339691,
plus_unverified,gkf,3,15,mean,Ca3SbCl3,Ca,Sb,Cl,1.814,1.412224,
plus_unverified,gkf,3,16,mean,Ca3SbF3,Ca,Sb,F,2.19,1.339691,
plus_unverified,gkf,3,18,mean,Mg3AsBr3,Mg,As,Br,1.2907,1.339565,
plus_unverified,gkf,3,18,mean,Mg3BiBr3,Mg,Bi,Br,0.9648,1.339565,
plus_unverified,gkf,3,16,mean,Mg3BiI3,Mg,Bi,I,0.224,1.339691,
plus_unverified,gkf,3,18,mean,Mg3PBr3,Mg,P,Br,1.506,1.339565,
plus_unverified,gkf,3,15,mean,Mg3PCl3,Mg,P,Cl,2.297,1.412224,
plus_unverified,gkf,3,15,mean,Mg3PI3,Mg,P,I,0.377,1.412224,
plus_unverified,gkf,3,17,mean,Mg3SbBr3,Mg,Sb,Br,0.9418,1.367982,
plus_unverified,gkf,3,15,mean,Mg3SbCl3,Mg,Sb,Cl,1.7283,1.412224,
plus_unverified,gkf,3,18,mean,Mg3SbF3,Mg,Sb,F,3.184,1.339565,
plus_unverified,gkf,3,19,mean,Mg3SbI3,Mg,Sb,I,0.1057,1.447206,
plus_unverified,gkf,3,15,mean,Sr3AsCl3,Sr,As,Cl,1.7,1.412224,
plus_unverified,gkf,3,19,mean,Sr3AsI3,Sr,As,I,1.265,1.447206,
plus_unverified,gkf,3,18,mean,Sr3PBr3,Sr,P,Br,1.55,1.339565,
plus_unverified,gkf,3,16,mean,Sr3PCl3,Sr,P,Cl,1.677,1.339691,
plus_unverified,gkf,3,17,mean,Sr3PI3,Sr,P,I,1.258,1.367982,
plus_unverified,gkf,3,19,mean,Sr3SbCl3,Sr,Sb,Cl,1.712,1.447206,
plus_unverified,gkf,3,19,mean,Sr3SbI3,Sr,Sb,I,1.31,1.447206,
plus_unverified,gkf,4,23,mean,Ba3AsBr3,Ba,As,Br,0.92,1.426385,
plus_unverified,gkf,4,20,mean,Ba3AsCl3,Ba,As,Cl,0.969,1.361852,
plus_unverified,gkf,4,22,mean,Ba3AsI3,Ba,As,I,0.802,1.405971,
plus_unverified,gkf,4,21,mean,Ba3BiBr3,Ba,Bi,Br,0.912,1.342997,
plus_unverified,gkf,4,22,mean,Ba3BiCl3,Ba,Bi,Cl,0.957,1.405971,
plus_unverified,gkf,4,24,mean,Ba3BiI3,Ba,Bi,I,0.786,1.368079,
plus_unverified,gkf,4,22,mean,Ba3PBr3,Ba,P,Br,0.944,1.405971,
plus_unverified,gkf,4,22,mean,Ba3PCl3,Ba,P,Cl,0.964,1.405971,
plus_unverified,gkf,4,22,mean,Ba3PI3,Ba,P,I,0.764,1.405971,
plus_unverified,gkf,4,21,mean,Ba3SbBr3,Ba,Sb,Br,1.0819,1.342997,
plus_unverified,gkf,4,24,mean,Ba3SbCl3,Ba,Sb,Cl,1.002,1.368079,
plus_unverified,gkf,4,21,mean,Ba3SbI3,Ba,Sb,I,0.78,1.342997,
plus_unverified,gkf,4,23,mean,Ca3AsBr3,Ca,As,Br,1.634,1.426385,
plus_unverified,gkf,4,20,mean,Ca3AsCl3,Ca,As,Cl,1.742,1.361852,
plus_unverified,gkf,4,21,mean,Ca3AsF3,Ca,As,F,2.27,1.342997,
plus_unverified,gkf,4,21,mean,Ca3BiBr3,Ca,Bi,Br,1.6,1.342997,
plus_unverified,gkf,4,20,mean,Ca3BiCl3,Ca,Bi,Cl,1.76,1.361852,
plus_unverified,gkf,4,20,mean,Ca3BiI3,Ca,Bi,I,1.325,1.361852,
plus_unverified,gkf,4,20,mean,Ca3PBr3,Ca,P,Br,1.8846,1.361852,
plus_unverified,gkf,4,24,mean,Ca3PCl3,Ca,P,Cl,2.035,1.368079,
plus_unverified,gkf,4,21,mean,Ca3PF3,Ca,P,F,2.518,1.342997,
plus_unverified,gkf,4,21,mean,Ca3PI3,Ca,P,I,1.4909,1.342997,
plus_unverified,gkf,4,21,mean,Ca3SbBr3,Ca,Sb,Br,1.782,1.342997,
plus_unverified,gkf,4,20,mean,Ca3SbCl3,Ca,Sb,Cl,1.814,1.361852,
plus_unverified,gkf,4,24,mean,Ca3SbF3,Ca,Sb,F,2.19,1.368079,
plus_unverified,gkf,4,22,mean,Mg3AsBr3,Mg,As,Br,1.2907,1.405971,
plus_unverified,gkf,4,23,mean,Mg3BiBr3,Mg,Bi,Br,0.9648,1.426385,
plus_unverified,gkf,4,24,mean,Mg3BiI3,Mg,Bi,I,0.224,1.368079,
plus_unverified,gkf,4,20,mean,Mg3PBr3,Mg,P,Br,1.506,1.361852,
plus_unverified,gkf,4,24,mean,Mg3PCl3,Mg,P,Cl,2.297,1.368079,
plus_unverified,gkf,4,20,mean,Mg3PI3,Mg,P,I,0.377,1.361852,
plus_unverified,gkf,4,23,mean,Mg3SbBr3,Mg,Sb,Br,0.9418,1.426385,
plus_unverified,gkf,4,23,mean,Mg3SbCl3,Mg,Sb,Cl,1.7283,1.426385,
plus_unverified,gkf,4,22,mean,Mg3SbF3,Mg,Sb,F,3.184,1.405971,
plus_unverified,gkf,4,23,mean,Mg3SbI3,Mg,Sb,I,0.1057,1.426385,
plus_unverified,gkf,4,20,mean,Sr3AsCl3,Sr,As,Cl,1.7,1.361852,
plus_unverified,gkf,4,21,mean,Sr3AsI3,Sr,As,I,1.265,1.342997,
plus_unverified,gkf,4,23,mean,Sr3PBr3,Sr,P,Br,1.55,1.426385,
plus_unverified,gkf,4,23,mean,Sr3PCl3,Sr,P,Cl,1.677,1.426385,
plus_unverified,gkf,4,24,mean,Sr3PI3,Sr,P,I,1.258,1.368079,
plus_unverified,gkf,4,24,mean,Sr3SbCl3,Sr,Sb,Cl,1.712,1.368079,
plus_unverified,gkf,4,22,mean,Sr3SbI3,Sr,Sb,I,1.31,1.405971,
plus_unverified,gkf,5,28,mean,Ba3AsBr3,Ba,As,Br,0.92,1.343853,
plus_unverified,gkf,5,29,mean,Ba3AsCl3,Ba,As,Cl,0.969,1.422256,
plus_unverified,gkf,5,29,mean,Ba3AsI3,Ba,As,I,0.802,1.422256,
plus_unverified,gkf,5,27,mean,Ba3BiBr3,Ba,Bi,Br,0.912,1.444068,
plus_unverified,gkf,5,27,mean,Ba3BiCl3,Ba,Bi,Cl,0.957,1.444068,
plus_unverified,gkf,5,27,mean,Ba3BiI3,Ba,Bi,I,0.786,1.444068,
plus_unverified,gkf,5,25,mean,Ba3PBr3,Ba,P,Br,0.944,1.406812,
plus_unverified,gkf,5,25,mean,Ba3PCl3,Ba,P,Cl,0.964,1.406812,
plus_unverified,gkf,5,26,mean,Ba3PI3,Ba,P,I,0.764,1.288,
plus_unverified,gkf,5,25,mean,Ba3SbBr3,Ba,Sb,Br,1.0819,1.406812,
plus_unverified,gkf,5,27,mean,Ba3SbCl3,Ba,Sb,Cl,1.002,1.444068,
plus_unverified,gkf,5,28,mean,Ba3SbI3,Ba,Sb,I,0.78,1.343853,
plus_unverified,gkf,5,25,mean,Ca3AsBr3,Ca,As,Br,1.634,1.406812,
plus_unverified,gkf,5,25,mean,Ca3AsCl3,Ca,As,Cl,1.742,1.406812,
plus_unverified,gkf,5,26,mean,Ca3AsF3,Ca,As,F,2.27,1.288,
plus_unverified,gkf,5,26,mean,Ca3BiBr3,Ca,Bi,Br,1.6,1.288,
plus_unverified,gkf,5,29,mean,Ca3BiCl3,Ca,Bi,Cl,1.76,1.422256,
plus_unverified,gkf,5,25,mean,Ca3BiI3,Ca,Bi,I,1.325,1.406812,
plus_unverified,gkf,5,28,mean,Ca3PBr3,Ca,P,Br,1.8846,1.343853,
plus_unverified,gkf,5,26,mean,Ca3PCl3,Ca,P,Cl,2.035,1.288,
plus_unverified,gkf,5,28,mean,Ca3PF3,Ca,P,F,2.518,1.343853,
plus_unverified,gkf,5,26,mean,Ca3PI3,Ca,P,I,1.4909,1.288,
plus_unverified,gkf,5,29,mean,Ca3SbBr3,Ca,Sb,Br,1.782,1.422256,
plus_unverified,gkf,5,25,mean,Ca3SbCl3,Ca,Sb,Cl,1.814,1.406812,
plus_unverified,gkf,5,27,mean,Ca3SbF3,Ca,Sb,F,2.19,1.444068,
plus_unverified,gkf,5,27,mean,Mg3AsBr3,Mg,As,Br,1.2907,1.444068,
plus_unverified,gkf,5,26,mean,Mg3BiBr3,Mg,Bi,Br,0.9648,1.288,
plus_unverified,gkf,5,29,mean,Mg3BiI3,Mg,Bi,I,0.224,1.422256,
plus_unverified,gkf,5,26,mean,Mg3PBr3,Mg,P,Br,1.506,1.288,
plus_unverified,gkf,5,28,mean,Mg3PCl3,Mg,P,Cl,2.297,1.343853,
plus_unverified,gkf,5,25,mean,Mg3PI3,Mg,P,I,0.377,1.406812,
plus_unverified,gkf,5,28,mean,Mg3SbBr3,Mg,Sb,Br,0.9418,1.343853,
plus_unverified,gkf,5,28,mean,Mg3SbCl3,Mg,Sb,Cl,1.7283,1.343853,
plus_unverified,gkf,5,26,mean,Mg3SbF3,Mg,Sb,F,3.184,1.288,
plus_unverified,gkf,5,27,mean,Mg3SbI3,Mg,Sb,I,0.1057,1.444068,
plus_unverified,gkf,5,26,mean,Sr3AsCl3,Sr,As,Cl,1.7,1.288,
plus_unverified,gkf,5,29,mean,Sr3AsI3,Sr,As,I,1.265,1.422256,
plus_unverified,gkf,5,29,mean,Sr3PBr3,Sr,P,Br,1.55,1.422256,
plus_unverified,gkf,5,27,mean,Sr3PCl3,Sr,P,Cl,1.677,1.444068,
plus_unverified,gkf,5,28,mean,Sr3PI3,Sr,P,I,1.258,1.343853,
plus_unverified,gkf,5,25,mean,Sr3SbCl3,Sr,Sb,Cl,1.712,1.406812,
plus_unverified,gkf,5,29,mean,Sr3SbI3,Sr,Sb,I,1.31,1.422256,
plus_unverified,gkf,6,34,mean,Ba3AsBr3,Ba,As,Br,0.92,1.389353,
plus_unverified,gkf,6,32,mean,Ba3AsCl3,Ba,As,Cl,0.969,1.372265,
plus_unverified,gkf,6,33,mean,Ba3AsI3,Ba,As,I,0.802,1.373524,
plus_unverified,gkf,6,30,mean,Ba3BiBr3,Ba,Bi,Br,0.912,1.406448,
plus_unverified,gkf,6,31,mean,Ba3BiCl3,Ba,Bi,Cl,0.957,1.365673,
plus_unverified,gkf,6,30,mean,Ba3BiI3,Ba,Bi,I,0.786,1.406448,
plus_unverified,gkf,6,34,mean,Ba3PBr3,Ba,P,Br,0.944,1.389353,
plus_unverified,gkf,6,30,mean,Ba3PCl3,Ba,P,Cl,0.964,1.406448,
plus_unverified,gkf,6,31,mean,Ba3PI3,Ba,P,I,0.764,1.365673,
plus_unverified,gkf,6,33,mean,Ba3SbBr3,Ba,Sb,Br,1.0819,1.373524,
plus_unverified,gkf,6,34,mean,Ba3SbCl3,Ba,Sb,Cl,1.002,1.389353,
plus_unverified,gkf,6,32,mean,Ba3SbI3,Ba,Sb,I,0.78,1.372265,
plus_unverified,gkf,6,31,mean,Ca3AsBr3,Ca,As,Br,1.634,1.365673,
plus_unverified,gkf,6,30,mean,Ca3AsCl3,Ca,As,Cl,1.742,1.406448,
plus_unverified,gkf,6,31,mean,Ca3AsF3,Ca,As,F,2.27,1.365673,
plus_unverified,gkf,6,32,mean,Ca3BiBr3,Ca,Bi,Br,1.6,1.372265,
plus_unverified,gkf,6,32,mean,Ca3BiCl3,Ca,Bi,Cl,1.76,1.372265,
plus_unverified,gkf,6,34,mean,Ca3BiI3,Ca,Bi,I,1.325,1.389353,
plus_unverified,gkf,6,34,mean,Ca3PBr3,Ca,P,Br,1.8846,1.389353,
plus_unverified,gkf,6,34,mean,Ca3PCl3,Ca,P,Cl,2.035,1.389353,
plus_unverified,gkf,6,30,mean,Ca3PF3,Ca,P,F,2.518,1.406448,
plus_unverified,gkf,6,30,mean,Ca3PI3,Ca,P,I,1.4909,1.406448,
plus_unverified,gkf,6,33,mean,Ca3SbBr3,Ca,Sb,Br,1.782,1.373524,
plus_unverified,gkf,6,31,mean,Ca3SbCl3,Ca,Sb,Cl,1.814,1.365673,
plus_unverified,gkf,6,33,mean,Ca3SbF3,Ca,Sb,F,2.19,1.373524,
plus_unverified,gkf,6,32,mean,Mg3AsBr3,Mg,As,Br,1.2907,1.372265,
plus_unverified,gkf,6,31,mean,Mg3BiBr3,Mg,Bi,Br,0.9648,1.365673,
plus_unverified,gkf,6,33,mean,Mg3BiI3,Mg,Bi,I,0.224,1.373524,
plus_unverified,gkf,6,30,mean,Mg3PBr3,Mg,P,Br,1.506,1.406448,
plus_unverified,gkf,6,33,mean,Mg3PCl3,Mg,P,Cl,2.297,1.373524,
plus_unverified,gkf,6,30,mean,Mg3PI3,Mg,P,I,0.377,1.406448,
plus_unverified,gkf,6,34,mean,Mg3SbBr3,Mg,Sb,Br,0.9418,1.389353,
plus_unverified,gkf,6,34,mean,Mg3SbCl3,Mg,Sb,Cl,1.7283,1.389353,
plus_unverified,gkf,6,31,mean,Mg3SbF3,Mg,Sb,F,3.184,1.365673,
plus_unverified,gkf,6,31,mean,Mg3SbI3,Mg,Sb,I,0.1057,1.365673,
plus_unverified,gkf,6,32,mean,Sr3AsCl3,Sr,As,Cl,1.7,1.372265,
plus_unverified,gkf,6,33,mean,Sr3AsI3,Sr,As,I,1.265,1.373524,
plus_unverified,gkf,6,32,mean,Sr3PBr3,Sr,P,Br,1.55,1.372265,
plus_unverified,gkf,6,33,mean,Sr3PCl3,Sr,P,Cl,1.677,1.373524,
plus_unverified,gkf,6,31,mean,Sr3PI3,Sr,P,I,1.258,1.365673,
plus_unverified,gkf,6,32,mean,Sr3SbCl3,Sr,Sb,Cl,1.712,1.372265,
plus_unverified,gkf,6,30,mean,Sr3SbI3,Sr,Sb,I,1.31,1.406448,
plus_unverified,gkf,7,37,mean,Ba3AsBr3,Ba,As,Br,0.92,1.428206,
plus_unverified,gkf,7,38,mean,Ba3AsCl3,Ba,As,Cl,0.969,1.397462,
plus_unverified,gkf,7,38,mean,Ba3AsI3,Ba,As,I,0.802,1.397462,
plus_unverified,gkf,7,37,mean,Ba3BiBr3,Ba,Bi,Br,0.912,1.428206,
plus_unverified,gkf,7,35,mean,Ba3BiCl3,Ba,Bi,Cl,0.957,1.330115,
plus_unverified,gkf,7,36,mean,Ba3BiI3,Ba,Bi,I,0.786,1.39107,
plus_unverified,gkf,7,36,mean,Ba3PBr3,Ba,P,Br,0.944,1.39107,
plus_unverified,gkf,7,36,mean,Ba3PCl3,Ba,P,Cl,0.964,1.39107,
plus_unverified,gkf,7,37,mean,Ba3PI3,Ba,P,I,0.764,1.428206,
plus_unverified,gkf,7,35,mean,Ba3SbBr3,Ba,Sb,Br,1.0819,1.330115,
plus_unverified,gkf,7,36,mean,Ba3SbCl3,Ba,Sb,Cl,1.002,1.39107,
plus_unverified,gkf,7,36,mean,Ba3SbI3,Ba,Sb,I,0.78,1.39107,
plus_unverified,gkf,7,35,mean,Ca3AsBr3,Ca,As,Br,1.634,1.330115,
plus_unverified,gkf,7,38,mean,Ca3AsCl3,Ca,As,Cl,1.742,1.397462,
plus_unverified,gkf,7,36,mean,Ca3AsF3,Ca,As,F,2.27,1.39107,
plus_unverified,gkf,7,37,mean,Ca3BiBr3,Ca,Bi,Br,1.6,1.428206,
plus_unverified,gkf,7,35,mean,Ca3BiCl3,Ca,Bi,Cl,1.76,1.330115,
plus_unverified,gkf,7,38,mean,Ca3BiI3,Ca,Bi,I,1.325,1.397462,
plus_unverified,gkf,7,36,mean,Ca3PBr3,Ca,P,Br,1.8846,1.39107,
plus_unverified,gkf,7,39,mean,Ca3PCl3,Ca,P,Cl,2.035,1.358912,
plus_unverified,gkf,7,36,mean,Ca3PF3,Ca,P,F,2.518,1.39107,
plus_unverified,gkf,7,38,mean,Ca3PI3,Ca,P,I,1.4909,1.397462,
plus_unverified,gkf,7,37,mean,Ca3SbBr3,Ca,Sb,Br,1.782,1.428206,
plus_unverified,gkf,7,37,mean,Ca3SbCl3,Ca,Sb,Cl,1.814,1.428206,
plus_unverified,gkf,7,39,mean,Ca3SbF3,Ca,Sb,F,2.19,1.358912,
plus_unverified,gkf,7,37,mean,Mg3AsBr3,Mg,As,Br,1.2907,1.428206,
plus_unverified,gkf,7,36,mean,Mg3BiBr3,Mg,Bi,Br,0.9648,1.39107,
plus_unverified,gkf,7,35,mean,Mg3BiI3,Mg,Bi,I,0.224,1.330115,
plus_unverified,gkf,7,38,mean,Mg3PBr3,Mg,P,Br,1.506,1.397462,
plus_unverified,gkf,7,35,mean,Mg3PCl3,Mg,P,Cl,2.297,1.330115,
plus_unverified,gkf,7,37,mean,Mg3PI3,Mg,P,I,0.377,1.428206,
plus_unverified,gkf,7,38,mean,Mg3SbBr3,Mg,Sb,Br,0.9418,1.397462,
plus_unverified,gkf,7,38,mean,Mg3SbCl3,Mg,Sb,Cl,1.7283,1.397462,
plus_unverified,gkf,7,35,mean,Mg3SbF3,Mg,Sb,F,3.184,1.330115,
plus_unverified,gkf,7,39,mean,Mg3SbI3,Mg,Sb,I,0.1057,1.358912,
plus_unverified,gkf,7,39,mean,Sr3AsCl3,Sr,As,Cl,1.7,1.358912,
plus_unverified,gkf,7,39,mean,Sr3AsI3,Sr,As,I,1.265,1.358912,
plus_unverified,gkf,7,39,mean,Sr3PBr3,Sr,P,Br,1.55,1.358912,
plus_unverified,gkf,7,35,mean,Sr3PCl3,Sr,P,Cl,1.677,1.330115,
plus_unverified,gkf,7,39,mean,Sr3PI3,Sr,P,I,1.258,1.358912,
plus_unverified,gkf,7,39,mean,Sr3SbCl3,Sr,Sb,Cl,1.712,1.358912,
plus_unverified,gkf,7,35,mean,Sr3SbI3,Sr,Sb,I,1.31,1.330115,
plus_unverified,gkf,8,41,mean,Ba3AsBr3,Ba,As,Br,0.92,1.404397,
plus_unverified,gkf,8,41,mean,Ba3AsCl3,Ba,As,Cl,0.969,1.404397,
plus_unverified,gkf,8,43,mean,Ba3AsI3,Ba,As,I,0.802,1.400915,
plus_unverified,gkf,8,43,mean,Ba3BiBr3,Ba,Bi,Br,0.912,1.400915,
plus_unverified,gkf,8,43,mean,Ba3BiCl3,Ba,Bi,Cl,0.957,1.400915,
plus_unverified,gkf,8,42,mean,Ba3BiI3,Ba,Bi,I,0.786,1.415432,
plus_unverified,gkf,8,40,mean,Ba3PBr3,Ba,P,Br,0.944,1.377161,
plus_unverified,gkf,8,40,mean,Ba3PCl3,Ba,P,Cl,0.964,1.377161,
plus_unverified,gkf,8,42,mean,Ba3PI3,Ba,P,I,0.764,1.415432,
plus_unverified,gkf,8,41,mean,Ba3SbBr3,Ba,Sb,Br,1.0819,1.404397,
plus_unverified,gkf,8,40,mean,Ba3SbCl3,Ba,Sb,Cl,1.002,1.377161,
plus_unverified,gkf,8,43,mean,Ba3SbI3,Ba,Sb,I,0.78,1.400915,
plus_unverified,gkf,8,40,mean,Ca3AsBr3,Ca,As,Br,1.634,1.377161,
plus_unverified,gkf,8,43,mean,Ca3AsCl3,Ca,As,Cl,1.742,1.400915,
plus_unverified,gkf,8,40,mean,Ca3AsF3,Ca,As,F,2.27,1.377161,
plus_unverified,gkf,8,41,mean,Ca3BiBr3,Ca,Bi,Br,1.6,1.404397,
plus_unverified,gkf,8,43,mean,Ca3BiCl3,Ca,Bi,Cl,1.76,1.400915,
plus_unverified,gkf,8,41,mean,Ca3BiI3,Ca,Bi,I,1.325,1.404397,
plus_unverified,gkf,8,43,mean,Ca3PBr3,Ca,P,Br,1.8846,1.400915,
plus_unverified,gkf,8,40,mean,Ca3PCl3,Ca,P,Cl,2.035,1.377161,
plus_unverified,gkf,8,44,mean,Ca3PF3,Ca,P,F,2.518,1.309635,
plus_unverified,gkf,8,40,mean,Ca3PI3,Ca,P,I,1.4909,1.377161,
plus_unverified,gkf,8,41,mean,Ca3SbBr3,Ca,Sb,Br,1.782,1.404397,
plus_unverified,gkf,8,42,mean,Ca3SbCl3,Ca,Sb,Cl,1.814,1.415432,
plus_unverified,gkf,8,41,mean,Ca3SbF3,Ca,Sb,F,2.19,1.404397,
plus_unverified,gkf,8,40,mean,Mg3AsBr3,Mg,As,Br,1.2907,1.377161,
plus_unverified,gkf,8,44,mean,Mg3BiBr3,Mg,Bi,Br,0.9648,1.309635,
plus_unverified,gkf,8,44,mean,Mg3BiI3,Mg,Bi,I,0.224,1.309635,
plus_unverified,gkf,8,42,mean,Mg3PBr3,Mg,P,Br,1.506,1.415432,
plus_unverified,gkf,8,44,mean,Mg3PCl3,Mg,P,Cl,2.297,1.309635,
plus_unverified,gkf,8,42,mean,Mg3PI3,Mg,P,I,0.377,1.415432,
plus_unverified,gkf,8,40,mean,Mg3SbBr3,Mg,Sb,Br,0.9418,1.377161,
plus_unverified,gkf,8,44,mean,Mg3SbCl3,Mg,Sb,Cl,1.7283,1.309635,
plus_unverified,gkf,8,44,mean,Mg3SbF3,Mg,Sb,F,3.184,1.309635,
plus_unverified,gkf,8,41,mean,Mg3SbI3,Mg,Sb,I,0.1057,1.404397,
plus_unverified,gkf,8,41,mean,Sr3AsCl3,Sr,As,Cl,1.7,1.404397,
plus_unverified,gkf,8,44,mean,Sr3AsI3,Sr,As,I,1.265,1.309635,
plus_unverified,gkf,8,43,mean,Sr3PBr3,Sr,P,Br,1.55,1.400915,
plus_unverified,gkf,8,42,mean,Sr3PCl3,Sr,P,Cl,1.677,1.415432,
plus_unverified,gkf,8,42,mean,Sr3PI3,Sr,P,I,1.258,1.415432,
plus_unverified,gkf,8,42,mean,Sr3SbCl3,Sr,Sb,Cl,1.712,1.415432,
plus_unverified,gkf,8,44,mean,Sr3SbI3,Sr,Sb,I,1.31,1.309635,
plus_unverified,gkf,9,47,mean,Ba3AsBr3,Ba,As,Br,0.92,1.398382,
plus_unverified,gkf,9,49,mean,Ba3AsCl3,Ba,As,Cl,0.969,1.417147,
plus_unverified,gkf,9,46,mean,Ba3AsI3,Ba,As,I,0.802,1.433903,
plus_unverified,gkf,9,48,mean,Ba3BiBr3,Ba,Bi,Br,0.912,1.335785,
plus_unverified,gkf,9,45,mean,Ba3BiCl3,Ba,Bi,Cl,0.957,1.321555,
plus_unverified,gkf,9,46,mean,Ba3BiI3,Ba,Bi,I,0.786,1.433903,
plus_unverified,gkf,9,48,mean,Ba3PBr3,Ba,P,Br,0.944,1.335785,
plus_unverified,gkf,9,47,mean,Ba3PCl3,Ba,P,Cl,0.964,1.398382,
plus_unverified,gkf,9,49,mean,Ba3PI3,Ba,P,I,0.764,1.417147,
plus_unverified,gkf,9,46,mean,Ba3SbBr3,Ba,Sb,Br,1.0819,1.433903,
plus_unverified,gkf,9,45,mean,Ba3SbCl3,Ba,Sb,Cl,1.002,1.321555,
plus_unverified,gkf,9,47,mean,Ba3SbI3,Ba,Sb,I,0.78,1.398382,
plus_unverified,gkf,9,48,mean,Ca3AsBr3,Ca,As,Br,1.634,1.335785,
plus_unverified,gkf,9,47,mean,Ca3AsCl3,Ca,As,Cl,1.742,1.398382,
plus_unverified,gkf,9,46,mean,Ca3AsF3,Ca,As,F,2.27,1.433903,
plus_unverified,gkf,9,47,mean,Ca3BiBr3,Ca,Bi,Br,1.6,1.398382,
plus_unverified,gkf,9,49,mean,Ca3BiCl3,Ca,Bi,Cl,1.76,1.417147,
plus_unverified,gkf,9,45,mean,Ca3BiI3,Ca,Bi,I,1.325,1.321555,
plus_unverified,gkf,9,45,mean,Ca3PBr3,Ca,P,Br,1.8846,1.321555,
plus_unverified,gkf,9,47,mean,Ca3PCl3,Ca,P,Cl,2.035,1.398382,
plus_unverified,gkf,9,45,mean,Ca3PF3,Ca,P,F,2.518,1.321555,
plus_unverified,gkf,9,47,mean,Ca3PI3,Ca,P,I,1.4909,1.398382,
plus_unverified,gkf,9,45,mean,Ca3SbBr3,Ca,Sb,Br,1.782,1.321555,
plus_unverified,gkf,9,48,mean,Ca3SbCl3,Ca,Sb,Cl,1.814,1.335785,
plus_unverified,gkf,9,48,mean,Ca3SbF3,Ca,Sb,F,2.19,1.335785,
plus_unverified,gkf,9,49,mean,Mg3AsBr3,Mg,As,Br,1.2907,1.417147,
plus_unverified,gkf,9,45,mean,Mg3BiBr3,Mg,Bi,Br,0.9648,1.321555,
plus_unverified,gkf,9,48,mean,Mg3BiI3,Mg,Bi,I,0.224,1.335785,
plus_unverified,gkf,9,49,mean,Mg3PBr3,Mg,P,Br,1.506,1.417147,
plus_unverified,gkf,9,45,mean,Mg3PCl3,Mg,P,Cl,2.297,1.321555,
plus_unverified,gkf,9,46,mean,Mg3PI3,Mg,P,I,0.377,1.433903,
plus_unverified,gkf,9,47,mean,Mg3SbBr3,Mg,Sb,Br,0.9418,1.398382,
plus_unverified,gkf,9,49,mean,Mg3SbCl3,Mg,Sb,Cl,1.7283,1.417147,
plus_unverified,gkf,9,48,mean,Mg3SbF3,Mg,Sb,F,3.184,1.335785,
plus_unverified,gkf,9,49,mean,Mg3SbI3,Mg,Sb,I,0.1057,1.417147,
plus_unverified,gkf,9,48,mean,Sr3AsCl3,Sr,As,Cl,1.7,1.335785,
plus_unverified,gkf,9,46,mean,Sr3AsI3,Sr,As,I,1.265,1.433903,
plus_unverified,gkf,9,46,mean,Sr3PBr3,Sr,P,Br,1.55,1.433903,
plus_unverified,gkf,9,45,mean,Sr3PCl3,Sr,P,Cl,1.677,1.321555,
plus_unverified,gkf,9,46,mean,Sr3PI3,Sr,P,I,1.258,1.433903,
plus_unverified,gkf,9,49,mean,Sr3SbCl3,Sr,Sb,Cl,1.712,1.417147,
plus_unverified,gkf,9,46,mean,Sr3SbI3,Sr,Sb,I,1.31,1.433903,
plus_unverified,gkf,0,2,rf_magpie,Ba3AsBr3,Ba,As,Br,0.92,1.070658,
plus_unverified,gkf,0,2,rf_magpie,Ba3AsCl3,Ba,As,Cl,0.969,1.150678,
plus_unverified,gkf,0,3,rf_magpie,Ba3AsI3,Ba,As,I,0.802,0.853815,
plus_unverified,gkf,0,3,rf_magpie,Ba3BiBr3,Ba,Bi,Br,0.912,0.975813,
plus_unverified,gkf,0,0,rf_magpie,Ba3BiCl3,Ba,Bi,Cl,0.957,0.874843,
plus_unverified,gkf,0,2,rf_magpie,Ba3BiI3,Ba,Bi,I,0.786,0.858838,
plus_unverified,gkf,0,1,rf_magpie,Ba3PBr3,Ba,P,Br,0.944,0.958848,
plus_unverified,gkf,0,4,rf_magpie,Ba3PCl3,Ba,P,Cl,0.964,1.291196,
plus_unverified,gkf,0,0,rf_magpie,Ba3PI3,Ba,P,I,0.764,0.890331,
plus_unverified,gkf,0,1,rf_magpie,Ba3SbBr3,Ba,Sb,Br,1.0819,0.933827,
plus_unverified,gkf,0,4,rf_magpie,Ba3SbCl3,Ba,Sb,Cl,1.002,1.117523,
plus_unverified,gkf,0,2,rf_magpie,Ba3SbI3,Ba,Sb,I,0.78,0.850151,
plus_unverified,gkf,0,1,rf_magpie,Ca3AsBr3,Ca,As,Br,1.634,1.746618,
plus_unverified,gkf,0,0,rf_magpie,Ca3AsCl3,Ca,As,Cl,1.742,1.776974,
plus_unverified,gkf,0,4,rf_magpie,Ca3AsF3,Ca,As,F,2.27,2.294094,
plus_unverified,gkf,0,1,rf_magpie,Ca3BiBr3,Ca,Bi,Br,1.6,1.349111,
plus_unverified,gkf,0,1,rf_magpie,Ca3BiCl3,Ca,Bi,Cl,1.76,1.438481,
plus_unverified,gkf,0,1,rf_magpie,Ca3BiI3,Ca,Bi,I,1.325,1.196699,
plus_unverified,gkf,0,4,rf_magpie,Ca3PBr3,Ca,P,Br,1.8846,1.609833,
plus_unverified,gkf,0,0,rf_magpie,Ca3PCl3,Ca,P,Cl,2.035,1.838735,
plus_unverified,gkf,0,4,rf_magpie,Ca3PF3,Ca,P,F,2.518,2.329556,
plus_unverified,gkf,0,3,rf_magpie,Ca3PI3,Ca,P,I,1.4909,1.437817,
plus_unverified,gkf,0,4,rf_magpie,Ca3SbBr3,Ca,Sb,Br,1.782,1.573073,
plus_unverified,gkf,0,3,rf_magpie,Ca3SbCl3,Ca,Sb,Cl,1.814,1.765616,
plus_unverified,gkf,0,2,rf_magpie,Ca3SbF3,Ca,Sb,F,2.19,2.166304,
plus_unverified,gkf,0,0,rf_magpie,Mg3AsBr3,Mg,As,Br,1.2907,1.333497,
plus_unverified,gkf,0,0,rf_magpie,Mg3BiBr3,Mg,Bi,Br,0.9648,1.097798,
plus_unverified,gkf,0,1,rf_magpie,Mg3BiI3,Mg,Bi,I,0.224,0.401826,
plus_unverified,gkf,0,4,rf_magpie,Mg3PBr3,Mg,P,Br,1.506,1.393413,
plus_unverified,gkf,0,0,rf_magpie,Mg3PCl3,Mg,P,Cl,2.297,1.756167,
plus_unverified,gkf,0,0,rf_magpie,Mg3PI3,Mg,P,I,0.377,0.94951,
plus_unverified,gkf,0,2,rf_magpie,Mg3SbBr3,Mg,Sb,Br,0.9418,1.380033,
plus_unverified,gkf,0,3,rf_magpie,Mg3SbCl3,Mg,Sb,Cl,1.7283,1.822304,
plus_unverified,gkf,0,1,rf_magpie,Mg3SbF3,Mg,Sb,F,3.184,1.994785,
plus_unverified,gkf,0,3,rf_magpie,Mg3SbI3,Mg,Sb,I,0.1057,0.535223,
plus_unverified,gkf,0,2,rf_magpie,Sr3AsCl3,Sr,As,Cl,1.7,1.659618,
plus_unverified,gkf,0,1,rf_magpie,Sr3AsI3,Sr,As,I,1.265,1.27232,
plus_unverified,gkf,0,3,rf_magpie,Sr3PBr3,Sr,P,Br,1.55,1.487145,
plus_unverified,gkf,0,4,rf_magpie,Sr3PCl3,Sr,P,Cl,1.677,1.807718,
plus_unverified,gkf,0,0,rf_magpie,Sr3PI3,Sr,P,I,1.258,1.269575,
plus_unverified,gkf,0,2,rf_magpie,Sr3SbCl3,Sr,Sb,Cl,1.712,1.586126,
plus_unverified,gkf,0,3,rf_magpie,Sr3SbI3,Sr,Sb,I,1.31,1.234914,
plus_unverified,gkf,1,5,rf_magpie,Ba3AsBr3,Ba,As,Br,0.92,1.081693,
plus_unverified,gkf,1,8,rf_magpie,Ba3AsCl3,Ba,As,Cl,0.969,1.253768,
plus_unverified,gkf,1,7,rf_magpie,Ba3AsI3,Ba,As,I,0.802,0.863145,
plus_unverified,gkf,1,9,rf_magpie,Ba3BiBr3,Ba,Bi,Br,0.912,0.987686,
plus_unverified,gkf,1,5,rf_magpie,Ba3BiCl3,Ba,Bi,Cl,0.957,0.938946,
plus_unverified,gkf,1,6,rf_magpie,Ba3BiI3,Ba,Bi,I,0.786,0.839492,
plus_unverified,gkf,1,8,rf_magpie,Ba3PBr3,Ba,P,Br,0.944,0.973046,
plus_unverified,gkf,1,8,rf_magpie,Ba3PCl3,Ba,P,Cl,0.964,1.225344,
plus_unverified,gkf,1,9,rf_magpie,Ba3PI3,Ba,P,I,0.764,0.910494,
plus_unverified,gkf,1,6,rf_magpie,Ba3SbBr3,Ba,Sb,Br,1.0819,0.931375,
plus_unverified,gkf,1,5,rf_magpie,Ba3SbCl3,Ba,Sb,Cl,1.002,1.02345,
plus_unverified,gkf,1,8,rf_magpie,Ba3SbI3,Ba,Sb,I,0.78,0.869712,
plus_unverified,gkf,1,5,rf_magpie,Ca3AsBr3,Ca,As,Br,1.634,1.763458,
plus_unverified,gkf,1,9,rf_magpie,Ca3AsCl3,Ca,As,Cl,1.742,1.859432,
plus_unverified,gkf,1,8,rf_magpie,Ca3AsF3,Ca,As,F,2.27,2.368233,
plus_unverified,gkf,1,6,rf_magpie,Ca3BiBr3,Ca,Bi,Br,1.6,1.414464,
plus_unverified,gkf,1,7,rf_magpie,Ca3BiCl3,Ca,Bi,Cl,1.76,1.485879,
plus_unverified,gkf,1,9,rf_magpie,Ca3BiI3,Ca,Bi,I,1.325,1.227354,
plus_unverified,gkf,1,6,rf_magpie,Ca3PBr3,Ca,P,Br,1.8846,1.622787,
plus_unverified,gkf,1,8,rf_magpie,Ca3PCl3,Ca,P,Cl,2.035,1.884181,
plus_unverified,gkf,1,6,rf_magpie,Ca3PF3,Ca,P,F,2.518,2.13536,
plus_unverified,gkf,1,7,rf_magpie,Ca3PI3,Ca,P,I,1.4909,1.400144,
plus_unverified,gkf,1,6,rf_magpie,Ca3SbBr3,Ca,Sb,Br,1.782,1.553783,
plus_unverified,gkf,1,5,rf_magpie,Ca3SbCl3,Ca,Sb,Cl,1.814,1.78448,
plus_unverified,gkf,1,9,rf_magpie,Ca3SbF3,Ca,Sb,F,2.19,2.219916,
plus_unverified,gkf,1,9,rf_magpie,Mg3AsBr3,Mg,As,Br,1.2907,1.431917,
plus_unverified,gkf,1,7,rf_magpie,Mg3BiBr3,Mg,Bi,Br,0.9648,0.901984,
plus_unverified,gkf,1,8,rf_magpie,Mg3BiI3,Mg,Bi,I,0.224,0.446339,
plus_unverified,gkf,1,5,rf_magpie,Mg3PBr3,Mg,P,Br,1.506,1.446346,
plus_unverified,gkf,1,6,rf_magpie,Mg3PCl3,Mg,P,Cl,2.297,1.631089,
plus_unverified,gkf,1,7,rf_magpie,Mg3PI3,Mg,P,I,0.377,0.81018,
plus_unverified,gkf,1,8,rf_magpie,Mg3SbBr3,Mg,Sb,Br,0.9418,1.326542,
plus_unverified,gkf,1,5,rf_magpie,Mg3SbCl3,Mg,Sb,Cl,1.7283,1.900384,
plus_unverified,gkf,1,6,rf_magpie,Mg3SbF3,Mg,Sb,F,3.184,1.701108,
plus_unverified,gkf,1,6,rf_magpie,Mg3SbI3,Mg,Sb,I,0.1057,0.556767,
plus_unverified,gkf,1,5,rf_magpie,Sr3AsCl3,Sr,As,Cl,1.7,1.697925,
plus_unverified,gkf,1,7,rf_magpie,Sr3AsI3,Sr,As,I,1.265,1.258052,
plus_unverified,gkf,1,5,rf_magpie,Sr3PBr3,Sr,P,Br,1.55,1.537085,
plus_unverified,gkf,1,9,rf_magpie,Sr3PCl3,Sr,P,Cl,1.677,1.76904,
plus_unverified,gkf,1,7,rf_magpie,Sr3PI3,Sr,P,I,1.258,1.253653,
plus_unverified,gkf,1,7,rf_magpie,Sr3SbCl3,Sr,Sb,Cl,1.712,1.604577,
plus_unverified,gkf,1,9,rf_magpie,Sr3SbI3,Sr,Sb,I,1.31,1.230486,
plus_unverified,gkf,2,13,rf_magpie,Ba3AsBr3,Ba,As,Br,0.92,1.081584,
plus_unverified,gkf,2,10,rf_magpie,Ba3AsCl3,Ba,As,Cl,0.969,1.284477,
plus_unverified,gkf,2,12,rf_magpie,Ba3AsI3,Ba,As,I,0.802,0.872579,
plus_unverified,gkf,2,10,rf_magpie,Ba3BiBr3,Ba,Bi,Br,0.912,0.973405,
plus_unverified,gkf,2,11,rf_magpie,Ba3BiCl3,Ba,Bi,Cl,0.957,0.904735,
plus_unverified,gkf,2,10,rf_magpie,Ba3BiI3,Ba,Bi,I,0.786,0.843677,
plus_unverified,gkf,2,13,rf_magpie,Ba3PBr3,Ba,P,Br,0.944,1.015837,
plus_unverified,gkf,2,13,rf_magpie,Ba3PCl3,Ba,P,Cl,0.964,1.255074,
plus_unverified,gkf,2,13,rf_magpie,Ba3PI3,Ba,P,I,0.764,0.914502,
plus_unverified,gkf,2,11,rf_magpie,Ba3SbBr3,Ba,Sb,Br,1.0819,0.919533,
plus_unverified,gkf,2,12,rf_magpie,Ba3SbCl3,Ba,Sb,Cl,1.002,1.038371,
plus_unverified,gkf,2,13,rf_magpie,Ba3SbI3,Ba,Sb,I,0.78,0.863858,
plus_unverified,gkf,2,10,rf_magpie,Ca3AsBr3,Ca,As,Br,1.634,1.771428,
plus_unverified,gkf,2,11,rf_magpie,Ca3AsCl3,Ca,As,Cl,1.742,1.881269,
plus_unverified,gkf,2,14,rf_magpie,Ca3AsF3,Ca,As,F,2.27,2.377481,
plus_unverified,gkf,2,14,rf_magpie,Ca3BiBr3,Ca,Bi,Br,1.6,1.422468,
plus_unverified,gkf,2,12,rf_magpie,Ca3BiCl3,Ca,Bi,Cl,1.76,1.569478,
plus_unverified,gkf,2,14,rf_magpie,Ca3BiI3,Ca,Bi,I,1.325,1.264926,
plus_unverified,gkf,2,12,rf_magpie,Ca3PBr3,Ca,P,Br,1.8846,1.66249,
plus_unverified,gkf,2,10,rf_magpie,Ca3PCl3,Ca,P,Cl,2.035,1.928124,
plus_unverified,gkf,2,14,rf_magpie,Ca3PF3,Ca,P,F,2.518,2.465631,
plus_unverified,gkf,2,11,rf_magpie,Ca3PI3,Ca,P,I,1.4909,1.426454,
plus_unverified,gkf,2,11,rf_magpie,Ca3SbBr3,Ca,Sb,Br,1.782,1.579705,
plus_unverified,gkf,2,14,rf_magpie,Ca3SbCl3,Ca,Sb,Cl,1.814,1.772976,
plus_unverified,gkf,2,14,rf_magpie,Ca3SbF3,Ca,Sb,F,2.19,2.31259,
plus_unverified,gkf,2,14,rf_magpie,Mg3AsBr3,Mg,As,Br,1.2907,1.461355,
plus_unverified,gkf,2,12,rf_magpie,Mg3BiBr3,Mg,Bi,Br,0.9648,0.823478,
plus_unverified,gkf,2,11,rf_magpie,Mg3BiI3,Mg,Bi,I,0.224,0.590345,
plus_unverified,gkf,2,14,rf_magpie,Mg3PBr3,Mg,P,Br,1.506,1.527844,
plus_unverified,gkf,2,12,rf_magpie,Mg3PCl3,Mg,P,Cl,2.297,1.8648,
plus_unverified,gkf,2,11,rf_magpie,Mg3PI3,Mg,P,I,0.377,1.007066,
plus_unverified,gkf,2,11,rf_magpie,Mg3SbBr3,Mg,Sb,Br,0.9418,1.407071,
plus_unverified,gkf,2,10,rf_magpie,Mg3SbCl3,Mg,Sb,Cl,1.7283,1.752673,
plus_unverified,gkf,2,13,rf_magpie,Mg3SbF3,Mg,Sb,F,3.184,1.939771,
plus_unverified,gkf,2,10,rf_magpie,Mg3SbI3,Mg,Sb,I,0.1057,0.543229,
plus_unverified,gkf,2,12,rf_magpie,Sr3AsCl3,Sr,As,Cl,1.7,1.690384,
plus_unverified,gkf,2,13,rf_magpie,Sr3AsI3,Sr,As,I,1.265,1.260373,
plus_unverified,gkf,2,10,rf_magpie,Sr3PBr3,Sr,P,Br,1.55,1.470762,
plus_unverified,gkf,2,13,rf_magpie,Sr3PCl3,Sr,P,Cl,1.677,1.788697,
plus_unverified,gkf,2,10,rf_magpie,Sr3PI3,Sr,P,I,1.258,1.309599,
plus_unverified,gkf,2,11,rf_magpie,Sr3SbCl3,Sr,Sb,Cl,1.712,1.543439,
plus_unverified,gkf,2,12,rf_magpie,Sr3SbI3,Sr,Sb,I,1.31,1.200818,
plus_unverified,gkf,3,19,rf_magpie,Ba3AsBr3,Ba,As,Br,0.92,1.069439,
plus_unverified,gkf,3,15,rf_magpie,Ba3AsCl3,Ba,As,Cl,0.969,1.421199,
plus_unverified,gkf,3,19,rf_magpie,Ba3AsI3,Ba,As,I,0.802,0.885764,
plus_unverified,gkf,3,17,rf_magpie,Ba3BiBr3,Ba,Bi,Br,0.912,0.909334,
plus_unverified,gkf,3,19,rf_magpie,Ba3BiCl3,Ba,Bi,Cl,0.957,0.921931,
plus_unverified,gkf,3,15,rf_magpie,Ba3BiI3,Ba,Bi,I,0.786,0.90984,
plus_unverified,gkf,3,18,rf_magpie,Ba3PBr3,Ba,P,Br,0.944,0.970443,
plus_unverified,gkf,3,15,rf_magpie,Ba3PCl3,Ba,P,Cl,0.964,1.258219,
plus_unverified,gkf,3,18,rf_magpie,Ba3PI3,Ba,P,I,0.764,0.884121,
plus_unverified,gkf,3,17,rf_magpie,Ba3SbBr3,Ba,Sb,Br,1.0819,0.93282,
plus_unverified,gkf,3,16,rf_magpie,Ba3SbCl3,Ba,Sb,Cl,1.002,1.041779,
plus_unverified,gkf,3,15,rf_magpie,Ba3SbI3,Ba,Sb,I,0.78,0.946469,
plus_unverified,gkf,3,17,rf_magpie,Ca3AsBr3,Ca,As,Br,1.634,1.673622,
plus_unverified,gkf,3,19,rf_magpie,Ca3AsCl3,Ca,As,Cl,1.742,1.867545,
plus_unverified,gkf,3,18,rf_magpie,Ca3AsF3,Ca,As,F,2.27,2.192346,
plus_unverified,gkf,3,16,rf_magpie,Ca3BiBr3,Ca,Bi,Br,1.6,1.343901,
plus_unverified,gkf,3,17,rf_magpie,Ca3BiCl3,Ca,Bi,Cl,1.76,1.467262,
plus_unverified,gkf,3,16,rf_magpie,Ca3BiI3,Ca,Bi,I,1.325,1.15249,
plus_unverified,gkf,3,17,rf_magpie,Ca3PBr3,Ca,P,Br,1.8846,1.671393,
plus_unverified,gkf,3,17,rf_magpie,Ca3PCl3,Ca,P,Cl,2.035,1.867241,
plus_unverified,gkf,3,16,rf_magpie,Ca3PF3,Ca,P,F,2.518,2.359498,
plus_unverified,gkf,3,16,rf_magpie,Ca3PI3,Ca,P,I,1.4909,1.342361,
plus_unverified,gkf,3,16,rf_magpie,Ca3SbBr3,Ca,Sb,Br,1.782,1.540875,
plus_unverified,gkf,3,15,rf_magpie,Ca3SbCl3,Ca,Sb,Cl,1.814,1.782721,
plus_unverified,gkf,3,16,rf_magpie,Ca3SbF3,Ca,Sb,F,2.19,2.239827,
plus_unverified,gkf,3,18,rf_magpie,Mg3AsBr3,Mg,As,Br,1.2907,1.423278,
plus_unverified,gkf,3,18,rf_magpie,Mg3BiBr3,Mg,Bi,Br,0.9648,0.869789,
plus_unverified,gkf,3,16,rf_magpie,Mg3BiI3,Mg,Bi,I,0.224,0.391269,
plus_unverified,gkf,3,18,rf_magpie,Mg3PBr3,Mg,P,Br,1.506,1.429665,
plus_unverified,gkf,3,15,rf_magpie,Mg3PCl3,Mg,P,Cl,2.297,1.629632,
plus_unverified,gkf,3,15,rf_magpie,Mg3PI3,Mg,P,I,0.377,0.883531,
plus_unverified,gkf,3,17,rf_magpie,Mg3SbBr3,Mg,Sb,Br,0.9418,1.403849,
plus_unverified,gkf,3,15,rf_magpie,Mg3SbCl3,Mg,Sb,Cl,1.7283,1.440645,
plus_unverified,gkf,3,18,rf_magpie,Mg3SbF3,Mg,Sb,F,3.184,1.919904,
plus_unverified,gkf,3,19,rf_magpie,Mg3SbI3,Mg,Sb,I,0.1057,0.56761,
plus_unverified,gkf,3,15,rf_magpie,Sr3AsCl3,Sr,As,Cl,1.7,1.722151,
plus_unverified,gkf,3,19,rf_magpie,Sr3AsI3,Sr,As,I,1.265,1.271561,
plus_unverified,gkf,3,18,rf_magpie,Sr3PBr3,Sr,P,Br,1.55,1.546763,
plus_unverified,gkf,3,16,rf_magpie,Sr3PCl3,Sr,P,Cl,1.677,1.799972,
plus_unverified,gkf,3,17,rf_magpie,Sr3PI3,Sr,P,I,1.258,1.292114,
plus_unverified,gkf,3,19,rf_magpie,Sr3SbCl3,Sr,Sb,Cl,1.712,1.616586,
plus_unverified,gkf,3,19,rf_magpie,Sr3SbI3,Sr,Sb,I,1.31,1.242647,
plus_unverified,gkf,4,23,rf_magpie,Ba3AsBr3,Ba,As,Br,0.92,1.004903,
plus_unverified,gkf,4,20,rf_magpie,Ba3AsCl3,Ba,As,Cl,0.969,1.149029,
plus_unverified,gkf,4,22,rf_magpie,Ba3AsI3,Ba,As,I,0.802,0.92415,
plus_unverified,gkf,4,21,rf_magpie,Ba3BiBr3,Ba,Bi,Br,0.912,0.914767,
plus_unverified,gkf,4,22,rf_magpie,Ba3BiCl3,Ba,Bi,Cl,0.957,0.981149,
plus_unverified,gkf,4,24,rf_magpie,Ba3BiI3,Ba,Bi,I,0.786,0.808513,
plus_unverified,gkf,4,22,rf_magpie,Ba3PBr3,Ba,P,Br,0.944,1.013994,
plus_unverified,gkf,4,22,rf_magpie,Ba3PCl3,Ba,P,Cl,0.964,1.229389,
plus_unverified,gkf,4,22,rf_magpie,Ba3PI3,Ba,P,I,0.764,0.958364,
plus_unverified,gkf,4,21,rf_magpie,Ba3SbBr3,Ba,Sb,Br,1.0819,0.964049,
plus_unverified,gkf,4,24,rf_magpie,Ba3SbCl3,Ba,Sb,Cl,1.002,1.0084,
plus_unverified,gkf,4,21,rf_magpie,Ba3SbI3,Ba,Sb,I,0.78,0.843137,
plus_unverified,gkf,4,23,rf_magpie,Ca3AsBr3,Ca,As,Br,1.634,1.744536,
plus_unverified,gkf,4,20,rf_magpie,Ca3AsCl3,Ca,As,Cl,1.742,1.873269,
plus_unverified,gkf,4,21,rf_magpie,Ca3AsF3,Ca,As,F,2.27,2.28987,
plus_unverified,gkf,4,21,rf_magpie,Ca3BiBr3,Ca,Bi,Br,1.6,1.339678,
plus_unverified,gkf,4,20,rf_magpie,Ca3BiCl3,Ca,Bi,Cl,1.76,1.572033,
plus_unverified,gkf,4,20,rf_magpie,Ca3BiI3,Ca,Bi,I,1.325,1.184923,
plus_unverified,gkf,4,20,rf_magpie,Ca3PBr3,Ca,P,Br,1.8846,1.675032,
plus_unverified,gkf,4,24,rf_magpie,Ca3PCl3,Ca,P,Cl,2.035,1.824307,
plus_unverified,gkf,4,21,rf_magpie,Ca3PF3,Ca,P,F,2.518,2.344781,
plus_unverified,gkf,4,21,rf_magpie,Ca3PI3,Ca,P,I,1.4909,1.325136,
plus_unverified,gkf,4,21,rf_magpie,Ca3SbBr3,Ca,Sb,Br,1.782,1.540535,
plus_unverified,gkf,4,20,rf_magpie,Ca3SbCl3,Ca,Sb,Cl,1.814,1.763991,
plus_unverified,gkf,4,24,rf_magpie,Ca3SbF3,Ca,Sb,F,2.19,2.407762,
plus_unverified,gkf,4,22,rf_magpie,Mg3AsBr3,Mg,As,Br,1.2907,1.424392,
plus_unverified,gkf,4,23,rf_magpie,Mg3BiBr3,Mg,Bi,Br,0.9648,1.121344,
plus_unverified,gkf,4,24,rf_magpie,Mg3BiI3,Mg,Bi,I,0.224,0.365239,
plus_unverified,gkf,4,20,rf_magpie,Mg3PBr3,Mg,P,Br,1.506,1.469353,
plus_unverified,gkf,4,24,rf_magpie,Mg3PCl3,Mg,P,Cl,2.297,1.701419,
plus_unverified,gkf,4,20,rf_magpie,Mg3PI3,Mg,P,I,0.377,0.860882,
plus_unverified,gkf,4,23,rf_magpie,Mg3SbBr3,Mg,Sb,Br,0.9418,1.495147,
plus_unverified,gkf,4,23,rf_magpie,Mg3SbCl3,Mg,Sb,Cl,1.7283,1.925161,
plus_unverified,gkf,4,22,rf_magpie,Mg3SbF3,Mg,Sb,F,3.184,1.979709,
plus_unverified,gkf,4,23,rf_magpie,Mg3SbI3,Mg,Sb,I,0.1057,0.829301,
plus_unverified,gkf,4,20,rf_magpie,Sr3AsCl3,Sr,As,Cl,1.7,1.731555,
plus_unverified,gkf,4,21,rf_magpie,Sr3AsI3,Sr,As,I,1.265,1.278006,
plus_unverified,gkf,4,23,rf_magpie,Sr3PBr3,Sr,P,Br,1.55,1.442973,
plus_unverified,gkf,4,23,rf_magpie,Sr3PCl3,Sr,P,Cl,1.677,1.673861,
plus_unverified,gkf,4,24,rf_magpie,Sr3PI3,Sr,P,I,1.258,1.31832,
plus_unverified,gkf,4,24,rf_magpie,Sr3SbCl3,Sr,Sb,Cl,1.712,1.633801,
plus_unverified,gkf,4,22,rf_magpie,Sr3SbI3,Sr,Sb,I,1.31,1.207805,
plus_unverified,gkf,5,28,rf_magpie,Ba3AsBr3,Ba,As,Br,0.92,1.054887,
plus_unverified,gkf,5,29,rf_magpie,Ba3AsCl3,Ba,As,Cl,0.969,1.222539,
plus_unverified,gkf,5,29,rf_magpie,Ba3AsI3,Ba,As,I,0.802,0.859713,
plus_unverified,gkf,5,27,rf_magpie,Ba3BiBr3,Ba,Bi,Br,0.912,0.96783,
plus_unverified,gkf,5,27,rf_magpie,Ba3BiCl3,Ba,Bi,Cl,0.957,0.959967,
plus_unverified,gkf,5,27,rf_magpie,Ba3BiI3,Ba,Bi,I,0.786,0.835,
plus_unverified,gkf,5,25,rf_magpie,Ba3PBr3,Ba,P,Br,0.944,0.980465,
plus_unverified,gkf,5,25,rf_magpie,Ba3PCl3,Ba,P,Cl,0.964,1.242969,
plus_unverified,gkf,5,26,rf_magpie,Ba3PI3,Ba,P,I,0.764,0.90053,
plus_unverified,gkf,5,25,rf_magpie,Ba3SbBr3,Ba,Sb,Br,1.0819,0.929273,
plus_unverified,gkf,5,27,rf_magpie,Ba3SbCl3,Ba,Sb,Cl,1.002,1.009899,
plus_unverified,gkf,5,28,rf_magpie,Ba3SbI3,Ba,Sb,I,0.78,0.82802,
plus_unverified,gkf,5,25,rf_magpie,Ca3AsBr3,Ca,As,Br,1.634,1.771022,
plus_unverified,gkf,5,25,rf_magpie,Ca3AsCl3,Ca,As,Cl,1.742,1.928997,
plus_unverified,gkf,5,26,rf_magpie,Ca3AsF3,Ca,As,F,2.27,2.201539,
plus_unverified,gkf,5,26,rf_magpie,Ca3BiBr3,Ca,Bi,Br,1.6,1.437488,
plus_unverified,gkf,5,29,rf_magpie,Ca3BiCl3,Ca,Bi,Cl,1.76,1.581173,
plus_unverified,gkf,5,25,rf_magpie,Ca3BiI3,Ca,Bi,I,1.325,1.128533,
plus_unverified,gkf,5,28,rf_magpie,Ca3PBr3,Ca,P,Br,1.8846,1.683203,
plus_unverified,gkf,5,26,rf_magpie,Ca3PCl3,Ca,P,Cl,2.035,1.903654,
plus_unverified,gkf,5,28,rf_magpie,Ca3PF3,Ca,P,F,2.518,2.291417,
plus_unverified,gkf,5,26,rf_magpie,Ca3PI3,Ca,P,I,1.4909,1.379895,
plus_unverified,gkf,5,29,rf_magpie,Ca3SbBr3,Ca,Sb,Br,1.782,1.602462,
plus_unverified,gkf,5,25,rf_magpie,Ca3SbCl3,Ca,Sb,Cl,1.814,1.786168,
plus_unverified,gkf,5,27,rf_magpie,Ca3SbF3,Ca,Sb,F,2.19,2.190821,
plus_unverified,gkf,5,27,rf_magpie,Mg3AsBr3,Mg,As,Br,1.2907,1.453771,
plus_unverified,gkf,5,26,rf_magpie,Mg3BiBr3,Mg,Bi,Br,0.9648,0.801242,
plus_unverified,gkf,5,29,rf_magpie,Mg3BiI3,Mg,Bi,I,0.224,0.393595,
plus_unverified,gkf,5,26,rf_magpie,Mg3PBr3,Mg,P,Br,1.506,1.408478,
plus_unverified,gkf,5,28,rf_magpie,Mg3PCl3,Mg,P,Cl,2.297,1.765402,
plus_unverified,gkf,5,25,rf_magpie,Mg3PI3,Mg,P,I,0.377,0.912154,
plus_unverified,gkf,5,28,rf_magpie,Mg3SbBr3,Mg,Sb,Br,0.9418,1.394394,
plus_unverified,gkf,5,28,rf_magpie,Mg3SbCl3,Mg,Sb,Cl,1.7283,1.612757,
plus_unverified,gkf,5,26,rf_magpie,Mg3SbF3,Mg,Sb,F,3.184,1.979017,
plus_unverified,gkf,5,27,rf_magpie,Mg3SbI3,Mg,Sb,I,0.1057,0.497192,
plus_unverified,gkf,5,26,rf_magpie,Sr3AsCl3,Sr,As,Cl,1.7,1.672936,
plus_unverified,gkf,5,29,rf_magpie,Sr3AsI3,Sr,As,I,1.265,1.217306,
plus_unverified,gkf,5,29,rf_magpie,Sr3PBr3,Sr,P,Br,1.55,1.492406,
plus_unverified,gkf,5,27,rf_magpie,Sr3PCl3,Sr,P,Cl,1.677,1.802866,
plus_unverified,gkf,5,28,rf_magpie,Sr3PI3,Sr,P,I,1.258,1.313946,
plus_unverified,gkf,5,25,rf_magpie,Sr3SbCl3,Sr,Sb,Cl,1.712,1.659696,
plus_unverified,gkf,5,29,rf_magpie,Sr3SbI3,Sr,Sb,I,1.31,1.219108,
plus_unverified,gkf,6,34,rf_magpie,Ba3AsBr3,Ba,As,Br,0.92,1.059319,
plus_unverified,gkf,6,32,rf_magpie,Ba3AsCl3,Ba,As,Cl,0.969,1.1318,
plus_unverified,gkf,6,33,rf_magpie,Ba3AsI3,Ba,As,I,0.802,0.857525,
plus_unverified,gkf,6,30,rf_magpie,Ba3BiBr3,Ba,Bi,Br,0.912,0.966347,
plus_unverified,gkf,6,31,rf_magpie,Ba3BiCl3,Ba,Bi,Cl,0.957,0.917943,
plus_unverified,gkf,6,30,rf_magpie,Ba3BiI3,Ba,Bi,I,0.786,0.865479,
plus_unverified,gkf,6,34,rf_magpie,Ba3PBr3,Ba,P,Br,0.944,0.992879,
plus_unverified,gkf,6,30,rf_magpie,Ba3PCl3,Ba,P,Cl,0.964,1.188002,
plus_unverified,gkf,6,31,rf_magpie,Ba3PI3,Ba,P,I,0.764,0.883769,
plus_unverified,gkf,6,33,rf_magpie,Ba3SbBr3,Ba,Sb,Br,1.0819,0.936067,
plus_unverified,gkf,6,34,rf_magpie,Ba3SbCl3,Ba,Sb,Cl,1.002,0.993609,
plus_unverified,gkf,6,32,rf_magpie,Ba3SbI3,Ba,Sb,I,0.78,0.846325,
plus_unverified,gkf,6,31,rf_magpie,Ca3AsBr3,Ca,As,Br,1.634,1.755721,
plus_unverified,gkf,6,30,rf_magpie,Ca3AsCl3,Ca,As,Cl,1.742,1.878311,
plus_unverified,gkf,6,31,rf_magpie,Ca3AsF3,Ca,As,F,2.27,2.183125,
plus_unverified,gkf,6,32,rf_magpie,Ca3BiBr3,Ca,Bi,Br,1.6,1.456926,
plus_unverified,gkf,6,32,rf_magpie,Ca3BiCl3,Ca,Bi,Cl,1.76,1.482758,
plus_unverified,gkf,6,34,rf_magpie,Ca3BiI3,Ca,Bi,I,1.325,1.241446,
plus_unverified,gkf,6,34,rf_magpie,Ca3PBr3,Ca,P,Br,1.8846,1.676619,
plus_unverified,gkf,6,34,rf_magpie,Ca3PCl3,Ca,P,Cl,2.035,1.862361,
plus_unverified,gkf,6,30,rf_magpie,Ca3PF3,Ca,P,F,2.518,2.302764,
plus_unverified,gkf,6,30,rf_magpie,Ca3PI3,Ca,P,I,1.4909,1.429679,
plus_unverified,gkf,6,33,rf_magpie,Ca3SbBr3,Ca,Sb,Br,1.782,1.61056,
plus_unverified,gkf,6,31,rf_magpie,Ca3SbCl3,Ca,Sb,Cl,1.814,1.75638,
plus_unverified,gkf,6,33,rf_magpie,Ca3SbF3,Ca,Sb,F,2.19,2.331091,
plus_unverified,gkf,6,32,rf_magpie,Mg3AsBr3,Mg,As,Br,1.2907,1.502761,
plus_unverified,gkf,6,31,rf_magpie,Mg3BiBr3,Mg,Bi,Br,0.9648,0.912087,
plus_unverified,gkf,6,33,rf_magpie,Mg3BiI3,Mg,Bi,I,0.224,0.366744,
plus_unverified,gkf,6,30,rf_magpie,Mg3PBr3,Mg,P,Br,1.506,1.43358,
plus_unverified,gkf,6,33,rf_magpie,Mg3PCl3,Mg,P,Cl,2.297,1.812421,
plus_unverified,gkf,6,30,rf_magpie,Mg3PI3,Mg,P,I,0.377,0.858642,
plus_unverified,gkf,6,34,rf_magpie,Mg3SbBr3,Mg,Sb,Br,0.9418,1.355221,
plus_unverified,gkf,6,34,rf_magpie,Mg3SbCl3,Mg,Sb,Cl,1.7283,1.832406,
plus_unverified,gkf,6,31,rf_magpie,Mg3SbF3,Mg,Sb,F,3.184,1.951577,
plus_unverified,gkf,6,31,rf_magpie,Mg3SbI3,Mg,Sb,I,0.1057,0.577203,
plus_unverified,gkf,6,32,rf_magpie,Sr3AsCl3,Sr,As,Cl,1.7,1.631171,
plus_unverified,gkf,6,33,rf_magpie,Sr3AsI3,Sr,As,I,1.265,1.284928,
plus_unverified,gkf,6,32,rf_magpie,Sr3PBr3,Sr,P,Br,1.55,1.434306,
plus_unverified,gkf,6,33,rf_magpie,Sr3PCl3,Sr,P,Cl,1.677,1.792402,
plus_unverified,gkf,6,31,rf_magpie,Sr3PI3,Sr,P,I,1.258,1.298263,
plus_unverified,gkf,6,32,rf_magpie,Sr3SbCl3,Sr,Sb,Cl,1.712,1.548361,
plus_unverified,gkf,6,30,rf_magpie,Sr3SbI3,Sr,Sb,I,1.31,1.216933,
plus_unverified,gkf,7,37,rf_magpie,Ba3AsBr3,Ba,As,Br,0.92,1.021055,
plus_unverified,gkf,7,38,rf_magpie,Ba3AsCl3,Ba,As,Cl,0.969,1.223341,
plus_unverified,gkf,7,38,rf_magpie,Ba3AsI3,Ba,As,I,0.802,0.877417,
plus_unverified,gkf,7,37,rf_magpie,Ba3BiBr3,Ba,Bi,Br,0.912,0.999531,
plus_unverified,gkf,7,35,rf_magpie,Ba3BiCl3,Ba,Bi,Cl,0.957,0.907136,
plus_unverified,gkf,7,36,rf_magpie,Ba3BiI3,Ba,Bi,I,0.786,0.889218,
plus_unverified,gkf,7,36,rf_magpie,Ba3PBr3,Ba,P,Br,0.944,0.96906,
plus_unverified,gkf,7,36,rf_magpie,Ba3PCl3,Ba,P,Cl,0.964,1.315057,
plus_unverified,gkf,7,37,rf_magpie,Ba3PI3,Ba,P,I,0.764,0.895364,
plus_unverified,gkf,7,35,rf_magpie,Ba3SbBr3,Ba,Sb,Br,1.0819,0.939165,
plus_unverified,gkf,7,36,rf_magpie,Ba3SbCl3,Ba,Sb,Cl,1.002,1.074007,
plus_unverified,gkf,7,36,rf_magpie,Ba3SbI3,Ba,Sb,I,0.78,0.89863,
plus_unverified,gkf,7,35,rf_magpie,Ca3AsBr3,Ca,As,Br,1.634,1.745934,
plus_unverified,gkf,7,38,rf_magpie,Ca3AsCl3,Ca,As,Cl,1.742,1.943475,
plus_unverified,gkf,7,36,rf_magpie,Ca3AsF3,Ca,As,F,2.27,2.257297,
plus_unverified,gkf,7,37,rf_magpie,Ca3BiBr3,Ca,Bi,Br,1.6,1.420225,
plus_unverified,gkf,7,35,rf_magpie,Ca3BiCl3,Ca,Bi,Cl,1.76,1.647902,
plus_unverified,gkf,7,38,rf_magpie,Ca3BiI3,Ca,Bi,I,1.325,1.211542,
plus_unverified,gkf,7,36,rf_magpie,Ca3PBr3,Ca,P,Br,1.8846,1.657992,
plus_unverified,gkf,7,39,rf_magpie,Ca3PCl3,Ca,P,Cl,2.035,1.875454,
plus_unverified,gkf,7,36,rf_magpie,Ca3PF3,Ca,P,F,2.518,2.312323,
plus_unverified,gkf,7,38,rf_magpie,Ca3PI3,Ca,P,I,1.4909,1.388035,
plus_unverified,gkf,7,37,rf_magpie,Ca3SbBr3,Ca,Sb,Br,1.782,1.60927,
plus_unverified,gkf,7,37,rf_magpie,Ca3SbCl3,Ca,Sb,Cl,1.814,1.758166,
plus_unverified,gkf,7,39,rf_magpie,Ca3SbF3,Ca,Sb,F,2.19,2.214225,
plus_unverified,gkf,7,37,rf_magpie,Mg3AsBr3,Mg,As,Br,1.2907,1.450977,
plus_unverified,gkf,7,36,rf_magpie,Mg3BiBr3,Mg,Bi,Br,0.9648,0.890013,
plus_unverified,gkf,7,35,rf_magpie,Mg3BiI3,Mg,Bi,I,0.224,0.385969,
plus_unverified,gkf,7,38,rf_magpie,Mg3PBr3,Mg,P,Br,1.506,1.569655,
plus_unverified,gkf,7,35,rf_magpie,Mg3PCl3,Mg,P,Cl,2.297,1.630023,
plus_unverified,gkf,7,37,rf_magpie,Mg3PI3,Mg,P,I,0.377,0.961237,
plus_unverified,gkf,7,38,rf_magpie,Mg3SbBr3,Mg,Sb,Br,0.9418,1.397747,
plus_unverified,gkf,7,38,rf_magpie,Mg3SbCl3,Mg,Sb,Cl,1.7283,1.861781,
plus_unverified,gkf,7,35,rf_magpie,Mg3SbF3,Mg,Sb,F,3.184,1.703908,
plus_unverified,gkf,7,39,rf_magpie,Mg3SbI3,Mg,Sb,I,0.1057,0.543646,
plus_unverified,gkf,7,39,rf_magpie,Sr3AsCl3,Sr,As,Cl,1.7,1.605383,
plus_unverified,gkf,7,39,rf_magpie,Sr3AsI3,Sr,As,I,1.265,1.257768,
plus_unverified,gkf,7,39,rf_magpie,Sr3PBr3,Sr,P,Br,1.55,1.447974,
plus_unverified,gkf,7,35,rf_magpie,Sr3PCl3,Sr,P,Cl,1.677,1.747994,
plus_unverified,gkf,7,39,rf_magpie,Sr3PI3,Sr,P,I,1.258,1.263481,
plus_unverified,gkf,7,39,rf_magpie,Sr3SbCl3,Sr,Sb,Cl,1.712,1.463628,
plus_unverified,gkf,7,35,rf_magpie,Sr3SbI3,Sr,Sb,I,1.31,1.193681,
plus_unverified,gkf,8,41,rf_magpie,Ba3AsBr3,Ba,As,Br,0.92,1.008439,
plus_unverified,gkf,8,41,rf_magpie,Ba3AsCl3,Ba,As,Cl,0.969,1.20094,
plus_unverified,gkf,8,43,rf_magpie,Ba3AsI3,Ba,As,I,0.802,0.912757,
plus_unverified,gkf,8,43,rf_magpie,Ba3BiBr3,Ba,Bi,Br,0.912,0.979454,
plus_unverified,gkf,8,43,rf_magpie,Ba3BiCl3,Ba,Bi,Cl,0.957,0.933761,
plus_unverified,gkf,8,42,rf_magpie,Ba3BiI3,Ba,Bi,I,0.786,0.855259,
plus_unverified,gkf,8,40,rf_magpie,Ba3PBr3,Ba,P,Br,0.944,0.979799,
plus_unverified,gkf,8,40,rf_magpie,Ba3PCl3,Ba,P,Cl,0.964,1.145111,
plus_unverified,gkf,8,42,rf_magpie,Ba3PI3,Ba,P,I,0.764,0.919553,
plus_unverified,gkf,8,41,rf_magpie,Ba3SbBr3,Ba,Sb,Br,1.0819,0.943578,
plus_unverified,gkf,8,40,rf_magpie,Ba3SbCl3,Ba,Sb,Cl,1.002,1.015076,
plus_unverified,gkf,8,43,rf_magpie,Ba3SbI3,Ba,Sb,I,0.78,0.8506,
plus_unverified,gkf,8,40,rf_magpie,Ca3AsBr3,Ca,As,Br,1.634,1.776342,
plus_unverified,gkf,8,43,rf_magpie,Ca3AsCl3,Ca,As,Cl,1.742,1.861253,
plus_unverified,gkf,8,40,rf_magpie,Ca3AsF3,Ca,As,F,2.27,2.404114,
plus_unverified,gkf,8,41,rf_magpie,Ca3BiBr3,Ca,Bi,Br,1.6,1.39401,
plus_unverified,gkf,8,43,rf_magpie,Ca3BiCl3,Ca,Bi,Cl,1.76,1.519404,
plus_unverified,gkf,8,41,rf_magpie,Ca3BiI3,Ca,Bi,I,1.325,1.168756,
plus_unverified,gkf,8,43,rf_magpie,Ca3PBr3,Ca,P,Br,1.8846,1.661837,
plus_unverified,gkf,8,40,rf_magpie,Ca3PCl3,Ca,P,Cl,2.035,1.917398,
plus_unverified,gkf,8,44,rf_magpie,Ca3PF3,Ca,P,F,2.518,2.150518,
plus_unverified,gkf,8,40,rf_magpie,Ca3PI3,Ca,P,I,1.4909,1.440981,
plus_unverified,gkf,8,41,rf_magpie,Ca3SbBr3,Ca,Sb,Br,1.782,1.58552,
plus_unverified,gkf,8,42,rf_magpie,Ca3SbCl3,Ca,Sb,Cl,1.814,1.760587,
plus_unverified,gkf,8,41,rf_magpie,Ca3SbF3,Ca,Sb,F,2.19,2.147741,
plus_unverified,gkf,8,40,rf_magpie,Mg3AsBr3,Mg,As,Br,1.2907,1.591243,
plus_unverified,gkf,8,44,rf_magpie,Mg3BiBr3,Mg,Bi,Br,0.9648,0.918031,
plus_unverified,gkf,8,44,rf_magpie,Mg3BiI3,Mg,Bi,I,0.224,0.361314,
plus_unverified,gkf,8,42,rf_magpie,Mg3PBr3,Mg,P,Br,1.506,1.507535,
plus_unverified,gkf,8,44,rf_magpie,Mg3PCl3,Mg,P,Cl,2.297,1.384842,
plus_unverified,gkf,8,42,rf_magpie,Mg3PI3,Mg,P,I,0.377,0.853552,
plus_unverified,gkf,8,40,rf_magpie,Mg3SbBr3,Mg,Sb,Br,0.9418,1.521017,
plus_unverified,gkf,8,44,rf_magpie,Mg3SbCl3,Mg,Sb,Cl,1.7283,1.241875,
plus_unverified,gkf,8,44,rf_magpie,Mg3SbF3,Mg,Sb,F,3.184,1.402532,
plus_unverified,gkf,8,41,rf_magpie,Mg3SbI3,Mg,Sb,I,0.1057,0.585391,
plus_unverified,gkf,8,41,rf_magpie,Sr3AsCl3,Sr,As,Cl,1.7,1.703861,
plus_unverified,gkf,8,44,rf_magpie,Sr3AsI3,Sr,As,I,1.265,1.237771,
plus_unverified,gkf,8,43,rf_magpie,Sr3PBr3,Sr,P,Br,1.55,1.543049,
plus_unverified,gkf,8,42,rf_magpie,Sr3PCl3,Sr,P,Cl,1.677,1.753205,
plus_unverified,gkf,8,42,rf_magpie,Sr3PI3,Sr,P,I,1.258,1.334741,
plus_unverified,gkf,8,42,rf_magpie,Sr3SbCl3,Sr,Sb,Cl,1.712,1.620493,
plus_unverified,gkf,8,44,rf_magpie,Sr3SbI3,Sr,Sb,I,1.31,1.225345,
plus_unverified,gkf,9,47,rf_magpie,Ba3AsBr3,Ba,As,Br,0.92,1.0441,
plus_unverified,gkf,9,49,rf_magpie,Ba3AsCl3,Ba,As,Cl,0.969,1.186377,
plus_unverified,gkf,9,46,rf_magpie,Ba3AsI3,Ba,As,I,0.802,0.878985,
plus_unverified,gkf,9,48,rf_magpie,Ba3BiBr3,Ba,Bi,Br,0.912,0.98161,
plus_unverified,gkf,9,45,rf_magpie,Ba3BiCl3,Ba,Bi,Cl,0.957,0.932857,
plus_unverified,gkf,9,46,rf_magpie,Ba3BiI3,Ba,Bi,I,0.786,0.871818,
plus_unverified,gkf,9,48,rf_magpie,Ba3PBr3,Ba,P,Br,0.944,0.972601,
plus_unverified,gkf,9,47,rf_magpie,Ba3PCl3,Ba,P,Cl,0.964,1.069214,
plus_unverified,gkf,9,49,rf_magpie,Ba3PI3,Ba,P,I,0.764,0.889961,
plus_unverified,gkf,9,46,rf_magpie,Ba3SbBr3,Ba,Sb,Br,1.0819,0.952543,
plus_unverified,gkf,9,45,rf_magpie,Ba3SbCl3,Ba,Sb,Cl,1.002,1.020086,
plus_unverified,gkf,9,47,rf_magpie,Ba3SbI3,Ba,Sb,I,0.78,0.856644,
plus_unverified,gkf,9,48,rf_magpie,Ca3AsBr3,Ca,As,Br,1.634,1.744974,
plus_unverified,gkf,9,47,rf_magpie,Ca3AsCl3,Ca,As,Cl,1.742,1.787674,
plus_unverified,gkf,9,46,rf_magpie,Ca3AsF3,Ca,As,F,2.27,2.370783,
plus_unverified,gkf,9,47,rf_magpie,Ca3BiBr3,Ca,Bi,Br,1.6,1.384387,
plus_unverified,gkf,9,49,rf_magpie,Ca3BiCl3,Ca,Bi,Cl,1.76,1.625737,
plus_unverified,gkf,9,45,rf_magpie,Ca3BiI3,Ca,Bi,I,1.325,1.140086,
plus_unverified,gkf,9,45,rf_magpie,Ca3PBr3,Ca,P,Br,1.8846,1.59264,
plus_unverified,gkf,9,47,rf_magpie,Ca3PCl3,Ca,P,Cl,2.035,1.897248,
plus_unverified,gkf,9,45,rf_magpie,Ca3PF3,Ca,P,F,2.518,2.362643,
plus_unverified,gkf,9,47,rf_magpie,Ca3PI3,Ca,P,I,1.4909,1.37838,
plus_unverified,gkf,9,45,rf_magpie,Ca3SbBr3,Ca,Sb,Br,1.782,1.541578,
plus_unverified,gkf,9,48,rf_magpie,Ca3SbCl3,Ca,Sb,Cl,1.814,1.753972,
plus_unverified,gkf,9,48,rf_magpie,Ca3SbF3,Ca,Sb,F,2.19,1.976528,
plus_unverified,gkf,9,49,rf_magpie,Mg3AsBr3,Mg,As,Br,1.2907,1.635234,
plus_unverified,gkf,9,45,rf_magpie,Mg3BiBr3,Mg,Bi,Br,0.9648,0.875738,
plus_unverified,gkf,9,48,rf_magpie,Mg3BiI3,Mg,Bi,I,0.224,0.380235,
plus_unverified,gkf,9,49,rf_magpie,Mg3PBr3,Mg,P,Br,1.506,1.671493,
plus_unverified,gkf,9,45,rf_magpie,Mg3PCl3,Mg,P,Cl,2.297,1.935652,
plus_unverified,gkf,9,46,rf_magpie,Mg3PI3,Mg,P,I,0.377,0.973803,
plus_unverified,gkf,9,47,rf_magpie,Mg3SbBr3,Mg,Sb,Br,0.9418,1.41311,
plus_unverified,gkf,9,49,rf_magpie,Mg3SbCl3,Mg,Sb,Cl,1.7283,1.881474,
plus_unverified,gkf,9,48,rf_magpie,Mg3SbF3,Mg,Sb,F,3.184,1.840149,
plus_unverified,gkf,9,49,rf_magpie,Mg3SbI3,Mg,Sb,I,0.1057,0.551962,
plus_unverified,gkf,9,48,rf_magpie,Sr3AsCl3,Sr,As,Cl,1.7,1.692621,
plus_unverified,gkf,9,46,rf_magpie,Sr3AsI3,Sr,As,I,1.265,1.194053,
plus_unverified,gkf,9,46,rf_magpie,Sr3PBr3,Sr,P,Br,1.55,1.535794,
plus_unverified,gkf,9,45,rf_magpie,Sr3PCl3,Sr,P,Cl,1.677,1.727615,
plus_unverified,gkf,9,46,rf_magpie,Sr3PI3,Sr,P,I,1.258,1.229346,
plus_unverified,gkf,9,49,rf_magpie,Sr3SbCl3,Sr,Sb,Cl,1.712,1.643164,
plus_unverified,gkf,9,46,rf_magpie,Sr3SbI3,Sr,Sb,I,1.31,1.202703,
plus_unverified,gkf,0,2,rf_physics9,Ba3AsBr3,Ba,As,Br,0.92,0.984957,
plus_unverified,gkf,0,2,rf_physics9,Ba3AsCl3,Ba,As,Cl,0.969,1.003635,
plus_unverified,gkf,0,3,rf_physics9,Ba3AsI3,Ba,As,I,0.802,0.811322,
plus_unverified,gkf,0,3,rf_physics9,Ba3BiBr3,Ba,Bi,Br,0.912,1.03147,
plus_unverified,gkf,0,0,rf_physics9,Ba3BiCl3,Ba,Bi,Cl,0.957,1.119348,
plus_unverified,gkf,0,2,rf_physics9,Ba3BiI3,Ba,Bi,I,0.786,0.862142,
plus_unverified,gkf,0,1,rf_physics9,Ba3PBr3,Ba,P,Br,0.944,0.940109,
plus_unverified,gkf,0,4,rf_physics9,Ba3PCl3,Ba,P,Cl,0.964,1.100692,
plus_unverified,gkf,0,0,rf_physics9,Ba3PI3,Ba,P,I,0.764,0.815484,
plus_unverified,gkf,0,1,rf_physics9,Ba3SbBr3,Ba,Sb,Br,1.0819,0.928433,
plus_unverified,gkf,0,4,rf_physics9,Ba3SbCl3,Ba,Sb,Cl,1.002,1.069959,
plus_unverified,gkf,0,2,rf_physics9,Ba3SbI3,Ba,Sb,I,0.78,0.859124,
plus_unverified,gkf,0,1,rf_physics9,Ca3AsBr3,Ca,As,Br,1.634,1.752598,
plus_unverified,gkf,0,0,rf_physics9,Ca3AsCl3,Ca,As,Cl,1.742,1.722786,
plus_unverified,gkf,0,4,rf_physics9,Ca3AsF3,Ca,As,F,2.27,2.227388,
plus_unverified,gkf,0,1,rf_physics9,Ca3BiBr3,Ca,Bi,Br,1.6,1.672116,
plus_unverified,gkf,0,1,rf_physics9,Ca3BiCl3,Ca,Bi,Cl,1.76,1.835257,
plus_unverified,gkf,0,1,rf_physics9,Ca3BiI3,Ca,Bi,I,1.325,1.186767,
plus_unverified,gkf,0,4,rf_physics9,Ca3PBr3,Ca,P,Br,1.8846,1.613663,
plus_unverified,gkf,0,0,rf_physics9,Ca3PCl3,Ca,P,Cl,2.035,1.75208,
plus_unverified,gkf,0,4,rf_physics9,Ca3PF3,Ca,P,F,2.518,2.253038,
plus_unverified,gkf,0,3,rf_physics9,Ca3PI3,Ca,P,I,1.4909,1.228369,
plus_unverified,gkf,0,4,rf_physics9,Ca3SbBr3,Ca,Sb,Br,1.782,1.516923,
plus_unverified,gkf,0,3,rf_physics9,Ca3SbCl3,Ca,Sb,Cl,1.814,1.778969,
plus_unverified,gkf,0,2,rf_physics9,Ca3SbF3,Ca,Sb,F,2.19,2.658646,
plus_unverified,gkf,0,0,rf_physics9,Mg3AsBr3,Mg,As,Br,1.2907,1.287841,
plus_unverified,gkf,0,0,rf_physics9,Mg3BiBr3,Mg,Bi,Br,0.9648,1.104438,
plus_unverified,gkf,0,1,rf_physics9,Mg3BiI3,Mg,Bi,I,0.224,0.322612,
plus_unverified,gkf,0,4,rf_physics9,Mg3PBr3,Mg,P,Br,1.506,1.262765,
plus_unverified,gkf,0,0,rf_physics9,Mg3PCl3,Mg,P,Cl,2.297,1.642422,
plus_unverified,gkf,0,0,rf_physics9,Mg3PI3,Mg,P,I,0.377,0.33114,
plus_unverified,gkf,0,2,rf_physics9,Mg3SbBr3,Mg,Sb,Br,0.9418,1.244472,
plus_unverified,gkf,0,3,rf_physics9,Mg3SbCl3,Mg,Sb,Cl,1.7283,2.011124,
plus_unverified,gkf,0,1,rf_physics9,Mg3SbF3,Mg,Sb,F,3.184,2.162133,
plus_unverified,gkf,0,3,rf_physics9,Mg3SbI3,Mg,Sb,I,0.1057,0.476095,
plus_unverified,gkf,0,2,rf_physics9,Sr3AsCl3,Sr,As,Cl,1.7,1.678472,
plus_unverified,gkf,0,1,rf_physics9,Sr3AsI3,Sr,As,I,1.265,1.271935,
plus_unverified,gkf,0,3,rf_physics9,Sr3PBr3,Sr,P,Br,1.55,1.778179,
plus_unverified,gkf,0,4,rf_physics9,Sr3PCl3,Sr,P,Cl,1.677,1.961613,
plus_unverified,gkf,0,0,rf_physics9,Sr3PI3,Sr,P,I,1.258,1.39467,
plus_unverified,gkf,0,2,rf_physics9,Sr3SbCl3,Sr,Sb,Cl,1.712,1.686843,
plus_unverified,gkf,0,3,rf_physics9,Sr3SbI3,Sr,Sb,I,1.31,1.227451,
plus_unverified,gkf,1,5,rf_physics9,Ba3AsBr3,Ba,As,Br,0.92,0.974979,
plus_unverified,gkf,1,8,rf_physics9,Ba3AsCl3,Ba,As,Cl,0.969,1.0167,
plus_unverified,gkf,1,7,rf_physics9,Ba3AsI3,Ba,As,I,0.802,0.785581,
plus_unverified,gkf,1,9,rf_physics9,Ba3BiBr3,Ba,Bi,Br,0.912,1.033176,
plus_unverified,gkf,1,5,rf_physics9,Ba3BiCl3,Ba,Bi,Cl,0.957,1.104712,
plus_unverified,gkf,1,6,rf_physics9,Ba3BiI3,Ba,Bi,I,0.786,0.806943,
plus_unverified,gkf,1,8,rf_physics9,Ba3PBr3,Ba,P,Br,0.944,0.942467,
plus_unverified,gkf,1,8,rf_physics9,Ba3PCl3,Ba,P,Cl,0.964,1.024517,
plus_unverified,gkf,1,9,rf_physics9,Ba3PI3,Ba,P,I,0.764,0.893858,
plus_unverified,gkf,1,6,rf_physics9,Ba3SbBr3,Ba,Sb,Br,1.0819,0.925906,
plus_unverified,gkf,1,5,rf_physics9,Ba3SbCl3,Ba,Sb,Cl,1.002,1.096833,
plus_unverified,gkf,1,8,rf_physics9,Ba3SbI3,Ba,Sb,I,0.78,0.819972,
plus_unverified,gkf,1,5,rf_physics9,Ca3AsBr3,Ca,As,Br,1.634,1.766961,
plus_unverified,gkf,1,9,rf_physics9,Ca3AsCl3,Ca,As,Cl,1.742,1.817494,
plus_unverified,gkf,1,8,rf_physics9,Ca3AsF3,Ca,As,F,2.27,2.39652,
plus_unverified,gkf,1,6,rf_physics9,Ca3BiBr3,Ca,Bi,Br,1.6,1.427176,
plus_unverified,gkf,1,7,rf_physics9,Ca3BiCl3,Ca,Bi,Cl,1.76,1.760886,
plus_unverified,gkf,1,9,rf_physics9,Ca3BiI3,Ca,Bi,I,1.325,1.141215,
plus_unverified,gkf,1,6,rf_physics9,Ca3PBr3,Ca,P,Br,1.8846,1.612765,
plus_unverified,gkf,1,8,rf_physics9,Ca3PCl3,Ca,P,Cl,2.035,1.829801,
plus_unverified,gkf,1,6,rf_physics9,Ca3PF3,Ca,P,F,2.518,2.115838,
plus_unverified,gkf,1,7,rf_physics9,Ca3PI3,Ca,P,I,1.4909,1.286424,
plus_unverified,gkf,1,6,rf_physics9,Ca3SbBr3,Ca,Sb,Br,1.782,1.440184,
plus_unverified,gkf,1,5,rf_physics9,Ca3SbCl3,Ca,Sb,Cl,1.814,1.768317,
plus_unverified,gkf,1,9,rf_physics9,Ca3SbF3,Ca,Sb,F,2.19,2.611126,
plus_unverified,gkf,1,9,rf_physics9,Mg3AsBr3,Mg,As,Br,1.2907,1.304735,
plus_unverified,gkf,1,7,rf_physics9,Mg3BiBr3,Mg,Bi,Br,0.9648,1.074034,
plus_unverified,gkf,1,8,rf_physics9,Mg3BiI3,Mg,Bi,I,0.224,0.376273,
plus_unverified,gkf,1,5,rf_physics9,Mg3PBr3,Mg,P,Br,1.506,1.243669,
plus_unverified,gkf,1,6,rf_physics9,Mg3PCl3,Mg,P,Cl,2.297,1.786755,
plus_unverified,gkf,1,7,rf_physics9,Mg3PI3,Mg,P,I,0.377,0.379958,
plus_unverified,gkf,1,8,rf_physics9,Mg3SbBr3,Mg,Sb,Br,0.9418,1.196738,
plus_unverified,gkf,1,5,rf_physics9,Mg3SbCl3,Mg,Sb,Cl,1.7283,2.031962,
plus_unverified,gkf,1,6,rf_physics9,Mg3SbF3,Mg,Sb,F,3.184,2.117657,
plus_unverified,gkf,1,6,rf_physics9,Mg3SbI3,Mg,Sb,I,0.1057,0.473862,
plus_unverified,gkf,1,5,rf_physics9,Sr3AsCl3,Sr,As,Cl,1.7,1.710262,
plus_unverified,gkf,1,7,rf_physics9,Sr3AsI3,Sr,As,I,1.265,1.22831,
plus_unverified,gkf,1,5,rf_physics9,Sr3PBr3,Sr,P,Br,1.55,1.737673,
plus_unverified,gkf,1,9,rf_physics9,Sr3PCl3,Sr,P,Cl,1.677,1.831198,
plus_unverified,gkf,1,7,rf_physics9,Sr3PI3,Sr,P,I,1.258,1.283924,
plus_unverified,gkf,1,7,rf_physics9,Sr3SbCl3,Sr,Sb,Cl,1.712,1.720568,
plus_unverified,gkf,1,9,rf_physics9,Sr3SbI3,Sr,Sb,I,1.31,1.105096,
plus_unverified,gkf,2,13,rf_physics9,Ba3AsBr3,Ba,As,Br,0.92,1.029644,
plus_unverified,gkf,2,10,rf_physics9,Ba3AsCl3,Ba,As,Cl,0.969,0.99991,
plus_unverified,gkf,2,12,rf_physics9,Ba3AsI3,Ba,As,I,0.802,0.791323,
plus_unverified,gkf,2,10,rf_physics9,Ba3BiBr3,Ba,Bi,Br,0.912,1.035086,
plus_unverified,gkf,2,11,rf_physics9,Ba3BiCl3,Ba,Bi,Cl,0.957,1.114042,
plus_unverified,gkf,2,10,rf_physics9,Ba3BiI3,Ba,Bi,I,0.786,0.819948,
plus_unverified,gkf,2,13,rf_physics9,Ba3PBr3,Ba,P,Br,0.944,1.030679,
plus_unverified,gkf,2,13,rf_physics9,Ba3PCl3,Ba,P,Cl,0.964,1.018384,
plus_unverified,gkf,2,13,rf_physics9,Ba3PI3,Ba,P,I,0.764,0.919443,
plus_unverified,gkf,2,11,rf_physics9,Ba3SbBr3,Ba,Sb,Br,1.0819,0.931217,
plus_unverified,gkf,2,12,rf_physics9,Ba3SbCl3,Ba,Sb,Cl,1.002,1.064898,
plus_unverified,gkf,2,13,rf_physics9,Ba3SbI3,Ba,Sb,I,0.78,0.878337,
plus_unverified,gkf,2,10,rf_physics9,Ca3AsBr3,Ca,As,Br,1.634,1.719905,
plus_unverified,gkf,2,11,rf_physics9,Ca3AsCl3,Ca,As,Cl,1.742,1.852239,
plus_unverified,gkf,2,14,rf_physics9,Ca3AsF3,Ca,As,F,2.27,2.417239,
plus_unverified,gkf,2,14,rf_physics9,Ca3BiBr3,Ca,Bi,Br,1.6,1.706146,
plus_unverified,gkf,2,12,rf_physics9,Ca3BiCl3,Ca,Bi,Cl,1.76,1.734319,
plus_unverified,gkf,2,14,rf_physics9,Ca3BiI3,Ca,Bi,I,1.325,1.288061,
plus_unverified,gkf,2,12,rf_physics9,Ca3PBr3,Ca,P,Br,1.8846,1.644137,
plus_unverified,gkf,2,10,rf_physics9,Ca3PCl3,Ca,P,Cl,2.035,1.786122,
plus_unverified,gkf,2,14,rf_physics9,Ca3PF3,Ca,P,F,2.518,2.463219,
plus_unverified,gkf,2,11,rf_physics9,Ca3PI3,Ca,P,I,1.4909,1.306039,
plus_unverified,gkf,2,11,rf_physics9,Ca3SbBr3,Ca,Sb,Br,1.782,1.634002,
plus_unverified,gkf,2,14,rf_physics9,Ca3SbCl3,Ca,Sb,Cl,1.814,1.7505,
plus_unverified,gkf,2,14,rf_physics9,Ca3SbF3,Ca,Sb,F,2.19,2.605592,
plus_unverified,gkf,2,14,rf_physics9,Mg3AsBr3,Mg,As,Br,1.2907,1.125153,
plus_unverified,gkf,2,12,rf_physics9,Mg3BiBr3,Mg,Bi,Br,0.9648,1.109128,
plus_unverified,gkf,2,11,rf_physics9,Mg3BiI3,Mg,Bi,I,0.224,0.553113,
plus_unverified,gkf,2,14,rf_physics9,Mg3PBr3,Mg,P,Br,1.506,1.17523,
plus_unverified,gkf,2,12,rf_physics9,Mg3PCl3,Mg,P,Cl,2.297,1.829177,
plus_unverified,gkf,2,11,rf_physics9,Mg3PI3,Mg,P,I,0.377,0.568855,
plus_unverified,gkf,2,11,rf_physics9,Mg3SbBr3,Mg,Sb,Br,0.9418,1.214079,
plus_unverified,gkf,2,10,rf_physics9,Mg3SbCl3,Mg,Sb,Cl,1.7283,2.027854,
plus_unverified,gkf,2,13,rf_physics9,Mg3SbF3,Mg,Sb,F,3.184,2.170132,
plus_unverified,gkf,2,10,rf_physics9,Mg3SbI3,Mg,Sb,I,0.1057,0.478431,
plus_unverified,gkf,2,12,rf_physics9,Sr3AsCl3,Sr,As,Cl,1.7,1.702609,
plus_unverified,gkf,2,13,rf_physics9,Sr3AsI3,Sr,As,I,1.265,1.280739,
plus_unverified,gkf,2,10,rf_physics9,Sr3PBr3,Sr,P,Br,1.55,1.771813,
plus_unverified,gkf,2,13,rf_physics9,Sr3PCl3,Sr,P,Cl,1.677,1.851785,
plus_unverified,gkf,2,10,rf_physics9,Sr3PI3,Sr,P,I,1.258,1.386019,
plus_unverified,gkf,2,11,rf_physics9,Sr3SbCl3,Sr,Sb,Cl,1.712,1.721611,
plus_unverified,gkf,2,12,rf_physics9,Sr3SbI3,Sr,Sb,I,1.31,1.235752,
plus_unverified,gkf,3,19,rf_physics9,Ba3AsBr3,Ba,As,Br,0.92,0.980554,
plus_unverified,gkf,3,15,rf_physics9,Ba3AsCl3,Ba,As,Cl,0.969,1.014977,
plus_unverified,gkf,3,19,rf_physics9,Ba3AsI3,Ba,As,I,0.802,0.806959,
plus_unverified,gkf,3,17,rf_physics9,Ba3BiBr3,Ba,Bi,Br,0.912,0.970712,
plus_unverified,gkf,3,19,rf_physics9,Ba3BiCl3,Ba,Bi,Cl,0.957,1.026911,
plus_unverified,gkf,3,15,rf_physics9,Ba3BiI3,Ba,Bi,I,0.786,0.862733,
plus_unverified,gkf,3,18,rf_physics9,Ba3PBr3,Ba,P,Br,0.944,0.958932,
plus_unverified,gkf,3,15,rf_physics9,Ba3PCl3,Ba,P,Cl,0.964,1.028889,
plus_unverified,gkf,3,18,rf_physics9,Ba3PI3,Ba,P,I,0.764,0.81771,
plus_unverified,gkf,3,17,rf_physics9,Ba3SbBr3,Ba,Sb,Br,1.0819,0.980597,
plus_unverified,gkf,3,16,rf_physics9,Ba3SbCl3,Ba,Sb,Cl,1.002,1.020809,
plus_unverified,gkf,3,15,rf_physics9,Ba3SbI3,Ba,Sb,I,0.78,0.853954,
plus_unverified,gkf,3,17,rf_physics9,Ca3AsBr3,Ca,As,Br,1.634,1.581135,
plus_unverified,gkf,3,19,rf_physics9,Ca3AsCl3,Ca,As,Cl,1.742,1.830559,
plus_unverified,gkf,3,18,rf_physics9,Ca3AsF3,Ca,As,F,2.27,2.241765,
plus_unverified,gkf,3,16,rf_physics9,Ca3BiBr3,Ca,Bi,Br,1.6,1.566708,
plus_unverified,gkf,3,17,rf_physics9,Ca3BiCl3,Ca,Bi,Cl,1.76,1.722207,
plus_unverified,gkf,3,16,rf_physics9,Ca3BiI3,Ca,Bi,I,1.325,1.126042,
plus_unverified,gkf,3,17,rf_physics9,Ca3PBr3,Ca,P,Br,1.8846,1.614494,
plus_unverified,gkf,3,17,rf_physics9,Ca3PCl3,Ca,P,Cl,2.035,1.847007,
plus_unverified,gkf,3,16,rf_physics9,Ca3PF3,Ca,P,F,2.518,2.355861,
plus_unverified,gkf,3,16,rf_physics9,Ca3PI3,Ca,P,I,1.4909,1.241718,
plus_unverified,gkf,3,16,rf_physics9,Ca3SbBr3,Ca,Sb,Br,1.782,1.579921,
plus_unverified,gkf,3,15,rf_physics9,Ca3SbCl3,Ca,Sb,Cl,1.814,1.757103,
plus_unverified,gkf,3,16,rf_physics9,Ca3SbF3,Ca,Sb,F,2.19,2.682262,
plus_unverified,gkf,3,18,rf_physics9,Mg3AsBr3,Mg,As,Br,1.2907,1.121133,
plus_unverified,gkf,3,18,rf_physics9,Mg3BiBr3,Mg,Bi,Br,0.9648,1.127512,
plus_unverified,gkf,3,16,rf_physics9,Mg3BiI3,Mg,Bi,I,0.224,0.342972,
plus_unverified,gkf,3,18,rf_physics9,Mg3PBr3,Mg,P,Br,1.506,1.18884,
plus_unverified,gkf,3,15,rf_physics9,Mg3PCl3,Mg,P,Cl,2.297,1.806948,
plus_unverified,gkf,3,15,rf_physics9,Mg3PI3,Mg,P,I,0.377,0.34703,
plus_unverified,gkf,3,17,rf_physics9,Mg3SbBr3,Mg,Sb,Br,0.9418,1.307425,
plus_unverified,gkf,3,15,rf_physics9,Mg3SbCl3,Mg,Sb,Cl,1.7283,1.645001,
plus_unverified,gkf,3,18,rf_physics9,Mg3SbF3,Mg,Sb,F,3.184,2.09115,
plus_unverified,gkf,3,19,rf_physics9,Mg3SbI3,Mg,Sb,I,0.1057,0.468158,
plus_unverified,gkf,3,15,rf_physics9,Sr3AsCl3,Sr,As,Cl,1.7,1.701762,
plus_unverified,gkf,3,19,rf_physics9,Sr3AsI3,Sr,As,I,1.265,1.289745,
plus_unverified,gkf,3,18,rf_physics9,Sr3PBr3,Sr,P,Br,1.55,1.736351,
plus_unverified,gkf,3,16,rf_physics9,Sr3PCl3,Sr,P,Cl,1.677,1.885407,
plus_unverified,gkf,3,17,rf_physics9,Sr3PI3,Sr,P,I,1.258,1.429264,
plus_unverified,gkf,3,19,rf_physics9,Sr3SbCl3,Sr,Sb,Cl,1.712,1.733012,
plus_unverified,gkf,3,19,rf_physics9,Sr3SbI3,Sr,Sb,I,1.31,1.216505,
plus_unverified,gkf,4,23,rf_physics9,Ba3AsBr3,Ba,As,Br,0.92,0.974328,
plus_unverified,gkf,4,20,rf_physics9,Ba3AsCl3,Ba,As,Cl,0.969,1.000122,
plus_unverified,gkf,4,22,rf_physics9,Ba3AsI3,Ba,As,I,0.802,0.911917,
plus_unverified,gkf,4,21,rf_physics9,Ba3BiBr3,Ba,Bi,Br,0.912,0.949833,
plus_unverified,gkf,4,22,rf_physics9,Ba3BiCl3,Ba,Bi,Cl,0.957,1.077231,
plus_unverified,gkf,4,24,rf_physics9,Ba3BiI3,Ba,Bi,I,0.786,0.824155,
plus_unverified,gkf,4,22,rf_physics9,Ba3PBr3,Ba,P,Br,0.944,0.994958,
plus_unverified,gkf,4,22,rf_physics9,Ba3PCl3,Ba,P,Cl,0.964,1.050923,
plus_unverified,gkf,4,22,rf_physics9,Ba3PI3,Ba,P,I,0.764,0.932993,
plus_unverified,gkf,4,21,rf_physics9,Ba3SbBr3,Ba,Sb,Br,1.0819,0.952684,
plus_unverified,gkf,4,24,rf_physics9,Ba3SbCl3,Ba,Sb,Cl,1.002,1.029248,
plus_unverified,gkf,4,21,rf_physics9,Ba3SbI3,Ba,Sb,I,0.78,0.816685,
plus_unverified,gkf,4,23,rf_physics9,Ca3AsBr3,Ca,As,Br,1.634,1.716017,
plus_unverified,gkf,4,20,rf_physics9,Ca3AsCl3,Ca,As,Cl,1.742,1.896613,
plus_unverified,gkf,4,21,rf_physics9,Ca3AsF3,Ca,As,F,2.27,2.170162,
plus_unverified,gkf,4,21,rf_physics9,Ca3BiBr3,Ca,Bi,Br,1.6,1.592007,
plus_unverified,gkf,4,20,rf_physics9,Ca3BiCl3,Ca,Bi,Cl,1.76,1.766591,
plus_unverified,gkf,4,20,rf_physics9,Ca3BiI3,Ca,Bi,I,1.325,1.201322,
plus_unverified,gkf,4,20,rf_physics9,Ca3PBr3,Ca,P,Br,1.8846,1.665117,
plus_unverified,gkf,4,24,rf_physics9,Ca3PCl3,Ca,P,Cl,2.035,1.748087,
plus_unverified,gkf,4,21,rf_physics9,Ca3PF3,Ca,P,F,2.518,2.196408,
plus_unverified,gkf,4,21,rf_physics9,Ca3PI3,Ca,P,I,1.4909,1.265498,
plus_unverified,gkf,4,21,rf_physics9,Ca3SbBr3,Ca,Sb,Br,1.782,1.60925,
plus_unverified,gkf,4,20,rf_physics9,Ca3SbCl3,Ca,Sb,Cl,1.814,1.811527,
plus_unverified,gkf,4,24,rf_physics9,Ca3SbF3,Ca,Sb,F,2.19,2.636869,
plus_unverified,gkf,4,22,rf_physics9,Mg3AsBr3,Mg,As,Br,1.2907,1.310622,
plus_unverified,gkf,4,23,rf_physics9,Mg3BiBr3,Mg,Bi,Br,0.9648,1.420562,
plus_unverified,gkf,4,24,rf_physics9,Mg3BiI3,Mg,Bi,I,0.224,0.433384,
plus_unverified,gkf,4,20,rf_physics9,Mg3PBr3,Mg,P,Br,1.506,1.208891,
plus_unverified,gkf,4,24,rf_physics9,Mg3PCl3,Mg,P,Cl,2.297,1.713602,
plus_unverified,gkf,4,20,rf_physics9,Mg3PI3,Mg,P,I,0.377,0.366514,
plus_unverified,gkf,4,23,rf_physics9,Mg3SbBr3,Mg,Sb,Br,0.9418,1.449434,
plus_unverified,gkf,4,23,rf_physics9,Mg3SbCl3,Mg,Sb,Cl,1.7283,1.933988,
plus_unverified,gkf,4,22,rf_physics9,Mg3SbF3,Mg,Sb,F,3.184,2.195141,
plus_unverified,gkf,4,23,rf_physics9,Mg3SbI3,Mg,Sb,I,0.1057,0.444011,
plus_unverified,gkf,4,20,rf_physics9,Sr3AsCl3,Sr,As,Cl,1.7,1.742133,
plus_unverified,gkf,4,21,rf_physics9,Sr3AsI3,Sr,As,I,1.265,1.264749,
plus_unverified,gkf,4,23,rf_physics9,Sr3PBr3,Sr,P,Br,1.55,1.710701,
plus_unverified,gkf,4,23,rf_physics9,Sr3PCl3,Sr,P,Cl,1.677,1.90025,
plus_unverified,gkf,4,24,rf_physics9,Sr3PI3,Sr,P,I,1.258,1.354,
plus_unverified,gkf,4,24,rf_physics9,Sr3SbCl3,Sr,Sb,Cl,1.712,1.732696,
plus_unverified,gkf,4,22,rf_physics9,Sr3SbI3,Sr,Sb,I,1.31,1.167361,
plus_unverified,gkf,5,28,rf_physics9,Ba3AsBr3,Ba,As,Br,0.92,0.973798,
plus_unverified,gkf,5,29,rf_physics9,Ba3AsCl3,Ba,As,Cl,0.969,0.994255,
plus_unverified,gkf,5,29,rf_physics9,Ba3AsI3,Ba,As,I,0.802,0.799328,
plus_unverified,gkf,5,27,rf_physics9,Ba3BiBr3,Ba,Bi,Br,0.912,1.054894,
plus_unverified,gkf,5,27,rf_physics9,Ba3BiCl3,Ba,Bi,Cl,0.957,1.186672,
plus_unverified,gkf,5,27,rf_physics9,Ba3BiI3,Ba,Bi,I,0.786,0.822457,
plus_unverified,gkf,5,25,rf_physics9,Ba3PBr3,Ba,P,Br,0.944,0.99668,
plus_unverified,gkf,5,25,rf_physics9,Ba3PCl3,Ba,P,Cl,0.964,1.061763,
plus_unverified,gkf,5,26,rf_physics9,Ba3PI3,Ba,P,I,0.764,0.825124,
plus_unverified,gkf,5,25,rf_physics9,Ba3SbBr3,Ba,Sb,Br,1.0819,0.93934,
plus_unverified,gkf,5,27,rf_physics9,Ba3SbCl3,Ba,Sb,Cl,1.002,1.135954,
plus_unverified,gkf,5,28,rf_physics9,Ba3SbI3,Ba,Sb,I,0.78,0.819782,
plus_unverified,gkf,5,25,rf_physics9,Ca3AsBr3,Ca,As,Br,1.634,1.782346,
plus_unverified,gkf,5,25,rf_physics9,Ca3AsCl3,Ca,As,Cl,1.742,1.842673,
plus_unverified,gkf,5,26,rf_physics9,Ca3AsF3,Ca,As,F,2.27,2.267045,
plus_unverified,gkf,5,26,rf_physics9,Ca3BiBr3,Ca,Bi,Br,1.6,1.730145,
plus_unverified,gkf,5,29,rf_physics9,Ca3BiCl3,Ca,Bi,Cl,1.76,1.803898,
plus_unverified,gkf,5,25,rf_physics9,Ca3BiI3,Ca,Bi,I,1.325,1.129376,
plus_unverified,gkf,5,28,rf_physics9,Ca3PBr3,Ca,P,Br,1.8846,1.664813,
plus_unverified,gkf,5,26,rf_physics9,Ca3PCl3,Ca,P,Cl,2.035,1.867716,
plus_unverified,gkf,5,28,rf_physics9,Ca3PF3,Ca,P,F,2.518,2.230437,
plus_unverified,gkf,5,26,rf_physics9,Ca3PI3,Ca,P,I,1.4909,1.261005,
plus_unverified,gkf,5,29,rf_physics9,Ca3SbBr3,Ca,Sb,Br,1.782,1.581331,
plus_unverified,gkf,5,25,rf_physics9,Ca3SbCl3,Ca,Sb,Cl,1.814,1.744065,
plus_unverified,gkf,5,27,rf_physics9,Ca3SbF3,Ca,Sb,F,2.19,2.61786,
plus_unverified,gkf,5,27,rf_physics9,Mg3AsBr3,Mg,As,Br,1.2907,1.315394,
plus_unverified,gkf,5,26,rf_physics9,Mg3BiBr3,Mg,Bi,Br,0.9648,1.120444,
plus_unverified,gkf,5,29,rf_physics9,Mg3BiI3,Mg,Bi,I,0.224,0.378705,
plus_unverified,gkf,5,26,rf_physics9,Mg3PBr3,Mg,P,Br,1.506,1.238284,
plus_unverified,gkf,5,28,rf_physics9,Mg3PCl3,Mg,P,Cl,2.297,1.787579,
plus_unverified,gkf,5,25,rf_physics9,Mg3PI3,Mg,P,I,0.377,0.488918,
plus_unverified,gkf,5,28,rf_physics9,Mg3SbBr3,Mg,Sb,Br,0.9418,1.181886,
plus_unverified,gkf,5,28,rf_physics9,Mg3SbCl3,Mg,Sb,Cl,1.7283,1.689709,
plus_unverified,gkf,5,26,rf_physics9,Mg3SbF3,Mg,Sb,F,3.184,2.161777,
plus_unverified,gkf,5,27,rf_physics9,Mg3SbI3,Mg,Sb,I,0.1057,0.422061,
plus_unverified,gkf,5,26,rf_physics9,Sr3AsCl3,Sr,As,Cl,1.7,1.691394,
plus_unverified,gkf,5,29,rf_physics9,Sr3AsI3,Sr,As,I,1.265,1.292556,
plus_unverified,gkf,5,29,rf_physics9,Sr3PBr3,Sr,P,Br,1.55,1.743936,
plus_unverified,gkf,5,27,rf_physics9,Sr3PCl3,Sr,P,Cl,1.677,1.877438,
plus_unverified,gkf,5,28,rf_physics9,Sr3PI3,Sr,P,I,1.258,1.423367,
plus_unverified,gkf,5,25,rf_physics9,Sr3SbCl3,Sr,Sb,Cl,1.712,1.695856,
plus_unverified,gkf,5,29,rf_physics9,Sr3SbI3,Sr,Sb,I,1.31,1.21652,
plus_unverified,gkf,6,34,rf_physics9,Ba3AsBr3,Ba,As,Br,0.92,1.02947,
plus_unverified,gkf,6,32,rf_physics9,Ba3AsCl3,Ba,As,Cl,0.969,1.008063,
plus_unverified,gkf,6,33,rf_physics9,Ba3AsI3,Ba,As,I,0.802,0.793748,
plus_unverified,gkf,6,30,rf_physics9,Ba3BiBr3,Ba,Bi,Br,0.912,1.037274,
plus_unverified,gkf,6,31,rf_physics9,Ba3BiCl3,Ba,Bi,Cl,0.957,1.048309,
plus_unverified,gkf,6,30,rf_physics9,Ba3BiI3,Ba,Bi,I,0.786,0.825784,
plus_unverified,gkf,6,34,rf_physics9,Ba3PBr3,Ba,P,Br,0.944,1.007715,
plus_unverified,gkf,6,30,rf_physics9,Ba3PCl3,Ba,P,Cl,0.964,0.987136,
plus_unverified,gkf,6,31,rf_physics9,Ba3PI3,Ba,P,I,0.764,0.836404,
plus_unverified,gkf,6,33,rf_physics9,Ba3SbBr3,Ba,Sb,Br,1.0819,0.924536,
plus_unverified,gkf,6,34,rf_physics9,Ba3SbCl3,Ba,Sb,Cl,1.002,1.045591,
plus_unverified,gkf,6,32,rf_physics9,Ba3SbI3,Ba,Sb,I,0.78,0.820505,
plus_unverified,gkf,6,31,rf_physics9,Ca3AsBr3,Ca,As,Br,1.634,1.69718,
plus_unverified,gkf,6,30,rf_physics9,Ca3AsCl3,Ca,As,Cl,1.742,1.813548,
plus_unverified,gkf,6,31,rf_physics9,Ca3AsF3,Ca,As,F,2.27,2.270957,
plus_unverified,gkf,6,32,rf_physics9,Ca3BiBr3,Ca,Bi,Br,1.6,1.661699,
plus_unverified,gkf,6,32,rf_physics9,Ca3BiCl3,Ca,Bi,Cl,1.76,1.775236,
plus_unverified,gkf,6,34,rf_physics9,Ca3BiI3,Ca,Bi,I,1.325,1.238639,
plus_unverified,gkf,6,34,rf_physics9,Ca3PBr3,Ca,P,Br,1.8846,1.59822,
plus_unverified,gkf,6,34,rf_physics9,Ca3PCl3,Ca,P,Cl,2.035,1.795086,
plus_unverified,gkf,6,30,rf_physics9,Ca3PF3,Ca,P,F,2.518,2.230107,
plus_unverified,gkf,6,30,rf_physics9,Ca3PI3,Ca,P,I,1.4909,1.227094,
plus_unverified,gkf,6,33,rf_physics9,Ca3SbBr3,Ca,Sb,Br,1.782,1.607508,
plus_unverified,gkf,6,31,rf_physics9,Ca3SbCl3,Ca,Sb,Cl,1.814,1.752295,
plus_unverified,gkf,6,33,rf_physics9,Ca3SbF3,Ca,Sb,F,2.19,2.625141,
plus_unverified,gkf,6,32,rf_physics9,Mg3AsBr3,Mg,As,Br,1.2907,1.339056,
plus_unverified,gkf,6,31,rf_physics9,Mg3BiBr3,Mg,Bi,Br,0.9648,1.12367,
plus_unverified,gkf,6,33,rf_physics9,Mg3BiI3,Mg,Bi,I,0.224,0.342267,
plus_unverified,gkf,6,30,rf_physics9,Mg3PBr3,Mg,P,Br,1.506,1.235098,
plus_unverified,gkf,6,33,rf_physics9,Mg3PCl3,Mg,P,Cl,2.297,1.85294,
plus_unverified,gkf,6,30,rf_physics9,Mg3PI3,Mg,P,I,0.377,0.341764,
plus_unverified,gkf,6,34,rf_physics9,Mg3SbBr3,Mg,Sb,Br,0.9418,1.276651,
plus_unverified,gkf,6,34,rf_physics9,Mg3SbCl3,Mg,Sb,Cl,1.7283,1.997708,
plus_unverified,gkf,6,31,rf_physics9,Mg3SbF3,Mg,Sb,F,3.184,2.153433,
plus_unverified,gkf,6,31,rf_physics9,Mg3SbI3,Mg,Sb,I,0.1057,0.490391,
plus_unverified,gkf,6,32,rf_physics9,Sr3AsCl3,Sr,As,Cl,1.7,1.647197,
plus_unverified,gkf,6,33,rf_physics9,Sr3AsI3,Sr,As,I,1.265,1.292126,
plus_unverified,gkf,6,32,rf_physics9,Sr3PBr3,Sr,P,Br,1.55,1.677101,
plus_unverified,gkf,6,33,rf_physics9,Sr3PCl3,Sr,P,Cl,1.677,1.823211,
plus_unverified,gkf,6,31,rf_physics9,Sr3PI3,Sr,P,I,1.258,1.393958,
plus_unverified,gkf,6,32,rf_physics9,Sr3SbCl3,Sr,Sb,Cl,1.712,1.688044,
plus_unverified,gkf,6,30,rf_physics9,Sr3SbI3,Sr,Sb,I,1.31,1.192541,
plus_unverified,gkf,7,37,rf_physics9,Ba3AsBr3,Ba,As,Br,0.92,0.991443,
plus_unverified,gkf,7,38,rf_physics9,Ba3AsCl3,Ba,As,Cl,0.969,0.976606,
plus_unverified,gkf,7,38,rf_physics9,Ba3AsI3,Ba,As,I,0.802,0.792926,
plus_unverified,gkf,7,37,rf_physics9,Ba3BiBr3,Ba,Bi,Br,0.912,1.031361,
plus_unverified,gkf,7,35,rf_physics9,Ba3BiCl3,Ba,Bi,Cl,0.957,1.13472,
plus_unverified,gkf,7,36,rf_physics9,Ba3BiI3,Ba,Bi,I,0.786,0.889325,
plus_unverified,gkf,7,36,rf_physics9,Ba3PBr3,Ba,P,Br,0.944,0.92872,
plus_unverified,gkf,7,36,rf_physics9,Ba3PCl3,Ba,P,Cl,0.964,1.047226,
plus_unverified,gkf,7,37,rf_physics9,Ba3PI3,Ba,P,I,0.764,0.865867,
plus_unverified,gkf,7,35,rf_physics9,Ba3SbBr3,Ba,Sb,Br,1.0819,0.933123,
plus_unverified,gkf,7,36,rf_physics9,Ba3SbCl3,Ba,Sb,Cl,1.002,1.060018,
plus_unverified,gkf,7,36,rf_physics9,Ba3SbI3,Ba,Sb,I,0.78,0.881343,
plus_unverified,gkf,7,35,rf_physics9,Ca3AsBr3,Ca,As,Br,1.634,1.773476,
plus_unverified,gkf,7,38,rf_physics9,Ca3AsCl3,Ca,As,Cl,1.742,1.842419,
plus_unverified,gkf,7,36,rf_physics9,Ca3AsF3,Ca,As,F,2.27,2.177109,
plus_unverified,gkf,7,37,rf_physics9,Ca3BiBr3,Ca,Bi,Br,1.6,1.558927,
plus_unverified,gkf,7,35,rf_physics9,Ca3BiCl3,Ca,Bi,Cl,1.76,1.803227,
plus_unverified,gkf,7,38,rf_physics9,Ca3BiI3,Ca,Bi,I,1.325,1.195535,
plus_unverified,gkf,7,36,rf_physics9,Ca3PBr3,Ca,P,Br,1.8846,1.6595,
plus_unverified,gkf,7,39,rf_physics9,Ca3PCl3,Ca,P,Cl,2.035,1.822823,
plus_unverified,gkf,7,36,rf_physics9,Ca3PF3,Ca,P,F,2.518,2.202765,
plus_unverified,gkf,7,38,rf_physics9,Ca3PI3,Ca,P,I,1.4909,1.255348,
plus_unverified,gkf,7,37,rf_physics9,Ca3SbBr3,Ca,Sb,Br,1.782,1.567272,
plus_unverified,gkf,7,37,rf_physics9,Ca3SbCl3,Ca,Sb,Cl,1.814,1.730535,
plus_unverified,gkf,7,39,rf_physics9,Ca3SbF3,Ca,Sb,F,2.19,2.612356,
plus_unverified,gkf,7,37,rf_physics9,Mg3AsBr3,Mg,As,Br,1.2907,1.332256,
plus_unverified,gkf,7,36,rf_physics9,Mg3BiBr3,Mg,Bi,Br,0.9648,1.199557,
plus_unverified,gkf,7,35,rf_physics9,Mg3BiI3,Mg,Bi,I,0.224,0.395697,
plus_unverified,gkf,7,38,rf_physics9,Mg3PBr3,Mg,P,Br,1.506,1.203738,
plus_unverified,gkf,7,35,rf_physics9,Mg3PCl3,Mg,P,Cl,2.297,1.823865,
plus_unverified,gkf,7,37,rf_physics9,Mg3PI3,Mg,P,I,0.377,0.397362,
plus_unverified,gkf,7,38,rf_physics9,Mg3SbBr3,Mg,Sb,Br,0.9418,1.149579,
plus_unverified,gkf,7,38,rf_physics9,Mg3SbCl3,Mg,Sb,Cl,1.7283,1.943278,
plus_unverified,gkf,7,35,rf_physics9,Mg3SbF3,Mg,Sb,F,3.184,2.200422,
plus_unverified,gkf,7,39,rf_physics9,Mg3SbI3,Mg,Sb,I,0.1057,0.467698,
plus_unverified,gkf,7,39,rf_physics9,Sr3AsCl3,Sr,As,Cl,1.7,1.699932,
plus_unverified,gkf,7,39,rf_physics9,Sr3AsI3,Sr,As,I,1.265,1.299733,
plus_unverified,gkf,7,39,rf_physics9,Sr3PBr3,Sr,P,Br,1.55,1.782585,
plus_unverified,gkf,7,35,rf_physics9,Sr3PCl3,Sr,P,Cl,1.677,1.778957,
plus_unverified,gkf,7,39,rf_physics9,Sr3PI3,Sr,P,I,1.258,1.342727,
plus_unverified,gkf,7,39,rf_physics9,Sr3SbCl3,Sr,Sb,Cl,1.712,1.755656,
plus_unverified,gkf,7,35,rf_physics9,Sr3SbI3,Sr,Sb,I,1.31,1.209185,
plus_unverified,gkf,8,41,rf_physics9,Ba3AsBr3,Ba,As,Br,0.92,0.947753,
plus_unverified,gkf,8,41,rf_physics9,Ba3AsCl3,Ba,As,Cl,0.969,0.988997,
plus_unverified,gkf,8,43,rf_physics9,Ba3AsI3,Ba,As,I,0.802,0.819086,
plus_unverified,gkf,8,43,rf_physics9,Ba3BiBr3,Ba,Bi,Br,0.912,1.028986,
plus_unverified,gkf,8,43,rf_physics9,Ba3BiCl3,Ba,Bi,Cl,0.957,1.179767,
plus_unverified,gkf,8,42,rf_physics9,Ba3BiI3,Ba,Bi,I,0.786,0.830474,
plus_unverified,gkf,8,40,rf_physics9,Ba3PBr3,Ba,P,Br,0.944,0.975244,
plus_unverified,gkf,8,40,rf_physics9,Ba3PCl3,Ba,P,Cl,0.964,1.066174,
plus_unverified,gkf,8,42,rf_physics9,Ba3PI3,Ba,P,I,0.764,0.865689,
plus_unverified,gkf,8,41,rf_physics9,Ba3SbBr3,Ba,Sb,Br,1.0819,0.941176,
plus_unverified,gkf,8,40,rf_physics9,Ba3SbCl3,Ba,Sb,Cl,1.002,1.058744,
plus_unverified,gkf,8,43,rf_physics9,Ba3SbI3,Ba,Sb,I,0.78,0.83914,
plus_unverified,gkf,8,40,rf_physics9,Ca3AsBr3,Ca,As,Br,1.634,1.738109,
plus_unverified,gkf,8,43,rf_physics9,Ca3AsCl3,Ca,As,Cl,1.742,1.817378,
plus_unverified,gkf,8,40,rf_physics9,Ca3AsF3,Ca,As,F,2.27,2.409279,
plus_unverified,gkf,8,41,rf_physics9,Ca3BiBr3,Ca,Bi,Br,1.6,1.569894,
plus_unverified,gkf,8,43,rf_physics9,Ca3BiCl3,Ca,Bi,Cl,1.76,1.822993,
plus_unverified,gkf,8,41,rf_physics9,Ca3BiI3,Ca,Bi,I,1.325,1.141879,
plus_unverified,gkf,8,43,rf_physics9,Ca3PBr3,Ca,P,Br,1.8846,1.779626,
plus_unverified,gkf,8,40,rf_physics9,Ca3PCl3,Ca,P,Cl,2.035,1.875197,
plus_unverified,gkf,8,44,rf_physics9,Ca3PF3,Ca,P,F,2.518,2.128949,
plus_unverified,gkf,8,40,rf_physics9,Ca3PI3,Ca,P,I,1.4909,1.276696,
plus_unverified,gkf,8,41,rf_physics9,Ca3SbBr3,Ca,Sb,Br,1.782,1.606674,
plus_unverified,gkf,8,42,rf_physics9,Ca3SbCl3,Ca,Sb,Cl,1.814,1.740223,
plus_unverified,gkf,8,41,rf_physics9,Ca3SbF3,Ca,Sb,F,2.19,2.643511,
plus_unverified,gkf,8,40,rf_physics9,Mg3AsBr3,Mg,As,Br,1.2907,1.389529,
plus_unverified,gkf,8,44,rf_physics9,Mg3BiBr3,Mg,Bi,Br,0.9648,1.096556,
plus_unverified,gkf,8,44,rf_physics9,Mg3BiI3,Mg,Bi,I,0.224,0.410977,
plus_unverified,gkf,8,42,rf_physics9,Mg3PBr3,Mg,P,Br,1.506,1.295894,
plus_unverified,gkf,8,44,rf_physics9,Mg3PCl3,Mg,P,Cl,2.297,1.716415,
plus_unverified,gkf,8,42,rf_physics9,Mg3PI3,Mg,P,I,0.377,0.392974,
plus_unverified,gkf,8,40,rf_physics9,Mg3SbBr3,Mg,Sb,Br,0.9418,1.272514,
plus_unverified,gkf,8,44,rf_physics9,Mg3SbCl3,Mg,Sb,Cl,1.7283,1.584212,
plus_unverified,gkf,8,44,rf_physics9,Mg3SbF3,Mg,Sb,F,3.184,2.002812,
plus_unverified,gkf,8,41,rf_physics9,Mg3SbI3,Mg,Sb,I,0.1057,0.503148,
plus_unverified,gkf,8,41,rf_physics9,Sr3AsCl3,Sr,As,Cl,1.7,1.704123,
plus_unverified,gkf,8,44,rf_physics9,Sr3AsI3,Sr,As,I,1.265,1.255855,
plus_unverified,gkf,8,43,rf_physics9,Sr3PBr3,Sr,P,Br,1.55,1.714913,
plus_unverified,gkf,8,42,rf_physics9,Sr3PCl3,Sr,P,Cl,1.677,1.851217,
plus_unverified,gkf,8,42,rf_physics9,Sr3PI3,Sr,P,I,1.258,1.392412,
plus_unverified,gkf,8,42,rf_physics9,Sr3SbCl3,Sr,Sb,Cl,1.712,1.680136,
plus_unverified,gkf,8,44,rf_physics9,Sr3SbI3,Sr,Sb,I,1.31,1.215668,
plus_unverified,gkf,9,47,rf_physics9,Ba3AsBr3,Ba,As,Br,0.92,0.976327,
plus_unverified,gkf,9,49,rf_physics9,Ba3AsCl3,Ba,As,Cl,0.969,1.009313,
plus_unverified,gkf,9,46,rf_physics9,Ba3AsI3,Ba,As,I,0.802,0.803551,
plus_unverified,gkf,9,48,rf_physics9,Ba3BiBr3,Ba,Bi,Br,0.912,1.036049,
plus_unverified,gkf,9,45,rf_physics9,Ba3BiCl3,Ba,Bi,Cl,0.957,1.281135,
plus_unverified,gkf,9,46,rf_physics9,Ba3BiI3,Ba,Bi,I,0.786,0.794135,
plus_unverified,gkf,9,48,rf_physics9,Ba3PBr3,Ba,P,Br,0.944,0.970624,
plus_unverified,gkf,9,47,rf_physics9,Ba3PCl3,Ba,P,Cl,0.964,0.990142,
plus_unverified,gkf,9,49,rf_physics9,Ba3PI3,Ba,P,I,0.764,0.843181,
plus_unverified,gkf,9,46,rf_physics9,Ba3SbBr3,Ba,Sb,Br,1.0819,0.927996,
plus_unverified,gkf,9,45,rf_physics9,Ba3SbCl3,Ba,Sb,Cl,1.002,1.287858,
plus_unverified,gkf,9,47,rf_physics9,Ba3SbI3,Ba,Sb,I,0.78,0.822094,
plus_unverified,gkf,9,48,rf_physics9,Ca3AsBr3,Ca,As,Br,1.634,1.766987,
plus_unverified,gkf,9,47,rf_physics9,Ca3AsCl3,Ca,As,Cl,1.742,1.776517,
plus_unverified,gkf,9,46,rf_physics9,Ca3AsF3,Ca,As,F,2.27,2.374938,
plus_unverified,gkf,9,47,rf_physics9,Ca3BiBr3,Ca,Bi,Br,1.6,1.719815,
plus_unverified,gkf,9,49,rf_physics9,Ca3BiCl3,Ca,Bi,Cl,1.76,1.764379,
plus_unverified,gkf,9,45,rf_physics9,Ca3BiI3,Ca,Bi,I,1.325,1.21876,
plus_unverified,gkf,9,45,rf_physics9,Ca3PBr3,Ca,P,Br,1.8846,1.578898,
plus_unverified,gkf,9,47,rf_physics9,Ca3PCl3,Ca,P,Cl,2.035,1.84536,
plus_unverified,gkf,9,45,rf_physics9,Ca3PF3,Ca,P,F,2.518,2.24366,
plus_unverified,gkf,9,47,rf_physics9,Ca3PI3,Ca,P,I,1.4909,1.29516,
plus_unverified,gkf,9,45,rf_physics9,Ca3SbBr3,Ca,Sb,Br,1.782,1.463208,
plus_unverified,gkf,9,48,rf_physics9,Ca3SbCl3,Ca,Sb,Cl,1.814,1.75315,
plus_unverified,gkf,9,48,rf_physics9,Ca3SbF3,Ca,Sb,F,2.19,2.16486,
plus_unverified,gkf,9,49,rf_physics9,Mg3AsBr3,Mg,As,Br,1.2907,1.054312,
plus_unverified,gkf,9,45,rf_physics9,Mg3BiBr3,Mg,Bi,Br,0.9648,1.176722,
plus_unverified,gkf,9,48,rf_physics9,Mg3BiI3,Mg,Bi,I,0.224,0.379264,
plus_unverified,gkf,9,49,rf_physics9,Mg3PBr3,Mg,P,Br,1.506,1.097825,
plus_unverified,gkf,9,45,rf_physics9,Mg3PCl3,Mg,P,Cl,2.297,1.837168,
plus_unverified,gkf,9,46,rf_physics9,Mg3PI3,Mg,P,I,0.377,0.348129,
plus_unverified,gkf,9,47,rf_physics9,Mg3SbBr3,Mg,Sb,Br,0.9418,1.239064,
plus_unverified,gkf,9,49,rf_physics9,Mg3SbCl3,Mg,Sb,Cl,1.7283,1.924553,
plus_unverified,gkf,9,48,rf_physics9,Mg3SbF3,Mg,Sb,F,3.184,2.166915,
plus_unverified,gkf,9,49,rf_physics9,Mg3SbI3,Mg,Sb,I,0.1057,0.457131,
plus_unverified,gkf,9,48,rf_physics9,Sr3AsCl3,Sr,As,Cl,1.7,1.71332,
plus_unverified,gkf,9,46,rf_physics9,Sr3AsI3,Sr,As,I,1.265,1.32644,
plus_unverified,gkf,9,46,rf_physics9,Sr3PBr3,Sr,P,Br,1.55,1.782326,
plus_unverified,gkf,9,45,rf_physics9,Sr3PCl3,Sr,P,Cl,1.677,1.871114,
plus_unverified,gkf,9,46,rf_physics9,Sr3PI3,Sr,P,I,1.258,1.362901,
plus_unverified,gkf,9,49,rf_physics9,Sr3SbCl3,Sr,Sb,Cl,1.712,1.716573,
plus_unverified,gkf,9,46,rf_physics9,Sr3SbI3,Sr,Sb,I,1.31,1.215408,
plus_unverified,gkf,0,2,ridge_magpie,Ba3AsBr3,Ba,As,Br,0.92,0.792151,
plus_unverified,gkf,0,2,ridge_magpie,Ba3AsCl3,Ba,As,Cl,0.969,1.017417,
plus_unverified,gkf,0,3,ridge_magpie,Ba3AsI3,Ba,As,I,0.802,0.768732,
plus_unverified,gkf,0,3,ridge_magpie,Ba3BiBr3,Ba,Bi,Br,0.912,0.839531,
plus_unverified,gkf,0,0,ridge_magpie,Ba3BiCl3,Ba,Bi,Cl,0.957,1.003152,
plus_unverified,gkf,0,2,ridge_magpie,Ba3BiI3,Ba,Bi,I,0.786,0.966562,
plus_unverified,gkf,0,1,ridge_magpie,Ba3PBr3,Ba,P,Br,0.944,0.967132,
plus_unverified,gkf,0,4,ridge_magpie,Ba3PCl3,Ba,P,Cl,0.964,1.31208,
plus_unverified,gkf,0,0,ridge_magpie,Ba3PI3,Ba,P,I,0.764,1.085839,
plus_unverified,gkf,0,1,ridge_magpie,Ba3SbBr3,Ba,Sb,Br,1.0819,0.92032,
plus_unverified,gkf,0,4,ridge_magpie,Ba3SbCl3,Ba,Sb,Cl,1.002,1.093328,
plus_unverified,gkf,0,2,ridge_magpie,Ba3SbI3,Ba,Sb,I,0.78,0.918626,
plus_unverified,gkf,0,1,ridge_magpie,Ca3AsBr3,Ca,As,Br,1.634,1.790419,
plus_unverified,gkf,0,0,ridge_magpie,Ca3AsCl3,Ca,As,Cl,1.742,1.945297,
plus_unverified,gkf,0,4,ridge_magpie,Ca3AsF3,Ca,As,F,2.27,2.814333,
plus_unverified,gkf,0,1,ridge_magpie,Ca3BiBr3,Ca,Bi,Br,1.6,1.58332,
plus_unverified,gkf,0,1,ridge_magpie,Ca3BiCl3,Ca,Bi,Cl,1.76,1.697339,
plus_unverified,gkf,0,1,ridge_magpie,Ca3BiI3,Ca,Bi,I,1.325,1.009371,
plus_unverified,gkf,0,4,ridge_magpie,Ca3PBr3,Ca,P,Br,1.8846,1.833971,
plus_unverified,gkf,0,0,ridge_magpie,Ca3PCl3,Ca,P,Cl,2.035,1.974063,
plus_unverified,gkf,0,4,ridge_magpie,Ca3PF3,Ca,P,F,2.518,2.965069,
plus_unverified,gkf,0,3,ridge_magpie,Ca3PI3,Ca,P,I,1.4909,1.087209,
plus_unverified,gkf,0,4,ridge_magpie,Ca3SbBr3,Ca,Sb,Br,1.782,1.702026,
plus_unverified,gkf,0,3,ridge_magpie,Ca3SbCl3,Ca,Sb,Cl,1.814,1.863179,
plus_unverified,gkf,0,2,ridge_magpie,Ca3SbF3,Ca,Sb,F,2.19,2.430989,
plus_unverified,gkf,0,0,ridge_magpie,Mg3AsBr3,Mg,As,Br,1.2907,1.328436,
plus_unverified,gkf,0,0,ridge_magpie,Mg3BiBr3,Mg,Bi,Br,0.9648,1.085505,
plus_unverified,gkf,0,1,ridge_magpie,Mg3BiI3,Mg,Bi,I,0.224,-0.005581,
plus_unverified,gkf,0,4,ridge_magpie,Mg3PBr3,Mg,P,Br,1.506,1.457438,
plus_unverified,gkf,0,0,ridge_magpie,Mg3PCl3,Mg,P,Cl,2.297,2.099999,
plus_unverified,gkf,0,0,ridge_magpie,Mg3PI3,Mg,P,I,0.377,0.869223,
plus_unverified,gkf,0,2,ridge_magpie,Mg3SbBr3,Mg,Sb,Br,0.9418,1.189847,
plus_unverified,gkf,0,3,ridge_magpie,Mg3SbCl3,Mg,Sb,Cl,1.7283,2.071524,
plus_unverified,gkf,0,1,ridge_magpie,Mg3SbF3,Mg,Sb,F,3.184,2.03565,
plus_unverified,gkf,0,3,ridge_magpie,Mg3SbI3,Mg,Sb,I,0.1057,0.263271,
plus_unverified,gkf,0,2,ridge_magpie,Sr3AsCl3,Sr,As,Cl,1.7,1.430242,
plus_unverified,gkf,0,1,ridge_magpie,Sr3AsI3,Sr,As,I,1.265,1.143244,
plus_unverified,gkf,0,3,ridge_magpie,Sr3PBr3,Sr,P,Br,1.55,1.333837,
plus_unverified,gkf,0,4,ridge_magpie,Sr3PCl3,Sr,P,Cl,1.677,1.696473,
plus_unverified,gkf,0,0,ridge_magpie,Sr3PI3,Sr,P,I,1.258,1.483859,
plus_unverified,gkf,0,2,ridge_magpie,Sr3SbCl3,Sr,Sb,Cl,1.712,1.337907,
plus_unverified,gkf,0,3,ridge_magpie,Sr3SbI3,Sr,Sb,I,1.31,1.314779,
plus_unverified,gkf,1,5,ridge_magpie,Ba3AsBr3,Ba,As,Br,0.92,0.776393,
plus_unverified,gkf,1,8,ridge_magpie,Ba3AsCl3,Ba,As,Cl,0.969,1.194266,
plus_unverified,gkf,1,7,ridge_magpie,Ba3AsI3,Ba,As,I,0.802,0.50794,
plus_unverified,gkf,1,9,ridge_magpie,Ba3BiBr3,Ba,Bi,Br,0.912,0.909188,
plus_unverified,gkf,1,5,ridge_magpie,Ba3BiCl3,Ba,Bi,Cl,0.957,0.984593,
plus_unverified,gkf,1,6,ridge_magpie,Ba3BiI3,Ba,Bi,I,0.786,0.877146,
plus_unverified,gkf,1,8,ridge_magpie,Ba3PBr3,Ba,P,Br,0.944,1.054289,
plus_unverified,gkf,1,8,ridge_magpie,Ba3PCl3,Ba,P,Cl,0.964,1.307023,
plus_unverified,gkf,1,9,ridge_magpie,Ba3PI3,Ba,P,I,0.764,0.979206,
plus_unverified,gkf,1,6,ridge_magpie,Ba3SbBr3,Ba,Sb,Br,1.0819,0.918065,
plus_unverified,gkf,1,5,ridge_magpie,Ba3SbCl3,Ba,Sb,Cl,1.002,1.037589,
plus_unverified,gkf,1,8,ridge_magpie,Ba3SbI3,Ba,Sb,I,0.78,0.933202,
plus_unverified,gkf,1,5,ridge_magpie,Ca3AsBr3,Ca,As,Br,1.634,1.651691,
plus_unverified,gkf,1,9,ridge_magpie,Ca3AsCl3,Ca,As,Cl,1.742,2.045011,
plus_unverified,gkf,1,8,ridge_magpie,Ca3AsF3,Ca,As,F,2.27,2.64165,
plus_unverified,gkf,1,6,ridge_magpie,Ca3BiBr3,Ca,Bi,Br,1.6,1.676064,
plus_unverified,gkf,1,7,ridge_magpie,Ca3BiCl3,Ca,Bi,Cl,1.76,1.877829,
plus_unverified,gkf,1,9,ridge_magpie,Ca3BiI3,Ca,Bi,I,1.325,0.818729,
plus_unverified,gkf,1,6,ridge_magpie,Ca3PBr3,Ca,P,Br,1.8846,1.910484,
plus_unverified,gkf,1,8,ridge_magpie,Ca3PCl3,Ca,P,Cl,2.035,2.025021,
plus_unverified,gkf,1,6,ridge_magpie,Ca3PF3,Ca,P,F,2.518,2.336247,
plus_unverified,gkf,1,7,ridge_magpie,Ca3PI3,Ca,P,I,1.4909,1.084792,
plus_unverified,gkf,1,6,ridge_magpie,Ca3SbBr3,Ca,Sb,Br,1.782,1.740124,
plus_unverified,gkf,1,5,ridge_magpie,Ca3SbCl3,Ca,Sb,Cl,1.814,1.866995,
plus_unverified,gkf,1,9,ridge_magpie,Ca3SbF3,Ca,Sb,F,2.19,2.496877,
plus_unverified,gkf,1,9,ridge_magpie,Mg3AsBr3,Mg,As,Br,1.2907,1.352039,
plus_unverified,gkf,1,7,ridge_magpie,Mg3BiBr3,Mg,Bi,Br,0.9648,1.085357,
plus_unverified,gkf,1,8,ridge_magpie,Mg3BiI3,Mg,Bi,I,0.224,0.060804,
plus_unverified,gkf,1,5,ridge_magpie,Mg3PBr3,Mg,P,Br,1.506,1.477291,
plus_unverified,gkf,1,6,ridge_magpie,Mg3PCl3,Mg,P,Cl,2.297,1.919949,
plus_unverified,gkf,1,7,ridge_magpie,Mg3PI3,Mg,P,I,0.377,0.640046,
plus_unverified,gkf,1,8,ridge_magpie,Mg3SbBr3,Mg,Sb,Br,0.9418,1.199993,
plus_unverified,gkf,1,5,ridge_magpie,Mg3SbCl3,Mg,Sb,Cl,1.7283,1.999555,
plus_unverified,gkf,1,6,ridge_magpie,Mg3SbF3,Mg,Sb,F,3.184,1.917845,
plus_unverified,gkf,1,6,ridge_magpie,Mg3SbI3,Mg,Sb,I,0.1057,0.293966,
plus_unverified,gkf,1,5,ridge_magpie,Sr3AsCl3,Sr,As,Cl,1.7,1.425126,
plus_unverified,gkf,1,7,ridge_magpie,Sr3AsI3,Sr,As,I,1.265,0.936096,
plus_unverified,gkf,1,5,ridge_magpie,Sr3PBr3,Sr,P,Br,1.55,1.259818,
plus_unverified,gkf,1,9,ridge_magpie,Sr3PCl3,Sr,P,Cl,1.677,1.540925,
plus_unverified,gkf,1,7,ridge_magpie,Sr3PI3,Sr,P,I,1.258,1.135443,
plus_unverified,gkf,1,7,ridge_magpie,Sr3SbCl3,Sr,Sb,Cl,1.712,1.2529,
plus_unverified,gkf,1,9,ridge_magpie,Sr3SbI3,Sr,Sb,I,1.31,1.122896,
plus_unverified,gkf,2,13,ridge_magpie,Ba3AsBr3,Ba,As,Br,0.92,0.834633,
plus_unverified,gkf,2,10,ridge_magpie,Ba3AsCl3,Ba,As,Cl,0.969,1.169626,
plus_unverified,gkf,2,12,ridge_magpie,Ba3AsI3,Ba,As,I,0.802,0.792462,
plus_unverified,gkf,2,10,ridge_magpie,Ba3BiBr3,Ba,Bi,Br,0.912,0.825759,
plus_unverified,gkf,2,11,ridge_magpie,Ba3BiCl3,Ba,Bi,Cl,0.957,0.842814,
plus_unverified,gkf,2,10,ridge_magpie,Ba3BiI3,Ba,Bi,I,0.786,0.888727,
plus_unverified,gkf,2,13,ridge_magpie,Ba3PBr3,Ba,P,Br,0.944,1.074674,
plus_unverified,gkf,2,13,ridge_magpie,Ba3PCl3,Ba,P,Cl,0.964,1.166694,
plus_unverified,gkf,2,13,ridge_magpie,Ba3PI3,Ba,P,I,0.764,0.965771,
plus_unverified,gkf,2,11,ridge_magpie,Ba3SbBr3,Ba,Sb,Br,1.0819,0.973212,
plus_unverified,gkf,2,12,ridge_magpie,Ba3SbCl3,Ba,Sb,Cl,1.002,0.98575,
plus_unverified,gkf,2,13,ridge_magpie,Ba3SbI3,Ba,Sb,I,0.78,0.945754,
plus_unverified,gkf,2,10,ridge_magpie,Ca3AsBr3,Ca,As,Br,1.634,1.710543,
plus_unverified,gkf,2,11,ridge_magpie,Ca3AsCl3,Ca,As,Cl,1.742,1.837358,
plus_unverified,gkf,2,14,ridge_magpie,Ca3AsF3,Ca,As,F,2.27,3.259253,
plus_unverified,gkf,2,14,ridge_magpie,Ca3BiBr3,Ca,Bi,Br,1.6,1.446738,
plus_unverified,gkf,2,12,ridge_magpie,Ca3BiCl3,Ca,Bi,Cl,1.76,1.793873,
plus_unverified,gkf,2,14,ridge_magpie,Ca3BiI3,Ca,Bi,I,1.325,0.884654,
plus_unverified,gkf,2,12,ridge_magpie,Ca3PBr3,Ca,P,Br,1.8846,1.812025,
plus_unverified,gkf,2,10,ridge_magpie,Ca3PCl3,Ca,P,Cl,2.035,1.980446,
plus_unverified,gkf,2,14,ridge_magpie,Ca3PF3,Ca,P,F,2.518,3.329539,
plus_unverified,gkf,2,11,ridge_magpie,Ca3PI3,Ca,P,I,1.4909,1.193779,
plus_unverified,gkf,2,11,ridge_magpie,Ca3SbBr3,Ca,Sb,Br,1.782,1.702092,
plus_unverified,gkf,2,14,ridge_magpie,Ca3SbCl3,Ca,Sb,Cl,1.814,1.908013,
plus_unverified,gkf,2,14,ridge_magpie,Ca3SbF3,Ca,Sb,F,2.19,3.091149,
plus_unverified,gkf,2,14,ridge_magpie,Mg3AsBr3,Mg,As,Br,1.2907,1.423989,
plus_unverified,gkf,2,12,ridge_magpie,Mg3BiBr3,Mg,Bi,Br,0.9648,1.12946,
plus_unverified,gkf,2,11,ridge_magpie,Mg3BiI3,Mg,Bi,I,0.224,-0.107303,
plus_unverified,gkf,2,14,ridge_magpie,Mg3PBr3,Mg,P,Br,1.506,1.413881,
plus_unverified,gkf,2,12,ridge_magpie,Mg3PCl3,Mg,P,Cl,2.297,2.054538,
plus_unverified,gkf,2,11,ridge_magpie,Mg3PI3,Mg,P,I,0.377,0.444174,
plus_unverified,gkf,2,11,ridge_magpie,Mg3SbBr3,Mg,Sb,Br,0.9418,1.241044,
plus_unverified,gkf,2,10,ridge_magpie,Mg3SbCl3,Mg,Sb,Cl,1.7283,2.035653,
plus_unverified,gkf,2,13,ridge_magpie,Mg3SbF3,Mg,Sb,F,3.184,1.816001,
plus_unverified,gkf,2,10,ridge_magpie,Mg3SbI3,Mg,Sb,I,0.1057,0.268972,
plus_unverified,gkf,2,12,ridge_magpie,Sr3AsCl3,Sr,As,Cl,1.7,1.44278,
plus_unverified,gkf,2,13,ridge_magpie,Sr3AsI3,Sr,As,I,1.265,0.942371,
plus_unverified,gkf,2,10,ridge_magpie,Sr3PBr3,Sr,P,Br,1.55,1.300651,
plus_unverified,gkf,2,13,ridge_magpie,Sr3PCl3,Sr,P,Cl,1.677,1.662564,
plus_unverified,gkf,2,10,ridge_magpie,Sr3PI3,Sr,P,I,1.258,1.298464,
plus_unverified,gkf,2,11,ridge_magpie,Sr3SbCl3,Sr,Sb,Cl,1.712,1.364963,
plus_unverified,gkf,2,12,ridge_magpie,Sr3SbI3,Sr,Sb,I,1.31,1.219675,
plus_unverified,gkf,3,19,ridge_magpie,Ba3AsBr3,Ba,As,Br,0.92,0.805676,
plus_unverified,gkf,3,15,ridge_magpie,Ba3AsCl3,Ba,As,Cl,0.969,1.179465,
plus_unverified,gkf,3,19,ridge_magpie,Ba3AsI3,Ba,As,I,0.802,0.718878,
plus_unverified,gkf,3,17,ridge_magpie,Ba3BiBr3,Ba,Bi,Br,0.912,0.829199,
plus_unverified,gkf,3,19,ridge_magpie,Ba3BiCl3,Ba,Bi,Cl,0.957,0.965173,
plus_unverified,gkf,3,15,ridge_magpie,Ba3BiI3,Ba,Bi,I,0.786,1.00353,
plus_unverified,gkf,3,18,ridge_magpie,Ba3PBr3,Ba,P,Br,0.944,0.855739,
plus_unverified,gkf,3,15,ridge_magpie,Ba3PCl3,Ba,P,Cl,0.964,1.375495,
plus_unverified,gkf,3,18,ridge_magpie,Ba3PI3,Ba,P,I,0.764,0.877919,
plus_unverified,gkf,3,17,ridge_magpie,Ba3SbBr3,Ba,Sb,Br,1.0819,0.884852,
plus_unverified,gkf,3,16,ridge_magpie,Ba3SbCl3,Ba,Sb,Cl,1.002,1.040567,
plus_unverified,gkf,3,15,ridge_magpie,Ba3SbI3,Ba,Sb,I,0.78,1.028631,
plus_unverified,gkf,3,17,ridge_magpie,Ca3AsBr3,Ca,As,Br,1.634,1.736493,
plus_unverified,gkf,3,19,ridge_magpie,Ca3AsCl3,Ca,As,Cl,1.742,1.958587,
plus_unverified,gkf,3,18,ridge_magpie,Ca3AsF3,Ca,As,F,2.27,2.29852,
plus_unverified,gkf,3,16,ridge_magpie,Ca3BiBr3,Ca,Bi,Br,1.6,1.447214,
plus_unverified,gkf,3,17,ridge_magpie,Ca3BiCl3,Ca,Bi,Cl,1.76,1.747992,
plus_unverified,gkf,3,16,ridge_magpie,Ca3BiI3,Ca,Bi,I,1.325,0.709506,
plus_unverified,gkf,3,17,ridge_magpie,Ca3PBr3,Ca,P,Br,1.8846,1.867209,
plus_unverified,gkf,3,17,ridge_magpie,Ca3PCl3,Ca,P,Cl,2.035,2.019666,
plus_unverified,gkf,3,16,ridge_magpie,Ca3PF3,Ca,P,F,2.518,2.762769,
plus_unverified,gkf,3,16,ridge_magpie,Ca3PI3,Ca,P,I,1.4909,1.030965,
plus_unverified,gkf,3,16,ridge_magpie,Ca3SbBr3,Ca,Sb,Br,1.782,1.610231,
plus_unverified,gkf,3,15,ridge_magpie,Ca3SbCl3,Ca,Sb,Cl,1.814,1.864873,
plus_unverified,gkf,3,16,ridge_magpie,Ca3SbF3,Ca,Sb,F,2.19,2.539672,
plus_unverified,gkf,3,18,ridge_magpie,Mg3AsBr3,Mg,As,Br,1.2907,1.332976,
plus_unverified,gkf,3,18,ridge_magpie,Mg3BiBr3,Mg,Bi,Br,0.9648,0.880465,
plus_unverified,gkf,3,16,ridge_magpie,Mg3BiI3,Mg,Bi,I,0.224,-0.084648,
plus_unverified,gkf,3,18,ridge_magpie,Mg3PBr3,Mg,P,Br,1.506,1.292809,
plus_unverified,gkf,3,15,ridge_magpie,Mg3PCl3,Mg,P,Cl,2.297,2.220909,
plus_unverified,gkf,3,15,ridge_magpie,Mg3PI3,Mg,P,I,0.377,0.917002,
plus_unverified,gkf,3,17,ridge_magpie,Mg3SbBr3,Mg,Sb,Br,0.9418,1.19353,
plus_unverified,gkf,3,15,ridge_magpie,Mg3SbCl3,Mg,Sb,Cl,1.7283,2.046165,
plus_unverified,gkf,3,18,ridge_magpie,Mg3SbF3,Mg,Sb,F,3.184,2.06502,
plus_unverified,gkf,3,19,ridge_magpie,Mg3SbI3,Mg,Sb,I,0.1057,0.231287,
plus_unverified,gkf,3,15,ridge_magpie,Sr3AsCl3,Sr,As,Cl,1.7,1.48203,
plus_unverified,gkf,3,19,ridge_magpie,Sr3AsI3,Sr,As,I,1.265,1.125266,
plus_unverified,gkf,3,18,ridge_magpie,Sr3PBr3,Sr,P,Br,1.55,1.341254,
plus_unverified,gkf,3,16,ridge_magpie,Sr3PCl3,Sr,P,Cl,1.677,1.511625,
plus_unverified,gkf,3,17,ridge_magpie,Sr3PI3,Sr,P,I,1.258,1.321235,
plus_unverified,gkf,3,19,ridge_magpie,Sr3SbCl3,Sr,Sb,Cl,1.712,1.392676,
plus_unverified,gkf,3,19,ridge_magpie,Sr3SbI3,Sr,Sb,I,1.31,1.230012,
plus_unverified,gkf,4,23,ridge_magpie,Ba3AsBr3,Ba,As,Br,0.92,0.814797,
plus_unverified,gkf,4,20,ridge_magpie,Ba3AsCl3,Ba,As,Cl,0.969,1.12965,
plus_unverified,gkf,4,22,ridge_magpie,Ba3AsI3,Ba,As,I,0.802,0.86087,
plus_unverified,gkf,4,21,ridge_magpie,Ba3BiBr3,Ba,Bi,Br,0.912,0.901158,
plus_unverified,gkf,4,22,ridge_magpie,Ba3BiCl3,Ba,Bi,Cl,0.957,1.040105,
plus_unverified,gkf,4,24,ridge_magpie,Ba3BiI3,Ba,Bi,I,0.786,0.934687,
plus_unverified,gkf,4,22,ridge_magpie,Ba3PBr3,Ba,P,Br,0.944,1.022604,
plus_unverified,gkf,4,22,ridge_magpie,Ba3PCl3,Ba,P,Cl,0.964,1.196381,
plus_unverified,gkf,4,22,ridge_magpie,Ba3PI3,Ba,P,I,0.764,0.870382,
plus_unverified,gkf,4,21,ridge_magpie,Ba3SbBr3,Ba,Sb,Br,1.0819,0.975573,
plus_unverified,gkf,4,24,ridge_magpie,Ba3SbCl3,Ba,Sb,Cl,1.002,0.98513,
plus_unverified,gkf,4,21,ridge_magpie,Ba3SbI3,Ba,Sb,I,0.78,0.847103,
plus_unverified,gkf,4,23,ridge_magpie,Ca3AsBr3,Ca,As,Br,1.634,1.696105,
plus_unverified,gkf,4,20,ridge_magpie,Ca3AsCl3,Ca,As,Cl,1.742,2.000724,
plus_unverified,gkf,4,21,ridge_magpie,Ca3AsF3,Ca,As,F,2.27,2.742018,
plus_unverified,gkf,4,21,ridge_magpie,Ca3BiBr3,Ca,Bi,Br,1.6,1.545619,
plus_unverified,gkf,4,20,ridge_magpie,Ca3BiCl3,Ca,Bi,Cl,1.76,1.751814,
plus_unverified,gkf,4,20,ridge_magpie,Ca3BiI3,Ca,Bi,I,1.325,0.879026,
plus_unverified,gkf,4,20,ridge_magpie,Ca3PBr3,Ca,P,Br,1.8846,1.835365,
plus_unverified,gkf,4,24,ridge_magpie,Ca3PCl3,Ca,P,Cl,2.035,1.897329,
plus_unverified,gkf,4,21,ridge_magpie,Ca3PF3,Ca,P,F,2.518,2.909519,
plus_unverified,gkf,4,21,ridge_magpie,Ca3PI3,Ca,P,I,1.4909,1.067433,
plus_unverified,gkf,4,21,ridge_magpie,Ca3SbBr3,Ca,Sb,Br,1.782,1.673678,
plus_unverified,gkf,4,20,ridge_magpie,Ca3SbCl3,Ca,Sb,Cl,1.814,1.87517,
plus_unverified,gkf,4,24,ridge_magpie,Ca3SbF3,Ca,Sb,F,2.19,2.544026,
plus_unverified,gkf,4,22,ridge_magpie,Mg3AsBr3,Mg,As,Br,1.2907,1.399038,
plus_unverified,gkf,4,23,ridge_magpie,Mg3BiBr3,Mg,Bi,Br,0.9648,1.250849,
plus_unverified,gkf,4,24,ridge_magpie,Mg3BiI3,Mg,Bi,I,0.224,0.068602,
plus_unverified,gkf,4,20,ridge_magpie,Mg3PBr3,Mg,P,Br,1.506,1.636484,
plus_unverified,gkf,4,24,ridge_magpie,Mg3PCl3,Mg,P,Cl,2.297,1.928856,
plus_unverified,gkf,4,20,ridge_magpie,Mg3PI3,Mg,P,I,0.377,0.959349,
plus_unverified,gkf,4,23,ridge_magpie,Mg3SbBr3,Mg,Sb,Br,0.9418,1.411894,
plus_unverified,gkf,4,23,ridge_magpie,Mg3SbCl3,Mg,Sb,Cl,1.7283,2.129082,
plus_unverified,gkf,4,22,ridge_magpie,Mg3SbF3,Mg,Sb,F,3.184,1.777662,
plus_unverified,gkf,4,23,ridge_magpie,Mg3SbI3,Mg,Sb,I,0.1057,0.39777,
plus_unverified,gkf,4,20,ridge_magpie,Sr3AsCl3,Sr,As,Cl,1.7,1.543262,
plus_unverified,gkf,4,21,ridge_magpie,Sr3AsI3,Sr,As,I,1.265,1.146011,
plus_unverified,gkf,4,23,ridge_magpie,Sr3PBr3,Sr,P,Br,1.55,1.283494,
plus_unverified,gkf,4,23,ridge_magpie,Sr3PCl3,Sr,P,Cl,1.677,1.488023,
plus_unverified,gkf,4,24,ridge_magpie,Sr3PI3,Sr,P,I,1.258,1.284774,
plus_unverified,gkf,4,24,ridge_magpie,Sr3SbCl3,Sr,Sb,Cl,1.712,1.355235,
plus_unverified,gkf,4,22,ridge_magpie,Sr3SbI3,Sr,Sb,I,1.31,1.092349,
plus_unverified,gkf,5,28,ridge_magpie,Ba3AsBr3,Ba,As,Br,0.92,1.072479,
plus_unverified,gkf,5,29,ridge_magpie,Ba3AsCl3,Ba,As,Cl,0.969,1.156666,
plus_unverified,gkf,5,29,ridge_magpie,Ba3AsI3,Ba,As,I,0.802,0.705979,
plus_unverified,gkf,5,27,ridge_magpie,Ba3BiBr3,Ba,Bi,Br,0.912,0.978113,
plus_unverified,gkf,5,27,ridge_magpie,Ba3BiCl3,Ba,Bi,Cl,0.957,1.085301,
plus_unverified,gkf,5,27,ridge_magpie,Ba3BiI3,Ba,Bi,I,0.786,1.008061,
plus_unverified,gkf,5,25,ridge_magpie,Ba3PBr3,Ba,P,Br,0.944,1.037596,
plus_unverified,gkf,5,25,ridge_magpie,Ba3PCl3,Ba,P,Cl,0.964,1.266674,
plus_unverified,gkf,5,26,ridge_magpie,Ba3PI3,Ba,P,I,0.764,0.905372,
plus_unverified,gkf,5,25,ridge_magpie,Ba3SbBr3,Ba,Sb,Br,1.0819,0.863512,
plus_unverified,gkf,5,27,ridge_magpie,Ba3SbCl3,Ba,Sb,Cl,1.002,1.065062,
plus_unverified,gkf,5,28,ridge_magpie,Ba3SbI3,Ba,Sb,I,0.78,0.988991,
plus_unverified,gkf,5,25,ridge_magpie,Ca3AsBr3,Ca,As,Br,1.634,1.733025,
plus_unverified,gkf,5,25,ridge_magpie,Ca3AsCl3,Ca,As,Cl,1.742,1.889173,
plus_unverified,gkf,5,26,ridge_magpie,Ca3AsF3,Ca,As,F,2.27,2.27709,
plus_unverified,gkf,5,26,ridge_magpie,Ca3BiBr3,Ca,Bi,Br,1.6,1.740221,
plus_unverified,gkf,5,29,ridge_magpie,Ca3BiCl3,Ca,Bi,Cl,1.76,1.770148,
plus_unverified,gkf,5,25,ridge_magpie,Ca3BiI3,Ca,Bi,I,1.325,0.969226,
plus_unverified,gkf,5,28,ridge_magpie,Ca3PBr3,Ca,P,Br,1.8846,1.71346,
plus_unverified,gkf,5,26,ridge_magpie,Ca3PCl3,Ca,P,Cl,2.035,2.088253,
plus_unverified,gkf,5,28,ridge_magpie,Ca3PF3,Ca,P,F,2.518,2.66488,
plus_unverified,gkf,5,26,ridge_magpie,Ca3PI3,Ca,P,I,1.4909,1.014625,
plus_unverified,gkf,5,29,ridge_magpie,Ca3SbBr3,Ca,Sb,Br,1.782,1.717468,
plus_unverified,gkf,5,25,ridge_magpie,Ca3SbCl3,Ca,Sb,Cl,1.814,1.768601,
plus_unverified,gkf,5,27,ridge_magpie,Ca3SbF3,Ca,Sb,F,2.19,2.499373,
plus_unverified,gkf,5,27,ridge_magpie,Mg3AsBr3,Mg,As,Br,1.2907,1.328173,
plus_unverified,gkf,5,26,ridge_magpie,Mg3BiBr3,Mg,Bi,Br,0.9648,1.014537,
plus_unverified,gkf,5,29,ridge_magpie,Mg3BiI3,Mg,Bi,I,0.224,0.040104,
plus_unverified,gkf,5,26,ridge_magpie,Mg3PBr3,Mg,P,Br,1.506,1.299035,
plus_unverified,gkf,5,28,ridge_magpie,Mg3PCl3,Mg,P,Cl,2.297,1.989843,
plus_unverified,gkf,5,25,ridge_magpie,Mg3PI3,Mg,P,I,0.377,0.870323,
plus_unverified,gkf,5,28,ridge_magpie,Mg3SbBr3,Mg,Sb,Br,0.9418,1.182722,
plus_unverified,gkf,5,28,ridge_magpie,Mg3SbCl3,Mg,Sb,Cl,1.7283,1.721891,
plus_unverified,gkf,5,26,ridge_magpie,Mg3SbF3,Mg,Sb,F,3.184,2.188006,
plus_unverified,gkf,5,27,ridge_magpie,Mg3SbI3,Mg,Sb,I,0.1057,0.244903,
plus_unverified,gkf,5,26,ridge_magpie,Sr3AsCl3,Sr,As,Cl,1.7,1.547141,
plus_unverified,gkf,5,29,ridge_magpie,Sr3AsI3,Sr,As,I,1.265,1.148544,
plus_unverified,gkf,5,29,ridge_magpie,Sr3PBr3,Sr,P,Br,1.55,1.299794,
plus_unverified,gkf,5,27,ridge_magpie,Sr3PCl3,Sr,P,Cl,1.677,1.499229,
plus_unverified,gkf,5,28,ridge_magpie,Sr3PI3,Sr,P,I,1.258,1.125118,
plus_unverified,gkf,5,25,ridge_magpie,Sr3SbCl3,Sr,Sb,Cl,1.712,1.372112,
plus_unverified,gkf,5,29,ridge_magpie,Sr3SbI3,Sr,Sb,I,1.31,1.263067,
plus_unverified,gkf,6,34,ridge_magpie,Ba3AsBr3,Ba,As,Br,0.92,0.891878,
plus_unverified,gkf,6,32,ridge_magpie,Ba3AsCl3,Ba,As,Cl,0.969,1.045801,
plus_unverified,gkf,6,33,ridge_magpie,Ba3AsI3,Ba,As,I,0.802,0.72175,
plus_unverified,gkf,6,30,ridge_magpie,Ba3BiBr3,Ba,Bi,Br,0.912,1.012137,
plus_unverified,gkf,6,31,ridge_magpie,Ba3BiCl3,Ba,Bi,Cl,0.957,1.010771,
plus_unverified,gkf,6,30,ridge_magpie,Ba3BiI3,Ba,Bi,I,0.786,1.015812,
plus_unverified,gkf,6,34,ridge_magpie,Ba3PBr3,Ba,P,Br,0.944,1.013142,
plus_unverified,gkf,6,30,ridge_magpie,Ba3PCl3,Ba,P,Cl,0.964,1.296045,
plus_unverified,gkf,6,31,ridge_magpie,Ba3PI3,Ba,P,I,0.764,0.797964,
plus_unverified,gkf,6,33,ridge_magpie,Ba3SbBr3,Ba,Sb,Br,1.0819,0.919519,
plus_unverified,gkf,6,34,ridge_magpie,Ba3SbCl3,Ba,Sb,Cl,1.002,1.075041,
plus_unverified,gkf,6,32,ridge_magpie,Ba3SbI3,Ba,Sb,I,0.78,0.954022,
plus_unverified,gkf,6,31,ridge_magpie,Ca3AsBr3,Ca,As,Br,1.634,1.797278,
plus_unverified,gkf,6,30,ridge_magpie,Ca3AsCl3,Ca,As,Cl,1.742,1.872522,
plus_unverified,gkf,6,31,ridge_magpie,Ca3AsF3,Ca,As,F,2.27,2.386299,
plus_unverified,gkf,6,32,ridge_magpie,Ca3BiBr3,Ca,Bi,Br,1.6,1.700868,
plus_unverified,gkf,6,32,ridge_magpie,Ca3BiCl3,Ca,Bi,Cl,1.76,1.788492,
plus_unverified,gkf,6,34,ridge_magpie,Ca3BiI3,Ca,Bi,I,1.325,0.942804,
plus_unverified,gkf,6,34,ridge_magpie,Ca3PBr3,Ca,P,Br,1.8846,1.792482,
plus_unverified,gkf,6,34,ridge_magpie,Ca3PCl3,Ca,P,Cl,2.035,1.986616,
plus_unverified,gkf,6,30,ridge_magpie,Ca3PF3,Ca,P,F,2.518,2.680549,
plus_unverified,gkf,6,30,ridge_magpie,Ca3PI3,Ca,P,I,1.4909,1.10144,
plus_unverified,gkf,6,33,ridge_magpie,Ca3SbBr3,Ca,Sb,Br,1.782,1.726319,
plus_unverified,gkf,6,31,ridge_magpie,Ca3SbCl3,Ca,Sb,Cl,1.814,1.856564,
plus_unverified,gkf,6,33,ridge_magpie,Ca3SbF3,Ca,Sb,F,2.19,2.575283,
plus_unverified,gkf,6,32,ridge_magpie,Mg3AsBr3,Mg,As,Br,1.2907,1.312018,
plus_unverified,gkf,6,31,ridge_magpie,Mg3BiBr3,Mg,Bi,Br,0.9648,1.00068,
plus_unverified,gkf,6,33,ridge_magpie,Mg3BiI3,Mg,Bi,I,0.224,0.056481,
plus_unverified,gkf,6,30,ridge_magpie,Mg3PBr3,Mg,P,Br,1.506,1.587405,
plus_unverified,gkf,6,33,ridge_magpie,Mg3PCl3,Mg,P,Cl,2.297,1.952309,
plus_unverified,gkf,6,30,ridge_magpie,Mg3PI3,Mg,P,I,0.377,0.773088,
plus_unverified,gkf,6,34,ridge_magpie,Mg3SbBr3,Mg,Sb,Br,0.9418,1.26833,
plus_unverified,gkf,6,34,ridge_magpie,Mg3SbCl3,Mg,Sb,Cl,1.7283,2.094387,
plus_unverified,gkf,6,31,ridge_magpie,Mg3SbF3,Mg,Sb,F,3.184,1.909736,
plus_unverified,gkf,6,31,ridge_magpie,Mg3SbI3,Mg,Sb,I,0.1057,0.543106,
plus_unverified,gkf,6,32,ridge_magpie,Sr3AsCl3,Sr,As,Cl,1.7,1.380963,
plus_unverified,gkf,6,33,ridge_magpie,Sr3AsI3,Sr,As,I,1.265,1.117085,
plus_unverified,gkf,6,32,ridge_magpie,Sr3PBr3,Sr,P,Br,1.55,1.270845,
plus_unverified,gkf,6,33,ridge_magpie,Sr3PCl3,Sr,P,Cl,1.677,1.468163,
plus_unverified,gkf,6,31,ridge_magpie,Sr3PI3,Sr,P,I,1.258,1.137159,
plus_unverified,gkf,6,32,ridge_magpie,Sr3SbCl3,Sr,Sb,Cl,1.712,1.301186,
plus_unverified,gkf,6,30,ridge_magpie,Sr3SbI3,Sr,Sb,I,1.31,1.458837,
plus_unverified,gkf,7,37,ridge_magpie,Ba3AsBr3,Ba,As,Br,0.92,0.819447,
plus_unverified,gkf,7,38,ridge_magpie,Ba3AsCl3,Ba,As,Cl,0.969,1.194087,
plus_unverified,gkf,7,38,ridge_magpie,Ba3AsI3,Ba,As,I,0.802,0.777886,
plus_unverified,gkf,7,37,ridge_magpie,Ba3BiBr3,Ba,Bi,Br,0.912,0.867573,
plus_unverified,gkf,7,35,ridge_magpie,Ba3BiCl3,Ba,Bi,Cl,0.957,1.001035,
plus_unverified,gkf,7,36,ridge_magpie,Ba3BiI3,Ba,Bi,I,0.786,0.935157,
plus_unverified,gkf,7,36,ridge_magpie,Ba3PBr3,Ba,P,Br,0.944,1.00309,
plus_unverified,gkf,7,36,ridge_magpie,Ba3PCl3,Ba,P,Cl,0.964,1.237141,
plus_unverified,gkf,7,37,ridge_magpie,Ba3PI3,Ba,P,I,0.764,0.996786,
plus_unverified,gkf,7,35,ridge_magpie,Ba3SbBr3,Ba,Sb,Br,1.0819,0.9299,
plus_unverified,gkf,7,36,ridge_magpie,Ba3SbCl3,Ba,Sb,Cl,1.002,1.106644,
plus_unverified,gkf,7,36,ridge_magpie,Ba3SbI3,Ba,Sb,I,0.78,0.855725,
plus_unverified,gkf,7,35,ridge_magpie,Ca3AsBr3,Ca,As,Br,1.634,1.759839,
plus_unverified,gkf,7,38,ridge_magpie,Ca3AsCl3,Ca,As,Cl,1.742,2.045755,
plus_unverified,gkf,7,36,ridge_magpie,Ca3AsF3,Ca,As,F,2.27,2.694038,
plus_unverified,gkf,7,37,ridge_magpie,Ca3BiBr3,Ca,Bi,Br,1.6,1.623459,
plus_unverified,gkf,7,35,ridge_magpie,Ca3BiCl3,Ca,Bi,Cl,1.76,1.7306,
plus_unverified,gkf,7,38,ridge_magpie,Ca3BiI3,Ca,Bi,I,1.325,0.789122,
plus_unverified,gkf,7,36,ridge_magpie,Ca3PBr3,Ca,P,Br,1.8846,1.861077,
plus_unverified,gkf,7,39,ridge_magpie,Ca3PCl3,Ca,P,Cl,2.035,1.897846,
plus_unverified,gkf,7,36,ridge_magpie,Ca3PF3,Ca,P,F,2.518,2.927784,
plus_unverified,gkf,7,38,ridge_magpie,Ca3PI3,Ca,P,I,1.4909,0.689637,
plus_unverified,gkf,7,37,ridge_magpie,Ca3SbBr3,Ca,Sb,Br,1.782,1.681441,
plus_unverified,gkf,7,37,ridge_magpie,Ca3SbCl3,Ca,Sb,Cl,1.814,1.810107,
plus_unverified,gkf,7,39,ridge_magpie,Ca3SbF3,Ca,Sb,F,2.19,2.539628,
plus_unverified,gkf,7,37,ridge_magpie,Mg3AsBr3,Mg,As,Br,1.2907,1.304524,
plus_unverified,gkf,7,36,ridge_magpie,Mg3BiBr3,Mg,Bi,Br,0.9648,1.048697,
plus_unverified,gkf,7,35,ridge_magpie,Mg3BiI3,Mg,Bi,I,0.224,0.106149,
plus_unverified,gkf,7,38,ridge_magpie,Mg3PBr3,Mg,P,Br,1.506,1.437528,
plus_unverified,gkf,7,35,ridge_magpie,Mg3PCl3,Mg,P,Cl,2.297,1.904999,
plus_unverified,gkf,7,37,ridge_magpie,Mg3PI3,Mg,P,I,0.377,0.870856,
plus_unverified,gkf,7,38,ridge_magpie,Mg3SbBr3,Mg,Sb,Br,0.9418,1.190001,
plus_unverified,gkf,7,38,ridge_magpie,Mg3SbCl3,Mg,Sb,Cl,1.7283,2.442262,
plus_unverified,gkf,7,35,ridge_magpie,Mg3SbF3,Mg,Sb,F,3.184,1.929572,
plus_unverified,gkf,7,39,ridge_magpie,Mg3SbI3,Mg,Sb,I,0.1057,0.250992,
plus_unverified,gkf,7,39,ridge_magpie,Sr3AsCl3,Sr,As,Cl,1.7,1.303873,
plus_unverified,gkf,7,39,ridge_magpie,Sr3AsI3,Sr,As,I,1.265,1.164929,
plus_unverified,gkf,7,39,ridge_magpie,Sr3PBr3,Sr,P,Br,1.55,1.220186,
plus_unverified,gkf,7,35,ridge_magpie,Sr3PCl3,Sr,P,Cl,1.677,1.535334,
plus_unverified,gkf,7,39,ridge_magpie,Sr3PI3,Sr,P,I,1.258,1.258966,
plus_unverified,gkf,7,39,ridge_magpie,Sr3SbCl3,Sr,Sb,Cl,1.712,1.321166,
plus_unverified,gkf,7,35,ridge_magpie,Sr3SbI3,Sr,Sb,I,1.31,1.215671,
plus_unverified,gkf,8,41,ridge_magpie,Ba3AsBr3,Ba,As,Br,0.92,1.0401,
plus_unverified,gkf,8,41,ridge_magpie,Ba3AsCl3,Ba,As,Cl,0.969,1.218548,
plus_unverified,gkf,8,43,ridge_magpie,Ba3AsI3,Ba,As,I,0.802,0.810686,
plus_unverified,gkf,8,43,ridge_magpie,Ba3BiBr3,Ba,Bi,Br,0.912,0.855029,
plus_unverified,gkf,8,43,ridge_magpie,Ba3BiCl3,Ba,Bi,Cl,0.957,0.974197,
plus_unverified,gkf,8,42,ridge_magpie,Ba3BiI3,Ba,Bi,I,0.786,1.013284,
plus_unverified,gkf,8,40,ridge_magpie,Ba3PBr3,Ba,P,Br,0.944,1.056499,
plus_unverified,gkf,8,40,ridge_magpie,Ba3PCl3,Ba,P,Cl,0.964,1.241837,
plus_unverified,gkf,8,42,ridge_magpie,Ba3PI3,Ba,P,I,0.764,1.147305,
plus_unverified,gkf,8,41,ridge_magpie,Ba3SbBr3,Ba,Sb,Br,1.0819,0.970841,
plus_unverified,gkf,8,40,ridge_magpie,Ba3SbCl3,Ba,Sb,Cl,1.002,1.10884,
plus_unverified,gkf,8,43,ridge_magpie,Ba3SbI3,Ba,Sb,I,0.78,0.978475,
plus_unverified,gkf,8,40,ridge_magpie,Ca3AsBr3,Ca,As,Br,1.634,1.738993,
plus_unverified,gkf,8,43,ridge_magpie,Ca3AsCl3,Ca,As,Cl,1.742,1.996601,
plus_unverified,gkf,8,40,ridge_magpie,Ca3AsF3,Ca,As,F,2.27,2.662329,
plus_unverified,gkf,8,41,ridge_magpie,Ca3BiBr3,Ca,Bi,Br,1.6,1.297702,
plus_unverified,gkf,8,43,ridge_magpie,Ca3BiCl3,Ca,Bi,Cl,1.76,1.811414,
plus_unverified,gkf,8,41,ridge_magpie,Ca3BiI3,Ca,Bi,I,1.325,0.735555,
plus_unverified,gkf,8,43,ridge_magpie,Ca3PBr3,Ca,P,Br,1.8846,1.79242,
plus_unverified,gkf,8,40,ridge_magpie,Ca3PCl3,Ca,P,Cl,2.035,2.009957,
plus_unverified,gkf,8,44,ridge_magpie,Ca3PF3,Ca,P,F,2.518,2.46973,
plus_unverified,gkf,8,40,ridge_magpie,Ca3PI3,Ca,P,I,1.4909,1.139891,
plus_unverified,gkf,8,41,ridge_magpie,Ca3SbBr3,Ca,Sb,Br,1.782,1.456685,
plus_unverified,gkf,8,42,ridge_magpie,Ca3SbCl3,Ca,Sb,Cl,1.814,1.721912,
plus_unverified,gkf,8,41,ridge_magpie,Ca3SbF3,Ca,Sb,F,2.19,2.494562,
plus_unverified,gkf,8,40,ridge_magpie,Mg3AsBr3,Mg,As,Br,1.2907,1.363148,
plus_unverified,gkf,8,44,ridge_magpie,Mg3BiBr3,Mg,Bi,Br,0.9648,0.876786,
plus_unverified,gkf,8,44,ridge_magpie,Mg3BiI3,Mg,Bi,I,0.224,0.028411,
plus_unverified,gkf,8,42,ridge_magpie,Mg3PBr3,Mg,P,Br,1.506,1.624184,
plus_unverified,gkf,8,44,ridge_magpie,Mg3PCl3,Mg,P,Cl,2.297,1.725281,
plus_unverified,gkf,8,42,ridge_magpie,Mg3PI3,Mg,P,I,0.377,0.913216,
plus_unverified,gkf,8,40,ridge_magpie,Mg3SbBr3,Mg,Sb,Br,0.9418,1.234906,
plus_unverified,gkf,8,44,ridge_magpie,Mg3SbCl3,Mg,Sb,Cl,1.7283,1.284183,
plus_unverified,gkf,8,44,ridge_magpie,Mg3SbF3,Mg,Sb,F,3.184,1.645419,
plus_unverified,gkf,8,41,ridge_magpie,Mg3SbI3,Mg,Sb,I,0.1057,0.503101,
plus_unverified,gkf,8,41,ridge_magpie,Sr3AsCl3,Sr,As,Cl,1.7,1.599879,
plus_unverified,gkf,8,44,ridge_magpie,Sr3AsI3,Sr,As,I,1.265,1.229658,
plus_unverified,gkf,8,43,ridge_magpie,Sr3PBr3,Sr,P,Br,1.55,1.330179,
plus_unverified,gkf,8,42,ridge_magpie,Sr3PCl3,Sr,P,Cl,1.677,1.495467,
plus_unverified,gkf,8,42,ridge_magpie,Sr3PI3,Sr,P,I,1.258,1.476598,
plus_unverified,gkf,8,42,ridge_magpie,Sr3SbCl3,Sr,Sb,Cl,1.712,1.315727,
plus_unverified,gkf,8,44,ridge_magpie,Sr3SbI3,Sr,Sb,I,1.31,1.307849,
plus_unverified,gkf,9,47,ridge_magpie,Ba3AsBr3,Ba,As,Br,0.92,0.880383,
plus_unverified,gkf,9,49,ridge_magpie,Ba3AsCl3,Ba,As,Cl,0.969,1.2262,
plus_unverified,gkf,9,46,ridge_magpie,Ba3AsI3,Ba,As,I,0.802,0.712261,
plus_unverified,gkf,9,48,ridge_magpie,Ba3BiBr3,Ba,Bi,Br,0.912,0.906332,
plus_unverified,gkf,9,45,ridge_magpie,Ba3BiCl3,Ba,Bi,Cl,0.957,1.011482,
plus_unverified,gkf,9,46,ridge_magpie,Ba3BiI3,Ba,Bi,I,0.786,0.950991,
plus_unverified,gkf,9,48,ridge_magpie,Ba3PBr3,Ba,P,Br,0.944,0.961294,
plus_unverified,gkf,9,47,ridge_magpie,Ba3PCl3,Ba,P,Cl,0.964,1.197815,
plus_unverified,gkf,9,49,ridge_magpie,Ba3PI3,Ba,P,I,0.764,0.928427,
plus_unverified,gkf,9,46,ridge_magpie,Ba3SbBr3,Ba,Sb,Br,1.0819,0.92869,
plus_unverified,gkf,9,45,ridge_magpie,Ba3SbCl3,Ba,Sb,Cl,1.002,1.020727,
plus_unverified,gkf,9,47,ridge_magpie,Ba3SbI3,Ba,Sb,I,0.78,0.994142,
plus_unverified,gkf,9,48,ridge_magpie,Ca3AsBr3,Ca,As,Br,1.634,1.661544,
plus_unverified,gkf,9,47,ridge_magpie,Ca3AsCl3,Ca,As,Cl,1.742,1.984508,
plus_unverified,gkf,9,46,ridge_magpie,Ca3AsF3,Ca,As,F,2.27,2.597121,
plus_unverified,gkf,9,47,ridge_magpie,Ca3BiBr3,Ca,Bi,Br,1.6,1.658949,
plus_unverified,gkf,9,49,ridge_magpie,Ca3BiCl3,Ca,Bi,Cl,1.76,1.981436,
plus_unverified,gkf,9,45,ridge_magpie,Ca3BiI3,Ca,Bi,I,1.325,0.983329,
plus_unverified,gkf,9,45,ridge_magpie,Ca3PBr3,Ca,P,Br,1.8846,1.780281,
plus_unverified,gkf,9,47,ridge_magpie,Ca3PCl3,Ca,P,Cl,2.035,2.087917,
plus_unverified,gkf,9,45,ridge_magpie,Ca3PF3,Ca,P,F,2.518,2.578125,
plus_unverified,gkf,9,47,ridge_magpie,Ca3PI3,Ca,P,I,1.4909,1.086224,
plus_unverified,gkf,9,45,ridge_magpie,Ca3SbBr3,Ca,Sb,Br,1.782,1.650644,
plus_unverified,gkf,9,48,ridge_magpie,Ca3SbCl3,Ca,Sb,Cl,1.814,1.858987,
plus_unverified,gkf,9,48,ridge_magpie,Ca3SbF3,Ca,Sb,F,2.19,2.160101,
plus_unverified,gkf,9,49,ridge_magpie,Mg3AsBr3,Mg,As,Br,1.2907,1.531289,
plus_unverified,gkf,9,45,ridge_magpie,Mg3BiBr3,Mg,Bi,Br,0.9648,1.105511,
plus_unverified,gkf,9,48,ridge_magpie,Mg3BiI3,Mg,Bi,I,0.224,-0.094402,
plus_unverified,gkf,9,49,ridge_magpie,Mg3PBr3,Mg,P,Br,1.506,1.535672,
plus_unverified,gkf,9,45,ridge_magpie,Mg3PCl3,Mg,P,Cl,2.297,2.091769,
plus_unverified,gkf,9,46,ridge_magpie,Mg3PI3,Mg,P,I,0.377,0.80229,
plus_unverified,gkf,9,47,ridge_magpie,Mg3SbBr3,Mg,Sb,Br,0.9418,1.221493,
plus_unverified,gkf,9,49,ridge_magpie,Mg3SbCl3,Mg,Sb,Cl,1.7283,2.158417,
plus_unverified,gkf,9,48,ridge_magpie,Mg3SbF3,Mg,Sb,F,3.184,2.064096,
plus_unverified,gkf,9,49,ridge_magpie,Mg3SbI3,Mg,Sb,I,0.1057,0.091334,
plus_unverified,gkf,9,48,ridge_magpie,Sr3AsCl3,Sr,As,Cl,1.7,1.500559,
plus_unverified,gkf,9,46,ridge_magpie,Sr3AsI3,Sr,As,I,1.265,1.237779,
plus_unverified,gkf,9,46,ridge_magpie,Sr3PBr3,Sr,P,Br,1.55,1.343951,
plus_unverified,gkf,9,45,ridge_magpie,Sr3PCl3,Sr,P,Cl,1.677,1.509339,
plus_unverified,gkf,9,46,ridge_magpie,Sr3PI3,Sr,P,I,1.258,1.329475,
plus_unverified,gkf,9,49,ridge_magpie,Sr3SbCl3,Sr,Sb,Cl,1.712,1.276604,
plus_unverified,gkf,9,46,ridge_magpie,Sr3SbI3,Sr,Sb,I,1.31,1.474142,
plus_unverified,gkf,0,2,ridge_physics9,Ba3AsBr3,Ba,As,Br,0.92,0.877055,
plus_unverified,gkf,0,2,ridge_physics9,Ba3AsCl3,Ba,As,Cl,0.969,1.15053,
plus_unverified,gkf,0,3,ridge_physics9,Ba3AsI3,Ba,As,I,0.802,0.693427,
plus_unverified,gkf,0,3,ridge_physics9,Ba3BiBr3,Ba,Bi,Br,0.912,0.995181,
plus_unverified,gkf,0,0,ridge_physics9,Ba3BiCl3,Ba,Bi,Cl,0.957,1.272638,
plus_unverified,gkf,0,2,ridge_physics9,Ba3BiI3,Ba,Bi,I,0.786,0.23013,
plus_unverified,gkf,0,1,ridge_physics9,Ba3PBr3,Ba,P,Br,0.944,1.138973,
plus_unverified,gkf,0,4,ridge_physics9,Ba3PCl3,Ba,P,Cl,0.964,1.69119,
plus_unverified,gkf,0,0,ridge_physics9,Ba3PI3,Ba,P,I,0.764,0.902259,
plus_unverified,gkf,0,1,ridge_physics9,Ba3SbBr3,Ba,Sb,Br,1.0819,0.968666,
plus_unverified,gkf,0,4,ridge_physics9,Ba3SbCl3,Ba,Sb,Cl,1.002,1.471686,
plus_unverified,gkf,0,2,ridge_physics9,Ba3SbI3,Ba,Sb,I,0.78,0.354107,
plus_unverified,gkf,0,1,ridge_physics9,Ca3AsBr3,Ca,As,Br,1.634,1.596832,
plus_unverified,gkf,0,0,ridge_physics9,Ca3AsCl3,Ca,As,Cl,1.742,1.647113,
plus_unverified,gkf,0,4,ridge_physics9,Ca3AsF3,Ca,As,F,2.27,2.856708,
plus_unverified,gkf,0,1,ridge_physics9,Ca3BiBr3,Ca,Bi,Br,1.6,1.524605,
plus_unverified,gkf,0,1,ridge_physics9,Ca3BiCl3,Ca,Bi,Cl,1.76,1.708771,
plus_unverified,gkf,0,1,ridge_physics9,Ca3BiI3,Ca,Bi,I,1.325,1.174117,
plus_unverified,gkf,0,4,ridge_physics9,Ca3PBr3,Ca,P,Br,1.8846,1.528802,
plus_unverified,gkf,0,0,ridge_physics9,Ca3PCl3,Ca,P,Cl,2.035,1.730532,
plus_unverified,gkf,0,4,ridge_physics9,Ca3PF3,Ca,P,F,2.518,2.991116,
plus_unverified,gkf,0,3,ridge_physics9,Ca3PI3,Ca,P,I,1.4909,1.160953,
plus_unverified,gkf,0,4,ridge_physics9,Ca3SbBr3,Ca,Sb,Br,1.782,1.314424,
plus_unverified,gkf,0,3,ridge_physics9,Ca3SbCl3,Ca,Sb,Cl,1.814,1.647322,
plus_unverified,gkf,0,2,ridge_physics9,Ca3SbF3,Ca,Sb,F,2.19,3.224768,
plus_unverified,gkf,0,0,ridge_physics9,Mg3AsBr3,Mg,As,Br,1.2907,1.225334,
plus_unverified,gkf,0,0,ridge_physics9,Mg3BiBr3,Mg,Bi,Br,0.9648,1.177652,
plus_unverified,gkf,0,1,ridge_physics9,Mg3BiI3,Mg,Bi,I,0.224,0.734226,
plus_unverified,gkf,0,4,ridge_physics9,Mg3PBr3,Mg,P,Br,1.506,1.414473,
plus_unverified,gkf,0,0,ridge_physics9,Mg3PCl3,Mg,P,Cl,2.297,1.516856,
plus_unverified,gkf,0,0,ridge_physics9,Mg3PI3,Mg,P,I,0.377,1.047447,
plus_unverified,gkf,0,2,ridge_physics9,Mg3SbBr3,Mg,Sb,Br,0.9418,1.165127,
plus_unverified,gkf,0,3,ridge_physics9,Mg3SbCl3,Mg,Sb,Cl,1.7283,1.537339,
plus_unverified,gkf,0,1,ridge_physics9,Mg3SbF3,Mg,Sb,F,3.184,1.705851,
plus_unverified,gkf,0,3,ridge_physics9,Mg3SbI3,Mg,Sb,I,0.1057,0.920517,
plus_unverified,gkf,0,2,ridge_physics9,Sr3AsCl3,Sr,As,Cl,1.7,1.737997,
plus_unverified,gkf,0,1,ridge_physics9,Sr3AsI3,Sr,As,I,1.265,1.070689,
plus_unverified,gkf,0,3,ridge_physics9,Sr3PBr3,Sr,P,Br,1.55,1.4456,
plus_unverified,gkf,0,4,ridge_physics9,Sr3PCl3,Sr,P,Cl,1.677,1.80206,
plus_unverified,gkf,0,0,ridge_physics9,Sr3PI3,Sr,P,I,1.258,1.187551,
plus_unverified,gkf,0,2,ridge_physics9,Sr3SbCl3,Sr,Sb,Cl,1.712,1.81945,
plus_unverified,gkf,0,3,ridge_physics9,Sr3SbI3,Sr,Sb,I,1.31,0.94899,
plus_unverified,gkf,1,5,ridge_physics9,Ba3AsBr3,Ba,As,Br,0.92,1.1296,
plus_unverified,gkf,1,8,ridge_physics9,Ba3AsCl3,Ba,As,Cl,0.969,1.557832,
plus_unverified,gkf,1,7,ridge_physics9,Ba3AsI3,Ba,As,I,0.802,0.652627,
plus_unverified,gkf,1,9,ridge_physics9,Ba3BiBr3,Ba,Bi,Br,0.912,0.985539,
plus_unverified,gkf,1,5,ridge_physics9,Ba3BiCl3,Ba,Bi,Cl,0.957,1.34796,
plus_unverified,gkf,1,6,ridge_physics9,Ba3BiI3,Ba,Bi,I,0.786,0.569908,
plus_unverified,gkf,1,8,ridge_physics9,Ba3PBr3,Ba,P,Br,0.944,1.372745,
plus_unverified,gkf,1,8,ridge_physics9,Ba3PCl3,Ba,P,Cl,0.964,1.634667,
plus_unverified,gkf,1,9,ridge_physics9,Ba3PI3,Ba,P,I,0.764,0.861218,
plus_unverified,gkf,1,6,ridge_physics9,Ba3SbBr3,Ba,Sb,Br,1.0819,0.917299,
plus_unverified,gkf,1,5,ridge_physics9,Ba3SbCl3,Ba,Sb,Cl,1.002,1.391604,
plus_unverified,gkf,1,8,ridge_physics9,Ba3SbI3,Ba,Sb,I,0.78,0.793495,
plus_unverified,gkf,1,5,ridge_physics9,Ca3AsBr3,Ca,As,Br,1.634,1.415799,
plus_unverified,gkf,1,9,ridge_physics9,Ca3AsCl3,Ca,As,Cl,1.742,1.676552,
plus_unverified,gkf,1,8,ridge_physics9,Ca3AsF3,Ca,As,F,2.27,2.718896,
plus_unverified,gkf,1,6,ridge_physics9,Ca3BiBr3,Ca,Bi,Br,1.6,1.565419,
plus_unverified,gkf,1,7,ridge_physics9,Ca3BiCl3,Ca,Bi,Cl,1.76,1.572293,
plus_unverified,gkf,1,9,ridge_physics9,Ca3BiI3,Ca,Bi,I,1.325,0.870332,
plus_unverified,gkf,1,6,ridge_physics9,Ca3PBr3,Ca,P,Br,1.8846,1.701342,
plus_unverified,gkf,1,8,ridge_physics9,Ca3PCl3,Ca,P,Cl,2.035,1.803772,
plus_unverified,gkf,1,6,ridge_physics9,Ca3PF3,Ca,P,F,2.518,2.33752,
plus_unverified,gkf,1,7,ridge_physics9,Ca3PI3,Ca,P,I,1.4909,1.186961,
plus_unverified,gkf,1,6,ridge_physics9,Ca3SbBr3,Ca,Sb,Br,1.782,1.599015,
plus_unverified,gkf,1,5,ridge_physics9,Ca3SbCl3,Ca,Sb,Cl,1.814,1.677804,
plus_unverified,gkf,1,9,ridge_physics9,Ca3SbF3,Ca,Sb,F,2.19,2.82065,
plus_unverified,gkf,1,9,ridge_physics9,Mg3AsBr3,Mg,As,Br,1.2907,1.226053,
plus_unverified,gkf,1,7,ridge_physics9,Mg3BiBr3,Mg,Bi,Br,0.9648,1.257417,
plus_unverified,gkf,1,8,ridge_physics9,Mg3BiI3,Mg,Bi,I,0.224,0.869761,
plus_unverified,gkf,1,5,ridge_physics9,Mg3PBr3,Mg,P,Br,1.506,1.291389,
plus_unverified,gkf,1,6,ridge_physics9,Mg3PCl3,Mg,P,Cl,2.297,1.348956,
plus_unverified,gkf,1,7,ridge_physics9,Mg3PI3,Mg,P,I,0.377,1.124607,
plus_unverified,gkf,1,8,ridge_physics9,Mg3SbBr3,Mg,Sb,Br,0.9418,1.322664,
plus_unverified,gkf,1,5,ridge_physics9,Mg3SbCl3,Mg,Sb,Cl,1.7283,1.436685,
plus_unverified,gkf,1,6,ridge_physics9,Mg3SbF3,Mg,Sb,F,3.184,1.679717,
plus_unverified,gkf,1,6,ridge_physics9,Mg3SbI3,Mg,Sb,I,0.1057,0.744108,
plus_unverified,gkf,1,5,ridge_physics9,Sr3AsCl3,Sr,As,Cl,1.7,1.609126,
plus_unverified,gkf,1,7,ridge_physics9,Sr3AsI3,Sr,As,I,1.265,0.930749,
plus_unverified,gkf,1,5,ridge_physics9,Sr3PBr3,Sr,P,Br,1.55,1.479002,
plus_unverified,gkf,1,9,ridge_physics9,Sr3PCl3,Sr,P,Cl,1.677,1.742871,
plus_unverified,gkf,1,7,ridge_physics9,Sr3PI3,Sr,P,I,1.258,1.101041,
plus_unverified,gkf,1,7,ridge_physics9,Sr3SbCl3,Sr,Sb,Cl,1.712,1.55509,
plus_unverified,gkf,1,9,ridge_physics9,Sr3SbI3,Sr,Sb,I,1.31,0.885993,
plus_unverified,gkf,2,13,ridge_physics9,Ba3AsBr3,Ba,As,Br,0.92,1.034139,
plus_unverified,gkf,2,10,ridge_physics9,Ba3AsCl3,Ba,As,Cl,0.969,1.325076,
plus_unverified,gkf,2,12,ridge_physics9,Ba3AsI3,Ba,As,I,0.802,0.7264,
plus_unverified,gkf,2,10,ridge_physics9,Ba3BiBr3,Ba,Bi,Br,0.912,1.030936,
plus_unverified,gkf,2,11,ridge_physics9,Ba3BiCl3,Ba,Bi,Cl,0.957,1.205496,
plus_unverified,gkf,2,10,ridge_physics9,Ba3BiI3,Ba,Bi,I,0.786,0.672464,
plus_unverified,gkf,2,13,ridge_physics9,Ba3PBr3,Ba,P,Br,0.944,1.296203,
plus_unverified,gkf,2,13,ridge_physics9,Ba3PCl3,Ba,P,Cl,0.964,1.576954,
plus_unverified,gkf,2,13,ridge_physics9,Ba3PI3,Ba,P,I,0.764,0.782905,
plus_unverified,gkf,2,11,ridge_physics9,Ba3SbBr3,Ba,Sb,Br,1.0819,1.036905,
plus_unverified,gkf,2,12,ridge_physics9,Ba3SbCl3,Ba,Sb,Cl,1.002,1.33339,
plus_unverified,gkf,2,13,ridge_physics9,Ba3SbI3,Ba,Sb,I,0.78,0.597494,
plus_unverified,gkf,2,10,ridge_physics9,Ca3AsBr3,Ca,As,Br,1.634,1.439905,
plus_unverified,gkf,2,11,ridge_physics9,Ca3AsCl3,Ca,As,Cl,1.742,1.660803,
plus_unverified,gkf,2,14,ridge_physics9,Ca3AsF3,Ca,As,F,2.27,3.491996,
plus_unverified,gkf,2,14,ridge_physics9,Ca3BiBr3,Ca,Bi,Br,1.6,1.43919,
plus_unverified,gkf,2,12,ridge_physics9,Ca3BiCl3,Ca,Bi,Cl,1.76,1.627003,
plus_unverified,gkf,2,14,ridge_physics9,Ca3BiI3,Ca,Bi,I,1.325,1.032398,
plus_unverified,gkf,2,12,ridge_physics9,Ca3PBr3,Ca,P,Br,1.8846,1.474894,
plus_unverified,gkf,2,10,ridge_physics9,Ca3PCl3,Ca,P,Cl,2.035,1.753749,
plus_unverified,gkf,2,14,ridge_physics9,Ca3PF3,Ca,P,F,2.518,3.594305,
plus_unverified,gkf,2,11,ridge_physics9,Ca3PI3,Ca,P,I,1.4909,1.267367,
plus_unverified,gkf,2,11,ridge_physics9,Ca3SbBr3,Ca,Sb,Br,1.782,1.423378,
plus_unverified,gkf,2,14,ridge_physics9,Ca3SbCl3,Ca,Sb,Cl,1.814,1.813227,
plus_unverified,gkf,2,14,ridge_physics9,Ca3SbF3,Ca,Sb,F,2.19,3.53883,
plus_unverified,gkf,2,14,ridge_physics9,Mg3AsBr3,Mg,As,Br,1.2907,1.083718,
plus_unverified,gkf,2,12,ridge_physics9,Mg3BiBr3,Mg,Bi,Br,0.9648,1.139797,
plus_unverified,gkf,2,11,ridge_physics9,Mg3BiI3,Mg,Bi,I,0.224,1.049456,
plus_unverified,gkf,2,14,ridge_physics9,Mg3PBr3,Mg,P,Br,1.506,1.230058,
plus_unverified,gkf,2,12,ridge_physics9,Mg3PCl3,Mg,P,Cl,2.297,1.480387,
plus_unverified,gkf,2,11,ridge_physics9,Mg3PI3,Mg,P,I,0.377,1.276298,
plus_unverified,gkf,2,11,ridge_physics9,Mg3SbBr3,Mg,Sb,Br,0.9418,1.432309,
plus_unverified,gkf,2,10,ridge_physics9,Mg3SbCl3,Mg,Sb,Cl,1.7283,1.527358,
plus_unverified,gkf,2,13,ridge_physics9,Mg3SbF3,Mg,Sb,F,3.184,1.583307,
plus_unverified,gkf,2,10,ridge_physics9,Mg3SbI3,Mg,Sb,I,0.1057,0.935911,
plus_unverified,gkf,2,12,ridge_physics9,Sr3AsCl3,Sr,As,Cl,1.7,1.580378,
plus_unverified,gkf,2,13,ridge_physics9,Sr3AsI3,Sr,As,I,1.265,1.014591,
plus_unverified,gkf,2,10,ridge_physics9,Sr3PBr3,Sr,P,Br,1.55,1.450898,
plus_unverified,gkf,2,13,ridge_physics9,Sr3PCl3,Sr,P,Cl,1.677,2.04485,
plus_unverified,gkf,2,10,ridge_physics9,Sr3PI3,Sr,P,I,1.258,1.110196,
plus_unverified,gkf,2,11,ridge_physics9,Sr3SbCl3,Sr,Sb,Cl,1.712,1.546409,
plus_unverified,gkf,2,12,ridge_physics9,Sr3SbI3,Sr,Sb,I,1.31,0.961028,
plus_unverified,gkf,3,19,ridge_physics9,Ba3AsBr3,Ba,As,Br,0.92,1.047284,
plus_unverified,gkf,3,15,ridge_physics9,Ba3AsCl3,Ba,As,Cl,0.969,1.37419,
plus_unverified,gkf,3,19,ridge_physics9,Ba3AsI3,Ba,As,I,0.802,0.662774,
plus_unverified,gkf,3,17,ridge_physics9,Ba3BiBr3,Ba,Bi,Br,0.912,1.031553,
plus_unverified,gkf,3,19,ridge_physics9,Ba3BiCl3,Ba,Bi,Cl,0.957,1.276129,
plus_unverified,gkf,3,15,ridge_physics9,Ba3BiI3,Ba,Bi,I,0.786,0.626288,
plus_unverified,gkf,3,18,ridge_physics9,Ba3PBr3,Ba,P,Br,0.944,1.141116,
plus_unverified,gkf,3,15,ridge_physics9,Ba3PCl3,Ba,P,Cl,0.964,1.483014,
plus_unverified,gkf,3,18,ridge_physics9,Ba3PI3,Ba,P,I,0.764,0.717295,
plus_unverified,gkf,3,17,ridge_physics9,Ba3SbBr3,Ba,Sb,Br,1.0819,1.071709,
plus_unverified,gkf,3,16,ridge_physics9,Ba3SbCl3,Ba,Sb,Cl,1.002,1.452081,
plus_unverified,gkf,3,15,ridge_physics9,Ba3SbI3,Ba,Sb,I,0.78,0.704967,
plus_unverified,gkf,3,17,ridge_physics9,Ca3AsBr3,Ca,As,Br,1.634,1.383702,
plus_unverified,gkf,3,19,ridge_physics9,Ca3AsCl3,Ca,As,Cl,1.742,1.641206,
plus_unverified,gkf,3,18,ridge_physics9,Ca3AsF3,Ca,As,F,2.27,2.300885,
plus_unverified,gkf,3,16,ridge_physics9,Ca3BiBr3,Ca,Bi,Br,1.6,1.193795,
plus_unverified,gkf,3,17,ridge_physics9,Ca3BiCl3,Ca,Bi,Cl,1.76,1.601101,
plus_unverified,gkf,3,16,ridge_physics9,Ca3BiI3,Ca,Bi,I,1.325,0.770649,
plus_unverified,gkf,3,17,ridge_physics9,Ca3PBr3,Ca,P,Br,1.8846,1.481171,
plus_unverified,gkf,3,17,ridge_physics9,Ca3PCl3,Ca,P,Cl,2.035,1.721232,
plus_unverified,gkf,3,16,ridge_physics9,Ca3PF3,Ca,P,F,2.518,2.69517,
plus_unverified,gkf,3,16,ridge_physics9,Ca3PI3,Ca,P,I,1.4909,0.940778,
plus_unverified,gkf,3,16,ridge_physics9,Ca3SbBr3,Ca,Sb,Br,1.782,1.227953,
plus_unverified,gkf,3,15,ridge_physics9,Ca3SbCl3,Ca,Sb,Cl,1.814,1.621341,
plus_unverified,gkf,3,16,ridge_physics9,Ca3SbF3,Ca,Sb,F,2.19,2.593174,
plus_unverified,gkf,3,18,ridge_physics9,Mg3AsBr3,Mg,As,Br,1.2907,1.024963,
plus_unverified,gkf,3,18,ridge_physics9,Mg3BiBr3,Mg,Bi,Br,0.9648,0.971094,
plus_unverified,gkf,3,16,ridge_physics9,Mg3BiI3,Mg,Bi,I,0.224,0.825209,
plus_unverified,gkf,3,18,ridge_physics9,Mg3PBr3,Mg,P,Br,1.506,1.20176,
plus_unverified,gkf,3,15,ridge_physics9,Mg3PCl3,Mg,P,Cl,2.297,1.57986,
plus_unverified,gkf,3,15,ridge_physics9,Mg3PI3,Mg,P,I,0.377,1.053147,
plus_unverified,gkf,3,17,ridge_physics9,Mg3SbBr3,Mg,Sb,Br,0.9418,1.264538,
plus_unverified,gkf,3,15,ridge_physics9,Mg3SbCl3,Mg,Sb,Cl,1.7283,1.386262,
plus_unverified,gkf,3,18,ridge_physics9,Mg3SbF3,Mg,Sb,F,3.184,1.584582,
plus_unverified,gkf,3,19,ridge_physics9,Mg3SbI3,Mg,Sb,I,0.1057,0.940588,
plus_unverified,gkf,3,15,ridge_physics9,Sr3AsCl3,Sr,As,Cl,1.7,1.640802,
plus_unverified,gkf,3,19,ridge_physics9,Sr3AsI3,Sr,As,I,1.265,0.929444,
plus_unverified,gkf,3,18,ridge_physics9,Sr3PBr3,Sr,P,Br,1.55,1.681347,
plus_unverified,gkf,3,16,ridge_physics9,Sr3PCl3,Sr,P,Cl,1.677,1.612543,
plus_unverified,gkf,3,17,ridge_physics9,Sr3PI3,Sr,P,I,1.258,1.04774,
plus_unverified,gkf,3,19,ridge_physics9,Sr3SbCl3,Sr,Sb,Cl,1.712,1.599435,
plus_unverified,gkf,3,19,ridge_physics9,Sr3SbI3,Sr,Sb,I,1.31,0.960268,
plus_unverified,gkf,4,23,ridge_physics9,Ba3AsBr3,Ba,As,Br,0.92,1.030704,
plus_unverified,gkf,4,20,ridge_physics9,Ba3AsCl3,Ba,As,Cl,0.969,1.358819,
plus_unverified,gkf,4,22,ridge_physics9,Ba3AsI3,Ba,As,I,0.802,0.510726,
plus_unverified,gkf,4,21,ridge_physics9,Ba3BiBr3,Ba,Bi,Br,0.912,0.945233,
plus_unverified,gkf,4,22,ridge_physics9,Ba3BiCl3,Ba,Bi,Cl,0.957,1.16617,
plus_unverified,gkf,4,24,ridge_physics9,Ba3BiI3,Ba,Bi,I,0.786,0.626069,
plus_unverified,gkf,4,22,ridge_physics9,Ba3PBr3,Ba,P,Br,0.944,1.252912,
plus_unverified,gkf,4,22,ridge_physics9,Ba3PCl3,Ba,P,Cl,0.964,1.52802,
plus_unverified,gkf,4,22,ridge_physics9,Ba3PI3,Ba,P,I,0.764,0.755269,
plus_unverified,gkf,4,21,ridge_physics9,Ba3SbBr3,Ba,Sb,Br,1.0819,1.012625,
plus_unverified,gkf,4,24,ridge_physics9,Ba3SbCl3,Ba,Sb,Cl,1.002,1.292951,
plus_unverified,gkf,4,21,ridge_physics9,Ba3SbI3,Ba,Sb,I,0.78,0.566665,
plus_unverified,gkf,4,23,ridge_physics9,Ca3AsBr3,Ca,As,Br,1.634,1.449991,
plus_unverified,gkf,4,20,ridge_physics9,Ca3AsCl3,Ca,As,Cl,1.742,1.656872,
plus_unverified,gkf,4,21,ridge_physics9,Ca3AsF3,Ca,As,F,2.27,2.877135,
plus_unverified,gkf,4,21,ridge_physics9,Ca3BiBr3,Ca,Bi,Br,1.6,1.267212,
plus_unverified,gkf,4,20,ridge_physics9,Ca3BiCl3,Ca,Bi,Cl,1.76,1.482312,
plus_unverified,gkf,4,20,ridge_physics9,Ca3BiI3,Ca,Bi,I,1.325,0.865004,
plus_unverified,gkf,4,20,ridge_physics9,Ca3PBr3,Ca,P,Br,1.8846,1.564144,
plus_unverified,gkf,4,24,ridge_physics9,Ca3PCl3,Ca,P,Cl,2.035,1.741354,
plus_unverified,gkf,4,21,ridge_physics9,Ca3PF3,Ca,P,F,2.518,3.024166,
plus_unverified,gkf,4,21,ridge_physics9,Ca3PI3,Ca,P,I,1.4909,1.077157,
plus_unverified,gkf,4,21,ridge_physics9,Ca3SbBr3,Ca,Sb,Br,1.782,1.334603,
plus_unverified,gkf,4,20,ridge_physics9,Ca3SbCl3,Ca,Sb,Cl,1.814,1.555622,
plus_unverified,gkf,4,24,ridge_physics9,Ca3SbF3,Ca,Sb,F,2.19,3.091156,
plus_unverified,gkf,4,22,ridge_physics9,Mg3AsBr3,Mg,As,Br,1.2907,1.030206,
plus_unverified,gkf,4,23,ridge_physics9,Mg3BiBr3,Mg,Bi,Br,0.9648,1.380808,
plus_unverified,gkf,4,24,ridge_physics9,Mg3BiI3,Mg,Bi,I,0.224,0.750917,
plus_unverified,gkf,4,20,ridge_physics9,Mg3PBr3,Mg,P,Br,1.506,1.498231,
plus_unverified,gkf,4,24,ridge_physics9,Mg3PCl3,Mg,P,Cl,2.297,1.343493,
plus_unverified,gkf,4,20,ridge_physics9,Mg3PI3,Mg,P,I,0.377,1.175712,
plus_unverified,gkf,4,23,ridge_physics9,Mg3SbBr3,Mg,Sb,Br,0.9418,1.425155,
plus_unverified,gkf,4,23,ridge_physics9,Mg3SbCl3,Mg,Sb,Cl,1.7283,1.650847,
plus_unverified,gkf,4,22,ridge_physics9,Mg3SbF3,Mg,Sb,F,3.184,1.630758,
plus_unverified,gkf,4,23,ridge_physics9,Mg3SbI3,Mg,Sb,I,0.1057,1.081118,
plus_unverified,gkf,4,20,ridge_physics9,Sr3AsCl3,Sr,As,Cl,1.7,1.587613,
plus_unverified,gkf,4,21,ridge_physics9,Sr3AsI3,Sr,As,I,1.265,0.891268,
plus_unverified,gkf,4,23,ridge_physics9,Sr3PBr3,Sr,P,Br,1.55,1.474861,
plus_unverified,gkf,4,23,ridge_physics9,Sr3PCl3,Sr,P,Cl,1.677,1.696739,
plus_unverified,gkf,4,24,ridge_physics9,Sr3PI3,Sr,P,I,1.258,1.228895,
plus_unverified,gkf,4,24,ridge_physics9,Sr3SbCl3,Sr,Sb,Cl,1.712,1.71483,
plus_unverified,gkf,4,22,ridge_physics9,Sr3SbI3,Sr,Sb,I,1.31,1.074719,
plus_unverified,gkf,5,28,ridge_physics9,Ba3AsBr3,Ba,As,Br,0.92,1.102041,
plus_unverified,gkf,5,29,ridge_physics9,Ba3AsCl3,Ba,As,Cl,0.969,1.360151,
plus_unverified,gkf,5,29,ridge_physics9,Ba3AsI3,Ba,As,I,0.802,0.712759,
plus_unverified,gkf,5,27,ridge_physics9,Ba3BiBr3,Ba,Bi,Br,0.912,1.130393,
plus_unverified,gkf,5,27,ridge_physics9,Ba3BiCl3,Ba,Bi,Cl,0.957,1.408579,
plus_unverified,gkf,5,27,ridge_physics9,Ba3BiI3,Ba,Bi,I,0.786,0.730094,
plus_unverified,gkf,5,25,ridge_physics9,Ba3PBr3,Ba,P,Br,0.944,1.391769,
plus_unverified,gkf,5,25,ridge_physics9,Ba3PCl3,Ba,P,Cl,0.964,1.625054,
plus_unverified,gkf,5,26,ridge_physics9,Ba3PI3,Ba,P,I,0.764,0.62976,
plus_unverified,gkf,5,25,ridge_physics9,Ba3SbBr3,Ba,Sb,Br,1.0819,1.071717,
plus_unverified,gkf,5,27,ridge_physics9,Ba3SbCl3,Ba,Sb,Cl,1.002,1.441392,
plus_unverified,gkf,5,28,ridge_physics9,Ba3SbI3,Ba,Sb,I,0.78,0.70304,
plus_unverified,gkf,5,25,ridge_physics9,Ca3AsBr3,Ca,As,Br,1.634,1.38282,
plus_unverified,gkf,5,25,ridge_physics9,Ca3AsCl3,Ca,As,Cl,1.742,1.622366,
plus_unverified,gkf,5,26,ridge_physics9,Ca3AsF3,Ca,As,F,2.27,2.380986,
plus_unverified,gkf,5,26,ridge_physics9,Ca3BiBr3,Ca,Bi,Br,1.6,1.573073,
plus_unverified,gkf,5,29,ridge_physics9,Ca3BiCl3,Ca,Bi,Cl,1.76,1.564901,
plus_unverified,gkf,5,25,ridge_physics9,Ca3BiI3,Ca,Bi,I,1.325,0.826952,
plus_unverified,gkf,5,28,ridge_physics9,Ca3PBr3,Ca,P,Br,1.8846,1.492069,
plus_unverified,gkf,5,26,ridge_physics9,Ca3PCl3,Ca,P,Cl,2.035,1.991876,
plus_unverified,gkf,5,28,ridge_physics9,Ca3PF3,Ca,P,F,2.518,2.636758,
plus_unverified,gkf,5,26,ridge_physics9,Ca3PI3,Ca,P,I,1.4909,1.29113,
plus_unverified,gkf,5,29,ridge_physics9,Ca3SbBr3,Ca,Sb,Br,1.782,1.358212,
plus_unverified,gkf,5,25,ridge_physics9,Ca3SbCl3,Ca,Sb,Cl,1.814,1.579168,
plus_unverified,gkf,5,27,ridge_physics9,Ca3SbF3,Ca,Sb,F,2.19,2.879501,
plus_unverified,gkf,5,27,ridge_physics9,Mg3AsBr3,Mg,As,Br,1.2907,1.22931,
plus_unverified,gkf,5,26,ridge_physics9,Mg3BiBr3,Mg,Bi,Br,0.9648,1.040065,
plus_unverified,gkf,5,29,ridge_physics9,Mg3BiI3,Mg,Bi,I,0.224,0.823698,
plus_unverified,gkf,5,26,ridge_physics9,Mg3PBr3,Mg,P,Br,1.506,1.206193,
plus_unverified,gkf,5,28,ridge_physics9,Mg3PCl3,Mg,P,Cl,2.297,1.428637,
plus_unverified,gkf,5,25,ridge_physics9,Mg3PI3,Mg,P,I,0.377,1.218444,
plus_unverified,gkf,5,28,ridge_physics9,Mg3SbBr3,Mg,Sb,Br,0.9418,1.120273,
plus_unverified,gkf,5,28,ridge_physics9,Mg3SbCl3,Mg,Sb,Cl,1.7283,1.363454,
plus_unverified,gkf,5,26,ridge_physics9,Mg3SbF3,Mg,Sb,F,3.184,1.652415,
plus_unverified,gkf,5,27,ridge_physics9,Mg3SbI3,Mg,Sb,I,0.1057,0.928217,
plus_unverified,gkf,5,26,ridge_physics9,Sr3AsCl3,Sr,As,Cl,1.7,1.767434,
plus_unverified,gkf,5,29,ridge_physics9,Sr3AsI3,Sr,As,I,1.265,0.956998,
plus_unverified,gkf,5,29,ridge_physics9,Sr3PBr3,Sr,P,Br,1.55,1.445083,
plus_unverified,gkf,5,27,ridge_physics9,Sr3PCl3,Sr,P,Cl,1.677,1.732441,
plus_unverified,gkf,5,28,ridge_physics9,Sr3PI3,Sr,P,I,1.258,1.096148,
plus_unverified,gkf,5,25,ridge_physics9,Sr3SbCl3,Sr,Sb,Cl,1.712,1.520953,
plus_unverified,gkf,5,29,ridge_physics9,Sr3SbI3,Sr,Sb,I,1.31,0.888223,
plus_unverified,gkf,6,34,ridge_physics9,Ba3AsBr3,Ba,As,Br,0.92,1.147958,
plus_unverified,gkf,6,32,ridge_physics9,Ba3AsCl3,Ba,As,Cl,0.969,1.380821,
plus_unverified,gkf,6,33,ridge_physics9,Ba3AsI3,Ba,As,I,0.802,0.643955,
plus_unverified,gkf,6,30,ridge_physics9,Ba3BiBr3,Ba,Bi,Br,0.912,0.931234,
plus_unverified,gkf,6,31,ridge_physics9,Ba3BiCl3,Ba,Bi,Cl,0.957,1.101953,
plus_unverified,gkf,6,30,ridge_physics9,Ba3BiI3,Ba,Bi,I,0.786,0.514846,
plus_unverified,gkf,6,34,ridge_physics9,Ba3PBr3,Ba,P,Br,0.944,1.257298,
plus_unverified,gkf,6,30,ridge_physics9,Ba3PCl3,Ba,P,Cl,0.964,1.575728,
plus_unverified,gkf,6,31,ridge_physics9,Ba3PI3,Ba,P,I,0.764,0.682204,
plus_unverified,gkf,6,33,ridge_physics9,Ba3SbBr3,Ba,Sb,Br,1.0819,0.991037,
plus_unverified,gkf,6,34,ridge_physics9,Ba3SbCl3,Ba,Sb,Cl,1.002,1.361747,
plus_unverified,gkf,6,32,ridge_physics9,Ba3SbI3,Ba,Sb,I,0.78,0.652155,
plus_unverified,gkf,6,31,ridge_physics9,Ca3AsBr3,Ca,As,Br,1.634,1.637322,
plus_unverified,gkf,6,30,ridge_physics9,Ca3AsCl3,Ca,As,Cl,1.742,1.700492,
plus_unverified,gkf,6,31,ridge_physics9,Ca3AsF3,Ca,As,F,2.27,2.331215,
plus_unverified,gkf,6,32,ridge_physics9,Ca3BiBr3,Ca,Bi,Br,1.6,1.2893,
plus_unverified,gkf,6,32,ridge_physics9,Ca3BiCl3,Ca,Bi,Cl,1.76,1.545983,
plus_unverified,gkf,6,34,ridge_physics9,Ca3BiI3,Ca,Bi,I,1.325,0.921829,
plus_unverified,gkf,6,34,ridge_physics9,Ca3PBr3,Ca,P,Br,1.8846,1.53534,
plus_unverified,gkf,6,34,ridge_physics9,Ca3PCl3,Ca,P,Cl,2.035,1.780355,
plus_unverified,gkf,6,30,ridge_physics9,Ca3PF3,Ca,P,F,2.518,2.86846,
plus_unverified,gkf,6,30,ridge_physics9,Ca3PI3,Ca,P,I,1.4909,1.240612,
plus_unverified,gkf,6,33,ridge_physics9,Ca3SbBr3,Ca,Sb,Br,1.782,1.535324,
plus_unverified,gkf,6,31,ridge_physics9,Ca3SbCl3,Ca,Sb,Cl,1.814,1.837245,
plus_unverified,gkf,6,33,ridge_physics9,Ca3SbF3,Ca,Sb,F,2.19,3.035537,
plus_unverified,gkf,6,32,ridge_physics9,Mg3AsBr3,Mg,As,Br,1.2907,1.302082,
plus_unverified,gkf,6,31,ridge_physics9,Mg3BiBr3,Mg,Bi,Br,0.9648,1.165632,
plus_unverified,gkf,6,33,ridge_physics9,Mg3BiI3,Mg,Bi,I,0.224,0.745838,
plus_unverified,gkf,6,30,ridge_physics9,Mg3PBr3,Mg,P,Br,1.506,1.547972,
plus_unverified,gkf,6,33,ridge_physics9,Mg3PCl3,Mg,P,Cl,2.297,1.388447,
plus_unverified,gkf,6,30,ridge_physics9,Mg3PI3,Mg,P,I,0.377,1.13821,
plus_unverified,gkf,6,34,ridge_physics9,Mg3SbBr3,Mg,Sb,Br,0.9418,1.207032,
plus_unverified,gkf,6,34,ridge_physics9,Mg3SbCl3,Mg,Sb,Cl,1.7283,1.468502,
plus_unverified,gkf,6,31,ridge_physics9,Mg3SbF3,Mg,Sb,F,3.184,1.755019,
plus_unverified,gkf,6,31,ridge_physics9,Mg3SbI3,Mg,Sb,I,0.1057,0.863978,
plus_unverified,gkf,6,32,ridge_physics9,Sr3AsCl3,Sr,As,Cl,1.7,1.631077,
plus_unverified,gkf,6,33,ridge_physics9,Sr3AsI3,Sr,As,I,1.265,1.080876,
plus_unverified,gkf,6,32,ridge_physics9,Sr3PBr3,Sr,P,Br,1.55,1.486799,
plus_unverified,gkf,6,33,ridge_physics9,Sr3PCl3,Sr,P,Cl,1.677,1.662894,
plus_unverified,gkf,6,31,ridge_physics9,Sr3PI3,Sr,P,I,1.258,1.218748,
plus_unverified,gkf,6,32,ridge_physics9,Sr3SbCl3,Sr,Sb,Cl,1.712,1.536873,
plus_unverified,gkf,6,30,ridge_physics9,Sr3SbI3,Sr,Sb,I,1.31,0.881308,
plus_unverified,gkf,7,37,ridge_physics9,Ba3AsBr3,Ba,As,Br,0.92,1.143174,
plus_unverified,gkf,7,38,ridge_physics9,Ba3AsCl3,Ba,As,Cl,0.969,1.393875,
plus_unverified,gkf,7,38,ridge_physics9,Ba3AsI3,Ba,As,I,0.802,0.714532,
plus_unverified,gkf,7,37,ridge_physics9,Ba3BiBr3,Ba,Bi,Br,0.912,0.906755,
plus_unverified,gkf,7,35,ridge_physics9,Ba3BiCl3,Ba,Bi,Cl,0.957,1.106259,
plus_unverified,gkf,7,36,ridge_physics9,Ba3BiI3,Ba,Bi,I,0.786,0.674466,
plus_unverified,gkf,7,36,ridge_physics9,Ba3PBr3,Ba,P,Br,0.944,1.434682,
plus_unverified,gkf,7,36,ridge_physics9,Ba3PCl3,Ba,P,Cl,0.964,1.738997,
plus_unverified,gkf,7,37,ridge_physics9,Ba3PI3,Ba,P,I,0.764,1.002718,
plus_unverified,gkf,7,35,ridge_physics9,Ba3SbBr3,Ba,Sb,Br,1.0819,0.964069,
plus_unverified,gkf,7,36,ridge_physics9,Ba3SbCl3,Ba,Sb,Cl,1.002,1.504176,
plus_unverified,gkf,7,36,ridge_physics9,Ba3SbI3,Ba,Sb,I,0.78,0.750117,
plus_unverified,gkf,7,35,ridge_physics9,Ca3AsBr3,Ca,As,Br,1.634,1.661713,
plus_unverified,gkf,7,38,ridge_physics9,Ca3AsCl3,Ca,As,Cl,1.742,1.715715,
plus_unverified,gkf,7,36,ridge_physics9,Ca3AsF3,Ca,As,F,2.27,2.862203,
plus_unverified,gkf,7,37,ridge_physics9,Ca3BiBr3,Ca,Bi,Br,1.6,1.229747,
plus_unverified,gkf,7,35,ridge_physics9,Ca3BiCl3,Ca,Bi,Cl,1.76,1.785304,
plus_unverified,gkf,7,38,ridge_physics9,Ca3BiI3,Ca,Bi,I,1.325,0.910032,
plus_unverified,gkf,7,36,ridge_physics9,Ca3PBr3,Ca,P,Br,1.8846,1.574403,
plus_unverified,gkf,7,39,ridge_physics9,Ca3PCl3,Ca,P,Cl,2.035,1.729029,
plus_unverified,gkf,7,36,ridge_physics9,Ca3PF3,Ca,P,F,2.518,3.035078,
plus_unverified,gkf,7,38,ridge_physics9,Ca3PI3,Ca,P,I,1.4909,1.126924,
plus_unverified,gkf,7,37,ridge_physics9,Ca3SbBr3,Ca,Sb,Br,1.782,1.317961,
plus_unverified,gkf,7,37,ridge_physics9,Ca3SbCl3,Ca,Sb,Cl,1.814,1.547428,
plus_unverified,gkf,7,39,ridge_physics9,Ca3SbF3,Ca,Sb,F,2.19,2.775627,
plus_unverified,gkf,7,37,ridge_physics9,Mg3AsBr3,Mg,As,Br,1.2907,1.396135,
plus_unverified,gkf,7,36,ridge_physics9,Mg3BiBr3,Mg,Bi,Br,0.9648,1.154358,
plus_unverified,gkf,7,35,ridge_physics9,Mg3BiI3,Mg,Bi,I,0.224,0.707783,
plus_unverified,gkf,7,38,ridge_physics9,Mg3PBr3,Mg,P,Br,1.506,1.352771,
plus_unverified,gkf,7,35,ridge_physics9,Mg3PCl3,Mg,P,Cl,2.297,1.351374,
plus_unverified,gkf,7,37,ridge_physics9,Mg3PI3,Mg,P,I,0.377,1.255679,
plus_unverified,gkf,7,38,ridge_physics9,Mg3SbBr3,Mg,Sb,Br,0.9418,1.19893,
plus_unverified,gkf,7,38,ridge_physics9,Mg3SbCl3,Mg,Sb,Cl,1.7283,1.469623,
plus_unverified,gkf,7,35,ridge_physics9,Mg3SbF3,Mg,Sb,F,3.184,1.624136,
plus_unverified,gkf,7,39,ridge_physics9,Mg3SbI3,Mg,Sb,I,0.1057,0.961548,
plus_unverified,gkf,7,39,ridge_physics9,Sr3AsCl3,Sr,As,Cl,1.7,1.524091,
plus_unverified,gkf,7,39,ridge_physics9,Sr3AsI3,Sr,As,I,1.265,0.946292,
plus_unverified,gkf,7,39,ridge_physics9,Sr3PBr3,Sr,P,Br,1.55,1.420003,
plus_unverified,gkf,7,35,ridge_physics9,Sr3PCl3,Sr,P,Cl,1.677,1.812784,
plus_unverified,gkf,7,39,ridge_physics9,Sr3PI3,Sr,P,I,1.258,1.092252,
plus_unverified,gkf,7,39,ridge_physics9,Sr3SbCl3,Sr,Sb,Cl,1.712,1.599916,
plus_unverified,gkf,7,35,ridge_physics9,Sr3SbI3,Sr,Sb,I,1.31,1.190512,
plus_unverified,gkf,8,41,ridge_physics9,Ba3AsBr3,Ba,As,Br,0.92,1.153469,
plus_unverified,gkf,8,41,ridge_physics9,Ba3AsCl3,Ba,As,Cl,0.969,1.401883,
plus_unverified,gkf,8,43,ridge_physics9,Ba3AsI3,Ba,As,I,0.802,0.714832,
plus_unverified,gkf,8,43,ridge_physics9,Ba3BiBr3,Ba,Bi,Br,0.912,1.048787,
plus_unverified,gkf,8,43,ridge_physics9,Ba3BiCl3,Ba,Bi,Cl,0.957,1.309734,
plus_unverified,gkf,8,42,ridge_physics9,Ba3BiI3,Ba,Bi,I,0.786,0.467011,
plus_unverified,gkf,8,40,ridge_physics9,Ba3PBr3,Ba,P,Br,0.944,1.372648,
plus_unverified,gkf,8,40,ridge_physics9,Ba3PCl3,Ba,P,Cl,0.964,1.657274,
plus_unverified,gkf,8,42,ridge_physics9,Ba3PI3,Ba,P,I,0.764,0.920189,
plus_unverified,gkf,8,41,ridge_physics9,Ba3SbBr3,Ba,Sb,Br,1.0819,1.053736,
plus_unverified,gkf,8,40,ridge_physics9,Ba3SbCl3,Ba,Sb,Cl,1.002,1.496983,
plus_unverified,gkf,8,43,ridge_physics9,Ba3SbI3,Ba,Sb,I,0.78,0.703558,
plus_unverified,gkf,8,40,ridge_physics9,Ca3AsBr3,Ca,As,Br,1.634,1.373559,
plus_unverified,gkf,8,43,ridge_physics9,Ca3AsCl3,Ca,As,Cl,1.742,1.658282,
plus_unverified,gkf,8,40,ridge_physics9,Ca3AsF3,Ca,As,F,2.27,2.701605,
plus_unverified,gkf,8,41,ridge_physics9,Ca3BiBr3,Ca,Bi,Br,1.6,1.291693,
plus_unverified,gkf,8,43,ridge_physics9,Ca3BiCl3,Ca,Bi,Cl,1.76,1.624535,
plus_unverified,gkf,8,41,ridge_physics9,Ca3BiI3,Ca,Bi,I,1.325,0.893814,
plus_unverified,gkf,8,43,ridge_physics9,Ca3PBr3,Ca,P,Br,1.8846,1.515124,
plus_unverified,gkf,8,40,ridge_physics9,Ca3PCl3,Ca,P,Cl,2.035,1.785764,
plus_unverified,gkf,8,44,ridge_physics9,Ca3PF3,Ca,P,F,2.518,2.397409,
plus_unverified,gkf,8,40,ridge_physics9,Ca3PI3,Ca,P,I,1.4909,1.059925,
plus_unverified,gkf,8,41,ridge_physics9,Ca3SbBr3,Ca,Sb,Br,1.782,1.349832,
plus_unverified,gkf,8,42,ridge_physics9,Ca3SbCl3,Ca,Sb,Cl,1.814,1.717412,
plus_unverified,gkf,8,41,ridge_physics9,Ca3SbF3,Ca,Sb,F,2.19,2.736596,
plus_unverified,gkf,8,40,ridge_physics9,Mg3AsBr3,Mg,As,Br,1.2907,1.290167,
plus_unverified,gkf,8,44,ridge_physics9,Mg3BiBr3,Mg,Bi,Br,0.9648,0.910041,
plus_unverified,gkf,8,44,ridge_physics9,Mg3BiI3,Mg,Bi,I,0.224,0.63686,
plus_unverified,gkf,8,42,ridge_physics9,Mg3PBr3,Mg,P,Br,1.506,1.504183,
plus_unverified,gkf,8,44,ridge_physics9,Mg3PCl3,Mg,P,Cl,2.297,1.221326,
plus_unverified,gkf,8,42,ridge_physics9,Mg3PI3,Mg,P,I,0.377,1.2308,
plus_unverified,gkf,8,40,ridge_physics9,Mg3SbBr3,Mg,Sb,Br,0.9418,1.261174,
plus_unverified,gkf,8,44,ridge_physics9,Mg3SbCl3,Mg,Sb,Cl,1.7283,1.099089,
plus_unverified,gkf,8,44,ridge_physics9,Mg3SbF3,Mg,Sb,F,3.184,1.469763,
plus_unverified,gkf,8,41,ridge_physics9,Mg3SbI3,Mg,Sb,I,0.1057,0.864371,
plus_unverified,gkf,8,41,ridge_physics9,Sr3AsCl3,Sr,As,Cl,1.7,1.631689,
plus_unverified,gkf,8,44,ridge_physics9,Sr3AsI3,Sr,As,I,1.265,1.245988,
plus_unverified,gkf,8,43,ridge_physics9,Sr3PBr3,Sr,P,Br,1.55,1.449503,
plus_unverified,gkf,8,42,ridge_physics9,Sr3PCl3,Sr,P,Cl,1.677,1.805271,
plus_unverified,gkf,8,42,ridge_physics9,Sr3PI3,Sr,P,I,1.258,1.341536,
plus_unverified,gkf,8,42,ridge_physics9,Sr3SbCl3,Sr,Sb,Cl,1.712,1.600227,
plus_unverified,gkf,8,44,ridge_physics9,Sr3SbI3,Sr,Sb,I,1.31,1.220156,
plus_unverified,gkf,9,47,ridge_physics9,Ba3AsBr3,Ba,As,Br,0.92,1.133833,
plus_unverified,gkf,9,49,ridge_physics9,Ba3AsCl3,Ba,As,Cl,0.969,1.327733,
plus_unverified,gkf,9,46,ridge_physics9,Ba3AsI3,Ba,As,I,0.802,0.645753,
plus_unverified,gkf,9,48,ridge_physics9,Ba3BiBr3,Ba,Bi,Br,0.912,0.916415,
plus_unverified,gkf,9,45,ridge_physics9,Ba3BiCl3,Ba,Bi,Cl,0.957,1.368183,
plus_unverified,gkf,9,46,ridge_physics9,Ba3BiI3,Ba,Bi,I,0.786,0.462821,
plus_unverified,gkf,9,48,ridge_physics9,Ba3PBr3,Ba,P,Br,0.944,1.128735,
plus_unverified,gkf,9,47,ridge_physics9,Ba3PCl3,Ba,P,Cl,0.964,1.521981,
plus_unverified,gkf,9,49,ridge_physics9,Ba3PI3,Ba,P,I,0.764,0.892492,
plus_unverified,gkf,9,46,ridge_physics9,Ba3SbBr3,Ba,Sb,Br,1.0819,0.962998,
plus_unverified,gkf,9,45,ridge_physics9,Ba3SbCl3,Ba,Sb,Cl,1.002,1.39057,
plus_unverified,gkf,9,47,ridge_physics9,Ba3SbI3,Ba,Sb,I,0.78,0.68121,
plus_unverified,gkf,9,48,ridge_physics9,Ca3AsBr3,Ca,As,Br,1.634,1.657511,
plus_unverified,gkf,9,47,ridge_physics9,Ca3AsCl3,Ca,As,Cl,1.742,1.684769,
plus_unverified,gkf,9,46,ridge_physics9,Ca3AsF3,Ca,As,F,2.27,2.690987,
plus_unverified,gkf,9,47,ridge_physics9,Ca3BiBr3,Ca,Bi,Br,1.6,1.319358,
plus_unverified,gkf,9,49,ridge_physics9,Ca3BiCl3,Ca,Bi,Cl,1.76,1.601061,
plus_unverified,gkf,9,45,ridge_physics9,Ca3BiI3,Ca,Bi,I,1.325,0.953368,
plus_unverified,gkf,9,45,ridge_physics9,Ca3PBr3,Ca,P,Br,1.8846,1.462453,
plus_unverified,gkf,9,47,ridge_physics9,Ca3PCl3,Ca,P,Cl,2.035,1.811558,
plus_unverified,gkf,9,45,ridge_physics9,Ca3PF3,Ca,P,F,2.518,2.638192,
plus_unverified,gkf,9,47,ridge_physics9,Ca3PI3,Ca,P,I,1.4909,1.146518,
plus_unverified,gkf,9,45,ridge_physics9,Ca3SbBr3,Ca,Sb,Br,1.782,1.386763,
plus_unverified,gkf,9,48,ridge_physics9,Ca3SbCl3,Ca,Sb,Cl,1.814,1.80425,
plus_unverified,gkf,9,48,ridge_physics9,Ca3SbF3,Ca,Sb,F,2.19,2.017656,
plus_unverified,gkf,9,49,ridge_physics9,Mg3AsBr3,Mg,As,Br,1.2907,1.317931,
plus_unverified,gkf,9,45,ridge_physics9,Mg3BiBr3,Mg,Bi,Br,0.9648,1.128147,
plus_unverified,gkf,9,48,ridge_physics9,Mg3BiI3,Mg,Bi,I,0.224,0.780246,
plus_unverified,gkf,9,49,ridge_physics9,Mg3PBr3,Mg,P,Br,1.506,1.420006,
plus_unverified,gkf,9,45,ridge_physics9,Mg3PCl3,Mg,P,Cl,2.297,1.476696,
plus_unverified,gkf,9,46,ridge_physics9,Mg3PI3,Mg,P,I,0.377,1.107159,
plus_unverified,gkf,9,47,ridge_physics9,Mg3SbBr3,Mg,Sb,Br,0.9418,1.245216,
plus_unverified,gkf,9,49,ridge_physics9,Mg3SbCl3,Mg,Sb,Cl,1.7283,1.485271,
plus_unverified,gkf,9,48,ridge_physics9,Mg3SbF3,Mg,Sb,F,3.184,1.543688,
plus_unverified,gkf,9,49,ridge_physics9,Mg3SbI3,Mg,Sb,I,0.1057,0.924876,
plus_unverified,gkf,9,48,ridge_physics9,Sr3AsCl3,Sr,As,Cl,1.7,1.740569,
plus_unverified,gkf,9,46,ridge_physics9,Sr3AsI3,Sr,As,I,1.265,0.946328,
plus_unverified,gkf,9,46,ridge_physics9,Sr3PBr3,Sr,P,Br,1.55,1.492604,
plus_unverified,gkf,9,45,ridge_physics9,Sr3PCl3,Sr,P,Cl,1.677,1.657369,
plus_unverified,gkf,9,46,ridge_physics9,Sr3PI3,Sr,P,I,1.258,1.096476,
plus_unverified,gkf,9,49,ridge_physics9,Sr3SbCl3,Sr,Sb,Cl,1.712,1.570977,
plus_unverified,gkf,9,46,ridge_physics9,Sr3SbI3,Sr,Sb,I,1.31,0.846203,
plus_unverified,gkf,0,2,xgb_magpie,Ba3AsBr3,Ba,As,Br,0.92,0.979341,
plus_unverified,gkf,0,2,xgb_magpie,Ba3AsCl3,Ba,As,Cl,0.969,1.05179,
plus_unverified,gkf,0,3,xgb_magpie,Ba3AsI3,Ba,As,I,0.802,0.823185,
plus_unverified,gkf,0,3,xgb_magpie,Ba3BiBr3,Ba,Bi,Br,0.912,0.952955,
plus_unverified,gkf,0,0,xgb_magpie,Ba3BiCl3,Ba,Bi,Cl,0.957,0.924852,
plus_unverified,gkf,0,2,xgb_magpie,Ba3BiI3,Ba,Bi,I,0.786,0.617975,
plus_unverified,gkf,0,1,xgb_magpie,Ba3PBr3,Ba,P,Br,0.944,0.955644,
plus_unverified,gkf,0,4,xgb_magpie,Ba3PCl3,Ba,P,Cl,0.964,1.271012,
plus_unverified,gkf,0,0,xgb_magpie,Ba3PI3,Ba,P,I,0.764,0.878869,
plus_unverified,gkf,0,1,xgb_magpie,Ba3SbBr3,Ba,Sb,Br,1.0819,0.928087,
plus_unverified,gkf,0,4,xgb_magpie,Ba3SbCl3,Ba,Sb,Cl,1.002,0.99148,
plus_unverified,gkf,0,2,xgb_magpie,Ba3SbI3,Ba,Sb,I,0.78,0.758775,
plus_unverified,gkf,0,1,xgb_magpie,Ca3AsBr3,Ca,As,Br,1.634,1.792886,
plus_unverified,gkf,0,0,xgb_magpie,Ca3AsCl3,Ca,As,Cl,1.742,1.83545,
plus_unverified,gkf,0,4,xgb_magpie,Ca3AsF3,Ca,As,F,2.27,2.455362,
plus_unverified,gkf,0,1,xgb_magpie,Ca3BiBr3,Ca,Bi,Br,1.6,1.464827,
plus_unverified,gkf,0,1,xgb_magpie,Ca3BiCl3,Ca,Bi,Cl,1.76,1.488049,
plus_unverified,gkf,0,1,xgb_magpie,Ca3BiI3,Ca,Bi,I,1.325,1.308939,
plus_unverified,gkf,0,4,xgb_magpie,Ca3PBr3,Ca,P,Br,1.8846,1.661383,
plus_unverified,gkf,0,0,xgb_magpie,Ca3PCl3,Ca,P,Cl,2.035,1.935183,
plus_unverified,gkf,0,4,xgb_magpie,Ca3PF3,Ca,P,F,2.518,2.482074,
plus_unverified,gkf,0,3,xgb_magpie,Ca3PI3,Ca,P,I,1.4909,1.41883,
plus_unverified,gkf,0,4,xgb_magpie,Ca3SbBr3,Ca,Sb,Br,1.782,1.651233,
plus_unverified,gkf,0,3,xgb_magpie,Ca3SbCl3,Ca,Sb,Cl,1.814,1.818258,
plus_unverified,gkf,0,2,xgb_magpie,Ca3SbF3,Ca,Sb,F,2.19,1.910966,
plus_unverified,gkf,0,0,xgb_magpie,Mg3AsBr3,Mg,As,Br,1.2907,1.485754,
plus_unverified,gkf,0,0,xgb_magpie,Mg3BiBr3,Mg,Bi,Br,0.9648,0.924344,
plus_unverified,gkf,0,1,xgb_magpie,Mg3BiI3,Mg,Bi,I,0.224,0.281592,
plus_unverified,gkf,0,4,xgb_magpie,Mg3PBr3,Mg,P,Br,1.506,1.377842,
plus_unverified,gkf,0,0,xgb_magpie,Mg3PCl3,Mg,P,Cl,2.297,2.049198,
plus_unverified,gkf,0,0,xgb_magpie,Mg3PI3,Mg,P,I,0.377,0.744114,
plus_unverified,gkf,0,2,xgb_magpie,Mg3SbBr3,Mg,Sb,Br,0.9418,1.198126,
plus_unverified,gkf,0,3,xgb_magpie,Mg3SbCl3,Mg,Sb,Cl,1.7283,2.016602,
plus_unverified,gkf,0,1,xgb_magpie,Mg3SbF3,Mg,Sb,F,3.184,2.170657,
plus_unverified,gkf,0,3,xgb_magpie,Mg3SbI3,Mg,Sb,I,0.1057,0.326246,
plus_unverified,gkf,0,2,xgb_magpie,Sr3AsCl3,Sr,As,Cl,1.7,1.67647,
plus_unverified,gkf,0,1,xgb_magpie,Sr3AsI3,Sr,As,I,1.265,1.2624,
plus_unverified,gkf,0,3,xgb_magpie,Sr3PBr3,Sr,P,Br,1.55,1.444235,
plus_unverified,gkf,0,4,xgb_magpie,Sr3PCl3,Sr,P,Cl,1.677,1.740815,
plus_unverified,gkf,0,0,xgb_magpie,Sr3PI3,Sr,P,I,1.258,1.306528,
plus_unverified,gkf,0,2,xgb_magpie,Sr3SbCl3,Sr,Sb,Cl,1.712,1.488003,
plus_unverified,gkf,0,3,xgb_magpie,Sr3SbI3,Sr,Sb,I,1.31,1.201858,
plus_unverified,gkf,1,5,xgb_magpie,Ba3AsBr3,Ba,As,Br,0.92,1.093642,
plus_unverified,gkf,1,8,xgb_magpie,Ba3AsCl3,Ba,As,Cl,0.969,1.224881,
plus_unverified,gkf,1,7,xgb_magpie,Ba3AsI3,Ba,As,I,0.802,0.777755,
plus_unverified,gkf,1,9,xgb_magpie,Ba3BiBr3,Ba,Bi,Br,0.912,1.007051,
plus_unverified,gkf,1,5,xgb_magpie,Ba3BiCl3,Ba,Bi,Cl,0.957,0.93398,
plus_unverified,gkf,1,6,xgb_magpie,Ba3BiI3,Ba,Bi,I,0.786,0.799856,
plus_unverified,gkf,1,8,xgb_magpie,Ba3PBr3,Ba,P,Br,0.944,0.948157,
plus_unverified,gkf,1,8,xgb_magpie,Ba3PCl3,Ba,P,Cl,0.964,1.176203,
plus_unverified,gkf,1,9,xgb_magpie,Ba3PI3,Ba,P,I,0.764,0.848025,
plus_unverified,gkf,1,6,xgb_magpie,Ba3SbBr3,Ba,Sb,Br,1.0819,0.957441,
plus_unverified,gkf,1,5,xgb_magpie,Ba3SbCl3,Ba,Sb,Cl,1.002,1.002215,
plus_unverified,gkf,1,8,xgb_magpie,Ba3SbI3,Ba,Sb,I,0.78,0.914422,
plus_unverified,gkf,1,5,xgb_magpie,Ca3AsBr3,Ca,As,Br,1.634,1.78884,
plus_unverified,gkf,1,9,xgb_magpie,Ca3AsCl3,Ca,As,Cl,1.742,1.82439,
plus_unverified,gkf,1,8,xgb_magpie,Ca3AsF3,Ca,As,F,2.27,2.52454,
plus_unverified,gkf,1,6,xgb_magpie,Ca3BiBr3,Ca,Bi,Br,1.6,1.461022,
plus_unverified,gkf,1,7,xgb_magpie,Ca3BiCl3,Ca,Bi,Cl,1.76,1.56526,
plus_unverified,gkf,1,9,xgb_magpie,Ca3BiI3,Ca,Bi,I,1.325,1.238738,
plus_unverified,gkf,1,6,xgb_magpie,Ca3PBr3,Ca,P,Br,1.8846,1.678721,
plus_unverified,gkf,1,8,xgb_magpie,Ca3PCl3,Ca,P,Cl,2.035,2.310345,
plus_unverified,gkf,1,6,xgb_magpie,Ca3PF3,Ca,P,F,2.518,2.190412,
plus_unverified,gkf,1,7,xgb_magpie,Ca3PI3,Ca,P,I,1.4909,1.391548,
plus_unverified,gkf,1,6,xgb_magpie,Ca3SbBr3,Ca,Sb,Br,1.782,1.636897,
plus_unverified,gkf,1,5,xgb_magpie,Ca3SbCl3,Ca,Sb,Cl,1.814,1.80588,
plus_unverified,gkf,1,9,xgb_magpie,Ca3SbF3,Ca,Sb,F,2.19,2.038902,
plus_unverified,gkf,1,9,xgb_magpie,Mg3AsBr3,Mg,As,Br,1.2907,1.457454,
plus_unverified,gkf,1,7,xgb_magpie,Mg3BiBr3,Mg,Bi,Br,0.9648,0.798783,
plus_unverified,gkf,1,8,xgb_magpie,Mg3BiI3,Mg,Bi,I,0.224,0.274911,
plus_unverified,gkf,1,5,xgb_magpie,Mg3PBr3,Mg,P,Br,1.506,1.305654,
plus_unverified,gkf,1,6,xgb_magpie,Mg3PCl3,Mg,P,Cl,2.297,1.739375,
plus_unverified,gkf,1,7,xgb_magpie,Mg3PI3,Mg,P,I,0.377,0.606128,
plus_unverified,gkf,1,8,xgb_magpie,Mg3SbBr3,Mg,Sb,Br,0.9418,1.306761,
plus_unverified,gkf,1,5,xgb_magpie,Mg3SbCl3,Mg,Sb,Cl,1.7283,2.003118,
plus_unverified,gkf,1,6,xgb_magpie,Mg3SbF3,Mg,Sb,F,3.184,1.804021,
plus_unverified,gkf,1,6,xgb_magpie,Mg3SbI3,Mg,Sb,I,0.1057,0.329518,
plus_unverified,gkf,1,5,xgb_magpie,Sr3AsCl3,Sr,As,Cl,1.7,1.684675,
plus_unverified,gkf,1,7,xgb_magpie,Sr3AsI3,Sr,As,I,1.265,1.271616,
plus_unverified,gkf,1,5,xgb_magpie,Sr3PBr3,Sr,P,Br,1.55,1.610761,
plus_unverified,gkf,1,9,xgb_magpie,Sr3PCl3,Sr,P,Cl,1.677,1.787688,
plus_unverified,gkf,1,7,xgb_magpie,Sr3PI3,Sr,P,I,1.258,1.297393,
plus_unverified,gkf,1,7,xgb_magpie,Sr3SbCl3,Sr,Sb,Cl,1.712,1.537296,
plus_unverified,gkf,1,9,xgb_magpie,Sr3SbI3,Sr,Sb,I,1.31,1.214869,
plus_unverified,gkf,2,13,xgb_magpie,Ba3AsBr3,Ba,As,Br,0.92,1.033657,
plus_unverified,gkf,2,10,xgb_magpie,Ba3AsCl3,Ba,As,Cl,0.969,1.234376,
plus_unverified,gkf,2,12,xgb_magpie,Ba3AsI3,Ba,As,I,0.802,0.853774,
plus_unverified,gkf,2,10,xgb_magpie,Ba3BiBr3,Ba,Bi,Br,0.912,0.948716,
plus_unverified,gkf,2,11,xgb_magpie,Ba3BiCl3,Ba,Bi,Cl,0.957,0.898404,
plus_unverified,gkf,2,10,xgb_magpie,Ba3BiI3,Ba,Bi,I,0.786,0.818777,
plus_unverified,gkf,2,13,xgb_magpie,Ba3PBr3,Ba,P,Br,0.944,1.043083,
plus_unverified,gkf,2,13,xgb_magpie,Ba3PCl3,Ba,P,Cl,0.964,1.226724,
plus_unverified,gkf,2,13,xgb_magpie,Ba3PI3,Ba,P,I,0.764,0.864076,
plus_unverified,gkf,2,11,xgb_magpie,Ba3SbBr3,Ba,Sb,Br,1.0819,0.929245,
plus_unverified,gkf,2,12,xgb_magpie,Ba3SbCl3,Ba,Sb,Cl,1.002,0.953924,
plus_unverified,gkf,2,13,xgb_magpie,Ba3SbI3,Ba,Sb,I,0.78,0.93952,
plus_unverified,gkf,2,10,xgb_magpie,Ca3AsBr3,Ca,As,Br,1.634,1.770738,
plus_unverified,gkf,2,11,xgb_magpie,Ca3AsCl3,Ca,As,Cl,1.742,1.81783,
plus_unverified,gkf,2,14,xgb_magpie,Ca3AsF3,Ca,As,F,2.27,2.773883,
plus_unverified,gkf,2,14,xgb_magpie,Ca3BiBr3,Ca,Bi,Br,1.6,1.442723,
plus_unverified,gkf,2,12,xgb_magpie,Ca3BiCl3,Ca,Bi,Cl,1.76,1.560066,
plus_unverified,gkf,2,14,xgb_magpie,Ca3BiI3,Ca,Bi,I,1.325,1.299227,
plus_unverified,gkf,2,12,xgb_magpie,Ca3PBr3,Ca,P,Br,1.8846,1.721668,
plus_unverified,gkf,2,10,xgb_magpie,Ca3PCl3,Ca,P,Cl,2.035,2.144936,
plus_unverified,gkf,2,14,xgb_magpie,Ca3PF3,Ca,P,F,2.518,2.780374,
plus_unverified,gkf,2,11,xgb_magpie,Ca3PI3,Ca,P,I,1.4909,1.453869,
plus_unverified,gkf,2,11,xgb_magpie,Ca3SbBr3,Ca,Sb,Br,1.782,1.688974,
plus_unverified,gkf,2,14,xgb_magpie,Ca3SbCl3,Ca,Sb,Cl,1.814,1.850469,
plus_unverified,gkf,2,14,xgb_magpie,Ca3SbF3,Ca,Sb,F,2.19,2.341751,
plus_unverified,gkf,2,14,xgb_magpie,Mg3AsBr3,Mg,As,Br,1.2907,1.494389,
plus_unverified,gkf,2,12,xgb_magpie,Mg3BiBr3,Mg,Bi,Br,0.9648,0.480323,
plus_unverified,gkf,2,11,xgb_magpie,Mg3BiI3,Mg,Bi,I,0.224,0.364319,
plus_unverified,gkf,2,14,xgb_magpie,Mg3PBr3,Mg,P,Br,1.506,1.556494,
plus_unverified,gkf,2,12,xgb_magpie,Mg3PCl3,Mg,P,Cl,2.297,2.223509,
plus_unverified,gkf,2,11,xgb_magpie,Mg3PI3,Mg,P,I,0.377,0.907573,
plus_unverified,gkf,2,11,xgb_magpie,Mg3SbBr3,Mg,Sb,Br,0.9418,1.268562,
plus_unverified,gkf,2,10,xgb_magpie,Mg3SbCl3,Mg,Sb,Cl,1.7283,1.912756,
plus_unverified,gkf,2,13,xgb_magpie,Mg3SbF3,Mg,Sb,F,3.184,2.232832,
plus_unverified,gkf,2,10,xgb_magpie,Mg3SbI3,Mg,Sb,I,0.1057,0.598412,
plus_unverified,gkf,2,12,xgb_magpie,Sr3AsCl3,Sr,As,Cl,1.7,1.722542,
plus_unverified,gkf,2,13,xgb_magpie,Sr3AsI3,Sr,As,I,1.265,1.255962,
plus_unverified,gkf,2,10,xgb_magpie,Sr3PBr3,Sr,P,Br,1.55,1.438378,
plus_unverified,gkf,2,13,xgb_magpie,Sr3PCl3,Sr,P,Cl,1.677,1.821376,
plus_unverified,gkf,2,10,xgb_magpie,Sr3PI3,Sr,P,I,1.258,1.324696,
plus_unverified,gkf,2,11,xgb_magpie,Sr3SbCl3,Sr,Sb,Cl,1.712,1.663136,
plus_unverified,gkf,2,12,xgb_magpie,Sr3SbI3,Sr,Sb,I,1.31,1.106541,
plus_unverified,gkf,3,19,xgb_magpie,Ba3AsBr3,Ba,As,Br,0.92,1.032064,
plus_unverified,gkf,3,15,xgb_magpie,Ba3AsCl3,Ba,As,Cl,0.969,1.405795,
plus_unverified,gkf,3,19,xgb_magpie,Ba3AsI3,Ba,As,I,0.802,0.820308,
plus_unverified,gkf,3,17,xgb_magpie,Ba3BiBr3,Ba,Bi,Br,0.912,0.861789,
plus_unverified,gkf,3,19,xgb_magpie,Ba3BiCl3,Ba,Bi,Cl,0.957,0.975199,
plus_unverified,gkf,3,15,xgb_magpie,Ba3BiI3,Ba,Bi,I,0.786,0.863584,
plus_unverified,gkf,3,18,xgb_magpie,Ba3PBr3,Ba,P,Br,0.944,0.945824,
plus_unverified,gkf,3,15,xgb_magpie,Ba3PCl3,Ba,P,Cl,0.964,1.247399,
plus_unverified,gkf,3,18,xgb_magpie,Ba3PI3,Ba,P,I,0.764,0.869706,
plus_unverified,gkf,3,17,xgb_magpie,Ba3SbBr3,Ba,Sb,Br,1.0819,0.9494,
plus_unverified,gkf,3,16,xgb_magpie,Ba3SbCl3,Ba,Sb,Cl,1.002,0.978521,
plus_unverified,gkf,3,15,xgb_magpie,Ba3SbI3,Ba,Sb,I,0.78,0.927126,
plus_unverified,gkf,3,17,xgb_magpie,Ca3AsBr3,Ca,As,Br,1.634,1.765041,
plus_unverified,gkf,3,19,xgb_magpie,Ca3AsCl3,Ca,As,Cl,1.742,1.857034,
plus_unverified,gkf,3,18,xgb_magpie,Ca3AsF3,Ca,As,F,2.27,2.334828,
plus_unverified,gkf,3,16,xgb_magpie,Ca3BiBr3,Ca,Bi,Br,1.6,1.49702,
plus_unverified,gkf,3,17,xgb_magpie,Ca3BiCl3,Ca,Bi,Cl,1.76,1.522592,
plus_unverified,gkf,3,16,xgb_magpie,Ca3BiI3,Ca,Bi,I,1.325,1.267835,
plus_unverified,gkf,3,17,xgb_magpie,Ca3PBr3,Ca,P,Br,1.8846,1.801734,
plus_unverified,gkf,3,17,xgb_magpie,Ca3PCl3,Ca,P,Cl,2.035,2.178017,
plus_unverified,gkf,3,16,xgb_magpie,Ca3PF3,Ca,P,F,2.518,2.5236,
plus_unverified,gkf,3,16,xgb_magpie,Ca3PI3,Ca,P,I,1.4909,1.360927,
plus_unverified,gkf,3,16,xgb_magpie,Ca3SbBr3,Ca,Sb,Br,1.782,1.668235,
plus_unverified,gkf,3,15,xgb_magpie,Ca3SbCl3,Ca,Sb,Cl,1.814,1.814743,
plus_unverified,gkf,3,16,xgb_magpie,Ca3SbF3,Ca,Sb,F,2.19,2.065874,
plus_unverified,gkf,3,18,xgb_magpie,Mg3AsBr3,Mg,As,Br,1.2907,1.506079,
plus_unverified,gkf,3,18,xgb_magpie,Mg3BiBr3,Mg,Bi,Br,0.9648,0.554715,
plus_unverified,gkf,3,16,xgb_magpie,Mg3BiI3,Mg,Bi,I,0.224,0.301221,
plus_unverified,gkf,3,18,xgb_magpie,Mg3PBr3,Mg,P,Br,1.506,1.242825,
plus_unverified,gkf,3,15,xgb_magpie,Mg3PCl3,Mg,P,Cl,2.297,2.095589,
plus_unverified,gkf,3,15,xgb_magpie,Mg3PI3,Mg,P,I,0.377,0.788167,
plus_unverified,gkf,3,17,xgb_magpie,Mg3SbBr3,Mg,Sb,Br,0.9418,1.258944,
plus_unverified,gkf,3,15,xgb_magpie,Mg3SbCl3,Mg,Sb,Cl,1.7283,1.603268,
plus_unverified,gkf,3,18,xgb_magpie,Mg3SbF3,Mg,Sb,F,3.184,2.126431,
plus_unverified,gkf,3,19,xgb_magpie,Mg3SbI3,Mg,Sb,I,0.1057,0.326843,
plus_unverified,gkf,3,15,xgb_magpie,Sr3AsCl3,Sr,As,Cl,1.7,1.689212,
plus_unverified,gkf,3,19,xgb_magpie,Sr3AsI3,Sr,As,I,1.265,1.186122,
plus_unverified,gkf,3,18,xgb_magpie,Sr3PBr3,Sr,P,Br,1.55,1.570633,
plus_unverified,gkf,3,16,xgb_magpie,Sr3PCl3,Sr,P,Cl,1.677,1.795482,
plus_unverified,gkf,3,17,xgb_magpie,Sr3PI3,Sr,P,I,1.258,1.291745,
plus_unverified,gkf,3,19,xgb_magpie,Sr3SbCl3,Sr,Sb,Cl,1.712,1.527542,
plus_unverified,gkf,3,19,xgb_magpie,Sr3SbI3,Sr,Sb,I,1.31,1.179446,
plus_unverified,gkf,4,23,xgb_magpie,Ba3AsBr3,Ba,As,Br,0.92,0.978116,
plus_unverified,gkf,4,20,xgb_magpie,Ba3AsCl3,Ba,As,Cl,0.969,1.122546,
plus_unverified,gkf,4,22,xgb_magpie,Ba3AsI3,Ba,As,I,0.802,0.899557,
plus_unverified,gkf,4,21,xgb_magpie,Ba3BiBr3,Ba,Bi,Br,0.912,0.884315,
plus_unverified,gkf,4,22,xgb_magpie,Ba3BiCl3,Ba,Bi,Cl,0.957,1.02144,
plus_unverified,gkf,4,24,xgb_magpie,Ba3BiI3,Ba,Bi,I,0.786,0.803653,
plus_unverified,gkf,4,22,xgb_magpie,Ba3PBr3,Ba,P,Br,0.944,1.001058,
plus_unverified,gkf,4,22,xgb_magpie,Ba3PCl3,Ba,P,Cl,0.964,1.217364,
plus_unverified,gkf,4,22,xgb_magpie,Ba3PI3,Ba,P,I,0.764,0.895686,
plus_unverified,gkf,4,21,xgb_magpie,Ba3SbBr3,Ba,Sb,Br,1.0819,0.932955,
plus_unverified,gkf,4,24,xgb_magpie,Ba3SbCl3,Ba,Sb,Cl,1.002,1.003268,
plus_unverified,gkf,4,21,xgb_magpie,Ba3SbI3,Ba,Sb,I,0.78,0.848611,
plus_unverified,gkf,4,23,xgb_magpie,Ca3AsBr3,Ca,As,Br,1.634,1.801196,
plus_unverified,gkf,4,20,xgb_magpie,Ca3AsCl3,Ca,As,Cl,1.742,1.927734,
plus_unverified,gkf,4,21,xgb_magpie,Ca3AsF3,Ca,As,F,2.27,2.51901,
plus_unverified,gkf,4,21,xgb_magpie,Ca3BiBr3,Ca,Bi,Br,1.6,1.425862,
plus_unverified,gkf,4,20,xgb_magpie,Ca3BiCl3,Ca,Bi,Cl,1.76,1.590948,
plus_unverified,gkf,4,20,xgb_magpie,Ca3BiI3,Ca,Bi,I,1.325,1.203338,
plus_unverified,gkf,4,20,xgb_magpie,Ca3PBr3,Ca,P,Br,1.8846,1.753024,
plus_unverified,gkf,4,24,xgb_magpie,Ca3PCl3,Ca,P,Cl,2.035,1.938482,
plus_unverified,gkf,4,21,xgb_magpie,Ca3PF3,Ca,P,F,2.518,2.534828,
plus_unverified,gkf,4,21,xgb_magpie,Ca3PI3,Ca,P,I,1.4909,1.398564,
plus_unverified,gkf,4,21,xgb_magpie,Ca3SbBr3,Ca,Sb,Br,1.782,1.620959,
plus_unverified,gkf,4,20,xgb_magpie,Ca3SbCl3,Ca,Sb,Cl,1.814,1.987609,
plus_unverified,gkf,4,24,xgb_magpie,Ca3SbF3,Ca,Sb,F,2.19,2.196815,
plus_unverified,gkf,4,22,xgb_magpie,Mg3AsBr3,Mg,As,Br,1.2907,1.437739,
plus_unverified,gkf,4,23,xgb_magpie,Mg3BiBr3,Mg,Bi,Br,0.9648,0.768375,
plus_unverified,gkf,4,24,xgb_magpie,Mg3BiI3,Mg,Bi,I,0.224,0.319776,
plus_unverified,gkf,4,20,xgb_magpie,Mg3PBr3,Mg,P,Br,1.506,1.643376,
plus_unverified,gkf,4,24,xgb_magpie,Mg3PCl3,Mg,P,Cl,2.297,2.055779,
plus_unverified,gkf,4,20,xgb_magpie,Mg3PI3,Mg,P,I,0.377,0.701471,
plus_unverified,gkf,4,23,xgb_magpie,Mg3SbBr3,Mg,Sb,Br,0.9418,1.266257,
plus_unverified,gkf,4,23,xgb_magpie,Mg3SbCl3,Mg,Sb,Cl,1.7283,2.060301,
plus_unverified,gkf,4,22,xgb_magpie,Mg3SbF3,Mg,Sb,F,3.184,2.208328,
plus_unverified,gkf,4,23,xgb_magpie,Mg3SbI3,Mg,Sb,I,0.1057,0.308285,
plus_unverified,gkf,4,20,xgb_magpie,Sr3AsCl3,Sr,As,Cl,1.7,1.71174,
plus_unverified,gkf,4,21,xgb_magpie,Sr3AsI3,Sr,As,I,1.265,1.281957,
plus_unverified,gkf,4,23,xgb_magpie,Sr3PBr3,Sr,P,Br,1.55,1.519279,
plus_unverified,gkf,4,23,xgb_magpie,Sr3PCl3,Sr,P,Cl,1.677,1.745314,
plus_unverified,gkf,4,24,xgb_magpie,Sr3PI3,Sr,P,I,1.258,1.319873,
plus_unverified,gkf,4,24,xgb_magpie,Sr3SbCl3,Sr,Sb,Cl,1.712,1.514875,
plus_unverified,gkf,4,22,xgb_magpie,Sr3SbI3,Sr,Sb,I,1.31,1.216831,
plus_unverified,gkf,5,28,xgb_magpie,Ba3AsBr3,Ba,As,Br,0.92,0.945765,
plus_unverified,gkf,5,29,xgb_magpie,Ba3AsCl3,Ba,As,Cl,0.969,1.132079,
plus_unverified,gkf,5,29,xgb_magpie,Ba3AsI3,Ba,As,I,0.802,0.778243,
plus_unverified,gkf,5,27,xgb_magpie,Ba3BiBr3,Ba,Bi,Br,0.912,0.911451,
plus_unverified,gkf,5,27,xgb_magpie,Ba3BiCl3,Ba,Bi,Cl,0.957,0.985658,
plus_unverified,gkf,5,27,xgb_magpie,Ba3BiI3,Ba,Bi,I,0.786,0.803507,
plus_unverified,gkf,5,25,xgb_magpie,Ba3PBr3,Ba,P,Br,0.944,0.977344,
plus_unverified,gkf,5,25,xgb_magpie,Ba3PCl3,Ba,P,Cl,0.964,1.324059,
plus_unverified,gkf,5,26,xgb_magpie,Ba3PI3,Ba,P,I,0.764,0.852444,
plus_unverified,gkf,5,25,xgb_magpie,Ba3SbBr3,Ba,Sb,Br,1.0819,0.909934,
plus_unverified,gkf,5,27,xgb_magpie,Ba3SbCl3,Ba,Sb,Cl,1.002,1.005944,
plus_unverified,gkf,5,28,xgb_magpie,Ba3SbI3,Ba,Sb,I,0.78,0.838493,
plus_unverified,gkf,5,25,xgb_magpie,Ca3AsBr3,Ca,As,Br,1.634,1.747388,
plus_unverified,gkf,5,25,xgb_magpie,Ca3AsCl3,Ca,As,Cl,1.742,1.88083,
plus_unverified,gkf,5,26,xgb_magpie,Ca3AsF3,Ca,As,F,2.27,2.195374,
plus_unverified,gkf,5,26,xgb_magpie,Ca3BiBr3,Ca,Bi,Br,1.6,1.411204,
plus_unverified,gkf,5,29,xgb_magpie,Ca3BiCl3,Ca,Bi,Cl,1.76,1.627969,
plus_unverified,gkf,5,25,xgb_magpie,Ca3BiI3,Ca,Bi,I,1.325,1.298053,
plus_unverified,gkf,5,28,xgb_magpie,Ca3PBr3,Ca,P,Br,1.8846,1.765029,
plus_unverified,gkf,5,26,xgb_magpie,Ca3PCl3,Ca,P,Cl,2.035,2.342135,
plus_unverified,gkf,5,28,xgb_magpie,Ca3PF3,Ca,P,F,2.518,2.477641,
plus_unverified,gkf,5,26,xgb_magpie,Ca3PI3,Ca,P,I,1.4909,1.366891,
plus_unverified,gkf,5,29,xgb_magpie,Ca3SbBr3,Ca,Sb,Br,1.782,1.647025,
plus_unverified,gkf,5,25,xgb_magpie,Ca3SbCl3,Ca,Sb,Cl,1.814,1.85293,
plus_unverified,gkf,5,27,xgb_magpie,Ca3SbF3,Ca,Sb,F,2.19,1.95788,
plus_unverified,gkf,5,27,xgb_magpie,Mg3AsBr3,Mg,As,Br,1.2907,1.361756,
plus_unverified,gkf,5,26,xgb_magpie,Mg3BiBr3,Mg,Bi,Br,0.9648,0.564558,
plus_unverified,gkf,5,29,xgb_magpie,Mg3BiI3,Mg,Bi,I,0.224,0.351654,
plus_unverified,gkf,5,26,xgb_magpie,Mg3PBr3,Mg,P,Br,1.506,1.304307,
plus_unverified,gkf,5,28,xgb_magpie,Mg3PCl3,Mg,P,Cl,2.297,2.152277,
plus_unverified,gkf,5,25,xgb_magpie,Mg3PI3,Mg,P,I,0.377,0.893446,
plus_unverified,gkf,5,28,xgb_magpie,Mg3SbBr3,Mg,Sb,Br,0.9418,1.24868,
plus_unverified,gkf,5,28,xgb_magpie,Mg3SbCl3,Mg,Sb,Cl,1.7283,1.872052,
plus_unverified,gkf,5,26,xgb_magpie,Mg3SbF3,Mg,Sb,F,3.184,2.095834,
plus_unverified,gkf,5,27,xgb_magpie,Mg3SbI3,Mg,Sb,I,0.1057,0.356379,
plus_unverified,gkf,5,26,xgb_magpie,Sr3AsCl3,Sr,As,Cl,1.7,1.644697,
plus_unverified,gkf,5,29,xgb_magpie,Sr3AsI3,Sr,As,I,1.265,1.218538,
plus_unverified,gkf,5,29,xgb_magpie,Sr3PBr3,Sr,P,Br,1.55,1.539039,
plus_unverified,gkf,5,27,xgb_magpie,Sr3PCl3,Sr,P,Cl,1.677,1.819625,
plus_unverified,gkf,5,28,xgb_magpie,Sr3PI3,Sr,P,I,1.258,1.35701,
plus_unverified,gkf,5,25,xgb_magpie,Sr3SbCl3,Sr,Sb,Cl,1.712,1.72692,
plus_unverified,gkf,5,29,xgb_magpie,Sr3SbI3,Sr,Sb,I,1.31,1.179356,
plus_unverified,gkf,6,34,xgb_magpie,Ba3AsBr3,Ba,As,Br,0.92,1.008316,
plus_unverified,gkf,6,32,xgb_magpie,Ba3AsCl3,Ba,As,Cl,0.969,1.00431,
plus_unverified,gkf,6,33,xgb_magpie,Ba3AsI3,Ba,As,I,0.802,0.849677,
plus_unverified,gkf,6,30,xgb_magpie,Ba3BiBr3,Ba,Bi,Br,0.912,0.874882,
plus_unverified,gkf,6,31,xgb_magpie,Ba3BiCl3,Ba,Bi,Cl,0.957,0.917039,
plus_unverified,gkf,6,30,xgb_magpie,Ba3BiI3,Ba,Bi,I,0.786,0.789458,
plus_unverified,gkf,6,34,xgb_magpie,Ba3PBr3,Ba,P,Br,0.944,1.01923,
plus_unverified,gkf,6,30,xgb_magpie,Ba3PCl3,Ba,P,Cl,0.964,1.266055,
plus_unverified,gkf,6,31,xgb_magpie,Ba3PI3,Ba,P,I,0.764,0.840493,
plus_unverified,gkf,6,33,xgb_magpie,Ba3SbBr3,Ba,Sb,Br,1.0819,0.945345,
plus_unverified,gkf,6,34,xgb_magpie,Ba3SbCl3,Ba,Sb,Cl,1.002,0.986351,
plus_unverified,gkf,6,32,xgb_magpie,Ba3SbI3,Ba,Sb,I,0.78,0.800255,
plus_unverified,gkf,6,31,xgb_magpie,Ca3AsBr3,Ca,As,Br,1.634,1.772344,
plus_unverified,gkf,6,30,xgb_magpie,Ca3AsCl3,Ca,As,Cl,1.742,1.856531,
plus_unverified,gkf,6,31,xgb_magpie,Ca3AsF3,Ca,As,F,2.27,2.251699,
plus_unverified,gkf,6,32,xgb_magpie,Ca3BiBr3,Ca,Bi,Br,1.6,1.464366,
plus_unverified,gkf,6,32,xgb_magpie,Ca3BiCl3,Ca,Bi,Cl,1.76,1.358339,
plus_unverified,gkf,6,34,xgb_magpie,Ca3BiI3,Ca,Bi,I,1.325,1.20196,
plus_unverified,gkf,6,34,xgb_magpie,Ca3PBr3,Ca,P,Br,1.8846,1.759634,
plus_unverified,gkf,6,34,xgb_magpie,Ca3PCl3,Ca,P,Cl,2.035,2.188993,
plus_unverified,gkf,6,30,xgb_magpie,Ca3PF3,Ca,P,F,2.518,2.50448,
plus_unverified,gkf,6,30,xgb_magpie,Ca3PI3,Ca,P,I,1.4909,1.557533,
plus_unverified,gkf,6,33,xgb_magpie,Ca3SbBr3,Ca,Sb,Br,1.782,1.637143,
plus_unverified,gkf,6,31,xgb_magpie,Ca3SbCl3,Ca,Sb,Cl,1.814,1.805568,
plus_unverified,gkf,6,33,xgb_magpie,Ca3SbF3,Ca,Sb,F,2.19,2.260998,
plus_unverified,gkf,6,32,xgb_magpie,Mg3AsBr3,Mg,As,Br,1.2907,1.38569,
plus_unverified,gkf,6,31,xgb_magpie,Mg3BiBr3,Mg,Bi,Br,0.9648,0.657726,
plus_unverified,gkf,6,33,xgb_magpie,Mg3BiI3,Mg,Bi,I,0.224,0.288116,
plus_unverified,gkf,6,30,xgb_magpie,Mg3PBr3,Mg,P,Br,1.506,1.512188,
plus_unverified,gkf,6,33,xgb_magpie,Mg3PCl3,Mg,P,Cl,2.297,2.060009,
plus_unverified,gkf,6,30,xgb_magpie,Mg3PI3,Mg,P,I,0.377,0.894558,
plus_unverified,gkf,6,34,xgb_magpie,Mg3SbBr3,Mg,Sb,Br,0.9418,1.253357,
plus_unverified,gkf,6,34,xgb_magpie,Mg3SbCl3,Mg,Sb,Cl,1.7283,2.062969,
plus_unverified,gkf,6,31,xgb_magpie,Mg3SbF3,Mg,Sb,F,3.184,2.15451,
plus_unverified,gkf,6,31,xgb_magpie,Mg3SbI3,Mg,Sb,I,0.1057,0.32189,
plus_unverified,gkf,6,32,xgb_magpie,Sr3AsCl3,Sr,As,Cl,1.7,1.52296,
plus_unverified,gkf,6,33,xgb_magpie,Sr3AsI3,Sr,As,I,1.265,1.235298,
plus_unverified,gkf,6,32,xgb_magpie,Sr3PBr3,Sr,P,Br,1.55,1.485047,
plus_unverified,gkf,6,33,xgb_magpie,Sr3PCl3,Sr,P,Cl,1.677,1.812889,
plus_unverified,gkf,6,31,xgb_magpie,Sr3PI3,Sr,P,I,1.258,1.264302,
plus_unverified,gkf,6,32,xgb_magpie,Sr3SbCl3,Sr,Sb,Cl,1.712,1.411098,
plus_unverified,gkf,6,30,xgb_magpie,Sr3SbI3,Sr,Sb,I,1.31,1.183298,
plus_unverified,gkf,7,37,xgb_magpie,Ba3AsBr3,Ba,As,Br,0.92,0.980627,
plus_unverified,gkf,7,38,xgb_magpie,Ba3AsCl3,Ba,As,Cl,0.969,1.150617,
plus_unverified,gkf,7,38,xgb_magpie,Ba3AsI3,Ba,As,I,0.802,0.81566,
plus_unverified,gkf,7,37,xgb_magpie,Ba3BiBr3,Ba,Bi,Br,0.912,0.990736,
plus_unverified,gkf,7,35,xgb_magpie,Ba3BiCl3,Ba,Bi,Cl,0.957,0.910778,
plus_unverified,gkf,7,36,xgb_magpie,Ba3BiI3,Ba,Bi,I,0.786,0.903772,
plus_unverified,gkf,7,36,xgb_magpie,Ba3PBr3,Ba,P,Br,0.944,0.901405,
plus_unverified,gkf,7,36,xgb_magpie,Ba3PCl3,Ba,P,Cl,0.964,1.223059,
plus_unverified,gkf,7,37,xgb_magpie,Ba3PI3,Ba,P,I,0.764,0.903681,
plus_unverified,gkf,7,35,xgb_magpie,Ba3SbBr3,Ba,Sb,Br,1.0819,0.928316,
plus_unverified,gkf,7,36,xgb_magpie,Ba3SbCl3,Ba,Sb,Cl,1.002,1.028686,
plus_unverified,gkf,7,36,xgb_magpie,Ba3SbI3,Ba,Sb,I,0.78,0.944943,
plus_unverified,gkf,7,35,xgb_magpie,Ca3AsBr3,Ca,As,Br,1.634,1.776362,
plus_unverified,gkf,7,38,xgb_magpie,Ca3AsCl3,Ca,As,Cl,1.742,1.959373,
plus_unverified,gkf,7,36,xgb_magpie,Ca3AsF3,Ca,As,F,2.27,2.599924,
plus_unverified,gkf,7,37,xgb_magpie,Ca3BiBr3,Ca,Bi,Br,1.6,1.429758,
plus_unverified,gkf,7,35,xgb_magpie,Ca3BiCl3,Ca,Bi,Cl,1.76,1.667462,
plus_unverified,gkf,7,38,xgb_magpie,Ca3BiI3,Ca,Bi,I,1.325,1.310064,
plus_unverified,gkf,7,36,xgb_magpie,Ca3PBr3,Ca,P,Br,1.8846,1.746022,
plus_unverified,gkf,7,39,xgb_magpie,Ca3PCl3,Ca,P,Cl,2.035,2.187142,
plus_unverified,gkf,7,36,xgb_magpie,Ca3PF3,Ca,P,F,2.518,2.609904,
plus_unverified,gkf,7,38,xgb_magpie,Ca3PI3,Ca,P,I,1.4909,1.407483,
plus_unverified,gkf,7,37,xgb_magpie,Ca3SbBr3,Ca,Sb,Br,1.782,1.657449,
plus_unverified,gkf,7,37,xgb_magpie,Ca3SbCl3,Ca,Sb,Cl,1.814,1.823049,
plus_unverified,gkf,7,39,xgb_magpie,Ca3SbF3,Ca,Sb,F,2.19,2.010371,
plus_unverified,gkf,7,37,xgb_magpie,Mg3AsBr3,Mg,As,Br,1.2907,1.413715,
plus_unverified,gkf,7,36,xgb_magpie,Mg3BiBr3,Mg,Bi,Br,0.9648,0.544177,
plus_unverified,gkf,7,35,xgb_magpie,Mg3BiI3,Mg,Bi,I,0.224,0.348428,
plus_unverified,gkf,7,38,xgb_magpie,Mg3PBr3,Mg,P,Br,1.506,1.823081,
plus_unverified,gkf,7,35,xgb_magpie,Mg3PCl3,Mg,P,Cl,2.297,1.887136,
plus_unverified,gkf,7,37,xgb_magpie,Mg3PI3,Mg,P,I,0.377,0.946747,
plus_unverified,gkf,7,38,xgb_magpie,Mg3SbBr3,Mg,Sb,Br,0.9418,1.246152,
plus_unverified,gkf,7,38,xgb_magpie,Mg3SbCl3,Mg,Sb,Cl,1.7283,1.908308,
plus_unverified,gkf,7,35,xgb_magpie,Mg3SbF3,Mg,Sb,F,3.184,1.892045,
plus_unverified,gkf,7,39,xgb_magpie,Mg3SbI3,Mg,Sb,I,0.1057,0.334008,
plus_unverified,gkf,7,39,xgb_magpie,Sr3AsCl3,Sr,As,Cl,1.7,1.565503,
plus_unverified,gkf,7,39,xgb_magpie,Sr3AsI3,Sr,As,I,1.265,1.263772,
plus_unverified,gkf,7,39,xgb_magpie,Sr3PBr3,Sr,P,Br,1.55,1.382409,
plus_unverified,gkf,7,35,xgb_magpie,Sr3PCl3,Sr,P,Cl,1.677,1.766883,
plus_unverified,gkf,7,39,xgb_magpie,Sr3PI3,Sr,P,I,1.258,1.280985,
plus_unverified,gkf,7,39,xgb_magpie,Sr3SbCl3,Sr,Sb,Cl,1.712,1.405437,
plus_unverified,gkf,7,35,xgb_magpie,Sr3SbI3,Sr,Sb,I,1.31,1.141818,
plus_unverified,gkf,8,41,xgb_magpie,Ba3AsBr3,Ba,As,Br,0.92,0.987926,
plus_unverified,gkf,8,41,xgb_magpie,Ba3AsCl3,Ba,As,Cl,0.969,1.096266,
plus_unverified,gkf,8,43,xgb_magpie,Ba3AsI3,Ba,As,I,0.802,0.836691,
plus_unverified,gkf,8,43,xgb_magpie,Ba3BiBr3,Ba,Bi,Br,0.912,0.958523,
plus_unverified,gkf,8,43,xgb_magpie,Ba3BiCl3,Ba,Bi,Cl,0.957,0.941348,
plus_unverified,gkf,8,42,xgb_magpie,Ba3BiI3,Ba,Bi,I,0.786,0.788423,
plus_unverified,gkf,8,40,xgb_magpie,Ba3PBr3,Ba,P,Br,0.944,0.9436,
plus_unverified,gkf,8,40,xgb_magpie,Ba3PCl3,Ba,P,Cl,0.964,1.0625,
plus_unverified,gkf,8,42,xgb_magpie,Ba3PI3,Ba,P,I,0.764,0.902195,
plus_unverified,gkf,8,41,xgb_magpie,Ba3SbBr3,Ba,Sb,Br,1.0819,0.90459,
plus_unverified,gkf,8,40,xgb_magpie,Ba3SbCl3,Ba,Sb,Cl,1.002,0.995613,
plus_unverified,gkf,8,43,xgb_magpie,Ba3SbI3,Ba,Sb,I,0.78,0.88515,
plus_unverified,gkf,8,40,xgb_magpie,Ca3AsBr3,Ca,As,Br,1.634,1.792663,
plus_unverified,gkf,8,43,xgb_magpie,Ca3AsCl3,Ca,As,Cl,1.742,1.834587,
plus_unverified,gkf,8,40,xgb_magpie,Ca3AsF3,Ca,As,F,2.27,2.555058,
plus_unverified,gkf,8,41,xgb_magpie,Ca3BiBr3,Ca,Bi,Br,1.6,1.487394,
plus_unverified,gkf,8,43,xgb_magpie,Ca3BiCl3,Ca,Bi,Cl,1.76,1.593703,
plus_unverified,gkf,8,41,xgb_magpie,Ca3BiI3,Ca,Bi,I,1.325,1.221309,
plus_unverified,gkf,8,43,xgb_magpie,Ca3PBr3,Ca,P,Br,1.8846,1.747523,
plus_unverified,gkf,8,40,xgb_magpie,Ca3PCl3,Ca,P,Cl,2.035,2.357775,
plus_unverified,gkf,8,44,xgb_magpie,Ca3PF3,Ca,P,F,2.518,2.182524,
plus_unverified,gkf,8,40,xgb_magpie,Ca3PI3,Ca,P,I,1.4909,1.378947,
plus_unverified,gkf,8,41,xgb_magpie,Ca3SbBr3,Ca,Sb,Br,1.782,1.618275,
plus_unverified,gkf,8,42,xgb_magpie,Ca3SbCl3,Ca,Sb,Cl,1.814,1.784393,
plus_unverified,gkf,8,41,xgb_magpie,Ca3SbF3,Ca,Sb,F,2.19,1.955818,
plus_unverified,gkf,8,40,xgb_magpie,Mg3AsBr3,Mg,As,Br,1.2907,1.609478,
plus_unverified,gkf,8,44,xgb_magpie,Mg3BiBr3,Mg,Bi,Br,0.9648,0.637262,
plus_unverified,gkf,8,44,xgb_magpie,Mg3BiI3,Mg,Bi,I,0.224,0.320668,
plus_unverified,gkf,8,42,xgb_magpie,Mg3PBr3,Mg,P,Br,1.506,1.52521,
plus_unverified,gkf,8,44,xgb_magpie,Mg3PCl3,Mg,P,Cl,2.297,1.592801,
plus_unverified,gkf,8,42,xgb_magpie,Mg3PI3,Mg,P,I,0.377,0.859988,
plus_unverified,gkf,8,40,xgb_magpie,Mg3SbBr3,Mg,Sb,Br,0.9418,1.498359,
plus_unverified,gkf,8,44,xgb_magpie,Mg3SbCl3,Mg,Sb,Cl,1.7283,1.408288,
plus_unverified,gkf,8,44,xgb_magpie,Mg3SbF3,Mg,Sb,F,3.184,1.471614,
plus_unverified,gkf,8,41,xgb_magpie,Mg3SbI3,Mg,Sb,I,0.1057,0.349863,
plus_unverified,gkf,8,41,xgb_magpie,Sr3AsCl3,Sr,As,Cl,1.7,1.651393,
plus_unverified,gkf,8,44,xgb_magpie,Sr3AsI3,Sr,As,I,1.265,1.240986,
plus_unverified,gkf,8,43,xgb_magpie,Sr3PBr3,Sr,P,Br,1.55,1.614229,
plus_unverified,gkf,8,42,xgb_magpie,Sr3PCl3,Sr,P,Cl,1.677,1.813067,
plus_unverified,gkf,8,42,xgb_magpie,Sr3PI3,Sr,P,I,1.258,1.346353,
plus_unverified,gkf,8,42,xgb_magpie,Sr3SbCl3,Sr,Sb,Cl,1.712,1.610302,
plus_unverified,gkf,8,44,xgb_magpie,Sr3SbI3,Sr,Sb,I,1.31,1.197798,
plus_unverified,gkf,9,47,xgb_magpie,Ba3AsBr3,Ba,As,Br,0.92,0.963338,
plus_unverified,gkf,9,49,xgb_magpie,Ba3AsCl3,Ba,As,Cl,0.969,1.057621,
plus_unverified,gkf,9,46,xgb_magpie,Ba3AsI3,Ba,As,I,0.802,0.807426,
plus_unverified,gkf,9,48,xgb_magpie,Ba3BiBr3,Ba,Bi,Br,0.912,0.921449,
plus_unverified,gkf,9,45,xgb_magpie,Ba3BiCl3,Ba,Bi,Cl,0.957,0.785801,
plus_unverified,gkf,9,46,xgb_magpie,Ba3BiI3,Ba,Bi,I,0.786,0.805314,
plus_unverified,gkf,9,48,xgb_magpie,Ba3PBr3,Ba,P,Br,0.944,0.940694,
plus_unverified,gkf,9,47,xgb_magpie,Ba3PCl3,Ba,P,Cl,0.964,1.034763,
plus_unverified,gkf,9,49,xgb_magpie,Ba3PI3,Ba,P,I,0.764,0.868836,
plus_unverified,gkf,9,46,xgb_magpie,Ba3SbBr3,Ba,Sb,Br,1.0819,0.89856,
plus_unverified,gkf,9,45,xgb_magpie,Ba3SbCl3,Ba,Sb,Cl,1.002,0.9592,
plus_unverified,gkf,9,47,xgb_magpie,Ba3SbI3,Ba,Sb,I,0.78,0.820509,
plus_unverified,gkf,9,48,xgb_magpie,Ca3AsBr3,Ca,As,Br,1.634,1.743778,
plus_unverified,gkf,9,47,xgb_magpie,Ca3AsCl3,Ca,As,Cl,1.742,1.808497,
plus_unverified,gkf,9,46,xgb_magpie,Ca3AsF3,Ca,As,F,2.27,2.671523,
plus_unverified,gkf,9,47,xgb_magpie,Ca3BiBr3,Ca,Bi,Br,1.6,1.47055,
plus_unverified,gkf,9,49,xgb_magpie,Ca3BiCl3,Ca,Bi,Cl,1.76,1.551049,
plus_unverified,gkf,9,45,xgb_magpie,Ca3BiI3,Ca,Bi,I,1.325,1.113264,
plus_unverified,gkf,9,45,xgb_magpie,Ca3PBr3,Ca,P,Br,1.8846,1.695784,
plus_unverified,gkf,9,47,xgb_magpie,Ca3PCl3,Ca,P,Cl,2.035,2.215771,
plus_unverified,gkf,9,45,xgb_magpie,Ca3PF3,Ca,P,F,2.518,2.713693,
plus_unverified,gkf,9,47,xgb_magpie,Ca3PI3,Ca,P,I,1.4909,1.371553,
plus_unverified,gkf,9,45,xgb_magpie,Ca3SbBr3,Ca,Sb,Br,1.782,1.656421,
plus_unverified,gkf,9,48,xgb_magpie,Ca3SbCl3,Ca,Sb,Cl,1.814,1.79891,
plus_unverified,gkf,9,48,xgb_magpie,Ca3SbF3,Ca,Sb,F,2.19,1.847202,
plus_unverified,gkf,9,49,xgb_magpie,Mg3AsBr3,Mg,As,Br,1.2907,1.535116,
plus_unverified,gkf,9,45,xgb_magpie,Mg3BiBr3,Mg,Bi,Br,0.9648,0.814702,
plus_unverified,gkf,9,48,xgb_magpie,Mg3BiI3,Mg,Bi,I,0.224,0.282809,
plus_unverified,gkf,9,49,xgb_magpie,Mg3PBr3,Mg,P,Br,1.506,1.578069,
plus_unverified,gkf,9,45,xgb_magpie,Mg3PCl3,Mg,P,Cl,2.297,2.316336,
plus_unverified,gkf,9,46,xgb_magpie,Mg3PI3,Mg,P,I,0.377,0.946307,
plus_unverified,gkf,9,47,xgb_magpie,Mg3SbBr3,Mg,Sb,Br,0.9418,1.253634,
plus_unverified,gkf,9,49,xgb_magpie,Mg3SbCl3,Mg,Sb,Cl,1.7283,1.995104,
plus_unverified,gkf,9,48,xgb_magpie,Mg3SbF3,Mg,Sb,F,3.184,2.088769,
plus_unverified,gkf,9,49,xgb_magpie,Mg3SbI3,Mg,Sb,I,0.1057,0.33448,
plus_unverified,gkf,9,48,xgb_magpie,Sr3AsCl3,Sr,As,Cl,1.7,1.655054,
plus_unverified,gkf,9,46,xgb_magpie,Sr3AsI3,Sr,As,I,1.265,0.993166,
plus_unverified,gkf,9,46,xgb_magpie,Sr3PBr3,Sr,P,Br,1.55,1.328901,
plus_unverified,gkf,9,45,xgb_magpie,Sr3PCl3,Sr,P,Cl,1.677,1.738297,
plus_unverified,gkf,9,46,xgb_magpie,Sr3PI3,Sr,P,I,1.258,1.055223,
plus_unverified,gkf,9,49,xgb_magpie,Sr3SbCl3,Sr,Sb,Cl,1.712,1.605911,
plus_unverified,gkf,9,46,xgb_magpie,Sr3SbI3,Sr,Sb,I,1.31,0.966283,
plus_unverified,gkf,0,2,xgb_physics9,Ba3AsBr3,Ba,As,Br,0.92,0.940765,
plus_unverified,gkf,0,2,xgb_physics9,Ba3AsCl3,Ba,As,Cl,0.969,0.936576,
plus_unverified,gkf,0,3,xgb_physics9,Ba3AsI3,Ba,As,I,0.802,0.834986,
plus_unverified,gkf,0,3,xgb_physics9,Ba3BiBr3,Ba,Bi,Br,0.912,0.980101,
plus_unverified,gkf,0,0,xgb_physics9,Ba3BiCl3,Ba,Bi,Cl,0.957,1.115301,
plus_unverified,gkf,0,2,xgb_physics9,Ba3BiI3,Ba,Bi,I,0.786,0.929939,
plus_unverified,gkf,0,1,xgb_physics9,Ba3PBr3,Ba,P,Br,0.944,0.921011,
plus_unverified,gkf,0,4,xgb_physics9,Ba3PCl3,Ba,P,Cl,0.964,1.093921,
plus_unverified,gkf,0,0,xgb_physics9,Ba3PI3,Ba,P,I,0.764,0.974284,
plus_unverified,gkf,0,1,xgb_physics9,Ba3SbBr3,Ba,Sb,Br,1.0819,0.926886,
plus_unverified,gkf,0,4,xgb_physics9,Ba3SbCl3,Ba,Sb,Cl,1.002,1.006887,
plus_unverified,gkf,0,2,xgb_physics9,Ba3SbI3,Ba,Sb,I,0.78,0.894447,
plus_unverified,gkf,0,1,xgb_physics9,Ca3AsBr3,Ca,As,Br,1.634,1.794415,
plus_unverified,gkf,0,0,xgb_physics9,Ca3AsCl3,Ca,As,Cl,1.742,1.663468,
plus_unverified,gkf,0,4,xgb_physics9,Ca3AsF3,Ca,As,F,2.27,2.215298,
plus_unverified,gkf,0,1,xgb_physics9,Ca3BiBr3,Ca,Bi,Br,1.6,1.63677,
plus_unverified,gkf,0,1,xgb_physics9,Ca3BiCl3,Ca,Bi,Cl,1.76,1.746911,
plus_unverified,gkf,0,1,xgb_physics9,Ca3BiI3,Ca,Bi,I,1.325,1.22414,
plus_unverified,gkf,0,4,xgb_physics9,Ca3PBr3,Ca,P,Br,1.8846,1.693049,
plus_unverified,gkf,0,0,xgb_physics9,Ca3PCl3,Ca,P,Cl,2.035,1.755198,
plus_unverified,gkf,0,4,xgb_physics9,Ca3PF3,Ca,P,F,2.518,2.21766,
plus_unverified,gkf,0,3,xgb_physics9,Ca3PI3,Ca,P,I,1.4909,1.357987,
plus_unverified,gkf,0,4,xgb_physics9,Ca3SbBr3,Ca,Sb,Br,1.782,1.587862,
plus_unverified,gkf,0,3,xgb_physics9,Ca3SbCl3,Ca,Sb,Cl,1.814,1.8661,
plus_unverified,gkf,0,2,xgb_physics9,Ca3SbF3,Ca,Sb,F,2.19,2.875808,
plus_unverified,gkf,0,0,xgb_physics9,Mg3AsBr3,Mg,As,Br,1.2907,1.125953,
plus_unverified,gkf,0,0,xgb_physics9,Mg3BiBr3,Mg,Bi,Br,0.9648,1.094604,
plus_unverified,gkf,0,1,xgb_physics9,Mg3BiI3,Mg,Bi,I,0.224,0.197069,
plus_unverified,gkf,0,4,xgb_physics9,Mg3PBr3,Mg,P,Br,1.506,1.190274,
plus_unverified,gkf,0,0,xgb_physics9,Mg3PCl3,Mg,P,Cl,2.297,1.756404,
plus_unverified,gkf,0,0,xgb_physics9,Mg3PI3,Mg,P,I,0.377,0.563964,
plus_unverified,gkf,0,2,xgb_physics9,Mg3SbBr3,Mg,Sb,Br,0.9418,1.150607,
plus_unverified,gkf,0,3,xgb_physics9,Mg3SbCl3,Mg,Sb,Cl,1.7283,2.037135,
plus_unverified,gkf,0,1,xgb_physics9,Mg3SbF3,Mg,Sb,F,3.184,2.103752,
plus_unverified,gkf,0,3,xgb_physics9,Mg3SbI3,Mg,Sb,I,0.1057,0.281985,
plus_unverified,gkf,0,2,xgb_physics9,Sr3AsCl3,Sr,As,Cl,1.7,1.585586,
plus_unverified,gkf,0,1,xgb_physics9,Sr3AsI3,Sr,As,I,1.265,1.25947,
plus_unverified,gkf,0,3,xgb_physics9,Sr3PBr3,Sr,P,Br,1.55,1.61726,
plus_unverified,gkf,0,4,xgb_physics9,Sr3PCl3,Sr,P,Cl,1.677,1.804939,
plus_unverified,gkf,0,0,xgb_physics9,Sr3PI3,Sr,P,I,1.258,1.427865,
plus_unverified,gkf,0,2,xgb_physics9,Sr3SbCl3,Sr,Sb,Cl,1.712,1.606107,
plus_unverified,gkf,0,3,xgb_physics9,Sr3SbI3,Sr,Sb,I,1.31,1.174474,
plus_unverified,gkf,1,5,xgb_physics9,Ba3AsBr3,Ba,As,Br,0.92,0.99594,
plus_unverified,gkf,1,8,xgb_physics9,Ba3AsCl3,Ba,As,Cl,0.969,1.032225,
plus_unverified,gkf,1,7,xgb_physics9,Ba3AsI3,Ba,As,I,0.802,0.80207,
plus_unverified,gkf,1,9,xgb_physics9,Ba3BiBr3,Ba,Bi,Br,0.912,0.98355,
plus_unverified,gkf,1,5,xgb_physics9,Ba3BiCl3,Ba,Bi,Cl,0.957,0.929044,
plus_unverified,gkf,1,6,xgb_physics9,Ba3BiI3,Ba,Bi,I,0.786,0.831276,
plus_unverified,gkf,1,8,xgb_physics9,Ba3PBr3,Ba,P,Br,0.944,0.986632,
plus_unverified,gkf,1,8,xgb_physics9,Ba3PCl3,Ba,P,Cl,0.964,1.090381,
plus_unverified,gkf,1,9,xgb_physics9,Ba3PI3,Ba,P,I,0.764,0.951391,
plus_unverified,gkf,1,6,xgb_physics9,Ba3SbBr3,Ba,Sb,Br,1.0819,0.876666,
plus_unverified,gkf,1,5,xgb_physics9,Ba3SbCl3,Ba,Sb,Cl,1.002,0.989438,
plus_unverified,gkf,1,8,xgb_physics9,Ba3SbI3,Ba,Sb,I,0.78,0.826974,
plus_unverified,gkf,1,5,xgb_physics9,Ca3AsBr3,Ca,As,Br,1.634,1.742046,
plus_unverified,gkf,1,9,xgb_physics9,Ca3AsCl3,Ca,As,Cl,1.742,1.881337,
plus_unverified,gkf,1,8,xgb_physics9,Ca3AsF3,Ca,As,F,2.27,2.313889,
plus_unverified,gkf,1,6,xgb_physics9,Ca3BiBr3,Ca,Bi,Br,1.6,1.428668,
plus_unverified,gkf,1,7,xgb_physics9,Ca3BiCl3,Ca,Bi,Cl,1.76,1.715881,
plus_unverified,gkf,1,9,xgb_physics9,Ca3BiI3,Ca,Bi,I,1.325,1.066107,
plus_unverified,gkf,1,6,xgb_physics9,Ca3PBr3,Ca,P,Br,1.8846,1.782265,
plus_unverified,gkf,1,8,xgb_physics9,Ca3PCl3,Ca,P,Cl,2.035,2.025249,
plus_unverified,gkf,1,6,xgb_physics9,Ca3PF3,Ca,P,F,2.518,2.227269,
plus_unverified,gkf,1,7,xgb_physics9,Ca3PI3,Ca,P,I,1.4909,1.442103,
plus_unverified,gkf,1,6,xgb_physics9,Ca3SbBr3,Ca,Sb,Br,1.782,1.469782,
plus_unverified,gkf,1,5,xgb_physics9,Ca3SbCl3,Ca,Sb,Cl,1.814,1.958706,
plus_unverified,gkf,1,9,xgb_physics9,Ca3SbF3,Ca,Sb,F,2.19,2.911389,
plus_unverified,gkf,1,9,xgb_physics9,Mg3AsBr3,Mg,As,Br,1.2907,1.041438,
plus_unverified,gkf,1,7,xgb_physics9,Mg3BiBr3,Mg,Bi,Br,0.9648,0.922565,
plus_unverified,gkf,1,8,xgb_physics9,Mg3BiI3,Mg,Bi,I,0.224,0.246762,
plus_unverified,gkf,1,5,xgb_physics9,Mg3PBr3,Mg,P,Br,1.506,1.227064,
plus_unverified,gkf,1,6,xgb_physics9,Mg3PCl3,Mg,P,Cl,2.297,1.858311,
plus_unverified,gkf,1,7,xgb_physics9,Mg3PI3,Mg,P,I,0.377,0.692561,
plus_unverified,gkf,1,8,xgb_physics9,Mg3SbBr3,Mg,Sb,Br,0.9418,1.196403,
plus_unverified,gkf,1,5,xgb_physics9,Mg3SbCl3,Mg,Sb,Cl,1.7283,2.192615,
plus_unverified,gkf,1,6,xgb_physics9,Mg3SbF3,Mg,Sb,F,3.184,2.059197,
plus_unverified,gkf,1,6,xgb_physics9,Mg3SbI3,Mg,Sb,I,0.1057,0.31188,
plus_unverified,gkf,1,5,xgb_physics9,Sr3AsCl3,Sr,As,Cl,1.7,1.625783,
plus_unverified,gkf,1,7,xgb_physics9,Sr3AsI3,Sr,As,I,1.265,1.27948,
plus_unverified,gkf,1,5,xgb_physics9,Sr3PBr3,Sr,P,Br,1.55,1.586991,
plus_unverified,gkf,1,9,xgb_physics9,Sr3PCl3,Sr,P,Cl,1.677,1.768888,
plus_unverified,gkf,1,7,xgb_physics9,Sr3PI3,Sr,P,I,1.258,1.28847,
plus_unverified,gkf,1,7,xgb_physics9,Sr3SbCl3,Sr,Sb,Cl,1.712,1.642977,
plus_unverified,gkf,1,9,xgb_physics9,Sr3SbI3,Sr,Sb,I,1.31,1.077856,
plus_unverified,gkf,2,13,xgb_physics9,Ba3AsBr3,Ba,As,Br,0.92,0.982492,
plus_unverified,gkf,2,10,xgb_physics9,Ba3AsCl3,Ba,As,Cl,0.969,0.949221,
plus_unverified,gkf,2,12,xgb_physics9,Ba3AsI3,Ba,As,I,0.802,0.83392,
plus_unverified,gkf,2,10,xgb_physics9,Ba3BiBr3,Ba,Bi,Br,0.912,0.996177,
plus_unverified,gkf,2,11,xgb_physics9,Ba3BiCl3,Ba,Bi,Cl,0.957,1.048126,
plus_unverified,gkf,2,10,xgb_physics9,Ba3BiI3,Ba,Bi,I,0.786,0.846658,
plus_unverified,gkf,2,13,xgb_physics9,Ba3PBr3,Ba,P,Br,0.944,1.040892,
plus_unverified,gkf,2,13,xgb_physics9,Ba3PCl3,Ba,P,Cl,0.964,1.09293,
plus_unverified,gkf,2,13,xgb_physics9,Ba3PI3,Ba,P,I,0.764,0.974303,
plus_unverified,gkf,2,11,xgb_physics9,Ba3SbBr3,Ba,Sb,Br,1.0819,0.905048,
plus_unverified,gkf,2,12,xgb_physics9,Ba3SbCl3,Ba,Sb,Cl,1.002,1.001574,
plus_unverified,gkf,2,13,xgb_physics9,Ba3SbI3,Ba,Sb,I,0.78,0.886539,
plus_unverified,gkf,2,10,xgb_physics9,Ca3AsBr3,Ca,As,Br,1.634,1.722865,
plus_unverified,gkf,2,11,xgb_physics9,Ca3AsCl3,Ca,As,Cl,1.742,1.92489,
plus_unverified,gkf,2,14,xgb_physics9,Ca3AsF3,Ca,As,F,2.27,2.856756,
plus_unverified,gkf,2,14,xgb_physics9,Ca3BiBr3,Ca,Bi,Br,1.6,1.620645,
plus_unverified,gkf,2,12,xgb_physics9,Ca3BiCl3,Ca,Bi,Cl,1.76,1.856953,
plus_unverified,gkf,2,14,xgb_physics9,Ca3BiI3,Ca,Bi,I,1.325,1.259714,
plus_unverified,gkf,2,12,xgb_physics9,Ca3PBr3,Ca,P,Br,1.8846,1.740475,
plus_unverified,gkf,2,10,xgb_physics9,Ca3PCl3,Ca,P,Cl,2.035,1.997963,
plus_unverified,gkf,2,14,xgb_physics9,Ca3PF3,Ca,P,F,2.518,2.898538,
plus_unverified,gkf,2,11,xgb_physics9,Ca3PI3,Ca,P,I,1.4909,1.402263,
plus_unverified,gkf,2,11,xgb_physics9,Ca3SbBr3,Ca,Sb,Br,1.782,1.634264,
plus_unverified,gkf,2,14,xgb_physics9,Ca3SbCl3,Ca,Sb,Cl,1.814,1.810994,
plus_unverified,gkf,2,14,xgb_physics9,Ca3SbF3,Ca,Sb,F,2.19,2.880321,
plus_unverified,gkf,2,14,xgb_physics9,Mg3AsBr3,Mg,As,Br,1.2907,0.878768,
plus_unverified,gkf,2,12,xgb_physics9,Mg3BiBr3,Mg,Bi,Br,0.9648,1.184282,
plus_unverified,gkf,2,11,xgb_physics9,Mg3BiI3,Mg,Bi,I,0.224,0.449429,
plus_unverified,gkf,2,14,xgb_physics9,Mg3PBr3,Mg,P,Br,1.506,1.073869,
plus_unverified,gkf,2,12,xgb_physics9,Mg3PCl3,Mg,P,Cl,2.297,1.854085,
plus_unverified,gkf,2,11,xgb_physics9,Mg3PI3,Mg,P,I,0.377,0.773805,
plus_unverified,gkf,2,11,xgb_physics9,Mg3SbBr3,Mg,Sb,Br,0.9418,0.95934,
plus_unverified,gkf,2,10,xgb_physics9,Mg3SbCl3,Mg,Sb,Cl,1.7283,2.084471,
plus_unverified,gkf,2,13,xgb_physics9,Mg3SbF3,Mg,Sb,F,3.184,2.118545,
plus_unverified,gkf,2,10,xgb_physics9,Mg3SbI3,Mg,Sb,I,0.1057,0.286289,
plus_unverified,gkf,2,12,xgb_physics9,Sr3AsCl3,Sr,As,Cl,1.7,1.619523,
plus_unverified,gkf,2,13,xgb_physics9,Sr3AsI3,Sr,As,I,1.265,1.154582,
plus_unverified,gkf,2,10,xgb_physics9,Sr3PBr3,Sr,P,Br,1.55,1.620074,
plus_unverified,gkf,2,13,xgb_physics9,Sr3PCl3,Sr,P,Cl,1.677,1.801752,
plus_unverified,gkf,2,10,xgb_physics9,Sr3PI3,Sr,P,I,1.258,1.310054,
plus_unverified,gkf,2,11,xgb_physics9,Sr3SbCl3,Sr,Sb,Cl,1.712,1.623706,
plus_unverified,gkf,2,12,xgb_physics9,Sr3SbI3,Sr,Sb,I,1.31,1.134044,
plus_unverified,gkf,3,19,xgb_physics9,Ba3AsBr3,Ba,As,Br,0.92,0.919792,
plus_unverified,gkf,3,15,xgb_physics9,Ba3AsCl3,Ba,As,Cl,0.969,0.951711,
plus_unverified,gkf,3,19,xgb_physics9,Ba3AsI3,Ba,As,I,0.802,0.77179,
plus_unverified,gkf,3,17,xgb_physics9,Ba3BiBr3,Ba,Bi,Br,0.912,0.91564,
plus_unverified,gkf,3,19,xgb_physics9,Ba3BiCl3,Ba,Bi,Cl,0.957,1.042476,
plus_unverified,gkf,3,15,xgb_physics9,Ba3BiI3,Ba,Bi,I,0.786,0.851226,
plus_unverified,gkf,3,18,xgb_physics9,Ba3PBr3,Ba,P,Br,0.944,0.954985,
plus_unverified,gkf,3,15,xgb_physics9,Ba3PCl3,Ba,P,Cl,0.964,1.019767,
plus_unverified,gkf,3,18,xgb_physics9,Ba3PI3,Ba,P,I,0.764,0.857819,
plus_unverified,gkf,3,17,xgb_physics9,Ba3SbBr3,Ba,Sb,Br,1.0819,0.9486,
plus_unverified,gkf,3,16,xgb_physics9,Ba3SbCl3,Ba,Sb,Cl,1.002,0.982244,
plus_unverified,gkf,3,15,xgb_physics9,Ba3SbI3,Ba,Sb,I,0.78,0.828593,
plus_unverified,gkf,3,17,xgb_physics9,Ca3AsBr3,Ca,As,Br,1.634,1.645388,
plus_unverified,gkf,3,19,xgb_physics9,Ca3AsCl3,Ca,As,Cl,1.742,1.913607,
plus_unverified,gkf,3,18,xgb_physics9,Ca3AsF3,Ca,As,F,2.27,2.174428,
plus_unverified,gkf,3,16,xgb_physics9,Ca3BiBr3,Ca,Bi,Br,1.6,1.456926,
plus_unverified,gkf,3,17,xgb_physics9,Ca3BiCl3,Ca,Bi,Cl,1.76,1.696049,
plus_unverified,gkf,3,16,xgb_physics9,Ca3BiI3,Ca,Bi,I,1.325,0.92594,
plus_unverified,gkf,3,17,xgb_physics9,Ca3PBr3,Ca,P,Br,1.8846,1.764548,
plus_unverified,gkf,3,17,xgb_physics9,Ca3PCl3,Ca,P,Cl,2.035,1.964047,
plus_unverified,gkf,3,16,xgb_physics9,Ca3PF3,Ca,P,F,2.518,2.331405,
plus_unverified,gkf,3,16,xgb_physics9,Ca3PI3,Ca,P,I,1.4909,1.161366,
plus_unverified,gkf,3,16,xgb_physics9,Ca3SbBr3,Ca,Sb,Br,1.782,1.564461,
plus_unverified,gkf,3,15,xgb_physics9,Ca3SbCl3,Ca,Sb,Cl,1.814,1.879583,
plus_unverified,gkf,3,16,xgb_physics9,Ca3SbF3,Ca,Sb,F,2.19,2.871846,
plus_unverified,gkf,3,18,xgb_physics9,Mg3AsBr3,Mg,As,Br,1.2907,0.811997,
plus_unverified,gkf,3,18,xgb_physics9,Mg3BiBr3,Mg,Bi,Br,0.9648,0.894374,
plus_unverified,gkf,3,16,xgb_physics9,Mg3BiI3,Mg,Bi,I,0.224,0.203328,
plus_unverified,gkf,3,18,xgb_physics9,Mg3PBr3,Mg,P,Br,1.506,1.045807,
plus_unverified,gkf,3,15,xgb_physics9,Mg3PCl3,Mg,P,Cl,2.297,1.776214,
plus_unverified,gkf,3,15,xgb_physics9,Mg3PI3,Mg,P,I,0.377,0.714332,
plus_unverified,gkf,3,17,xgb_physics9,Mg3SbBr3,Mg,Sb,Br,0.9418,1.16616,
plus_unverified,gkf,3,15,xgb_physics9,Mg3SbCl3,Mg,Sb,Cl,1.7283,1.414412,
plus_unverified,gkf,3,18,xgb_physics9,Mg3SbF3,Mg,Sb,F,3.184,2.105338,
plus_unverified,gkf,3,19,xgb_physics9,Mg3SbI3,Mg,Sb,I,0.1057,0.25691,
plus_unverified,gkf,3,15,xgb_physics9,Sr3AsCl3,Sr,As,Cl,1.7,1.622099,
plus_unverified,gkf,3,19,xgb_physics9,Sr3AsI3,Sr,As,I,1.265,1.200566,
plus_unverified,gkf,3,18,xgb_physics9,Sr3PBr3,Sr,P,Br,1.55,1.615095,
plus_unverified,gkf,3,16,xgb_physics9,Sr3PCl3,Sr,P,Cl,1.677,1.805426,
plus_unverified,gkf,3,17,xgb_physics9,Sr3PI3,Sr,P,I,1.258,1.325275,
plus_unverified,gkf,3,19,xgb_physics9,Sr3SbCl3,Sr,Sb,Cl,1.712,1.598894,
plus_unverified,gkf,3,19,xgb_physics9,Sr3SbI3,Sr,Sb,I,1.31,1.183547,
plus_unverified,gkf,4,23,xgb_physics9,Ba3AsBr3,Ba,As,Br,0.92,0.939817,
plus_unverified,gkf,4,20,xgb_physics9,Ba3AsCl3,Ba,As,Cl,0.969,1.008478,
plus_unverified,gkf,4,22,xgb_physics9,Ba3AsI3,Ba,As,I,0.802,0.916102,
plus_unverified,gkf,4,21,xgb_physics9,Ba3BiBr3,Ba,Bi,Br,0.912,0.893401,
plus_unverified,gkf,4,22,xgb_physics9,Ba3BiCl3,Ba,Bi,Cl,0.957,0.997495,
plus_unverified,gkf,4,24,xgb_physics9,Ba3BiI3,Ba,Bi,I,0.786,0.851506,
plus_unverified,gkf,4,22,xgb_physics9,Ba3PBr3,Ba,P,Br,0.944,1.114929,
plus_unverified,gkf,4,22,xgb_physics9,Ba3PCl3,Ba,P,Cl,0.964,1.107327,
plus_unverified,gkf,4,22,xgb_physics9,Ba3PI3,Ba,P,I,0.764,0.988611,
plus_unverified,gkf,4,21,xgb_physics9,Ba3SbBr3,Ba,Sb,Br,1.0819,0.890284,
plus_unverified,gkf,4,24,xgb_physics9,Ba3SbCl3,Ba,Sb,Cl,1.002,1.08277,
plus_unverified,gkf,4,21,xgb_physics9,Ba3SbI3,Ba,Sb,I,0.78,0.828251,
plus_unverified,gkf,4,23,xgb_physics9,Ca3AsBr3,Ca,As,Br,1.634,1.71555,
plus_unverified,gkf,4,20,xgb_physics9,Ca3AsCl3,Ca,As,Cl,1.742,2.027717,
plus_unverified,gkf,4,21,xgb_physics9,Ca3AsF3,Ca,As,F,2.27,2.238644,
plus_unverified,gkf,4,21,xgb_physics9,Ca3BiBr3,Ca,Bi,Br,1.6,1.544274,
plus_unverified,gkf,4,20,xgb_physics9,Ca3BiCl3,Ca,Bi,Cl,1.76,1.861681,
plus_unverified,gkf,4,20,xgb_physics9,Ca3BiI3,Ca,Bi,I,1.325,1.238901,
plus_unverified,gkf,4,20,xgb_physics9,Ca3PBr3,Ca,P,Br,1.8846,1.706871,
plus_unverified,gkf,4,24,xgb_physics9,Ca3PCl3,Ca,P,Cl,2.035,1.849672,
plus_unverified,gkf,4,21,xgb_physics9,Ca3PF3,Ca,P,F,2.518,2.27098,
plus_unverified,gkf,4,21,xgb_physics9,Ca3PI3,Ca,P,I,1.4909,1.378445,
plus_unverified,gkf,4,21,xgb_physics9,Ca3SbBr3,Ca,Sb,Br,1.782,1.560732,
plus_unverified,gkf,4,20,xgb_physics9,Ca3SbCl3,Ca,Sb,Cl,1.814,1.949543,
plus_unverified,gkf,4,24,xgb_physics9,Ca3SbF3,Ca,Sb,F,2.19,2.875846,
plus_unverified,gkf,4,22,xgb_physics9,Mg3AsBr3,Mg,As,Br,1.2907,1.07727,
plus_unverified,gkf,4,23,xgb_physics9,Mg3BiBr3,Mg,Bi,Br,0.9648,1.383315,
plus_unverified,gkf,4,24,xgb_physics9,Mg3BiI3,Mg,Bi,I,0.224,0.389703,
plus_unverified,gkf,4,20,xgb_physics9,Mg3PBr3,Mg,P,Br,1.506,1.306926,
plus_unverified,gkf,4,24,xgb_physics9,Mg3PCl3,Mg,P,Cl,2.297,1.773716,
plus_unverified,gkf,4,20,xgb_physics9,Mg3PI3,Mg,P,I,0.377,0.601484,
plus_unverified,gkf,4,23,xgb_physics9,Mg3SbBr3,Mg,Sb,Br,0.9418,1.431488,
plus_unverified,gkf,4,23,xgb_physics9,Mg3SbCl3,Mg,Sb,Cl,1.7283,2.118611,
plus_unverified,gkf,4,22,xgb_physics9,Mg3SbF3,Mg,Sb,F,3.184,2.135736,
plus_unverified,gkf,4,23,xgb_physics9,Mg3SbI3,Mg,Sb,I,0.1057,0.321035,
plus_unverified,gkf,4,20,xgb_physics9,Sr3AsCl3,Sr,As,Cl,1.7,1.709335,
plus_unverified,gkf,4,21,xgb_physics9,Sr3AsI3,Sr,As,I,1.265,1.240023,
plus_unverified,gkf,4,23,xgb_physics9,Sr3PBr3,Sr,P,Br,1.55,1.642917,
plus_unverified,gkf,4,23,xgb_physics9,Sr3PCl3,Sr,P,Cl,1.677,1.782006,
plus_unverified,gkf,4,24,xgb_physics9,Sr3PI3,Sr,P,I,1.258,1.319838,
plus_unverified,gkf,4,24,xgb_physics9,Sr3SbCl3,Sr,Sb,Cl,1.712,1.709206,
plus_unverified,gkf,4,22,xgb_physics9,Sr3SbI3,Sr,Sb,I,1.31,1.102538,
plus_unverified,gkf,5,28,xgb_physics9,Ba3AsBr3,Ba,As,Br,0.92,0.961852,
plus_unverified,gkf,5,29,xgb_physics9,Ba3AsCl3,Ba,As,Cl,0.969,0.965474,
plus_unverified,gkf,5,29,xgb_physics9,Ba3AsI3,Ba,As,I,0.802,0.791337,
plus_unverified,gkf,5,27,xgb_physics9,Ba3BiBr3,Ba,Bi,Br,0.912,1.023083,
plus_unverified,gkf,5,27,xgb_physics9,Ba3BiCl3,Ba,Bi,Cl,0.957,1.153303,
plus_unverified,gkf,5,27,xgb_physics9,Ba3BiI3,Ba,Bi,I,0.786,0.91099,
plus_unverified,gkf,5,25,xgb_physics9,Ba3PBr3,Ba,P,Br,0.944,0.973971,
plus_unverified,gkf,5,25,xgb_physics9,Ba3PCl3,Ba,P,Cl,0.964,1.00318,
plus_unverified,gkf,5,26,xgb_physics9,Ba3PI3,Ba,P,I,0.764,0.83007,
plus_unverified,gkf,5,25,xgb_physics9,Ba3SbBr3,Ba,Sb,Br,1.0819,0.958076,
plus_unverified,gkf,5,27,xgb_physics9,Ba3SbCl3,Ba,Sb,Cl,1.002,1.130639,
plus_unverified,gkf,5,28,xgb_physics9,Ba3SbI3,Ba,Sb,I,0.78,0.825663,
plus_unverified,gkf,5,25,xgb_physics9,Ca3AsBr3,Ca,As,Br,1.634,1.780308,
plus_unverified,gkf,5,25,xgb_physics9,Ca3AsCl3,Ca,As,Cl,1.742,1.976354,
plus_unverified,gkf,5,26,xgb_physics9,Ca3AsF3,Ca,As,F,2.27,2.164909,
plus_unverified,gkf,5,26,xgb_physics9,Ca3BiBr3,Ca,Bi,Br,1.6,1.682695,
plus_unverified,gkf,5,29,xgb_physics9,Ca3BiCl3,Ca,Bi,Cl,1.76,1.770008,
plus_unverified,gkf,5,25,xgb_physics9,Ca3BiI3,Ca,Bi,I,1.325,1.205065,
plus_unverified,gkf,5,28,xgb_physics9,Ca3PBr3,Ca,P,Br,1.8846,1.782253,
plus_unverified,gkf,5,26,xgb_physics9,Ca3PCl3,Ca,P,Cl,2.035,2.137285,
plus_unverified,gkf,5,28,xgb_physics9,Ca3PF3,Ca,P,F,2.518,2.255903,
plus_unverified,gkf,5,26,xgb_physics9,Ca3PI3,Ca,P,I,1.4909,1.390919,
plus_unverified,gkf,5,29,xgb_physics9,Ca3SbBr3,Ca,Sb,Br,1.782,1.585917,
plus_unverified,gkf,5,25,xgb_physics9,Ca3SbCl3,Ca,Sb,Cl,1.814,1.88308,
plus_unverified,gkf,5,27,xgb_physics9,Ca3SbF3,Ca,Sb,F,2.19,2.897386,
plus_unverified,gkf,5,27,xgb_physics9,Mg3AsBr3,Mg,As,Br,1.2907,1.054157,
plus_unverified,gkf,5,26,xgb_physics9,Mg3BiBr3,Mg,Bi,Br,0.9648,0.998302,
plus_unverified,gkf,5,29,xgb_physics9,Mg3BiI3,Mg,Bi,I,0.224,0.347439,
plus_unverified,gkf,5,26,xgb_physics9,Mg3PBr3,Mg,P,Br,1.506,1.311027,
plus_unverified,gkf,5,28,xgb_physics9,Mg3PCl3,Mg,P,Cl,2.297,1.553886,
plus_unverified,gkf,5,25,xgb_physics9,Mg3PI3,Mg,P,I,0.377,0.742522,
plus_unverified,gkf,5,28,xgb_physics9,Mg3SbBr3,Mg,Sb,Br,0.9418,1.197538,
plus_unverified,gkf,5,28,xgb_physics9,Mg3SbCl3,Mg,Sb,Cl,1.7283,1.293476,
plus_unverified,gkf,5,26,xgb_physics9,Mg3SbF3,Mg,Sb,F,3.184,2.090769,
plus_unverified,gkf,5,27,xgb_physics9,Mg3SbI3,Mg,Sb,I,0.1057,0.293239,
plus_unverified,gkf,5,26,xgb_physics9,Sr3AsCl3,Sr,As,Cl,1.7,1.622201,
plus_unverified,gkf,5,29,xgb_physics9,Sr3AsI3,Sr,As,I,1.265,1.195677,
plus_unverified,gkf,5,29,xgb_physics9,Sr3PBr3,Sr,P,Br,1.55,1.589909,
plus_unverified,gkf,5,27,xgb_physics9,Sr3PCl3,Sr,P,Cl,1.677,1.718851,
plus_unverified,gkf,5,28,xgb_physics9,Sr3PI3,Sr,P,I,1.258,1.283634,
plus_unverified,gkf,5,25,xgb_physics9,Sr3SbCl3,Sr,Sb,Cl,1.712,1.622111,
plus_unverified,gkf,5,29,xgb_physics9,Sr3SbI3,Sr,Sb,I,1.31,1.117174,
plus_unverified,gkf,6,34,xgb_physics9,Ba3AsBr3,Ba,As,Br,0.92,0.960688,
plus_unverified,gkf,6,32,xgb_physics9,Ba3AsCl3,Ba,As,Cl,0.969,0.920531,
plus_unverified,gkf,6,33,xgb_physics9,Ba3AsI3,Ba,As,I,0.802,0.796316,
plus_unverified,gkf,6,30,xgb_physics9,Ba3BiBr3,Ba,Bi,Br,0.912,0.990383,
plus_unverified,gkf,6,31,xgb_physics9,Ba3BiCl3,Ba,Bi,Cl,0.957,0.92606,
plus_unverified,gkf,6,30,xgb_physics9,Ba3BiI3,Ba,Bi,I,0.786,0.845185,
plus_unverified,gkf,6,34,xgb_physics9,Ba3PBr3,Ba,P,Br,0.944,0.965117,
plus_unverified,gkf,6,30,xgb_physics9,Ba3PCl3,Ba,P,Cl,0.964,1.003169,
plus_unverified,gkf,6,31,xgb_physics9,Ba3PI3,Ba,P,I,0.764,0.914957,
plus_unverified,gkf,6,33,xgb_physics9,Ba3SbBr3,Ba,Sb,Br,1.0819,0.874297,
plus_unverified,gkf,6,34,xgb_physics9,Ba3SbCl3,Ba,Sb,Cl,1.002,0.992293,
plus_unverified,gkf,6,32,xgb_physics9,Ba3SbI3,Ba,Sb,I,0.78,0.823215,
plus_unverified,gkf,6,31,xgb_physics9,Ca3AsBr3,Ca,As,Br,1.634,1.716838,
plus_unverified,gkf,6,30,xgb_physics9,Ca3AsCl3,Ca,As,Cl,1.742,1.926654,
plus_unverified,gkf,6,31,xgb_physics9,Ca3AsF3,Ca,As,F,2.27,2.209506,
plus_unverified,gkf,6,32,xgb_physics9,Ca3BiBr3,Ca,Bi,Br,1.6,1.606914,
plus_unverified,gkf,6,32,xgb_physics9,Ca3BiCl3,Ca,Bi,Cl,1.76,1.745247,
plus_unverified,gkf,6,34,xgb_physics9,Ca3BiI3,Ca,Bi,I,1.325,1.222715,
plus_unverified,gkf,6,34,xgb_physics9,Ca3PBr3,Ca,P,Br,1.8846,1.76973,
plus_unverified,gkf,6,34,xgb_physics9,Ca3PCl3,Ca,P,Cl,2.035,1.912586,
plus_unverified,gkf,6,30,xgb_physics9,Ca3PF3,Ca,P,F,2.518,2.24091,
plus_unverified,gkf,6,30,xgb_physics9,Ca3PI3,Ca,P,I,1.4909,1.381402,
plus_unverified,gkf,6,33,xgb_physics9,Ca3SbBr3,Ca,Sb,Br,1.782,1.574062,
plus_unverified,gkf,6,31,xgb_physics9,Ca3SbCl3,Ca,Sb,Cl,1.814,1.869513,
plus_unverified,gkf,6,33,xgb_physics9,Ca3SbF3,Ca,Sb,F,2.19,2.896116,
plus_unverified,gkf,6,32,xgb_physics9,Mg3AsBr3,Mg,As,Br,1.2907,1.045742,
plus_unverified,gkf,6,31,xgb_physics9,Mg3BiBr3,Mg,Bi,Br,0.9648,1.080662,
plus_unverified,gkf,6,33,xgb_physics9,Mg3BiI3,Mg,Bi,I,0.224,0.302966,
plus_unverified,gkf,6,30,xgb_physics9,Mg3PBr3,Mg,P,Br,1.506,1.370546,
plus_unverified,gkf,6,33,xgb_physics9,Mg3PCl3,Mg,P,Cl,2.297,1.880763,
plus_unverified,gkf,6,30,xgb_physics9,Mg3PI3,Mg,P,I,0.377,0.597192,
plus_unverified,gkf,6,34,xgb_physics9,Mg3SbBr3,Mg,Sb,Br,0.9418,1.199579,
plus_unverified,gkf,6,34,xgb_physics9,Mg3SbCl3,Mg,Sb,Cl,1.7283,2.097301,
plus_unverified,gkf,6,31,xgb_physics9,Mg3SbF3,Mg,Sb,F,3.184,2.106401,
plus_unverified,gkf,6,31,xgb_physics9,Mg3SbI3,Mg,Sb,I,0.1057,0.330046,
plus_unverified,gkf,6,32,xgb_physics9,Sr3AsCl3,Sr,As,Cl,1.7,1.550015,
plus_unverified,gkf,6,33,xgb_physics9,Sr3AsI3,Sr,As,I,1.265,1.230514,
plus_unverified,gkf,6,32,xgb_physics9,Sr3PBr3,Sr,P,Br,1.55,1.576565,
plus_unverified,gkf,6,33,xgb_physics9,Sr3PCl3,Sr,P,Cl,1.677,1.774522,
plus_unverified,gkf,6,31,xgb_physics9,Sr3PI3,Sr,P,I,1.258,1.305629,
plus_unverified,gkf,6,32,xgb_physics9,Sr3SbCl3,Sr,Sb,Cl,1.712,1.588566,
plus_unverified,gkf,6,30,xgb_physics9,Sr3SbI3,Sr,Sb,I,1.31,1.17239,
plus_unverified,gkf,7,37,xgb_physics9,Ba3AsBr3,Ba,As,Br,0.92,0.957888,
plus_unverified,gkf,7,38,xgb_physics9,Ba3AsCl3,Ba,As,Cl,0.969,0.999826,
plus_unverified,gkf,7,38,xgb_physics9,Ba3AsI3,Ba,As,I,0.802,0.816726,
plus_unverified,gkf,7,37,xgb_physics9,Ba3BiBr3,Ba,Bi,Br,0.912,1.004379,
plus_unverified,gkf,7,35,xgb_physics9,Ba3BiCl3,Ba,Bi,Cl,0.957,1.006554,
plus_unverified,gkf,7,36,xgb_physics9,Ba3BiI3,Ba,Bi,I,0.786,0.887461,
plus_unverified,gkf,7,36,xgb_physics9,Ba3PBr3,Ba,P,Br,0.944,0.975911,
plus_unverified,gkf,7,36,xgb_physics9,Ba3PCl3,Ba,P,Cl,0.964,1.030091,
plus_unverified,gkf,7,37,xgb_physics9,Ba3PI3,Ba,P,I,0.764,0.951374,
plus_unverified,gkf,7,35,xgb_physics9,Ba3SbBr3,Ba,Sb,Br,1.0819,0.909235,
plus_unverified,gkf,7,36,xgb_physics9,Ba3SbCl3,Ba,Sb,Cl,1.002,1.004144,
plus_unverified,gkf,7,36,xgb_physics9,Ba3SbI3,Ba,Sb,I,0.78,0.864248,
plus_unverified,gkf,7,35,xgb_physics9,Ca3AsBr3,Ca,As,Br,1.634,1.805511,
plus_unverified,gkf,7,38,xgb_physics9,Ca3AsCl3,Ca,As,Cl,1.742,1.919327,
plus_unverified,gkf,7,36,xgb_physics9,Ca3AsF3,Ca,As,F,2.27,2.207398,
plus_unverified,gkf,7,37,xgb_physics9,Ca3BiBr3,Ca,Bi,Br,1.6,1.614367,
plus_unverified,gkf,7,35,xgb_physics9,Ca3BiCl3,Ca,Bi,Cl,1.76,1.736574,
plus_unverified,gkf,7,38,xgb_physics9,Ca3BiI3,Ca,Bi,I,1.325,0.967767,
plus_unverified,gkf,7,36,xgb_physics9,Ca3PBr3,Ca,P,Br,1.8846,1.773535,
plus_unverified,gkf,7,39,xgb_physics9,Ca3PCl3,Ca,P,Cl,2.035,1.996718,
plus_unverified,gkf,7,36,xgb_physics9,Ca3PF3,Ca,P,F,2.518,2.230481,
plus_unverified,gkf,7,38,xgb_physics9,Ca3PI3,Ca,P,I,1.4909,1.16041,
plus_unverified,gkf,7,37,xgb_physics9,Ca3SbBr3,Ca,Sb,Br,1.782,1.643019,
plus_unverified,gkf,7,37,xgb_physics9,Ca3SbCl3,Ca,Sb,Cl,1.814,1.826475,
plus_unverified,gkf,7,39,xgb_physics9,Ca3SbF3,Ca,Sb,F,2.19,2.806489,
plus_unverified,gkf,7,37,xgb_physics9,Mg3AsBr3,Mg,As,Br,1.2907,1.06627,
plus_unverified,gkf,7,36,xgb_physics9,Mg3BiBr3,Mg,Bi,Br,0.9648,1.042368,
plus_unverified,gkf,7,35,xgb_physics9,Mg3BiI3,Mg,Bi,I,0.224,0.342134,
plus_unverified,gkf,7,38,xgb_physics9,Mg3PBr3,Mg,P,Br,1.506,1.337674,
plus_unverified,gkf,7,35,xgb_physics9,Mg3PCl3,Mg,P,Cl,2.297,1.840768,
plus_unverified,gkf,7,37,xgb_physics9,Mg3PI3,Mg,P,I,0.377,0.745185,
plus_unverified,gkf,7,38,xgb_physics9,Mg3SbBr3,Mg,Sb,Br,0.9418,1.195204,
plus_unverified,gkf,7,38,xgb_physics9,Mg3SbCl3,Mg,Sb,Cl,1.7283,2.11258,
plus_unverified,gkf,7,35,xgb_physics9,Mg3SbF3,Mg,Sb,F,3.184,2.046774,
plus_unverified,gkf,7,39,xgb_physics9,Mg3SbI3,Mg,Sb,I,0.1057,0.377623,
plus_unverified,gkf,7,39,xgb_physics9,Sr3AsCl3,Sr,As,Cl,1.7,1.630363,
plus_unverified,gkf,7,39,xgb_physics9,Sr3AsI3,Sr,As,I,1.265,1.24699,
plus_unverified,gkf,7,39,xgb_physics9,Sr3PBr3,Sr,P,Br,1.55,1.679779,
plus_unverified,gkf,7,35,xgb_physics9,Sr3PCl3,Sr,P,Cl,1.677,1.694739,
plus_unverified,gkf,7,39,xgb_physics9,Sr3PI3,Sr,P,I,1.258,1.308788,
plus_unverified,gkf,7,39,xgb_physics9,Sr3SbCl3,Sr,Sb,Cl,1.712,1.613615,
plus_unverified,gkf,7,35,xgb_physics9,Sr3SbI3,Sr,Sb,I,1.31,1.177173,
plus_unverified,gkf,8,41,xgb_physics9,Ba3AsBr3,Ba,As,Br,0.92,0.924665,
plus_unverified,gkf,8,41,xgb_physics9,Ba3AsCl3,Ba,As,Cl,0.969,0.906985,
plus_unverified,gkf,8,43,xgb_physics9,Ba3AsI3,Ba,As,I,0.802,0.892663,
plus_unverified,gkf,8,43,xgb_physics9,Ba3BiBr3,Ba,Bi,Br,0.912,0.946043,
plus_unverified,gkf,8,43,xgb_physics9,Ba3BiCl3,Ba,Bi,Cl,0.957,0.947993,
plus_unverified,gkf,8,42,xgb_physics9,Ba3BiI3,Ba,Bi,I,0.786,0.885697,
plus_unverified,gkf,8,40,xgb_physics9,Ba3PBr3,Ba,P,Br,0.944,0.969531,
plus_unverified,gkf,8,40,xgb_physics9,Ba3PCl3,Ba,P,Cl,0.964,1.014005,
plus_unverified,gkf,8,42,xgb_physics9,Ba3PI3,Ba,P,I,0.764,0.980909,
plus_unverified,gkf,8,41,xgb_physics9,Ba3SbBr3,Ba,Sb,Br,1.0819,0.891855,
plus_unverified,gkf,8,40,xgb_physics9,Ba3SbCl3,Ba,Sb,Cl,1.002,1.023121,
plus_unverified,gkf,8,43,xgb_physics9,Ba3SbI3,Ba,Sb,I,0.78,0.822064,
plus_unverified,gkf,8,40,xgb_physics9,Ca3AsBr3,Ca,As,Br,1.634,1.673782,
plus_unverified,gkf,8,43,xgb_physics9,Ca3AsCl3,Ca,As,Cl,1.742,1.962131,
plus_unverified,gkf,8,40,xgb_physics9,Ca3AsF3,Ca,As,F,2.27,2.306797,
plus_unverified,gkf,8,41,xgb_physics9,Ca3BiBr3,Ca,Bi,Br,1.6,1.47374,
plus_unverified,gkf,8,43,xgb_physics9,Ca3BiCl3,Ca,Bi,Cl,1.76,1.870186,
plus_unverified,gkf,8,41,xgb_physics9,Ca3BiI3,Ca,Bi,I,1.325,1.119563,
plus_unverified,gkf,8,43,xgb_physics9,Ca3PBr3,Ca,P,Br,1.8846,1.691437,
plus_unverified,gkf,8,40,xgb_physics9,Ca3PCl3,Ca,P,Cl,2.035,2.026293,
plus_unverified,gkf,8,44,xgb_physics9,Ca3PF3,Ca,P,F,2.518,2.219589,
plus_unverified,gkf,8,40,xgb_physics9,Ca3PI3,Ca,P,I,1.4909,1.335728,
plus_unverified,gkf,8,41,xgb_physics9,Ca3SbBr3,Ca,Sb,Br,1.782,1.505228,
plus_unverified,gkf,8,42,xgb_physics9,Ca3SbCl3,Ca,Sb,Cl,1.814,1.795616,
plus_unverified,gkf,8,41,xgb_physics9,Ca3SbF3,Ca,Sb,F,2.19,2.859699,
plus_unverified,gkf,8,40,xgb_physics9,Mg3AsBr3,Mg,As,Br,1.2907,1.102512,
plus_unverified,gkf,8,44,xgb_physics9,Mg3BiBr3,Mg,Bi,Br,0.9648,0.974133,
plus_unverified,gkf,8,44,xgb_physics9,Mg3BiI3,Mg,Bi,I,0.224,0.322727,
plus_unverified,gkf,8,42,xgb_physics9,Mg3PBr3,Mg,P,Br,1.506,1.402905,
plus_unverified,gkf,8,44,xgb_physics9,Mg3PCl3,Mg,P,Cl,2.297,1.440943,
plus_unverified,gkf,8,42,xgb_physics9,Mg3PI3,Mg,P,I,0.377,0.680677,
plus_unverified,gkf,8,40,xgb_physics9,Mg3SbBr3,Mg,Sb,Br,0.9418,1.127687,
plus_unverified,gkf,8,44,xgb_physics9,Mg3SbCl3,Mg,Sb,Cl,1.7283,1.161622,
plus_unverified,gkf,8,44,xgb_physics9,Mg3SbF3,Mg,Sb,F,3.184,1.620342,
plus_unverified,gkf,8,41,xgb_physics9,Mg3SbI3,Mg,Sb,I,0.1057,0.38072,
plus_unverified,gkf,8,41,xgb_physics9,Sr3AsCl3,Sr,As,Cl,1.7,1.620474,
plus_unverified,gkf,8,44,xgb_physics9,Sr3AsI3,Sr,As,I,1.265,1.216742,
plus_unverified,gkf,8,43,xgb_physics9,Sr3PBr3,Sr,P,Br,1.55,1.508142,
plus_unverified,gkf,8,42,xgb_physics9,Sr3PCl3,Sr,P,Cl,1.677,1.73777,
plus_unverified,gkf,8,42,xgb_physics9,Sr3PI3,Sr,P,I,1.258,1.444307,
plus_unverified,gkf,8,42,xgb_physics9,Sr3SbCl3,Sr,Sb,Cl,1.712,1.636094,
plus_unverified,gkf,8,44,xgb_physics9,Sr3SbI3,Sr,Sb,I,1.31,1.172362,
plus_unverified,gkf,9,47,xgb_physics9,Ba3AsBr3,Ba,As,Br,0.92,0.956068,
plus_unverified,gkf,9,49,xgb_physics9,Ba3AsCl3,Ba,As,Cl,0.969,0.977066,
plus_unverified,gkf,9,46,xgb_physics9,Ba3AsI3,Ba,As,I,0.802,0.796825,
plus_unverified,gkf,9,48,xgb_physics9,Ba3BiBr3,Ba,Bi,Br,0.912,0.990076,
plus_unverified,gkf,9,45,xgb_physics9,Ba3BiCl3,Ba,Bi,Cl,0.957,1.160421,
plus_unverified,gkf,9,46,xgb_physics9,Ba3BiI3,Ba,Bi,I,0.786,0.815864,
plus_unverified,gkf,9,48,xgb_physics9,Ba3PBr3,Ba,P,Br,0.944,0.908127,
plus_unverified,gkf,9,47,xgb_physics9,Ba3PCl3,Ba,P,Cl,0.964,1.012996,
plus_unverified,gkf,9,49,xgb_physics9,Ba3PI3,Ba,P,I,0.764,0.866046,
plus_unverified,gkf,9,46,xgb_physics9,Ba3SbBr3,Ba,Sb,Br,1.0819,0.955876,
plus_unverified,gkf,9,45,xgb_physics9,Ba3SbCl3,Ba,Sb,Cl,1.002,1.151401,
plus_unverified,gkf,9,47,xgb_physics9,Ba3SbI3,Ba,Sb,I,0.78,0.83426,
plus_unverified,gkf,9,48,xgb_physics9,Ca3AsBr3,Ca,As,Br,1.634,1.796638,
plus_unverified,gkf,9,47,xgb_physics9,Ca3AsCl3,Ca,As,Cl,1.742,1.857943,
plus_unverified,gkf,9,46,xgb_physics9,Ca3AsF3,Ca,As,F,2.27,2.318309,
plus_unverified,gkf,9,47,xgb_physics9,Ca3BiBr3,Ca,Bi,Br,1.6,1.596568,
plus_unverified,gkf,9,49,xgb_physics9,Ca3BiCl3,Ca,Bi,Cl,1.76,1.777078,
plus_unverified,gkf,9,45,xgb_physics9,Ca3BiI3,Ca,Bi,I,1.325,1.25512,
plus_unverified,gkf,9,45,xgb_physics9,Ca3PBr3,Ca,P,Br,1.8846,1.736501,
plus_unverified,gkf,9,47,xgb_physics9,Ca3PCl3,Ca,P,Cl,2.035,2.03343,
plus_unverified,gkf,9,45,xgb_physics9,Ca3PF3,Ca,P,F,2.518,2.268435,
plus_unverified,gkf,9,47,xgb_physics9,Ca3PI3,Ca,P,I,1.4909,1.386251,
plus_unverified,gkf,9,45,xgb_physics9,Ca3SbBr3,Ca,Sb,Br,1.782,1.565669,
plus_unverified,gkf,9,48,xgb_physics9,Ca3SbCl3,Ca,Sb,Cl,1.814,1.810949,
plus_unverified,gkf,9,48,xgb_physics9,Ca3SbF3,Ca,Sb,F,2.19,2.120129,
plus_unverified,gkf,9,49,xgb_physics9,Mg3AsBr3,Mg,As,Br,1.2907,0.886585,
plus_unverified,gkf,9,45,xgb_physics9,Mg3BiBr3,Mg,Bi,Br,0.9648,1.098798,
plus_unverified,gkf,9,48,xgb_physics9,Mg3BiI3,Mg,Bi,I,0.224,0.294584,
plus_unverified,gkf,9,49,xgb_physics9,Mg3PBr3,Mg,P,Br,1.506,1.032376,
plus_unverified,gkf,9,45,xgb_physics9,Mg3PCl3,Mg,P,Cl,2.297,1.827161,
plus_unverified,gkf,9,46,xgb_physics9,Mg3PI3,Mg,P,I,0.377,0.768316,
plus_unverified,gkf,9,47,xgb_physics9,Mg3SbBr3,Mg,Sb,Br,0.9418,1.175282,
plus_unverified,gkf,9,49,xgb_physics9,Mg3SbCl3,Mg,Sb,Cl,1.7283,2.086701,
plus_unverified,gkf,9,48,xgb_physics9,Mg3SbF3,Mg,Sb,F,3.184,2.01262,
plus_unverified,gkf,9,49,xgb_physics9,Mg3SbI3,Mg,Sb,I,0.1057,0.313553,
plus_unverified,gkf,9,48,xgb_physics9,Sr3AsCl3,Sr,As,Cl,1.7,1.648681,
plus_unverified,gkf,9,46,xgb_physics9,Sr3AsI3,Sr,As,I,1.265,1.145199,
plus_unverified,gkf,9,46,xgb_physics9,Sr3PBr3,Sr,P,Br,1.55,1.564519,
plus_unverified,gkf,9,45,xgb_physics9,Sr3PCl3,Sr,P,Cl,1.677,1.741395,
plus_unverified,gkf,9,46,xgb_physics9,Sr3PI3,Sr,P,I,1.258,1.236776,
plus_unverified,gkf,9,49,xgb_physics9,Sr3SbCl3,Sr,Sb,Cl,1.712,1.634298,
plus_unverified,gkf,9,46,xgb_physics9,Sr3SbI3,Sr,Sb,I,1.31,1.076733,
soc,lobo,0,0,gpr_physics9,Ba3AsBr3,Ba,As,Br,0.864,1.122116,0.109914
soc,lobo,0,0,gpr_physics9,Ba3AsCl3,Ba,As,Cl,0.927,1.143689,0.111243
soc,lobo,0,0,gpr_physics9,Ba3AsI3,Ba,As,I,0.7315,0.951308,0.11279
soc,lobo,0,1,gpr_physics9,Ba3BiBr3,Ba,Bi,Br,0.487,0.895965,0.03704
soc,lobo,0,1,gpr_physics9,Ba3BiCl3,Ba,Bi,Cl,0.531,0.912489,0.037348
soc,lobo,0,1,gpr_physics9,Ba3BiI3,Ba,Bi,I,0.362,0.733907,0.037346
soc,lobo,0,2,gpr_physics9,Ba3PBr3,Ba,P,Br,0.918,0.621294,0.279639
soc,lobo,0,2,gpr_physics9,Ba3PCl3,Ba,P,Cl,0.9395,0.693723,0.291483
soc,lobo,0,2,gpr_physics9,Ba3PI3,Ba,P,I,0.746,0.492624,0.290939
soc,lobo,0,3,gpr_physics9,Ba3SbBr3,Ba,Sb,Br,0.94,0.557891,0.016636
soc,lobo,0,3,gpr_physics9,Ba3SbCl3,Ba,Sb,Cl,0.865,0.604378,0.016778
soc,lobo,0,3,gpr_physics9,Ba3SbI3,Ba,Sb,I,0.717,0.429808,0.016961
soc,lobo,0,2,gpr_physics9,Ca3PBr3,Ca,P,Br,1.6456,1.548959,0.430431
soc,lobo,0,2,gpr_physics9,Ca3PCl3,Ca,P,Cl,1.9056,1.737387,0.480421
soc,lobo,0,2,gpr_physics9,Ca3PI3,Ca,P,I,1.2836,1.189324,0.414411
soc,lobo,0,3,gpr_physics9,Mg3SbBr3,Mg,Sb,Br,1.203,1.211848,1.074613
soc,lobo,0,3,gpr_physics9,Mg3SbCl3,Mg,Sb,Cl,1.901,1.33872,1.073451
soc,lobo,0,3,gpr_physics9,Mg3SbF3,Mg,Sb,F,3.723,1.832526,1.114345
soc,lobo,0,3,gpr_physics9,Mg3SbI3,Mg,Sb,I,0.198,1.032422,1.085347
soc,lobo,0,0,gpr_physics9,Sr3AsI3,Sr,As,I,1.212,1.373399,0.177624
soc,lobo,0,2,gpr_physics9,Sr3PI3,Sr,P,I,1.242,0.987921,0.326217
soc,lobo,0,0,halide_rule,Ba3AsBr3,Ba,As,Br,0.864,1.03872,
soc,lobo,0,0,halide_rule,Ba3AsCl3,Ba,As,Cl,0.927,1.22842,
soc,lobo,0,0,halide_rule,Ba3AsI3,Ba,As,I,0.7315,0.7581,
soc,lobo,0,1,halide_rule,Ba3BiBr3,Ba,Bi,Br,0.487,1.11412,
soc,lobo,0,1,halide_rule,Ba3BiCl3,Ba,Bi,Cl,0.531,1.30762,
soc,lobo,0,1,halide_rule,Ba3BiI3,Ba,Bi,I,0.362,0.875729,
soc,lobo,0,2,halide_rule,Ba3PBr3,Ba,P,Br,0.918,0.8735,
soc,lobo,0,2,halide_rule,Ba3PCl3,Ba,P,Cl,0.9395,1.056,
soc,lobo,0,2,halide_rule,Ba3PI3,Ba,P,I,0.746,0.6441,
soc,lobo,0,3,halide_rule,Ba3SbBr3,Ba,Sb,Br,0.94,0.97865,
soc,lobo,0,3,halide_rule,Ba3SbCl3,Ba,Sb,Cl,0.865,1.075775,
soc,lobo,0,3,halide_rule,Ba3SbI3,Ba,Sb,I,0.717,0.929517,
soc,lobo,0,2,halide_rule,Ca3PBr3,Ca,P,Br,1.6456,0.8735,
soc,lobo,0,2,halide_rule,Ca3PCl3,Ca,P,Cl,1.9056,1.056,
soc,lobo,0,2,halide_rule,Ca3PI3,Ca,P,I,1.2836,0.6441,
soc,lobo,0,3,halide_rule,Mg3SbBr3,Mg,Sb,Br,1.203,0.97865,
soc,lobo,0,3,halide_rule,Mg3SbCl3,Mg,Sb,Cl,1.901,1.075775,
soc,lobo,0,3,halide_rule,Mg3SbF3,Mg,Sb,F,3.723,0.985343,
soc,lobo,0,3,halide_rule,Mg3SbI3,Mg,Sb,I,0.198,0.929517,
soc,lobo,0,0,halide_rule,Sr3AsI3,Sr,As,I,1.212,0.7581,
soc,lobo,0,2,halide_rule,Sr3PI3,Sr,P,I,1.242,0.6441,
soc,lobo,0,0,mean,Ba3AsBr3,Ba,As,Br,0.864,1.153371,
soc,lobo,0,0,mean,Ba3AsCl3,Ba,As,Cl,0.927,1.153371,
soc,lobo,0,0,mean,Ba3AsI3,Ba,As,I,0.7315,1.153371,
soc,lobo,0,1,mean,Ba3BiBr3,Ba,Bi,Br,0.487,1.2201,
soc,lobo,0,1,mean,Ba3BiCl3,Ba,Bi,Cl,0.531,1.2201,
soc,lobo,0,1,mean,Ba3BiI3,Ba,Bi,I,0.362,1.2201,
soc,lobo,0,2,mean,Ba3PBr3,Ba,P,Br,0.918,1.04725,
soc,lobo,0,2,mean,Ba3PCl3,Ba,P,Cl,0.9395,1.04725,
soc,lobo,0,2,mean,Ba3PI3,Ba,P,I,0.746,1.04725,
soc,lobo,0,3,mean,Ba3SbBr3,Ba,Sb,Br,0.94,0.985343,
soc,lobo,0,3,mean,Ba3SbCl3,Ba,Sb,Cl,0.865,0.985343,
soc,lobo,0,3,mean,Ba3SbI3,Ba,Sb,I,0.717,0.985343,
soc,lobo,0,2,mean,Ca3PBr3,Ca,P,Br,1.6456,1.04725,
soc,lobo,0,2,mean,Ca3PCl3,Ca,P,Cl,1.9056,1.04725,
soc,lobo,0,2,mean,Ca3PI3,Ca,P,I,1.2836,1.04725,
soc,lobo,0,3,mean,Mg3SbBr3,Mg,Sb,Br,1.203,0.985343,
soc,lobo,0,3,mean,Mg3SbCl3,Mg,Sb,Cl,1.901,0.985343,
soc,lobo,0,3,mean,Mg3SbF3,Mg,Sb,F,3.723,0.985343,
soc,lobo,0,3,mean,Mg3SbI3,Mg,Sb,I,0.198,0.985343,
soc,lobo,0,0,mean,Sr3AsI3,Sr,As,I,1.212,1.153371,
soc,lobo,0,2,mean,Sr3PI3,Sr,P,I,1.242,1.04725,
soc,lobo,0,0,rf_magpie,Ba3AsBr3,Ba,As,Br,0.864,0.88031,
soc,lobo,0,0,rf_magpie,Ba3AsCl3,Ba,As,Cl,0.927,0.972858,
soc,lobo,0,0,rf_magpie,Ba3AsI3,Ba,As,I,0.7315,0.700317,
soc,lobo,0,1,rf_magpie,Ba3BiBr3,Ba,Bi,Br,0.487,0.897701,
soc,lobo,0,1,rf_magpie,Ba3BiCl3,Ba,Bi,Cl,0.531,0.863412,
soc,lobo,0,1,rf_magpie,Ba3BiI3,Ba,Bi,I,0.362,0.759707,
soc,lobo,0,2,rf_magpie,Ba3PBr3,Ba,P,Br,0.918,0.755662,
soc,lobo,0,2,rf_magpie,Ba3PCl3,Ba,P,Cl,0.9395,0.80908,
soc,lobo,0,2,rf_magpie,Ba3PI3,Ba,P,I,0.746,0.674663,
soc,lobo,0,3,rf_magpie,Ba3SbBr3,Ba,Sb,Br,0.94,0.775773,
soc,lobo,0,3,rf_magpie,Ba3SbCl3,Ba,Sb,Cl,0.865,0.882506,
soc,lobo,0,3,rf_magpie,Ba3SbI3,Ba,Sb,I,0.717,0.761156,
soc,lobo,0,2,rf_magpie,Ca3PBr3,Ca,P,Br,1.6456,1.22653,
soc,lobo,0,2,rf_magpie,Ca3PCl3,Ca,P,Cl,1.9056,1.53532,
soc,lobo,0,2,rf_magpie,Ca3PI3,Ca,P,I,1.2836,0.93852,
soc,lobo,0,3,rf_magpie,Mg3SbBr3,Mg,Sb,Br,1.203,1.296655,
soc,lobo,0,3,rf_magpie,Mg3SbCl3,Mg,Sb,Cl,1.901,1.375127,
soc,lobo,0,3,rf_magpie,Mg3SbF3,Mg,Sb,F,3.723,1.335687,
soc,lobo,0,3,rf_magpie,Mg3SbI3,Mg,Sb,I,0.198,1.19733,
soc,lobo,0,0,rf_magpie,Sr3AsI3,Sr,As,I,1.212,0.968712,
soc,lobo,0,2,rf_magpie,Sr3PI3,Sr,P,I,1.242,0.93123,
soc,lobo,0,0,rf_physics9,Ba3AsBr3,Ba,As,Br,0.864,0.923721,
soc,lobo,0,0,rf_physics9,Ba3AsCl3,Ba,As,Cl,0.927,0.926476,
soc,lobo,0,0,rf_physics9,Ba3AsI3,Ba,As,I,0.7315,0.808267,
soc,lobo,0,1,rf_physics9,Ba3BiBr3,Ba,Bi,Br,0.487,0.91919,
soc,lobo,0,1,rf_physics9,Ba3BiCl3,Ba,Bi,Cl,0.531,0.952859,
soc,lobo,0,1,rf_physics9,Ba3BiI3,Ba,Bi,I,0.362,0.74308,
soc,lobo,0,2,rf_physics9,Ba3PBr3,Ba,P,Br,0.918,0.87306,
soc,lobo,0,2,rf_physics9,Ba3PCl3,Ba,P,Cl,0.9395,0.909362,
soc,lobo,0,2,rf_physics9,Ba3PI3,Ba,P,I,0.746,0.757032,
soc,lobo,0,3,rf_physics9,Ba3SbBr3,Ba,Sb,Br,0.94,0.49923,
soc,lobo,0,3,rf_physics9,Ba3SbCl3,Ba,Sb,Cl,0.865,0.51357,
soc,lobo,0,3,rf_physics9,Ba3SbI3,Ba,Sb,I,0.717,0.530145,
soc,lobo,0,2,rf_physics9,Ca3PBr3,Ca,P,Br,1.6456,1.051335,
soc,lobo,0,2,rf_physics9,Ca3PCl3,Ca,P,Cl,1.9056,1.15013,
soc,lobo,0,2,rf_physics9,Ca3PI3,Ca,P,I,1.2836,1.022643,
soc,lobo,0,3,rf_physics9,Mg3SbBr3,Mg,Sb,Br,1.203,1.558911,
soc,lobo,0,3,rf_physics9,Mg3SbCl3,Mg,Sb,Cl,1.901,1.63659,
soc,lobo,0,3,rf_physics9,Mg3SbF3,Mg,Sb,F,3.723,1.673997,
soc,lobo,0,3,rf_physics9,Mg3SbI3,Mg,Sb,I,0.198,1.371673,
soc,lobo,0,0,rf_physics9,Sr3AsI3,Sr,As,I,1.212,1.251793,
soc,lobo,0,2,rf_physics9,Sr3PI3,Sr,P,I,1.242,1.0165,
soc,lobo,0,0,ridge_magpie,Ba3AsBr3,Ba,As,Br,0.864,1.181858,
soc,lobo,0,0,ridge_magpie,Ba3AsCl3,Ba,As,Cl,0.927,1.157817,
soc,lobo,0,0,ridge_magpie,Ba3AsI3,Ba,As,I,0.7315,0.985709,
soc,lobo,0,1,ridge_magpie,Ba3BiBr3,Ba,Bi,Br,0.487,1.01701,
soc,lobo,0,1,ridge_magpie,Ba3BiCl3,Ba,Bi,Cl,0.531,1.065253,
soc,lobo,0,1,ridge_magpie,Ba3BiI3,Ba,Bi,I,0.362,0.919786,
soc,lobo,0,2,ridge_magpie,Ba3PBr3,Ba,P,Br,0.918,0.852806,
soc,lobo,0,2,ridge_magpie,Ba3PCl3,Ba,P,Cl,0.9395,0.929621,
soc,lobo,0,2,ridge_magpie,Ba3PI3,Ba,P,I,0.746,0.712469,
soc,lobo,0,3,ridge_magpie,Ba3SbBr3,Ba,Sb,Br,0.94,0.809904,
soc,lobo,0,3,ridge_magpie,Ba3SbCl3,Ba,Sb,Cl,0.865,0.900281,
soc,lobo,0,3,ridge_magpie,Ba3SbI3,Ba,Sb,I,0.717,0.716481,
soc,lobo,0,2,ridge_magpie,Ca3PBr3,Ca,P,Br,1.6456,2.085196,
soc,lobo,0,2,ridge_magpie,Ca3PCl3,Ca,P,Cl,1.9056,2.36745,
soc,lobo,0,2,ridge_magpie,Ca3PI3,Ca,P,I,1.2836,1.075204,
soc,lobo,0,3,ridge_magpie,Mg3SbBr3,Mg,Sb,Br,1.203,4.126434,
soc,lobo,0,3,ridge_magpie,Mg3SbCl3,Mg,Sb,Cl,1.901,4.216811,
soc,lobo,0,3,ridge_magpie,Mg3SbF3,Mg,Sb,F,3.723,4.306865,
soc,lobo,0,3,ridge_magpie,Mg3SbI3,Mg,Sb,I,0.198,4.045581,
soc,lobo,0,0,ridge_magpie,Sr3AsI3,Sr,As,I,1.212,1.303311,
soc,lobo,0,2,ridge_magpie,Sr3PI3,Sr,P,I,1.242,1.201446,
soc,lobo,0,0,ridge_physics9,Ba3AsBr3,Ba,As,Br,0.864,0.694907,
soc,lobo,0,0,ridge_physics9,Ba3AsCl3,Ba,As,Cl,0.927,0.972639,
soc,lobo,0,0,ridge_physics9,Ba3AsI3,Ba,As,I,0.7315,0.399963,
soc,lobo,0,1,ridge_physics9,Ba3BiBr3,Ba,Bi,Br,0.487,0.824765,
soc,lobo,0,1,ridge_physics9,Ba3BiCl3,Ba,Bi,Cl,0.531,1.243082,
soc,lobo,0,1,ridge_physics9,Ba3BiI3,Ba,Bi,I,0.362,0.361991,
soc,lobo,0,2,ridge_physics9,Ba3PBr3,Ba,P,Br,0.918,1.640298,
soc,lobo,0,2,ridge_physics9,Ba3PCl3,Ba,P,Cl,0.9395,1.828783,
soc,lobo,0,2,ridge_physics9,Ba3PI3,Ba,P,I,0.746,1.509064,
soc,lobo,0,3,ridge_physics9,Ba3SbBr3,Ba,Sb,Br,0.94,0.559613,
soc,lobo,0,3,ridge_physics9,Ba3SbCl3,Ba,Sb,Cl,0.865,0.636653,
soc,lobo,0,3,ridge_physics9,Ba3SbI3,Ba,Sb,I,0.717,0.408967,
soc,lobo,0,2,ridge_physics9,Ca3PBr3,Ca,P,Br,1.6456,2.143077,
soc,lobo,0,2,ridge_physics9,Ca3PCl3,Ca,P,Cl,1.9056,2.331561,
soc,lobo,0,2,ridge_physics9,Ca3PI3,Ca,P,I,1.2836,2.011842,
soc,lobo,0,3,ridge_physics9,Mg3SbBr3,Mg,Sb,Br,1.203,2.318665,
soc,lobo,0,3,ridge_physics9,Mg3SbCl3,Mg,Sb,Cl,1.901,2.395705,
soc,lobo,0,3,ridge_physics9,Mg3SbF3,Mg,Sb,F,3.723,2.555309,
soc,lobo,0,3,ridge_physics9,Mg3SbI3,Mg,Sb,I,0.198,2.16802,
soc,lobo,0,0,ridge_physics9,Sr3AsI3,Sr,As,I,1.212,0.82144,
soc,lobo,0,2,ridge_physics9,Sr3PI3,Sr,P,I,1.242,1.901321,
soc,lobo,0,0,xgb_magpie,Ba3AsBr3,Ba,As,Br,0.864,0.97281,
soc,lobo,0,0,xgb_magpie,Ba3AsCl3,Ba,As,Cl,0.927,0.961022,
soc,lobo,0,0,xgb_magpie,Ba3AsI3,Ba,As,I,0.7315,0.766797,
soc,lobo,0,1,xgb_magpie,Ba3BiBr3,Ba,Bi,Br,0.487,1.029825,
soc,lobo,0,1,xgb_magpie,Ba3BiCl3,Ba,Bi,Cl,0.531,0.785472,
soc,lobo,0,1,xgb_magpie,Ba3BiI3,Ba,Bi,I,0.362,0.738157,
soc,lobo,0,2,xgb_magpie,Ba3PBr3,Ba,P,Br,0.918,0.591232,
soc,lobo,0,2,xgb_magpie,Ba3PCl3,Ba,P,Cl,0.9395,0.706922,
soc,lobo,0,2,xgb_magpie,Ba3PI3,Ba,P,I,0.746,0.514022,
soc,lobo,0,3,xgb_magpie,Ba3SbBr3,Ba,Sb,Br,0.94,0.734831,
soc,lobo,0,3,xgb_magpie,Ba3SbCl3,Ba,Sb,Cl,0.865,0.931728,
soc,lobo,0,3,xgb_magpie,Ba3SbI3,Ba,Sb,I,0.717,0.73034,
soc,lobo,0,2,xgb_magpie,Ca3PBr3,Ca,P,Br,1.6456,1.785522,
soc,lobo,0,2,xgb_magpie,Ca3PCl3,Ca,P,Cl,1.9056,2.03018,
soc,lobo,0,2,xgb_magpie,Ca3PI3,Ca,P,I,1.2836,1.075398,
soc,lobo,0,3,xgb_magpie,Mg3SbBr3,Mg,Sb,Br,1.203,1.536679,
soc,lobo,0,3,xgb_magpie,Mg3SbCl3,Mg,Sb,Cl,1.901,1.542534,
soc,lobo,0,3,xgb_magpie,Mg3SbF3,Mg,Sb,F,3.723,1.541088,
soc,lobo,0,3,xgb_magpie,Mg3SbI3,Mg,Sb,I,0.198,1.214255,
soc,lobo,0,0,xgb_magpie,Sr3AsI3,Sr,As,I,1.212,1.119847,
soc,lobo,0,2,xgb_magpie,Sr3PI3,Sr,P,I,1.242,1.073189,
soc,lobo,0,0,xgb_physics9,Ba3AsBr3,Ba,As,Br,0.864,0.921294,
soc,lobo,0,0,xgb_physics9,Ba3AsCl3,Ba,As,Cl,0.927,0.963677,
soc,lobo,0,0,xgb_physics9,Ba3AsI3,Ba,As,I,0.7315,0.829928,
soc,lobo,0,1,xgb_physics9,Ba3BiBr3,Ba,Bi,Br,0.487,0.903801,
soc,lobo,0,1,xgb_physics9,Ba3BiCl3,Ba,Bi,Cl,0.531,0.945054,
soc,lobo,0,1,xgb_physics9,Ba3BiI3,Ba,Bi,I,0.362,0.671396,
soc,lobo,0,2,xgb_physics9,Ba3PBr3,Ba,P,Br,0.918,0.880917,
soc,lobo,0,2,xgb_physics9,Ba3PCl3,Ba,P,Cl,0.9395,0.891644,
soc,lobo,0,2,xgb_physics9,Ba3PI3,Ba,P,I,0.746,0.820094,
soc,lobo,0,3,xgb_physics9,Ba3SbBr3,Ba,Sb,Br,0.94,0.768628,
soc,lobo,0,3,xgb_physics9,Ba3SbCl3,Ba,Sb,Cl,0.865,0.824817,
soc,lobo,0,3,xgb_physics9,Ba3SbI3,Ba,Sb,I,0.717,0.668997,
soc,lobo,0,2,xgb_physics9,Ca3PBr3,Ca,P,Br,1.6456,1.290107,
soc,lobo,0,2,xgb_physics9,Ca3PCl3,Ca,P,Cl,1.9056,1.537956,
soc,lobo,0,2,xgb_physics9,Ca3PI3,Ca,P,I,1.2836,1.053202,
soc,lobo,0,3,xgb_physics9,Mg3SbBr3,Mg,Sb,Br,1.203,1.526469,
soc,lobo,0,3,xgb_physics9,Mg3SbCl3,Mg,Sb,Cl,1.901,1.679826,
soc,lobo,0,3,xgb_physics9,Mg3SbF3,Mg,Sb,F,3.723,1.682992,
soc,lobo,0,3,xgb_physics9,Mg3SbI3,Mg,Sb,I,0.198,1.265842,
soc,lobo,0,0,xgb_physics9,Sr3AsI3,Sr,As,I,1.212,1.137333,
soc,lobo,0,2,xgb_physics9,Sr3PI3,Sr,P,I,1.242,1.168352,
soc,loao,0,0,gpr_physics9,Ba3AsBr3,Ba,As,Br,0.864,1.55742,0.050069
soc,loao,0,0,gpr_physics9,Ba3AsCl3,Ba,As,Cl,0.927,1.846103,0.066167
soc,loao,0,0,gpr_physics9,Ba3AsI3,Ba,As,I,0.7315,1.150805,0.024655
soc,loao,0,0,gpr_physics9,Ba3BiBr3,Ba,Bi,Br,0.487,0.899659,0.322406
soc,loao,0,0,gpr_physics9,Ba3BiCl3,Ba,Bi,Cl,0.531,1.605309,0.327774
soc,loao,0,0,gpr_physics9,Ba3BiI3,Ba,Bi,I,0.362,-0.122933,0.321105
soc,loao,0,0,gpr_physics9,Ba3PBr3,Ba,P,Br,0.918,1.54937,0.043698
soc,loao,0,0,gpr_physics9,Ba3PCl3,Ba,P,Cl,0.9395,1.812129,0.053314
soc,loao,0,0,gpr_physics9,Ba3PI3,Ba,P,I,0.746,1.183758,0.028544
soc,loao,0,0,gpr_physics9,Ba3SbBr3,Ba,Sb,Br,0.94,1.053826,0.209918
soc,loao,0,0,gpr_physics9,Ba3SbCl3,Ba,Sb,Cl,0.865,1.740901,0.21479
soc,loao,0,0,gpr_physics9,Ba3SbI3,Ba,Sb,I,0.717,0.062389,0.206705
soc,loao,0,1,gpr_physics9,Ca3PBr3,Ca,P,Br,1.6456,1.811054,0.22097
soc,loao,0,1,gpr_physics9,Ca3PCl3,Ca,P,Cl,1.9056,1.928838,0.311245
soc,loao,0,1,gpr_physics9,Ca3PI3,Ca,P,I,1.2836,1.515597,0.152277
soc,loao,0,2,gpr_physics9,Mg3SbBr3,Mg,Sb,Br,1.203,0.984482,0.571499
soc,loao,0,2,gpr_physics9,Mg3SbCl3,Mg,Sb,Cl,1.901,0.998825,0.571431
soc,loao,0,2,gpr_physics9,Mg3SbF3,Mg,Sb,F,3.723,1.035867,0.572862
soc,loao,0,2,gpr_physics9,Mg3SbI3,Mg,Sb,I,0.198,0.964754,0.571973
soc,loao,0,3,gpr_physics9,Sr3AsI3,Sr,As,I,1.212,1.092277,0.094851
soc,loao,0,3,gpr_physics9,Sr3PI3,Sr,P,I,1.242,1.114022,0.079982
soc,loao,0,0,halide_rule,Ba3AsBr3,Ba,As,Br,0.864,1.4243,
soc,loao,0,0,halide_rule,Ba3AsCl3,Ba,As,Cl,0.927,1.9033,
soc,loao,0,0,halide_rule,Ba3AsI3,Ba,As,I,0.7315,0.9839,
soc,loao,0,0,halide_rule,Ba3BiBr3,Ba,Bi,Br,0.487,1.4243,
soc,loao,0,0,halide_rule,Ba3BiCl3,Ba,Bi,Cl,0.531,1.9033,
soc,loao,0,0,halide_rule,Ba3BiI3,Ba,Bi,I,0.362,0.9839,
soc,loao,0,0,halide_rule,Ba3PBr3,Ba,P,Br,0.918,1.4243,
soc,loao,0,0,halide_rule,Ba3PCl3,Ba,P,Cl,0.9395,1.9033,
soc,loao,0,0,halide_rule,Ba3PI3,Ba,P,I,0.746,0.9839,
soc,loao,0,0,halide_rule,Ba3SbBr3,Ba,Sb,Br,0.94,1.4243,
soc,loao,0,0,halide_rule,Ba3SbCl3,Ba,Sb,Cl,0.865,1.9033,
soc,loao,0,0,halide_rule,Ba3SbI3,Ba,Sb,I,0.717,0.9839,
soc,loao,0,1,halide_rule,Ca3PBr3,Ca,P,Br,1.6456,0.8824,
soc,loao,0,1,halide_rule,Ca3PCl3,Ca,P,Cl,1.9056,1.0327,
soc,loao,0,1,halide_rule,Ca3PI3,Ca,P,I,1.2836,0.744071,
soc,loao,0,2,halide_rule,Mg3SbBr3,Mg,Sb,Br,1.203,0.97092,
soc,loao,0,2,halide_rule,Mg3SbCl3,Mg,Sb,Cl,1.901,1.03362,
soc,loao,0,2,halide_rule,Mg3SbF3,Mg,Sb,F,3.723,0.959812,
soc,loao,0,2,halide_rule,Mg3SbI3,Mg,Sb,I,0.198,0.899157,
soc,loao,0,3,halide_rule,Sr3AsI3,Sr,As,I,1.212,0.673017,
soc,loao,0,3,halide_rule,Sr3PI3,Sr,P,I,1.242,0.673017,
soc,loao,0,0,mean,Ba3AsBr3,Ba,As,Br,0.864,1.590422,
soc,loao,0,0,mean,Ba3AsCl3,Ba,As,Cl,0.927,1.590422,
soc,loao,0,0,mean,Ba3AsI3,Ba,As,I,0.7315,1.590422,
soc,loao,0,0,mean,Ba3BiBr3,Ba,Bi,Br,0.487,1.590422,
soc,loao,0,0,mean,Ba3BiCl3,Ba,Bi,Cl,0.531,1.590422,
soc,loao,0,0,mean,Ba3BiI3,Ba,Bi,I,0.362,1.590422,
soc,loao,0,0,mean,Ba3PBr3,Ba,P,Br,0.918,1.590422,
soc,loao,0,0,mean,Ba3PCl3,Ba,P,Cl,0.9395,1.590422,
soc,loao,0,0,mean,Ba3PI3,Ba,P,I,0.746,1.590422,
soc,loao,0,0,mean,Ba3SbBr3,Ba,Sb,Br,0.94,1.590422,
soc,loao,0,0,mean,Ba3SbCl3,Ba,Sb,Cl,0.865,1.590422,
soc,loao,0,0,mean,Ba3SbI3,Ba,Sb,I,0.717,1.590422,
soc,loao,0,1,mean,Ca3PBr3,Ca,P,Br,1.6456,1.028167,
soc,loao,0,1,mean,Ca3PCl3,Ca,P,Cl,1.9056,1.028167,
soc,loao,0,1,mean,Ca3PI3,Ca,P,I,1.2836,1.028167,
soc,loao,0,2,mean,Mg3SbBr3,Mg,Sb,Br,1.203,0.959812,
soc,loao,0,2,mean,Mg3SbCl3,Mg,Sb,Cl,1.901,0.959812,
soc,loao,0,2,mean,Mg3SbF3,Mg,Sb,F,3.723,0.959812,
soc,loao,0,2,mean,Mg3SbI3,Mg,Sb,I,0.198,0.959812,
soc,loao,0,3,mean,Sr3AsI3,Sr,As,I,1.212,1.099358,
soc,loao,0,3,mean,Sr3PI3,Sr,P,I,1.242,1.099358,
soc,loao,0,0,rf_magpie,Ba3AsBr3,Ba,As,Br,0.864,1.386593,
soc,loao,0,0,rf_magpie,Ba3AsCl3,Ba,As,Cl,0.927,1.657386,
soc,loao,0,0,rf_magpie,Ba3AsI3,Ba,As,I,0.7315,1.282003,
soc,loao,0,0,rf_magpie,Ba3BiBr3,Ba,Bi,Br,0.487,1.394799,
soc,loao,0,0,rf_magpie,Ba3BiCl3,Ba,Bi,Cl,0.531,1.491957,
soc,loao,0,0,rf_magpie,Ba3BiI3,Ba,Bi,I,0.362,1.101736,
soc,loao,0,0,rf_magpie,Ba3PBr3,Ba,P,Br,0.918,1.446934,
soc,loao,0,0,rf_magpie,Ba3PCl3,Ba,P,Cl,0.9395,1.557759,
soc,loao,0,0,rf_magpie,Ba3PI3,Ba,P,I,0.746,1.347828,
soc,loao,0,0,rf_magpie,Ba3SbBr3,Ba,Sb,Br,0.94,1.374348,
soc,loao,0,0,rf_magpie,Ba3SbCl3,Ba,Sb,Cl,0.865,1.500109,
soc,loao,0,0,rf_magpie,Ba3SbI3,Ba,Sb,I,0.717,1.115306,
soc,loao,0,1,rf_magpie,Ca3PBr3,Ca,P,Br,1.6456,1.34856,
soc,loao,0,1,rf_magpie,Ca3PCl3,Ca,P,Cl,1.9056,1.677007,
soc,loao,0,1,rf_magpie,Ca3PI3,Ca,P,I,1.2836,1.157625,
soc,loao,0,2,rf_magpie,Mg3SbBr3,Mg,Sb,Br,1.203,1.28094,
soc,loao,0,2,rf_magpie,Mg3SbCl3,Mg,Sb,Cl,1.901,1.340084,
soc,loao,0,2,rf_magpie,Mg3SbF3,Mg,Sb,F,3.723,1.327198,
soc,loao,0,2,rf_magpie,Mg3SbI3,Mg,Sb,I,0.198,1.192712,
soc,loao,0,3,rf_magpie,Sr3AsI3,Sr,As,I,1.212,0.905118,
soc,loao,0,3,rf_magpie,Sr3PI3,Sr,P,I,1.242,0.963142,
soc,loao,0,0,rf_physics9,Ba3AsBr3,Ba,As,Br,0.864,1.499689,
soc,loao,0,0,rf_physics9,Ba3AsCl3,Ba,As,Cl,0.927,1.67628,
soc,loao,0,0,rf_physics9,Ba3AsI3,Ba,As,I,0.7315,1.243909,
soc,loao,0,0,rf_physics9,Ba3BiBr3,Ba,Bi,Br,0.487,1.504742,
soc,loao,0,0,rf_physics9,Ba3BiCl3,Ba,Bi,Cl,0.531,1.770633,
soc,loao,0,0,rf_physics9,Ba3BiI3,Ba,Bi,I,0.362,1.077003,
soc,loao,0,0,rf_physics9,Ba3PBr3,Ba,P,Br,0.918,1.560867,
soc,loao,0,0,rf_physics9,Ba3PCl3,Ba,P,Cl,0.9395,1.751322,
soc,loao,0,0,rf_physics9,Ba3PI3,Ba,P,I,0.746,1.266289,
soc,loao,0,0,rf_physics9,Ba3SbBr3,Ba,Sb,Br,0.94,1.47128,
soc,loao,0,0,rf_physics9,Ba3SbCl3,Ba,Sb,Cl,0.865,1.770633,
soc,loao,0,0,rf_physics9,Ba3SbI3,Ba,Sb,I,0.717,1.038214,
soc,loao,0,1,rf_physics9,Ca3PBr3,Ca,P,Br,1.6456,1.144053,
soc,loao,0,1,rf_physics9,Ca3PCl3,Ca,P,Cl,1.9056,1.281173,
soc,loao,0,1,rf_physics9,Ca3PI3,Ca,P,I,1.2836,1.167453,
soc,loao,0,2,rf_physics9,Mg3SbBr3,Mg,Sb,Br,1.203,1.605508,
soc,loao,0,2,rf_physics9,Mg3SbCl3,Mg,Sb,Cl,1.901,1.663226,
soc,loao,0,2,rf_physics9,Mg3SbF3,Mg,Sb,F,3.723,1.690553,
soc,loao,0,2,rf_physics9,Mg3SbI3,Mg,Sb,I,0.198,1.399456,
soc,loao,0,3,rf_physics9,Sr3AsI3,Sr,As,I,1.212,1.14016,
soc,loao,0,3,rf_physics9,Sr3PI3,Sr,P,I,1.242,1.199722,
soc,loao,0,0,ridge_magpie,Ba3AsBr3,Ba,As,Br,0.864,1.58754,
soc,loao,0,0,ridge_magpie,Ba3AsCl3,Ba,As,Cl,0.927,2.150907,
soc,loao,0,0,ridge_magpie,Ba3AsI3,Ba,As,I,0.7315,1.153846,
soc,loao,0,0,ridge_magpie,Ba3BiBr3,Ba,Bi,Br,0.487,1.549792,
soc,loao,0,0,ridge_magpie,Ba3BiCl3,Ba,Bi,Cl,0.531,2.129306,
soc,loao,0,0,ridge_magpie,Ba3BiI3,Ba,Bi,I,0.362,0.836673,
soc,loao,0,0,ridge_magpie,Ba3PBr3,Ba,P,Br,0.918,1.765459,
soc,loao,0,0,ridge_magpie,Ba3PCl3,Ba,P,Cl,0.9395,2.152347,
soc,loao,0,0,ridge_magpie,Ba3PI3,Ba,P,I,0.746,1.331765,
soc,loao,0,0,ridge_magpie,Ba3SbBr3,Ba,Sb,Br,0.94,1.554112,
soc,loao,0,0,ridge_magpie,Ba3SbCl3,Ba,Sb,Cl,0.865,2.132186,
soc,loao,0,0,ridge_magpie,Ba3SbI3,Ba,Sb,I,0.717,0.840993,
soc,loao,0,1,ridge_magpie,Ca3PBr3,Ca,P,Br,1.6456,2.308106,
soc,loao,0,1,ridge_magpie,Ca3PCl3,Ca,P,Cl,1.9056,2.679195,
soc,loao,0,1,ridge_magpie,Ca3PI3,Ca,P,I,1.2836,1.186299,
soc,loao,0,2,ridge_magpie,Mg3SbBr3,Mg,Sb,Br,1.203,4.441253,
soc,loao,0,2,ridge_magpie,Mg3SbCl3,Mg,Sb,Cl,1.901,4.523692,
soc,loao,0,2,ridge_magpie,Mg3SbF3,Mg,Sb,F,3.723,4.624643,
soc,loao,0,2,ridge_magpie,Mg3SbI3,Mg,Sb,I,0.198,4.36475,
soc,loao,0,3,ridge_magpie,Sr3AsI3,Sr,As,I,1.212,0.94565,
soc,loao,0,3,ridge_magpie,Sr3PI3,Sr,P,I,1.242,0.979642,
soc,loao,0,0,ridge_physics9,Ba3AsBr3,Ba,As,Br,0.864,2.093088,
soc,loao,0,0,ridge_physics9,Ba3AsCl3,Ba,As,Cl,0.927,2.553618,
soc,loao,0,0,ridge_physics9,Ba3AsI3,Ba,As,I,0.7315,1.425223,
soc,loao,0,0,ridge_physics9,Ba3BiBr3,Ba,Bi,Br,0.487,2.265129,
soc,loao,0,0,ridge_physics9,Ba3BiCl3,Ba,Bi,Cl,0.531,2.764596,
soc,loao,0,0,ridge_physics9,Ba3BiI3,Ba,Bi,I,0.362,1.546012,
soc,loao,0,0,ridge_physics9,Ba3PBr3,Ba,P,Br,0.918,2.019331,
soc,loao,0,0,ridge_physics9,Ba3PCl3,Ba,P,Cl,0.9395,2.463751,
soc,loao,0,0,ridge_physics9,Ba3PI3,Ba,P,I,0.746,1.372675,
soc,loao,0,0,ridge_physics9,Ba3SbBr3,Ba,Sb,Br,0.94,2.21084,
soc,loao,0,0,ridge_physics9,Ba3SbCl3,Ba,Sb,Cl,0.865,2.698223,
soc,loao,0,0,ridge_physics9,Ba3SbI3,Ba,Sb,I,0.717,1.507628,
soc,loao,0,1,ridge_physics9,Ca3PBr3,Ca,P,Br,1.6456,1.469955,
soc,loao,0,1,ridge_physics9,Ca3PCl3,Ca,P,Cl,1.9056,1.643082,
soc,loao,0,1,ridge_physics9,Ca3PI3,Ca,P,I,1.2836,1.367051,
soc,loao,0,2,ridge_physics9,Mg3SbBr3,Mg,Sb,Br,1.203,2.91054,
soc,loao,0,2,ridge_physics9,Mg3SbCl3,Mg,Sb,Cl,1.901,2.997895,
soc,loao,0,2,ridge_physics9,Mg3SbF3,Mg,Sb,F,3.723,3.297618,
soc,loao,0,2,ridge_physics9,Mg3SbI3,Mg,Sb,I,0.198,2.76915,
soc,loao,0,3,ridge_physics9,Sr3AsI3,Sr,As,I,1.212,0.975043,
soc,loao,0,3,ridge_physics9,Sr3PI3,Sr,P,I,1.242,1.173543,
soc,loao,0,0,xgb_magpie,Ba3AsBr3,Ba,As,Br,0.864,1.271727,
soc,loao,0,0,xgb_magpie,Ba3AsCl3,Ba,As,Cl,0.927,1.284283,
soc,loao,0,0,xgb_magpie,Ba3AsI3,Ba,As,I,0.7315,1.255895,
soc,loao,0,0,xgb_magpie,Ba3BiBr3,Ba,Bi,Br,0.487,1.09791,
soc,loao,0,0,xgb_magpie,Ba3BiCl3,Ba,Bi,Cl,0.531,1.102536,
soc,loao,0,0,xgb_magpie,Ba3BiI3,Ba,Bi,I,0.362,1.255895,
soc,loao,0,0,xgb_magpie,Ba3PBr3,Ba,P,Br,0.918,1.070218,
soc,loao,0,0,xgb_magpie,Ba3PCl3,Ba,P,Cl,0.9395,1.10013,
soc,loao,0,0,xgb_magpie,Ba3PI3,Ba,P,I,0.746,1.054564,
soc,loao,0,0,xgb_magpie,Ba3SbBr3,Ba,Sb,Br,0.94,1.271727,
soc,loao,0,0,xgb_magpie,Ba3SbCl3,Ba,Sb,Cl,0.865,1.284283,
soc,loao,0,0,xgb_magpie,Ba3SbI3,Ba,Sb,I,0.717,1.255895,
soc,loao,0,1,xgb_magpie,Ca3PBr3,Ca,P,Br,1.6456,1.708205,
soc,loao,0,1,xgb_magpie,Ca3PCl3,Ca,P,Cl,1.9056,1.951807,
soc,loao,0,1,xgb_magpie,Ca3PI3,Ca,P,I,1.2836,1.13587,
soc,loao,0,2,xgb_magpie,Mg3SbBr3,Mg,Sb,Br,1.203,1.467151,
soc,loao,0,2,xgb_magpie,Mg3SbCl3,Mg,Sb,Cl,1.901,1.497457,
soc,loao,0,2,xgb_magpie,Mg3SbF3,Mg,Sb,F,3.723,1.497264,
soc,loao,0,2,xgb_magpie,Mg3SbI3,Mg,Sb,I,0.198,1.19346,
soc,loao,0,3,xgb_magpie,Sr3AsI3,Sr,As,I,1.212,0.870366,
soc,loao,0,3,xgb_magpie,Sr3PI3,Sr,P,I,1.242,0.961131,
soc,loao,0,0,xgb_physics9,Ba3AsBr3,Ba,As,Br,0.864,1.589346,
soc,loao,0,0,xgb_physics9,Ba3AsCl3,Ba,As,Cl,0.927,2.074115,
soc,loao,0,0,xgb_physics9,Ba3AsI3,Ba,As,I,0.7315,1.206487,
soc,loao,0,0,xgb_physics9,Ba3BiBr3,Ba,Bi,Br,0.487,1.575347,
soc,loao,0,0,xgb_physics9,Ba3BiCl3,Ba,Bi,Cl,0.531,2.065193,
soc,loao,0,0,xgb_physics9,Ba3BiI3,Ba,Bi,I,0.362,1.191921,
soc,loao,0,0,xgb_physics9,Ba3PBr3,Ba,P,Br,0.918,1.631777,
soc,loao,0,0,xgb_physics9,Ba3PCl3,Ba,P,Cl,0.9395,1.87791,
soc,loao,0,0,xgb_physics9,Ba3PI3,Ba,P,I,0.746,1.262545,
soc,loao,0,0,xgb_physics9,Ba3SbBr3,Ba,Sb,Br,0.94,1.575347,
soc,loao,0,0,xgb_physics9,Ba3SbCl3,Ba,Sb,Cl,0.865,2.065193,
soc,loao,0,0,xgb_physics9,Ba3SbI3,Ba,Sb,I,0.717,1.191921,
soc,loao,0,1,xgb_physics9,Ca3PBr3,Ca,P,Br,1.6456,1.355861,
soc,loao,0,1,xgb_physics9,Ca3PCl3,Ca,P,Cl,1.9056,1.615847,
soc,loao,0,1,xgb_physics9,Ca3PI3,Ca,P,I,1.2836,1.083663,
soc,loao,0,2,xgb_physics9,Mg3SbBr3,Mg,Sb,Br,1.203,1.653355,
soc,loao,0,2,xgb_physics9,Mg3SbCl3,Mg,Sb,Cl,1.901,1.735666,
soc,loao,0,2,xgb_physics9,Mg3SbF3,Mg,Sb,F,3.723,1.704062,
soc,loao,0,2,xgb_physics9,Mg3SbI3,Mg,Sb,I,0.198,1.284923,
soc,loao,0,3,xgb_physics9,Sr3AsI3,Sr,As,I,1.212,1.017902,
soc,loao,0,3,xgb_physics9,Sr3PI3,Sr,P,I,1.242,1.148872,
soc,gkf,0,0,gpr_physics9,Ba3AsBr3,Ba,As,Br,0.864,0.929951,0.056655
soc,gkf,0,0,gpr_physics9,Ba3AsCl3,Ba,As,Cl,0.927,0.957089,0.062406
soc,gkf,0,2,gpr_physics9,Ba3AsI3,Ba,As,I,0.7315,0.719642,0.030602
soc,gkf,0,1,gpr_physics9,Ba3BiBr3,Ba,Bi,Br,0.487,0.645525,0.064854
soc,gkf,0,3,gpr_physics9,Ba3BiCl3,Ba,Bi,Cl,0.531,0.400613,0.050664
soc,gkf,0,1,gpr_physics9,Ba3BiI3,Ba,Bi,I,0.362,0.729269,0.190635
soc,gkf,0,4,gpr_physics9,Ba3PBr3,Ba,P,Br,0.918,0.874252,0.017014
soc,gkf,0,3,gpr_physics9,Ba3PCl3,Ba,P,Cl,0.9395,0.9954,0.032954
soc,gkf,0,0,gpr_physics9,Ba3PI3,Ba,P,I,0.746,0.743879,0.04992
soc,gkf,0,2,gpr_physics9,Ba3SbBr3,Ba,Sb,Br,0.94,0.833854,0.026131
soc,gkf,0,4,gpr_physics9,Ba3SbCl3,Ba,Sb,Cl,0.865,1.010632,0.039431
soc,gkf,0,1,gpr_physics9,Ba3SbI3,Ba,Sb,I,0.717,0.92771,0.144422
soc,gkf,0,3,gpr_physics9,Ca3PBr3,Ca,P,Br,1.6456,1.694526,0.045952
soc,gkf,0,2,gpr_physics9,Ca3PCl3,Ca,P,Cl,1.9056,1.828333,0.049205
soc,gkf,0,4,gpr_physics9,Ca3PI3,Ca,P,I,1.2836,1.25029,0.091706
soc,gkf,0,0,gpr_physics9,Mg3SbBr3,Mg,Sb,Br,1.203,1.233652,0.118459
soc,gkf,0,2,gpr_physics9,Mg3SbCl3,Mg,Sb,Cl,1.901,1.828318,0.038332
soc,gkf,0,0,gpr_physics9,Mg3SbF3,Mg,Sb,F,3.723,2.314143,0.792436
soc,gkf,0,1,gpr_physics9,Mg3SbI3,Mg,Sb,I,0.198,0.292501,0.15321
soc,gkf,0,4,gpr_physics9,Sr3AsI3,Sr,As,I,1.212,1.233311,0.057147
soc,gkf,0,3,gpr_physics9,Sr3PI3,Sr,P,I,1.242,1.189296,0.048376
soc,gkf,1,9,gpr_physics9,Ba3AsBr3,Ba,As,Br,0.864,0.905811,0.041696
soc,gkf,1,9,gpr_physics9,Ba3AsCl3,Ba,As,Cl,0.927,0.930001,0.057492
soc,gkf,1,7,gpr_physics9,Ba3AsI3,Ba,As,I,0.7315,0.760686,0.062231
soc,gkf,1,6,gpr_physics9,Ba3BiBr3,Ba,Bi,Br,0.487,0.580553,0.029957
soc,gkf,1,5,gpr_physics9,Ba3BiCl3,Ba,Bi,Cl,0.531,0.467313,0.084982
soc,gkf,1,5,gpr_physics9,Ba3BiI3,Ba,Bi,I,0.362,0.324472,0.114759
soc,gkf,1,7,gpr_physics9,Ba3PBr3,Ba,P,Br,0.918,0.860111,0.039429
soc,gkf,1,6,gpr_physics9,Ba3PCl3,Ba,P,Cl,0.9395,1.000744,0.027441
soc,gkf,1,5,gpr_physics9,Ba3PI3,Ba,P,I,0.746,0.762443,0.054236
soc,gkf,1,8,gpr_physics9,Ba3SbBr3,Ba,Sb,Br,0.94,0.821171,0.047829
soc,gkf,1,8,gpr_physics9,Ba3SbCl3,Ba,Sb,Cl,0.865,0.85399,0.065398
soc,gkf,1,9,gpr_physics9,Ba3SbI3,Ba,Sb,I,0.717,0.845802,0.084781
soc,gkf,1,7,gpr_physics9,Ca3PBr3,Ca,P,Br,1.6456,1.706782,0.136677
soc,gkf,1,5,gpr_physics9,Ca3PCl3,Ca,P,Cl,1.9056,1.80656,0.09277
soc,gkf,1,6,gpr_physics9,Ca3PI3,Ca,P,I,1.2836,1.247707,0.111297
soc,gkf,1,8,gpr_physics9,Mg3SbBr3,Mg,Sb,Br,1.203,0.987539,0.133645
soc,gkf,1,8,gpr_physics9,Mg3SbCl3,Mg,Sb,Cl,1.901,1.544015,0.180144
soc,gkf,1,7,gpr_physics9,Mg3SbF3,Mg,Sb,F,3.723,1.761758,0.622965
soc,gkf,1,9,gpr_physics9,Mg3SbI3,Mg,Sb,I,0.198,0.307321,0.164262
soc,gkf,1,6,gpr_physics9,Sr3AsI3,Sr,As,I,1.212,1.229517,0.055612
soc,gkf,1,5,gpr_physics9,Sr3PI3,Sr,P,I,1.242,1.205413,0.060533
soc,gkf,2,10,gpr_physics9,Ba3AsBr3,Ba,As,Br,0.864,0.882494,0.027836
soc,gkf,2,13,gpr_physics9,Ba3AsCl3,Ba,As,Cl,0.927,0.869744,0.025579
soc,gkf,2,11,gpr_physics9,Ba3AsI3,Ba,As,I,0.7315,0.730563,0.05556
soc,gkf,2,14,gpr_physics9,Ba3BiBr3,Ba,Bi,Br,0.487,0.57875,0.030769
soc,gkf,2,12,gpr_physics9,Ba3BiCl3,Ba,Bi,Cl,0.531,0.458107,0.069681
soc,gkf,2,10,gpr_physics9,Ba3BiI3,Ba,Bi,I,0.362,0.305184,0.066056
soc,gkf,2,14,gpr_physics9,Ba3PBr3,Ba,P,Br,0.918,0.871962,0.019851
soc,gkf,2,10,gpr_physics9,Ba3PCl3,Ba,P,Cl,0.9395,0.973989,0.039283
soc,gkf,2,14,gpr_physics9,Ba3PI3,Ba,P,I,0.746,0.748351,0.032856
soc,gkf,2,13,gpr_physics9,Ba3SbBr3,Ba,Sb,Br,0.94,0.840859,0.020885
soc,gkf,2,10,gpr_physics9,Ba3SbCl3,Ba,Sb,Cl,0.865,0.986583,0.045206
soc,gkf,2,11,gpr_physics9,Ba3SbI3,Ba,Sb,I,0.717,0.831286,0.087929
soc,gkf,2,11,gpr_physics9,Ca3PBr3,Ca,P,Br,1.6456,1.70444,0.055418
soc,gkf,2,13,gpr_physics9,Ca3PCl3,Ca,P,Cl,1.9056,1.812605,0.051457
soc,gkf,2,12,gpr_physics9,Ca3PI3,Ca,P,I,1.2836,1.31435,0.135074
soc,gkf,2,12,gpr_physics9,Mg3SbBr3,Mg,Sb,Br,1.203,1.470852,0.183716
soc,gkf,2,10,gpr_physics9,Mg3SbCl3,Mg,Sb,Cl,1.901,1.853768,0.05076
soc,gkf,2,14,gpr_physics9,Mg3SbF3,Mg,Sb,F,3.723,3.412042,0.595737
soc,gkf,2,12,gpr_physics9,Mg3SbI3,Mg,Sb,I,0.198,0.975857,0.483018
soc,gkf,2,11,gpr_physics9,Sr3AsI3,Sr,As,I,1.212,1.223652,0.076387
soc,gkf,2,13,gpr_physics9,Sr3PI3,Sr,P,I,1.242,1.197749,0.040279
soc,gkf,3,15,gpr_physics9,Ba3AsBr3,Ba,As,Br,0.864,0.901853,0.023137
soc,gkf,3,19,gpr_physics9,Ba3AsCl3,Ba,As,Cl,0.927,0.889791,0.032082
soc,gkf,3,15,gpr_physics9,Ba3AsI3,Ba,As,I,0.7315,0.923387,0.105756
soc,gkf,3,19,gpr_physics9,Ba3BiBr3,Ba,Bi,Br,0.487,0.52247,0.068734
soc,gkf,3,15,gpr_physics9,Ba3BiCl3,Ba,Bi,Cl,0.531,0.595824,0.086861
soc,gkf,3,19,gpr_physics9,Ba3BiI3,Ba,Bi,I,0.362,0.445571,0.096112
soc,gkf,3,16,gpr_physics9,Ba3PBr3,Ba,P,Br,0.918,0.85473,0.057323
soc,gkf,3,16,gpr_physics9,Ba3PCl3,Ba,P,Cl,0.9395,0.918692,0.067177
soc,gkf,3,15,gpr_physics9,Ba3PI3,Ba,P,I,0.746,0.947516,0.103353
soc,gkf,3,19,gpr_physics9,Ba3SbBr3,Ba,Sb,Br,0.94,0.838723,0.048876
soc,gkf,3,15,gpr_physics9,Ba3SbCl3,Ba,Sb,Cl,0.865,1.060774,0.083184
soc,gkf,3,17,gpr_physics9,Ba3SbI3,Ba,Sb,I,0.717,0.727535,0.149091
soc,gkf,3,18,gpr_physics9,Ca3PBr3,Ca,P,Br,1.6456,1.702717,0.061923
soc,gkf,3,17,gpr_physics9,Ca3PCl3,Ca,P,Cl,1.9056,1.588111,0.261567
soc,gkf,3,17,gpr_physics9,Ca3PI3,Ca,P,I,1.2836,1.527655,0.366389
soc,gkf,3,16,gpr_physics9,Mg3SbBr3,Mg,Sb,Br,1.203,0.984538,0.225497
soc,gkf,3,16,gpr_physics9,Mg3SbCl3,Mg,Sb,Cl,1.901,1.575733,0.306027
soc,gkf,3,17,gpr_physics9,Mg3SbF3,Mg,Sb,F,3.723,1.582097,0.599442
soc,gkf,3,18,gpr_physics9,Mg3SbI3,Mg,Sb,I,0.198,0.257128,0.167308
soc,gkf,3,18,gpr_physics9,Sr3AsI3,Sr,As,I,1.212,1.090896,0.093026
soc,gkf,3,18,gpr_physics9,Sr3PI3,Sr,P,I,1.242,1.111074,0.079391
soc,gkf,4,22,gpr_physics9,Ba3AsBr3,Ba,As,Br,0.864,0.897191,0.03421
soc,gkf,4,20,gpr_physics9,Ba3AsCl3,Ba,As,Cl,0.927,0.867247,0.044451
soc,gkf,4,20,gpr_physics9,Ba3AsI3,Ba,As,I,0.7315,0.718668,0.045246
soc,gkf,4,20,gpr_physics9,Ba3BiBr3,Ba,Bi,Br,0.487,0.66614,0.056847
soc,gkf,4,23,gpr_physics9,Ba3BiCl3,Ba,Bi,Cl,0.531,0.559189,0.060339
soc,gkf,4,20,gpr_physics9,Ba3BiI3,Ba,Bi,I,0.362,0.550212,0.096746
soc,gkf,4,21,gpr_physics9,Ba3PBr3,Ba,P,Br,0.918,0.87585,0.015169
soc,gkf,4,23,gpr_physics9,Ba3PCl3,Ba,P,Cl,0.9395,0.996598,0.022717
soc,gkf,4,22,gpr_physics9,Ba3PI3,Ba,P,I,0.746,0.756374,0.048253
soc,gkf,4,23,gpr_physics9,Ba3SbBr3,Ba,Sb,Br,0.94,0.819416,0.037248
soc,gkf,4,21,gpr_physics9,Ba3SbCl3,Ba,Sb,Cl,0.865,1.015372,0.033408
soc,gkf,4,22,gpr_physics9,Ba3SbI3,Ba,Sb,I,0.717,0.834,0.08827
soc,gkf,4,24,gpr_physics9,Ca3PBr3,Ca,P,Br,1.6456,1.728073,0.155328
soc,gkf,4,21,gpr_physics9,Ca3PCl3,Ca,P,Cl,1.9056,1.840945,0.051397
soc,gkf,4,23,gpr_physics9,Ca3PI3,Ca,P,I,1.2836,1.251925,0.082335
soc,gkf,4,24,gpr_physics9,Mg3SbBr3,Mg,Sb,Br,1.203,1.287664,0.155328
soc,gkf,4,21,gpr_physics9,Mg3SbCl3,Mg,Sb,Cl,1.901,1.846762,0.039033
soc,gkf,4,24,gpr_physics9,Mg3SbF3,Mg,Sb,F,3.723,1.733865,0.577291
soc,gkf,4,22,gpr_physics9,Mg3SbI3,Mg,Sb,I,0.198,0.299703,0.161758
soc,gkf,4,20,gpr_physics9,Sr3AsI3,Sr,As,I,1.212,1.233425,0.08488
soc,gkf,4,24,gpr_physics9,Sr3PI3,Sr,P,I,1.242,1.209478,0.089083
soc,gkf,5,28,gpr_physics9,Ba3AsBr3,Ba,As,Br,0.864,0.905261,0.028421
soc,gkf,5,26,gpr_physics9,Ba3AsCl3,Ba,As,Cl,0.927,0.866505,0.028046
soc,gkf,5,29,gpr_physics9,Ba3AsI3,Ba,As,I,0.7315,0.733275,0.063346
soc,gkf,5,26,gpr_physics9,Ba3BiBr3,Ba,Bi,Br,0.487,0.575232,0.045707
soc,gkf,5,28,gpr_physics9,Ba3BiCl3,Ba,Bi,Cl,0.531,0.60516,0.174235
soc,gkf,5,25,gpr_physics9,Ba3BiI3,Ba,Bi,I,0.362,0.281968,0.095407
soc,gkf,5,27,gpr_physics9,Ba3PBr3,Ba,P,Br,0.918,0.877224,0.019827
soc,gkf,5,29,gpr_physics9,Ba3PCl3,Ba,P,Cl,0.9395,0.968229,0.065712
soc,gkf,5,27,gpr_physics9,Ba3PI3,Ba,P,I,0.746,0.749014,0.030461
soc,gkf,5,27,gpr_physics9,Ba3SbBr3,Ba,Sb,Br,0.94,0.835679,0.020512
soc,gkf,5,28,gpr_physics9,Ba3SbCl3,Ba,Sb,Cl,0.865,0.992915,0.16944
soc,gkf,5,26,gpr_physics9,Ba3SbI3,Ba,Sb,I,0.717,0.728344,0.083149
soc,gkf,5,27,gpr_physics9,Ca3PBr3,Ca,P,Br,1.6456,1.690047,0.035771
soc,gkf,5,25,gpr_physics9,Ca3PCl3,Ca,P,Cl,1.9056,1.794916,0.136817
soc,gkf,5,25,gpr_physics9,Ca3PI3,Ca,P,I,1.2836,1.302579,0.206116
soc,gkf,5,26,gpr_physics9,Mg3SbBr3,Mg,Sb,Br,1.203,1.208415,0.057448
soc,gkf,5,29,gpr_physics9,Mg3SbCl3,Mg,Sb,Cl,1.901,1.716099,0.120191
soc,gkf,5,28,gpr_physics9,Mg3SbF3,Mg,Sb,F,3.723,2.008284,0.620451
soc,gkf,5,29,gpr_physics9,Mg3SbI3,Mg,Sb,I,0.198,0.533933,0.23465
soc,gkf,5,25,gpr_physics9,Sr3AsI3,Sr,As,I,1.212,1.084326,0.145394
soc,gkf,5,25,gpr_physics9,Sr3PI3,Sr,P,I,1.242,1.101166,0.139697
soc,gkf,6,33,gpr_physics9,Ba3AsBr3,Ba,As,Br,0.864,0.896628,0.051321
soc,gkf,6,30,gpr_physics9,Ba3AsCl3,Ba,As,Cl,0.927,0.869228,0.028299
soc,gkf,6,34,gpr_physics9,Ba3AsI3,Ba,As,I,0.7315,0.71437,0.033369
soc,gkf,6,30,gpr_physics9,Ba3BiBr3,Ba,Bi,Br,0.487,0.546865,0.056335
soc,gkf,6,34,gpr_physics9,Ba3BiCl3,Ba,Bi,Cl,0.531,0.458863,0.057715
soc,gkf,6,31,gpr_physics9,Ba3BiI3,Ba,Bi,I,0.362,0.317655,0.096217
soc,gkf,6,31,gpr_physics9,Ba3PBr3,Ba,P,Br,0.918,0.871678,0.050726
soc,gkf,6,34,gpr_physics9,Ba3PCl3,Ba,P,Cl,0.9395,0.99603,0.028785
soc,gkf,6,31,gpr_physics9,Ba3PI3,Ba,P,I,0.746,0.742021,0.058993
soc,gkf,6,32,gpr_physics9,Ba3SbBr3,Ba,Sb,Br,0.94,0.830801,0.024428
soc,gkf,6,30,gpr_physics9,Ba3SbCl3,Ba,Sb,Cl,0.865,0.915317,0.078082
soc,gkf,6,34,gpr_physics9,Ba3SbI3,Ba,Sb,I,0.717,0.831951,0.076754
soc,gkf,6,31,gpr_physics9,Ca3PBr3,Ca,P,Br,1.6456,1.700839,0.062489
soc,gkf,6,32,gpr_physics9,Ca3PCl3,Ca,P,Cl,1.9056,1.766551,0.078716
soc,gkf,6,32,gpr_physics9,Ca3PI3,Ca,P,I,1.2836,1.395065,0.115538
soc,gkf,6,32,gpr_physics9,Mg3SbBr3,Mg,Sb,Br,1.203,1.252628,0.024743
soc,gkf,6,33,gpr_physics9,Mg3SbCl3,Mg,Sb,Cl,1.901,1.85074,0.077717
soc,gkf,6,30,gpr_physics9,Mg3SbF3,Mg,Sb,F,3.723,3.427233,0.748664
soc,gkf,6,30,gpr_physics9,Mg3SbI3,Mg,Sb,I,0.198,0.263132,0.185253
soc,gkf,6,33,gpr_physics9,Sr3AsI3,Sr,As,I,1.212,1.097673,0.096812
soc,gkf,6,33,gpr_physics9,Sr3PI3,Sr,P,I,1.242,1.109111,0.082113
soc,gkf,7,35,gpr_physics9,Ba3AsBr3,Ba,As,Br,0.864,0.963459,0.065342
soc,gkf,7,35,gpr_physics9,Ba3AsCl3,Ba,As,Cl,0.927,1.013573,0.069127
soc,gkf,7,36,gpr_physics9,Ba3AsI3,Ba,As,I,0.7315,0.707386,0.029511
soc,gkf,7,38,gpr_physics9,Ba3BiBr3,Ba,Bi,Br,0.487,0.568225,0.042527
soc,gkf,7,37,gpr_physics9,Ba3BiCl3,Ba,Bi,Cl,0.531,0.481686,0.090452
soc,gkf,7,36,gpr_physics9,Ba3BiI3,Ba,Bi,I,0.362,0.316506,0.065254
soc,gkf,7,39,gpr_physics9,Ba3PBr3,Ba,P,Br,0.918,0.876356,0.013835
soc,gkf,7,36,gpr_physics9,Ba3PCl3,Ba,P,Cl,0.9395,0.992264,0.026724
soc,gkf,7,35,gpr_physics9,Ba3PI3,Ba,P,I,0.746,0.683332,0.07173
soc,gkf,7,39,gpr_physics9,Ba3SbBr3,Ba,Sb,Br,0.94,0.831364,0.015963
soc,gkf,7,36,gpr_physics9,Ba3SbCl3,Ba,Sb,Cl,0.865,0.996394,0.044309
soc,gkf,7,37,gpr_physics9,Ba3SbI3,Ba,Sb,I,0.717,0.773228,0.117218
soc,gkf,7,39,gpr_physics9,Ca3PBr3,Ca,P,Br,1.6456,1.683837,0.026659
soc,gkf,7,37,gpr_physics9,Ca3PCl3,Ca,P,Cl,1.9056,1.766547,0.132774
soc,gkf,7,35,gpr_physics9,Ca3PI3,Ca,P,I,1.2836,1.220684,0.124852
soc,gkf,7,38,gpr_physics9,Mg3SbBr3,Mg,Sb,Br,1.203,0.986594,0.25612
soc,gkf,7,38,gpr_physics9,Mg3SbCl3,Mg,Sb,Cl,1.901,1.585229,0.350052
soc,gkf,7,37,gpr_physics9,Mg3SbF3,Mg,Sb,F,3.723,2.578567,0.679903
soc,gkf,7,39,gpr_physics9,Mg3SbI3,Mg,Sb,I,0.198,0.066164,0.067689
soc,gkf,7,38,gpr_physics9,Sr3AsI3,Sr,As,I,1.212,1.21432,0.058218
soc,gkf,7,35,gpr_physics9,Sr3PI3,Sr,P,I,1.242,1.128405,0.07204
soc,gkf,8,42,gpr_physics9,Ba3AsBr3,Ba,As,Br,0.864,0.918168,0.040246
soc,gkf,8,40,gpr_physics9,Ba3AsCl3,Ba,As,Cl,0.927,0.970612,0.110248
soc,gkf,8,41,gpr_physics9,Ba3AsI3,Ba,As,I,0.7315,0.729757,0.061253
soc,gkf,8,40,gpr_physics9,Ba3BiBr3,Ba,Bi,Br,0.487,0.646362,0.102632
soc,gkf,8,40,gpr_physics9,Ba3BiCl3,Ba,Bi,Cl,0.531,0.646144,0.150208
soc,gkf,8,44,gpr_physics9,Ba3BiI3,Ba,Bi,I,0.362,0.437823,0.170715
soc,gkf,8,43,gpr_physics9,Ba3PBr3,Ba,P,Br,0.918,0.87283,0.014288
soc,gkf,8,40,gpr_physics9,Ba3PCl3,Ba,P,Cl,0.9395,1.037061,0.112497
soc,gkf,8,42,gpr_physics9,Ba3PI3,Ba,P,I,0.746,0.723712,0.063965
soc,gkf,8,43,gpr_physics9,Ba3SbBr3,Ba,Sb,Br,0.94,0.828216,0.039338
soc,gkf,8,43,gpr_physics9,Ba3SbCl3,Ba,Sb,Cl,0.865,0.862738,0.057041
soc,gkf,8,44,gpr_physics9,Ba3SbI3,Ba,Sb,I,0.717,0.89541,0.161382
soc,gkf,8,41,gpr_physics9,Ca3PBr3,Ca,P,Br,1.6456,1.781876,0.072769
soc,gkf,8,42,gpr_physics9,Ca3PCl3,Ca,P,Cl,1.9056,1.711588,0.199542
soc,gkf,8,41,gpr_physics9,Ca3PI3,Ca,P,I,1.2836,1.480764,0.127155
soc,gkf,8,43,gpr_physics9,Mg3SbBr3,Mg,Sb,Br,1.203,1.248824,0.020098
soc,gkf,8,40,gpr_physics9,Mg3SbCl3,Mg,Sb,Cl,1.901,1.896671,0.101663
soc,gkf,8,42,gpr_physics9,Mg3SbF3,Mg,Sb,F,3.723,1.676829,0.60748
soc,gkf,8,44,gpr_physics9,Mg3SbI3,Mg,Sb,I,0.198,0.313488,0.166616
soc,gkf,8,41,gpr_physics9,Sr3AsI3,Sr,As,I,1.212,1.211605,0.073158
soc,gkf,8,44,gpr_physics9,Sr3PI3,Sr,P,I,1.242,1.194029,0.058244
soc,gkf,9,48,gpr_physics9,Ba3AsBr3,Ba,As,Br,0.864,0.905637,0.022942
soc,gkf,9,45,gpr_physics9,Ba3AsCl3,Ba,As,Cl,0.927,0.87666,0.027632
soc,gkf,9,49,gpr_physics9,Ba3AsI3,Ba,As,I,0.7315,0.776308,0.063523
soc,gkf,9,46,gpr_physics9,Ba3BiBr3,Ba,Bi,Br,0.487,0.510591,0.043569
soc,gkf,9,48,gpr_physics9,Ba3BiCl3,Ba,Bi,Cl,0.531,0.414811,0.047981
soc,gkf,9,49,gpr_physics9,Ba3BiI3,Ba,Bi,I,0.362,0.342665,0.102496
soc,gkf,9,49,gpr_physics9,Ba3PBr3,Ba,P,Br,0.918,0.835966,0.062854
soc,gkf,9,49,gpr_physics9,Ba3PCl3,Ba,P,Cl,0.9395,0.894938,0.074207
soc,gkf,9,48,gpr_physics9,Ba3PI3,Ba,P,I,0.746,0.754599,0.036521
soc,gkf,9,47,gpr_physics9,Ba3SbBr3,Ba,Sb,Br,0.94,0.83192,0.088224
soc,gkf,9,46,gpr_physics9,Ba3SbCl3,Ba,Sb,Cl,0.865,0.978191,0.059905
soc,gkf,9,45,gpr_physics9,Ba3SbI3,Ba,Sb,I,0.717,0.897826,0.073967
soc,gkf,9,45,gpr_physics9,Ca3PBr3,Ca,P,Br,1.6456,1.8307,0.066606
soc,gkf,9,48,gpr_physics9,Ca3PCl3,Ca,P,Cl,1.9056,1.794997,0.081224
soc,gkf,9,45,gpr_physics9,Ca3PI3,Ca,P,I,1.2836,1.589893,0.138318
soc,gkf,9,46,gpr_physics9,Mg3SbBr3,Mg,Sb,Br,1.203,0.981967,0.188826
soc,gkf,9,46,gpr_physics9,Mg3SbCl3,Mg,Sb,Cl,1.901,1.55743,0.258517
soc,gkf,9,47,gpr_physics9,Mg3SbF3,Mg,Sb,F,3.723,1.67482,0.564854
soc,gkf,9,47,gpr_physics9,Mg3SbI3,Mg,Sb,I,0.198,0.570791,0.277432
soc,gkf,9,45,gpr_physics9,Sr3AsI3,Sr,As,I,1.212,1.227935,0.048747
soc,gkf,9,47,gpr_physics9,Sr3PI3,Sr,P,I,1.242,1.210163,0.084149
soc,gkf,0,0,halide_rule,Ba3AsBr3,Ba,As,Br,0.864,0.99765,
soc,gkf,0,0,halide_rule,Ba3AsCl3,Ba,As,Cl,0.927,1.22842,
soc,gkf,0,2,halide_rule,Ba3AsI3,Ba,As,I,0.7315,0.822943,
soc,gkf,0,1,halide_rule,Ba3BiBr3,Ba,Bi,Br,0.487,1.11412,
soc,gkf,0,3,halide_rule,Ba3BiCl3,Ba,Bi,Cl,0.531,1.39965,
soc,gkf,0,1,halide_rule,Ba3BiI3,Ba,Bi,I,0.362,1.04302,
soc,gkf,0,4,halide_rule,Ba3PBr3,Ba,P,Br,0.918,1.02792,
soc,gkf,0,3,halide_rule,Ba3PCl3,Ba,P,Cl,0.9395,1.39965,
soc,gkf,0,0,halide_rule,Ba3PI3,Ba,P,I,0.746,0.820871,
soc,gkf,0,2,halide_rule,Ba3SbBr3,Ba,Sb,Br,0.94,1.02352,
soc,gkf,0,4,halide_rule,Ba3SbCl3,Ba,Sb,Cl,0.865,1.24082,
soc,gkf,0,1,halide_rule,Ba3SbI3,Ba,Sb,I,0.717,1.04302,
soc,gkf,0,3,halide_rule,Ca3PBr3,Ca,P,Br,1.6456,0.8824,
soc,gkf,0,2,halide_rule,Ca3PCl3,Ca,P,Cl,1.9056,0.815625,
soc,gkf,0,4,halide_rule,Ca3PI3,Ca,P,I,1.2836,0.666083,
soc,gkf,0,0,halide_rule,Mg3SbBr3,Mg,Sb,Br,1.203,0.99765,
soc,gkf,0,2,halide_rule,Mg3SbCl3,Mg,Sb,Cl,1.901,0.815625,
soc,gkf,0,0,halide_rule,Mg3SbF3,Mg,Sb,F,3.723,0.992425,
soc,gkf,0,1,halide_rule,Mg3SbI3,Mg,Sb,I,0.198,1.04302,
soc,gkf,0,4,halide_rule,Sr3AsI3,Sr,As,I,1.212,0.666083,
soc,gkf,0,3,halide_rule,Sr3PI3,Sr,P,I,1.242,0.750014,
soc,gkf,1,9,halide_rule,Ba3AsBr3,Ba,As,Br,0.864,1.03872,
soc,gkf,1,9,halide_rule,Ba3AsCl3,Ba,As,Cl,0.927,1.22842,
soc,gkf,1,7,halide_rule,Ba3AsI3,Ba,As,I,0.7315,0.822943,
soc,gkf,1,6,halide_rule,Ba3BiBr3,Ba,Bi,Br,0.487,1.11412,
soc,gkf,1,5,halide_rule,Ba3BiCl3,Ba,Bi,Cl,0.531,1.158125,
soc,gkf,1,5,halide_rule,Ba3BiI3,Ba,Bi,I,0.362,0.82842,
soc,gkf,1,7,halide_rule,Ba3PBr3,Ba,P,Br,0.918,0.8735,
soc,gkf,1,6,halide_rule,Ba3PCl3,Ba,P,Cl,0.9395,1.22592,
soc,gkf,1,5,halide_rule,Ba3PI3,Ba,P,I,0.746,0.82842,
soc,gkf,1,8,halide_rule,Ba3SbBr3,Ba,Sb,Br,0.94,0.97865,
soc,gkf,1,8,halide_rule,Ba3SbCl3,Ba,Sb,Cl,0.865,1.075775,
soc,gkf,1,9,halide_rule,Ba3SbI3,Ba,Sb,I,0.717,0.929517,
soc,gkf,1,7,halide_rule,Ca3PBr3,Ca,P,Br,1.6456,0.8735,
soc,gkf,1,5,halide_rule,Ca3PCl3,Ca,P,Cl,1.9056,1.158125,
soc,gkf,1,6,halide_rule,Ca3PI3,Ca,P,I,1.2836,0.666083,
soc,gkf,1,8,halide_rule,Mg3SbBr3,Mg,Sb,Br,1.203,0.97865,
soc,gkf,1,8,halide_rule,Mg3SbCl3,Mg,Sb,Cl,1.901,1.075775,
soc,gkf,1,7,halide_rule,Mg3SbF3,Mg,Sb,F,3.723,0.960218,
soc,gkf,1,9,halide_rule,Mg3SbI3,Mg,Sb,I,0.198,0.929517,
soc,gkf,1,6,halide_rule,Sr3AsI3,Sr,As,I,1.212,0.666083,
soc,gkf,1,5,halide_rule,Sr3PI3,Sr,P,I,1.242,0.82842,
soc,gkf,2,10,halide_rule,Ba3AsBr3,Ba,As,Br,0.864,1.03872,
soc,gkf,2,13,halide_rule,Ba3AsCl3,Ba,As,Cl,0.927,1.059125,
soc,gkf,2,11,halide_rule,Ba3AsI3,Ba,As,I,0.7315,0.76632,
soc,gkf,2,14,halide_rule,Ba3BiBr3,Ba,Bi,Br,0.487,1.16315,
soc,gkf,2,12,halide_rule,Ba3BiCl3,Ba,Bi,Cl,0.531,1.30762,
soc,gkf,2,10,halide_rule,Ba3BiI3,Ba,Bi,I,0.362,0.875729,
soc,gkf,2,14,halide_rule,Ba3PBr3,Ba,P,Br,0.918,1.16315,
soc,gkf,2,10,halide_rule,Ba3PCl3,Ba,P,Cl,0.9395,1.1212,
soc,gkf,2,14,halide_rule,Ba3PI3,Ba,P,I,0.746,0.820871,
soc,gkf,2,13,halide_rule,Ba3SbBr3,Ba,Sb,Br,0.94,1.02352,
soc,gkf,2,10,halide_rule,Ba3SbCl3,Ba,Sb,Cl,0.865,1.1212,
soc,gkf,2,11,halide_rule,Ba3SbI3,Ba,Sb,I,0.717,0.76632,
soc,gkf,2,11,halide_rule,Ca3PBr3,Ca,P,Br,1.6456,0.8824,
soc,gkf,2,13,halide_rule,Ca3PCl3,Ca,P,Cl,1.9056,1.059125,
soc,gkf,2,12,halide_rule,Ca3PI3,Ca,P,I,1.2836,0.835083,
soc,gkf,2,12,halide_rule,Mg3SbBr3,Mg,Sb,Br,1.203,0.97092,
soc,gkf,2,10,halide_rule,Mg3SbCl3,Mg,Sb,Cl,1.901,1.1212,
soc,gkf,2,14,halide_rule,Mg3SbF3,Mg,Sb,F,3.723,1.027518,
soc,gkf,2,12,halide_rule,Mg3SbI3,Mg,Sb,I,0.198,0.835083,
soc,gkf,2,11,halide_rule,Sr3AsI3,Sr,As,I,1.212,0.76632,
soc,gkf,2,13,halide_rule,Sr3PI3,Sr,P,I,1.242,0.750014,
soc,gkf,3,15,halide_rule,Ba3AsBr3,Ba,As,Br,0.864,1.03872,
soc,gkf,3,19,halide_rule,Ba3AsCl3,Ba,As,Cl,0.927,1.22842,
soc,gkf,3,15,halide_rule,Ba3AsI3,Ba,As,I,0.7315,0.835767,
soc,gkf,3,19,halide_rule,Ba3BiBr3,Ba,Bi,Br,0.487,1.15765,
soc,gkf,3,15,halide_rule,Ba3BiCl3,Ba,Bi,Cl,0.531,1.418275,
soc,gkf,3,19,halide_rule,Ba3BiI3,Ba,Bi,I,0.362,0.875729,
soc,gkf,3,16,halide_rule,Ba3PBr3,Ba,P,Br,0.918,0.98415,
soc,gkf,3,16,halide_rule,Ba3PCl3,Ba,P,Cl,0.9395,1.05715,
soc,gkf,3,15,halide_rule,Ba3PI3,Ba,P,I,0.746,0.835767,
soc,gkf,3,19,halide_rule,Ba3SbBr3,Ba,Sb,Br,0.94,1.15765,
soc,gkf,3,15,halide_rule,Ba3SbCl3,Ba,Sb,Cl,0.865,1.418275,
soc,gkf,3,17,halide_rule,Ba3SbI3,Ba,Sb,I,0.717,0.748583,
soc,gkf,3,18,halide_rule,Ca3PBr3,Ca,P,Br,1.6456,0.8824,
soc,gkf,3,17,halide_rule,Ca3PCl3,Ca,P,Cl,1.9056,1.0327,
soc,gkf,3,17,halide_rule,Ca3PI3,Ca,P,I,1.2836,0.748583,
soc,gkf,3,16,halide_rule,Mg3SbBr3,Mg,Sb,Br,1.203,0.98415,
soc,gkf,3,16,halide_rule,Mg3SbCl3,Mg,Sb,Cl,1.901,1.05715,
soc,gkf,3,17,halide_rule,Mg3SbF3,Mg,Sb,F,3.723,0.924271,
soc,gkf,3,18,halide_rule,Mg3SbI3,Mg,Sb,I,0.198,0.76802,
soc,gkf,3,18,halide_rule,Sr3AsI3,Sr,As,I,1.212,0.76802,
soc,gkf,3,18,halide_rule,Sr3PI3,Sr,P,I,1.242,0.76802,
soc,gkf,4,22,halide_rule,Ba3AsBr3,Ba,As,Br,0.864,1.03872,
soc,gkf,4,20,halide_rule,Ba3AsCl3,Ba,As,Cl,0.927,1.22842,
soc,gkf,4,20,halide_rule,Ba3AsI3,Ba,As,I,0.7315,0.83732,
soc,gkf,4,20,halide_rule,Ba3BiBr3,Ba,Bi,Br,0.487,1.11412,
soc,gkf,4,23,halide_rule,Ba3BiCl3,Ba,Bi,Cl,0.531,1.39965,
soc,gkf,4,20,halide_rule,Ba3BiI3,Ba,Bi,I,0.362,0.83732,
soc,gkf,4,21,halide_rule,Ba3PBr3,Ba,P,Br,0.918,1.02792,
soc,gkf,4,23,halide_rule,Ba3PCl3,Ba,P,Cl,0.9395,1.39965,
soc,gkf,4,22,halide_rule,Ba3PI3,Ba,P,I,0.746,0.96622,
soc,gkf,4,23,halide_rule,Ba3SbBr3,Ba,Sb,Br,0.94,1.02352,
soc,gkf,4,21,halide_rule,Ba3SbCl3,Ba,Sb,Cl,0.865,0.799167,
soc,gkf,4,22,halide_rule,Ba3SbI3,Ba,Sb,I,0.717,0.96622,
soc,gkf,4,24,halide_rule,Ca3PBr3,Ca,P,Br,1.6456,0.80225,
soc,gkf,4,21,halide_rule,Ca3PCl3,Ca,P,Cl,1.9056,0.799167,
soc,gkf,4,23,halide_rule,Ca3PI3,Ca,P,I,1.2836,0.744071,
soc,gkf,4,24,halide_rule,Mg3SbBr3,Mg,Sb,Br,1.203,0.80225,
soc,gkf,4,21,halide_rule,Mg3SbCl3,Mg,Sb,Cl,1.901,0.799167,
soc,gkf,4,24,halide_rule,Mg3SbF3,Mg,Sb,F,3.723,0.913424,
soc,gkf,4,22,halide_rule,Mg3SbI3,Mg,Sb,I,0.198,0.96622,
soc,gkf,4,20,halide_rule,Sr3AsI3,Sr,As,I,1.212,0.83732,
soc,gkf,4,24,halide_rule,Sr3PI3,Sr,P,I,1.242,0.750014,
soc,gkf,5,28,halide_rule,Ba3AsBr3,Ba,As,Br,0.864,1.03872,
soc,gkf,5,26,halide_rule,Ba3AsCl3,Ba,As,Cl,0.927,1.22842,
soc,gkf,5,29,halide_rule,Ba3AsI3,Ba,As,I,0.7315,0.9271,
soc,gkf,5,26,halide_rule,Ba3BiBr3,Ba,Bi,Br,0.487,1.0919,
soc,gkf,5,28,halide_rule,Ba3BiCl3,Ba,Bi,Cl,0.531,1.418275,
soc,gkf,5,25,halide_rule,Ba3BiI3,Ba,Bi,I,0.362,0.598125,
soc,gkf,5,27,halide_rule,Ba3PBr3,Ba,P,Br,0.918,0.851333,
soc,gkf,5,29,halide_rule,Ba3PCl3,Ba,P,Cl,0.9395,1.05715,
soc,gkf,5,27,halide_rule,Ba3PI3,Ba,P,I,0.746,0.820871,
soc,gkf,5,27,halide_rule,Ba3SbBr3,Ba,Sb,Br,0.94,0.851333,
soc,gkf,5,28,halide_rule,Ba3SbCl3,Ba,Sb,Cl,0.865,1.418275,
soc,gkf,5,26,halide_rule,Ba3SbI3,Ba,Sb,I,0.717,0.825014,
soc,gkf,5,27,halide_rule,Ca3PBr3,Ca,P,Br,1.6456,0.851333,
soc,gkf,5,25,halide_rule,Ca3PCl3,Ca,P,Cl,1.9056,1.0327,
soc,gkf,5,25,halide_rule,Ca3PI3,Ca,P,I,1.2836,0.598125,
soc,gkf,5,26,halide_rule,Mg3SbBr3,Mg,Sb,Br,1.203,1.0919,
soc,gkf,5,29,halide_rule,Mg3SbCl3,Mg,Sb,Cl,1.901,1.05715,
soc,gkf,5,28,halide_rule,Mg3SbF3,Mg,Sb,F,3.723,1.021106,
soc,gkf,5,29,halide_rule,Mg3SbI3,Mg,Sb,I,0.198,0.9271,
soc,gkf,5,25,halide_rule,Sr3AsI3,Sr,As,I,1.212,0.598125,
soc,gkf,5,25,halide_rule,Sr3PI3,Sr,P,I,1.242,0.598125,
soc,gkf,6,33,halide_rule,Ba3AsBr3,Ba,As,Br,0.864,1.03872,
soc,gkf,6,30,halide_rule,Ba3AsCl3,Ba,As,Cl,0.927,1.319275,
soc,gkf,6,34,halide_rule,Ba3AsI3,Ba,As,I,0.7315,0.8406,
soc,gkf,6,30,halide_rule,Ba3BiBr3,Ba,Bi,Br,0.487,1.11412,
soc,gkf,6,34,halide_rule,Ba3BiCl3,Ba,Bi,Cl,0.531,1.39965,
soc,gkf,6,31,halide_rule,Ba3BiI3,Ba,Bi,I,0.362,0.89735,
soc,gkf,6,31,halide_rule,Ba3PBr3,Ba,P,Br,0.918,0.8735,
soc,gkf,6,34,halide_rule,Ba3PCl3,Ba,P,Cl,0.9395,1.39965,
soc,gkf,6,31,halide_rule,Ba3PI3,Ba,P,I,0.746,0.89735,
soc,gkf,6,32,halide_rule,Ba3SbBr3,Ba,Sb,Br,0.94,0.97865,
soc,gkf,6,30,halide_rule,Ba3SbCl3,Ba,Sb,Cl,0.865,1.319275,
soc,gkf,6,34,halide_rule,Ba3SbI3,Ba,Sb,I,0.717,0.8406,
soc,gkf,6,31,halide_rule,Ca3PBr3,Ca,P,Br,1.6456,0.8735,
soc,gkf,6,32,halide_rule,Ca3PCl3,Ca,P,Cl,1.9056,1.0327,
soc,gkf,6,32,halide_rule,Ca3PI3,Ca,P,I,1.2836,0.744071,
soc,gkf,6,32,halide_rule,Mg3SbBr3,Mg,Sb,Br,1.203,0.97865,
soc,gkf,6,33,halide_rule,Mg3SbCl3,Mg,Sb,Cl,1.901,1.03362,
soc,gkf,6,30,halide_rule,Mg3SbF3,Mg,Sb,F,3.723,1.071362,
soc,gkf,6,30,halide_rule,Mg3SbI3,Mg,Sb,I,0.198,0.899157,
soc,gkf,6,33,halide_rule,Sr3AsI3,Sr,As,I,1.212,0.673017,
soc,gkf,6,33,halide_rule,Sr3PI3,Sr,P,I,1.242,0.673017,
soc,gkf,7,35,halide_rule,Ba3AsBr3,Ba,As,Br,0.864,1.03872,
soc,gkf,7,35,halide_rule,Ba3AsCl3,Ba,As,Cl,0.927,1.22842,
soc,gkf,7,36,halide_rule,Ba3AsI3,Ba,As,I,0.7315,0.899767,
soc,gkf,7,38,halide_rule,Ba3BiBr3,Ba,Bi,Br,0.487,1.0919,
soc,gkf,7,37,halide_rule,Ba3BiCl3,Ba,Bi,Cl,0.531,1.158125,
soc,gkf,7,36,halide_rule,Ba3BiI3,Ba,Bi,I,0.362,0.899767,
soc,gkf,7,39,halide_rule,Ba3PBr3,Ba,P,Br,0.918,0.851333,
soc,gkf,7,36,halide_rule,Ba3PCl3,Ba,P,Cl,0.9395,1.31615,
soc,gkf,7,35,halide_rule,Ba3PI3,Ba,P,I,0.746,0.6441,
soc,gkf,7,39,halide_rule,Ba3SbBr3,Ba,Sb,Br,0.94,0.851333,
soc,gkf,7,36,halide_rule,Ba3SbCl3,Ba,Sb,Cl,0.865,1.31615,
soc,gkf,7,37,halide_rule,Ba3SbI3,Ba,Sb,I,0.717,0.825014,
soc,gkf,7,39,halide_rule,Ca3PBr3,Ca,P,Br,1.6456,0.851333,
soc,gkf,7,37,halide_rule,Ca3PCl3,Ca,P,Cl,1.9056,1.158125,
soc,gkf,7,35,halide_rule,Ca3PI3,Ca,P,I,1.2836,0.6441,
soc,gkf,7,38,halide_rule,Mg3SbBr3,Mg,Sb,Br,1.203,1.0919,
soc,gkf,7,38,halide_rule,Mg3SbCl3,Mg,Sb,Cl,1.901,1.03362,
soc,gkf,7,37,halide_rule,Mg3SbF3,Mg,Sb,F,3.723,0.968541,
soc,gkf,7,39,halide_rule,Mg3SbI3,Mg,Sb,I,0.198,0.899157,
soc,gkf,7,38,halide_rule,Sr3AsI3,Sr,As,I,1.212,0.7543,
soc,gkf,7,35,halide_rule,Sr3PI3,Sr,P,I,1.242,0.6441,
soc,gkf,8,42,halide_rule,Ba3AsBr3,Ba,As,Br,0.864,1.03872,
soc,gkf,8,40,halide_rule,Ba3AsCl3,Ba,As,Cl,0.927,1.3853,
soc,gkf,8,41,halide_rule,Ba3AsI3,Ba,As,I,0.7315,0.653,
soc,gkf,8,40,halide_rule,Ba3BiBr3,Ba,Bi,Br,0.487,1.11412,
soc,gkf,8,40,halide_rule,Ba3BiCl3,Ba,Bi,Cl,0.531,1.3853,
soc,gkf,8,44,halide_rule,Ba3BiI3,Ba,Bi,I,0.362,0.993275,
soc,gkf,8,43,halide_rule,Ba3PBr3,Ba,P,Br,0.918,0.998867,
soc,gkf,8,40,halide_rule,Ba3PCl3,Ba,P,Cl,0.9395,1.3853,
soc,gkf,8,42,halide_rule,Ba3PI3,Ba,P,I,0.746,0.820871,
soc,gkf,8,43,halide_rule,Ba3SbBr3,Ba,Sb,Br,0.94,0.998867,
soc,gkf,8,43,halide_rule,Ba3SbCl3,Ba,Sb,Cl,0.865,1.24082,
soc,gkf,8,44,halide_rule,Ba3SbI3,Ba,Sb,I,0.717,0.993275,
soc,gkf,8,41,halide_rule,Ca3PBr3,Ca,P,Br,1.6456,0.8824,
soc,gkf,8,42,halide_rule,Ca3PCl3,Ca,P,Cl,1.9056,1.0327,
soc,gkf,8,41,halide_rule,Ca3PI3,Ca,P,I,1.2836,0.653,
soc,gkf,8,43,halide_rule,Mg3SbBr3,Mg,Sb,Br,1.203,0.998867,
soc,gkf,8,40,halide_rule,Mg3SbCl3,Mg,Sb,Cl,1.901,1.3853,
soc,gkf,8,42,halide_rule,Mg3SbF3,Mg,Sb,F,3.723,0.947247,
soc,gkf,8,44,halide_rule,Mg3SbI3,Mg,Sb,I,0.198,0.993275,
soc,gkf,8,41,halide_rule,Sr3AsI3,Sr,As,I,1.212,0.653,
soc,gkf,8,44,halide_rule,Sr3PI3,Sr,P,I,1.242,0.993275,
soc,gkf,9,48,halide_rule,Ba3AsBr3,Ba,As,Br,0.864,1.03872,
soc,gkf,9,45,halide_rule,Ba3AsCl3,Ba,As,Cl,0.927,1.22842,
soc,gkf,9,49,halide_rule,Ba3AsI3,Ba,As,I,0.7315,0.899767,
soc,gkf,9,46,halide_rule,Ba3BiBr3,Ba,Bi,Br,0.487,1.0919,
soc,gkf,9,48,halide_rule,Ba3BiCl3,Ba,Bi,Cl,0.531,1.158125,
soc,gkf,9,49,halide_rule,Ba3BiI3,Ba,Bi,I,0.362,0.899767,
soc,gkf,9,49,halide_rule,Ba3PBr3,Ba,P,Br,0.918,1.02792,
soc,gkf,9,49,halide_rule,Ba3PCl3,Ba,P,Cl,0.9395,1.22592,
soc,gkf,9,48,halide_rule,Ba3PI3,Ba,P,I,0.746,0.820871,
soc,gkf,9,47,halide_rule,Ba3SbBr3,Ba,Sb,Br,0.94,1.02352,
soc,gkf,9,46,halide_rule,Ba3SbCl3,Ba,Sb,Cl,0.865,1.075775,
soc,gkf,9,45,halide_rule,Ba3SbI3,Ba,Sb,I,0.717,0.6559,
soc,gkf,9,45,halide_rule,Ca3PBr3,Ca,P,Br,1.6456,0.8824,
soc,gkf,9,48,halide_rule,Ca3PCl3,Ca,P,Cl,1.9056,1.158125,
soc,gkf,9,45,halide_rule,Ca3PI3,Ca,P,I,1.2836,0.6559,
soc,gkf,9,46,halide_rule,Mg3SbBr3,Mg,Sb,Br,1.203,1.0919,
soc,gkf,9,46,halide_rule,Mg3SbCl3,Mg,Sb,Cl,1.901,1.075775,
soc,gkf,9,47,halide_rule,Mg3SbF3,Mg,Sb,F,3.723,1.014047,
soc,gkf,9,47,halide_rule,Mg3SbI3,Mg,Sb,I,0.198,0.842017,
soc,gkf,9,45,halide_rule,Sr3AsI3,Sr,As,I,1.212,0.6559,
soc,gkf,9,47,halide_rule,Sr3PI3,Sr,P,I,1.242,0.842017,
soc,gkf,0,0,mean,Ba3AsBr3,Ba,As,Br,0.864,0.992425,
soc,gkf,0,0,mean,Ba3AsCl3,Ba,As,Cl,0.927,0.992425,
soc,gkf,0,2,mean,Ba3AsI3,Ba,As,I,0.7315,1.050806,
soc,gkf,0,1,mean,Ba3BiBr3,Ba,Bi,Br,0.487,1.269282,
soc,gkf,0,3,mean,Ba3BiCl3,Ba,Bi,Cl,0.531,1.116688,
soc,gkf,0,1,mean,Ba3BiI3,Ba,Bi,I,0.362,1.269282,
soc,gkf,0,4,mean,Ba3PBr3,Ba,P,Br,0.918,1.121365,
soc,gkf,0,3,mean,Ba3PCl3,Ba,P,Cl,0.9395,1.116688,
soc,gkf,0,0,mean,Ba3PI3,Ba,P,I,0.746,0.992425,
soc,gkf,0,2,mean,Ba3SbBr3,Ba,Sb,Br,0.94,1.050806,
soc,gkf,0,4,mean,Ba3SbCl3,Ba,Sb,Cl,0.865,1.121365,
soc,gkf,0,1,mean,Ba3SbI3,Ba,Sb,I,0.717,1.269282,
soc,gkf,0,3,mean,Ca3PBr3,Ca,P,Br,1.6456,1.116688,
soc,gkf,0,2,mean,Ca3PCl3,Ca,P,Cl,1.9056,1.050806,
soc,gkf,0,4,mean,Ca3PI3,Ca,P,I,1.2836,1.121365,
soc,gkf,0,0,mean,Mg3SbBr3,Mg,Sb,Br,1.203,0.992425,
soc,gkf,0,2,mean,Mg3SbCl3,Mg,Sb,Cl,1.901,1.050806,
soc,gkf,0,0,mean,Mg3SbF3,Mg,Sb,F,3.723,0.992425,
soc,gkf,0,1,mean,Mg3SbI3,Mg,Sb,I,0.198,1.269282,
soc,gkf,0,4,mean,Sr3AsI3,Sr,As,I,1.212,1.121365,
soc,gkf,0,3,mean,Sr3PI3,Sr,P,I,1.242,1.116688,
soc,gkf,1,9,mean,Ba3AsBr3,Ba,As,Br,0.864,1.213871,
soc,gkf,1,9,mean,Ba3AsCl3,Ba,As,Cl,0.927,1.213871,
soc,gkf,1,7,mean,Ba3AsI3,Ba,As,I,0.7315,0.960218,
soc,gkf,1,6,mean,Ba3BiBr3,Ba,Bi,Br,0.487,1.142335,
soc,gkf,1,5,mean,Ba3BiCl3,Ba,Bi,Cl,0.531,1.1597,
soc,gkf,1,5,mean,Ba3BiI3,Ba,Bi,I,0.362,1.1597,
soc,gkf,1,7,mean,Ba3PBr3,Ba,P,Br,0.918,0.960218,
soc,gkf,1,6,mean,Ba3PCl3,Ba,P,Cl,0.9395,1.142335,
soc,gkf,1,5,mean,Ba3PI3,Ba,P,I,0.746,1.1597,
soc,gkf,1,8,mean,Ba3SbBr3,Ba,Sb,Br,0.94,1.084282,
soc,gkf,1,8,mean,Ba3SbCl3,Ba,Sb,Cl,0.865,1.084282,
soc,gkf,1,9,mean,Ba3SbI3,Ba,Sb,I,0.717,1.213871,
soc,gkf,1,7,mean,Ca3PBr3,Ca,P,Br,1.6456,0.960218,
soc,gkf,1,5,mean,Ca3PCl3,Ca,P,Cl,1.9056,1.1597,
soc,gkf,1,6,mean,Ca3PI3,Ca,P,I,1.2836,1.142335,
soc,gkf,1,8,mean,Mg3SbBr3,Mg,Sb,Br,1.203,1.084282,
soc,gkf,1,8,mean,Mg3SbCl3,Mg,Sb,Cl,1.901,1.084282,
soc,gkf,1,7,mean,Mg3SbF3,Mg,Sb,F,3.723,0.960218,
soc,gkf,1,9,mean,Mg3SbI3,Mg,Sb,I,0.198,1.213871,
soc,gkf,1,6,mean,Sr3AsI3,Sr,As,I,1.212,1.142335,
soc,gkf,1,5,mean,Sr3PI3,Sr,P,I,1.242,1.1597,
soc,gkf,2,10,mean,Ba3AsBr3,Ba,As,Br,0.864,1.150644,
soc,gkf,2,13,mean,Ba3AsCl3,Ba,As,Cl,0.927,1.078071,
soc,gkf,2,11,mean,Ba3AsI3,Ba,As,I,0.7315,1.119747,
soc,gkf,2,14,mean,Ba3BiBr3,Ba,Bi,Br,0.487,1.027518,
soc,gkf,2,12,mean,Ba3BiCl3,Ba,Bi,Cl,0.531,1.183894,
soc,gkf,2,10,mean,Ba3BiI3,Ba,Bi,I,0.362,1.150644,
soc,gkf,2,14,mean,Ba3PBr3,Ba,P,Br,0.918,1.027518,
soc,gkf,2,10,mean,Ba3PCl3,Ba,P,Cl,0.9395,1.150644,
soc,gkf,2,14,mean,Ba3PI3,Ba,P,I,0.746,1.027518,
soc,gkf,2,13,mean,Ba3SbBr3,Ba,Sb,Br,0.94,1.078071,
soc,gkf,2,10,mean,Ba3SbCl3,Ba,Sb,Cl,0.865,1.150644,
soc,gkf,2,11,mean,Ba3SbI3,Ba,Sb,I,0.717,1.119747,
soc,gkf,2,11,mean,Ca3PBr3,Ca,P,Br,1.6456,1.119747,
soc,gkf,2,13,mean,Ca3PCl3,Ca,P,Cl,1.9056,1.078071,
soc,gkf,2,12,mean,Ca3PI3,Ca,P,I,1.2836,1.183894,
soc,gkf,2,12,mean,Mg3SbBr3,Mg,Sb,Br,1.203,1.183894,
soc,gkf,2,10,mean,Mg3SbCl3,Mg,Sb,Cl,1.901,1.150644,
soc,gkf,2,14,mean,Mg3SbF3,Mg,Sb,F,3.723,1.027518,
soc,gkf,2,12,mean,Mg3SbI3,Mg,Sb,I,0.198,1.183894,
soc,gkf,2,11,mean,Sr3AsI3,Sr,As,I,1.212,1.119747,
soc,gkf,2,13,mean,Sr3PI3,Sr,P,I,1.242,1.078071,
soc,gkf,3,15,mean,Ba3AsBr3,Ba,As,Br,0.864,1.225269,
soc,gkf,3,19,mean,Ba3AsCl3,Ba,As,Cl,0.927,1.213282,
soc,gkf,3,15,mean,Ba3AsI3,Ba,As,I,0.7315,1.225269,
soc,gkf,3,19,mean,Ba3BiBr3,Ba,Bi,Br,0.487,1.213282,
soc,gkf,3,15,mean,Ba3BiCl3,Ba,Bi,Cl,0.531,1.225269,
soc,gkf,3,19,mean,Ba3BiI3,Ba,Bi,I,0.362,1.213282,
soc,gkf,3,16,mean,Ba3PBr3,Ba,P,Br,0.918,1.081194,
soc,gkf,3,16,mean,Ba3PCl3,Ba,P,Cl,0.9395,1.081194,
soc,gkf,3,15,mean,Ba3PI3,Ba,P,I,0.746,1.225269,
soc,gkf,3,19,mean,Ba3SbBr3,Ba,Sb,Br,0.94,1.213282,
soc,gkf,3,15,mean,Ba3SbCl3,Ba,Sb,Cl,0.865,1.225269,
soc,gkf,3,17,mean,Ba3SbI3,Ba,Sb,I,0.717,0.924271,
soc,gkf,3,18,mean,Ca3PBr3,Ca,P,Br,1.6456,1.120247,
soc,gkf,3,17,mean,Ca3PCl3,Ca,P,Cl,1.9056,0.924271,
soc,gkf,3,17,mean,Ca3PI3,Ca,P,I,1.2836,0.924271,
soc,gkf,3,16,mean,Mg3SbBr3,Mg,Sb,Br,1.203,1.081194,
soc,gkf,3,16,mean,Mg3SbCl3,Mg,Sb,Cl,1.901,1.081194,
soc,gkf,3,17,mean,Mg3SbF3,Mg,Sb,F,3.723,0.924271,
soc,gkf,3,18,mean,Mg3SbI3,Mg,Sb,I,0.198,1.120247,
soc,gkf,3,18,mean,Sr3AsI3,Sr,As,I,1.212,1.120247,
soc,gkf,3,18,mean,Sr3PI3,Sr,P,I,1.242,1.120247,
soc,gkf,4,22,mean,Ba3AsBr3,Ba,As,Br,0.864,1.224518,
soc,gkf,4,20,mean,Ba3AsCl3,Ba,As,Cl,0.927,1.226394,
soc,gkf,4,20,mean,Ba3AsI3,Ba,As,I,0.7315,1.226394,
soc,gkf,4,20,mean,Ba3BiBr3,Ba,Bi,Br,0.487,1.226394,
soc,gkf,4,23,mean,Ba3BiCl3,Ba,Bi,Cl,0.531,1.155747,
soc,gkf,4,20,mean,Ba3BiI3,Ba,Bi,I,0.362,1.226394,
soc,gkf,4,21,mean,Ba3PBr3,Ba,P,Br,0.918,1.044247,
soc,gkf,4,23,mean,Ba3PCl3,Ba,P,Cl,0.9395,1.155747,
soc,gkf,4,22,mean,Ba3PI3,Ba,P,I,0.746,1.224518,
soc,gkf,4,23,mean,Ba3SbBr3,Ba,Sb,Br,0.94,1.155747,
soc,gkf,4,21,mean,Ba3SbCl3,Ba,Sb,Cl,0.865,1.044247,
soc,gkf,4,22,mean,Ba3SbI3,Ba,Sb,I,0.717,1.224518,
soc,gkf,4,24,mean,Ca3PBr3,Ca,P,Br,1.6456,0.913424,
soc,gkf,4,21,mean,Ca3PCl3,Ca,P,Cl,1.9056,1.044247,
soc,gkf,4,23,mean,Ca3PI3,Ca,P,I,1.2836,1.155747,
soc,gkf,4,24,mean,Mg3SbBr3,Mg,Sb,Br,1.203,0.913424,
soc,gkf,4,21,mean,Mg3SbCl3,Mg,Sb,Cl,1.901,1.044247,
soc,gkf,4,24,mean,Mg3SbF3,Mg,Sb,F,3.723,0.913424,
soc,gkf,4,22,mean,Mg3SbI3,Mg,Sb,I,0.198,1.224518,
soc,gkf,4,20,mean,Sr3AsI3,Sr,As,I,1.212,1.226394,
soc,gkf,4,24,mean,Sr3PI3,Sr,P,I,1.242,0.913424,
soc,gkf,5,28,mean,Ba3AsBr3,Ba,As,Br,0.864,1.021106,
soc,gkf,5,26,mean,Ba3AsCl3,Ba,As,Cl,0.927,1.176929,
soc,gkf,5,29,mean,Ba3AsI3,Ba,As,I,0.7315,1.151282,
soc,gkf,5,26,mean,Ba3BiBr3,Ba,Bi,Br,0.487,1.176929,
soc,gkf,5,28,mean,Ba3BiCl3,Ba,Bi,Cl,0.531,1.021106,
soc,gkf,5,25,mean,Ba3BiI3,Ba,Bi,I,0.362,1.083537,
soc,gkf,5,27,mean,Ba3PBr3,Ba,P,Br,0.918,1.123071,
soc,gkf,5,29,mean,Ba3PCl3,Ba,P,Cl,0.9395,1.151282,
soc,gkf,5,27,mean,Ba3PI3,Ba,P,I,0.746,1.123071,
soc,gkf,5,27,mean,Ba3SbBr3,Ba,Sb,Br,0.94,1.123071,
soc,gkf,5,28,mean,Ba3SbCl3,Ba,Sb,Cl,0.865,1.021106,
soc,gkf,5,26,mean,Ba3SbI3,Ba,Sb,I,0.717,1.176929,
soc,gkf,5,27,mean,Ca3PBr3,Ca,P,Br,1.6456,1.123071,
soc,gkf,5,25,mean,Ca3PCl3,Ca,P,Cl,1.9056,1.083537,
soc,gkf,5,25,mean,Ca3PI3,Ca,P,I,1.2836,1.083537,
soc,gkf,5,26,mean,Mg3SbBr3,Mg,Sb,Br,1.203,1.176929,
soc,gkf,5,29,mean,Mg3SbCl3,Mg,Sb,Cl,1.901,1.151282,
soc,gkf,5,28,mean,Mg3SbF3,Mg,Sb,F,3.723,1.021106,
soc,gkf,5,29,mean,Mg3SbI3,Mg,Sb,I,0.198,1.151282,
soc,gkf,5,25,mean,Sr3AsI3,Sr,As,I,1.212,1.083537,
soc,gkf,5,25,mean,Sr3PI3,Sr,P,I,1.242,1.083537,
soc,gkf,6,33,mean,Ba3AsBr3,Ba,As,Br,0.864,1.066047,
soc,gkf,6,30,mean,Ba3AsCl3,Ba,As,Cl,0.927,1.071362,
soc,gkf,6,34,mean,Ba3AsI3,Ba,As,I,0.7315,1.201341,
soc,gkf,6,30,mean,Ba3BiBr3,Ba,Bi,Br,0.487,1.071362,
soc,gkf,6,34,mean,Ba3BiCl3,Ba,Bi,Cl,0.531,1.201341,
soc,gkf,6,31,mean,Ba3BiI3,Ba,Bi,I,0.362,1.157071,
soc,gkf,6,31,mean,Ba3PBr3,Ba,P,Br,0.918,1.157071,
soc,gkf,6,34,mean,Ba3PCl3,Ba,P,Cl,0.9395,1.201341,
soc,gkf,6,31,mean,Ba3PI3,Ba,P,I,0.746,1.157071,
soc,gkf,6,32,mean,Ba3SbBr3,Ba,Sb,Br,0.94,1.059388,
soc,gkf,6,30,mean,Ba3SbCl3,Ba,Sb,Cl,0.865,1.071362,
soc,gkf,6,34,mean,Ba3SbI3,Ba,Sb,I,0.717,1.201341,
soc,gkf,6,31,mean,Ca3PBr3,Ca,P,Br,1.6456,1.157071,
soc,gkf,6,32,mean,Ca3PCl3,Ca,P,Cl,1.9056,1.059388,
soc,gkf,6,32,mean,Ca3PI3,Ca,P,I,1.2836,1.059388,
soc,gkf,6,32,mean,Mg3SbBr3,Mg,Sb,Br,1.203,1.059388,
soc,gkf,6,33,mean,Mg3SbCl3,Mg,Sb,Cl,1.901,1.066047,
soc,gkf,6,30,mean,Mg3SbF3,Mg,Sb,F,3.723,1.071362,
soc,gkf,6,30,mean,Mg3SbI3,Mg,Sb,I,0.198,1.071362,
soc,gkf,6,33,mean,Sr3AsI3,Sr,As,I,1.212,1.066047,
soc,gkf,6,33,mean,Sr3PI3,Sr,P,I,1.242,1.066047,
soc,gkf,7,35,mean,Ba3AsBr3,Ba,As,Br,0.864,1.14245,
soc,gkf,7,35,mean,Ba3AsCl3,Ba,As,Cl,0.927,1.14245,
soc,gkf,7,36,mean,Ba3AsI3,Ba,As,I,0.7315,1.202576,
soc,gkf,7,38,mean,Ba3BiBr3,Ba,Bi,Br,0.487,1.090518,
soc,gkf,7,37,mean,Ba3BiCl3,Ba,Bi,Cl,0.531,0.968541,
soc,gkf,7,36,mean,Ba3BiI3,Ba,Bi,I,0.362,1.202576,
soc,gkf,7,39,mean,Ba3PBr3,Ba,P,Br,0.918,1.155306,
soc,gkf,7,36,mean,Ba3PCl3,Ba,P,Cl,0.9395,1.202576,
soc,gkf,7,35,mean,Ba3PI3,Ba,P,I,0.746,1.14245,
soc,gkf,7,39,mean,Ba3SbBr3,Ba,Sb,Br,0.94,1.155306,
soc,gkf,7,36,mean,Ba3SbCl3,Ba,Sb,Cl,0.865,1.202576,
soc,gkf,7,37,mean,Ba3SbI3,Ba,Sb,I,0.717,0.968541,
soc,gkf,7,39,mean,Ca3PBr3,Ca,P,Br,1.6456,1.155306,
soc,gkf,7,37,mean,Ca3PCl3,Ca,P,Cl,1.9056,0.968541,
soc,gkf,7,35,mean,Ca3PI3,Ca,P,I,1.2836,1.14245,
soc,gkf,7,38,mean,Mg3SbBr3,Mg,Sb,Br,1.203,1.090518,
soc,gkf,7,38,mean,Mg3SbCl3,Mg,Sb,Cl,1.901,1.090518,
soc,gkf,7,37,mean,Mg3SbF3,Mg,Sb,F,3.723,0.968541,
soc,gkf,7,39,mean,Mg3SbI3,Mg,Sb,I,0.198,1.155306,
soc,gkf,7,38,mean,Sr3AsI3,Sr,As,I,1.212,1.090518,
soc,gkf,7,35,mean,Sr3PI3,Sr,P,I,1.242,1.14245,
soc,gkf,8,42,mean,Ba3AsBr3,Ba,As,Br,0.864,0.947247,
soc,gkf,8,40,mean,Ba3AsCl3,Ba,As,Cl,0.927,1.159769,
soc,gkf,8,41,mean,Ba3AsI3,Ba,As,I,0.7315,1.086418,
soc,gkf,8,40,mean,Ba3BiBr3,Ba,Bi,Br,0.487,1.159769,
soc,gkf,8,40,mean,Ba3BiCl3,Ba,Bi,Cl,0.531,1.159769,
soc,gkf,8,44,mean,Ba3BiI3,Ba,Bi,I,0.362,1.224871,
soc,gkf,8,43,mean,Ba3PBr3,Ba,P,Br,0.918,1.142106,
soc,gkf,8,40,mean,Ba3PCl3,Ba,P,Cl,0.9395,1.159769,
soc,gkf,8,42,mean,Ba3PI3,Ba,P,I,0.746,0.947247,
soc,gkf,8,43,mean,Ba3SbBr3,Ba,Sb,Br,0.94,1.142106,
soc,gkf,8,43,mean,Ba3SbCl3,Ba,Sb,Cl,0.865,1.142106,
soc,gkf,8,44,mean,Ba3SbI3,Ba,Sb,I,0.717,1.224871,
soc,gkf,8,41,mean,Ca3PBr3,Ca,P,Br,1.6456,1.086418,
soc,gkf,8,42,mean,Ca3PCl3,Ca,P,Cl,1.9056,0.947247,
soc,gkf,8,41,mean,Ca3PI3,Ca,P,I,1.2836,1.086418,
soc,gkf,8,43,mean,Mg3SbBr3,Mg,Sb,Br,1.203,1.142106,
soc,gkf,8,40,mean,Mg3SbCl3,Mg,Sb,Cl,1.901,1.159769,
soc,gkf,8,42,mean,Mg3SbF3,Mg,Sb,F,3.723,0.947247,
soc,gkf,8,44,mean,Mg3SbI3,Mg,Sb,I,0.198,1.224871,
soc,gkf,8,41,mean,Sr3AsI3,Sr,As,I,1.212,1.086418,
soc,gkf,8,44,mean,Sr3PI3,Sr,P,I,1.242,1.224871,
soc,gkf,9,48,mean,Ba3AsBr3,Ba,As,Br,0.864,1.135012,
soc,gkf,9,45,mean,Ba3AsCl3,Ba,As,Cl,0.927,1.097288,
soc,gkf,9,49,mean,Ba3AsI3,Ba,As,I,0.7315,1.199459,
soc,gkf,9,46,mean,Ba3BiBr3,Ba,Bi,Br,0.487,1.110929,
soc,gkf,9,48,mean,Ba3BiCl3,Ba,Bi,Cl,0.531,1.135012,
soc,gkf,9,49,mean,Ba3BiI3,Ba,Bi,I,0.362,1.199459,
soc,gkf,9,49,mean,Ba3PBr3,Ba,P,Br,0.918,1.199459,
soc,gkf,9,49,mean,Ba3PCl3,Ba,P,Cl,0.9395,1.199459,
soc,gkf,9,48,mean,Ba3PI3,Ba,P,I,0.746,1.135012,
soc,gkf,9,47,mean,Ba3SbBr3,Ba,Sb,Br,0.94,1.014047,
soc,gkf,9,46,mean,Ba3SbCl3,Ba,Sb,Cl,0.865,1.110929,
soc,gkf,9,45,mean,Ba3SbI3,Ba,Sb,I,0.717,1.097288,
soc,gkf,9,45,mean,Ca3PBr3,Ca,P,Br,1.6456,1.097288,
soc,gkf,9,48,mean,Ca3PCl3,Ca,P,Cl,1.9056,1.135012,
soc,gkf,9,45,mean,Ca3PI3,Ca,P,I,1.2836,1.097288,
soc,gkf,9,46,mean,Mg3SbBr3,Mg,Sb,Br,1.203,1.110929,
soc,gkf,9,46,mean,Mg3SbCl3,Mg,Sb,Cl,1.901,1.110929,
soc,gkf,9,47,mean,Mg3SbF3,Mg,Sb,F,3.723,1.014047,
soc,gkf,9,47,mean,Mg3SbI3,Mg,Sb,I,0.198,1.014047,
soc,gkf,9,45,mean,Sr3AsI3,Sr,As,I,1.212,1.097288,
soc,gkf,9,47,mean,Sr3PI3,Sr,P,I,1.242,1.014047,
soc,gkf,0,0,rf_magpie,Ba3AsBr3,Ba,As,Br,0.864,0.911462,
soc,gkf,0,0,rf_magpie,Ba3AsCl3,Ba,As,Cl,0.927,0.906331,
soc,gkf,0,2,rf_magpie,Ba3AsI3,Ba,As,I,0.7315,0.728302,
soc,gkf,0,1,rf_magpie,Ba3BiBr3,Ba,Bi,Br,0.487,0.74755,
soc,gkf,0,3,rf_magpie,Ba3BiCl3,Ba,Bi,Cl,0.531,0.810812,
soc,gkf,0,1,rf_magpie,Ba3BiI3,Ba,Bi,I,0.362,0.835045,
soc,gkf,0,4,rf_magpie,Ba3PBr3,Ba,P,Br,0.918,0.884783,
soc,gkf,0,3,rf_magpie,Ba3PCl3,Ba,P,Cl,0.9395,0.969951,
soc,gkf,0,0,rf_magpie,Ba3PI3,Ba,P,I,0.746,0.732635,
soc,gkf,0,2,rf_magpie,Ba3SbBr3,Ba,Sb,Br,0.94,0.761986,
soc,gkf,0,4,rf_magpie,Ba3SbCl3,Ba,Sb,Cl,0.865,0.894099,
soc,gkf,0,1,rf_magpie,Ba3SbI3,Ba,Sb,I,0.717,0.928787,
soc,gkf,0,3,rf_magpie,Ca3PBr3,Ca,P,Br,1.6456,1.321157,
soc,gkf,0,2,rf_magpie,Ca3PCl3,Ca,P,Cl,1.9056,1.572928,
soc,gkf,0,4,rf_magpie,Ca3PI3,Ca,P,I,1.2836,1.122646,
soc,gkf,0,0,rf_magpie,Mg3SbBr3,Mg,Sb,Br,1.203,1.328108,
soc,gkf,0,2,rf_magpie,Mg3SbCl3,Mg,Sb,Cl,1.901,1.354736,
soc,gkf,0,0,rf_magpie,Mg3SbF3,Mg,Sb,F,3.723,1.480323,
soc,gkf,0,1,rf_magpie,Mg3SbI3,Mg,Sb,I,0.198,1.333786,
soc,gkf,0,4,rf_magpie,Sr3AsI3,Sr,As,I,1.212,1.03789,
soc,gkf,0,3,rf_magpie,Sr3PI3,Sr,P,I,1.242,1.071305,
soc,gkf,1,9,rf_magpie,Ba3AsBr3,Ba,As,Br,0.864,0.907021,
soc,gkf,1,9,rf_magpie,Ba3AsCl3,Ba,As,Cl,0.927,1.011484,
soc,gkf,1,7,rf_magpie,Ba3AsI3,Ba,As,I,0.7315,0.736852,
soc,gkf,1,6,rf_magpie,Ba3BiBr3,Ba,Bi,Br,0.487,0.741136,
soc,gkf,1,5,rf_magpie,Ba3BiCl3,Ba,Bi,Cl,0.531,0.904579,
soc,gkf,1,5,rf_magpie,Ba3BiI3,Ba,Bi,I,0.362,0.755332,
soc,gkf,1,7,rf_magpie,Ba3PBr3,Ba,P,Br,0.918,0.827725,
soc,gkf,1,6,rf_magpie,Ba3PCl3,Ba,P,Cl,0.9395,0.908254,
soc,gkf,1,5,rf_magpie,Ba3PI3,Ba,P,I,0.746,0.787194,
soc,gkf,1,8,rf_magpie,Ba3SbBr3,Ba,Sb,Br,0.94,0.723814,
soc,gkf,1,8,rf_magpie,Ba3SbCl3,Ba,Sb,Cl,0.865,0.838527,
soc,gkf,1,9,rf_magpie,Ba3SbI3,Ba,Sb,I,0.717,0.750732,
soc,gkf,1,7,rf_magpie,Ca3PBr3,Ca,P,Br,1.6456,1.385108,
soc,gkf,1,5,rf_magpie,Ca3PCl3,Ca,P,Cl,1.9056,1.942979,
soc,gkf,1,6,rf_magpie,Ca3PI3,Ca,P,I,1.2836,1.18223,
soc,gkf,1,8,rf_magpie,Mg3SbBr3,Mg,Sb,Br,1.203,1.13735,
soc,gkf,1,8,rf_magpie,Mg3SbCl3,Mg,Sb,Cl,1.901,1.35984,
soc,gkf,1,7,rf_magpie,Mg3SbF3,Mg,Sb,F,3.723,1.598383,
soc,gkf,1,9,rf_magpie,Mg3SbI3,Mg,Sb,I,0.198,1.344346,
soc,gkf,1,6,rf_magpie,Sr3AsI3,Sr,As,I,1.212,1.040409,
soc,gkf,1,5,rf_magpie,Sr3PI3,Sr,P,I,1.242,1.251351,
soc,gkf,2,10,rf_magpie,Ba3AsBr3,Ba,As,Br,0.864,0.900385,
soc,gkf,2,13,rf_magpie,Ba3AsCl3,Ba,As,Cl,0.927,1.098663,
soc,gkf,2,11,rf_magpie,Ba3AsI3,Ba,As,I,0.7315,0.74064,
soc,gkf,2,14,rf_magpie,Ba3BiBr3,Ba,Bi,Br,0.487,0.695516,
soc,gkf,2,12,rf_magpie,Ba3BiCl3,Ba,Bi,Cl,0.531,0.761623,
soc,gkf,2,10,rf_magpie,Ba3BiI3,Ba,Bi,I,0.362,0.716041,
soc,gkf,2,14,rf_magpie,Ba3PBr3,Ba,P,Br,0.918,0.825562,
soc,gkf,2,10,rf_magpie,Ba3PCl3,Ba,P,Cl,0.9395,0.827035,
soc,gkf,2,14,rf_magpie,Ba3PI3,Ba,P,I,0.746,0.736583,
soc,gkf,2,13,rf_magpie,Ba3SbBr3,Ba,Sb,Br,0.94,0.717373,
soc,gkf,2,10,rf_magpie,Ba3SbCl3,Ba,Sb,Cl,0.865,0.791423,
soc,gkf,2,11,rf_magpie,Ba3SbI3,Ba,Sb,I,0.717,0.649321,
soc,gkf,2,11,rf_magpie,Ca3PBr3,Ca,P,Br,1.6456,1.417287,
soc,gkf,2,13,rf_magpie,Ca3PCl3,Ca,P,Cl,1.9056,1.754699,
soc,gkf,2,12,rf_magpie,Ca3PI3,Ca,P,I,1.2836,1.3921,
soc,gkf,2,12,rf_magpie,Mg3SbBr3,Mg,Sb,Br,1.203,1.870515,
soc,gkf,2,10,rf_magpie,Mg3SbCl3,Mg,Sb,Cl,1.901,1.441178,
soc,gkf,2,14,rf_magpie,Mg3SbF3,Mg,Sb,F,3.723,1.621563,
soc,gkf,2,12,rf_magpie,Mg3SbI3,Mg,Sb,I,0.198,1.659022,
soc,gkf,2,11,rf_magpie,Sr3AsI3,Sr,As,I,1.212,1.035165,
soc,gkf,2,13,rf_magpie,Sr3PI3,Sr,P,I,1.242,1.113111,
soc,gkf,3,15,rf_magpie,Ba3AsBr3,Ba,As,Br,0.864,0.921068,
soc,gkf,3,19,rf_magpie,Ba3AsCl3,Ba,As,Cl,0.927,0.987777,
soc,gkf,3,15,rf_magpie,Ba3AsI3,Ba,As,I,0.7315,0.765856,
soc,gkf,3,19,rf_magpie,Ba3BiBr3,Ba,Bi,Br,0.487,0.730129,
soc,gkf,3,15,rf_magpie,Ba3BiCl3,Ba,Bi,Cl,0.531,0.864222,
soc,gkf,3,19,rf_magpie,Ba3BiI3,Ba,Bi,I,0.362,0.764314,
soc,gkf,3,16,rf_magpie,Ba3PBr3,Ba,P,Br,0.918,0.821041,
soc,gkf,3,16,rf_magpie,Ba3PCl3,Ba,P,Cl,0.9395,0.894279,
soc,gkf,3,15,rf_magpie,Ba3PI3,Ba,P,I,0.746,0.767577,
soc,gkf,3,19,rf_magpie,Ba3SbBr3,Ba,Sb,Br,0.94,0.7633,
soc,gkf,3,15,rf_magpie,Ba3SbCl3,Ba,Sb,Cl,0.865,0.94541,
soc,gkf,3,17,rf_magpie,Ba3SbI3,Ba,Sb,I,0.717,0.616401,
soc,gkf,3,18,rf_magpie,Ca3PBr3,Ca,P,Br,1.6456,1.37371,
soc,gkf,3,17,rf_magpie,Ca3PCl3,Ca,P,Cl,1.9056,1.536188,
soc,gkf,3,17,rf_magpie,Ca3PI3,Ca,P,I,1.2836,1.247829,
soc,gkf,3,16,rf_magpie,Mg3SbBr3,Mg,Sb,Br,1.203,1.218828,
soc,gkf,3,16,rf_magpie,Mg3SbCl3,Mg,Sb,Cl,1.901,1.380127,
soc,gkf,3,17,rf_magpie,Mg3SbF3,Mg,Sb,F,3.723,1.520323,
soc,gkf,3,18,rf_magpie,Mg3SbI3,Mg,Sb,I,0.198,1.294243,
soc,gkf,3,18,rf_magpie,Sr3AsI3,Sr,As,I,1.212,1.022007,
soc,gkf,3,18,rf_magpie,Sr3PI3,Sr,P,I,1.242,1.041127,
soc,gkf,4,22,rf_magpie,Ba3AsBr3,Ba,As,Br,0.864,0.904237,
soc,gkf,4,20,rf_magpie,Ba3AsCl3,Ba,As,Cl,0.927,0.975779,
soc,gkf,4,20,rf_magpie,Ba3AsI3,Ba,As,I,0.7315,0.840173,
soc,gkf,4,20,rf_magpie,Ba3BiBr3,Ba,Bi,Br,0.487,0.828049,
soc,gkf,4,23,rf_magpie,Ba3BiCl3,Ba,Bi,Cl,0.531,0.944296,
soc,gkf,4,20,rf_magpie,Ba3BiI3,Ba,Bi,I,0.362,0.842193,
soc,gkf,4,21,rf_magpie,Ba3PBr3,Ba,P,Br,0.918,0.859089,
soc,gkf,4,23,rf_magpie,Ba3PCl3,Ba,P,Cl,0.9395,0.985481,
soc,gkf,4,22,rf_magpie,Ba3PI3,Ba,P,I,0.746,0.829498,
soc,gkf,4,23,rf_magpie,Ba3SbBr3,Ba,Sb,Br,0.94,0.753762,
soc,gkf,4,21,rf_magpie,Ba3SbCl3,Ba,Sb,Cl,0.865,0.894767,
soc,gkf,4,22,rf_magpie,Ba3SbI3,Ba,Sb,I,0.717,0.843927,
soc,gkf,4,24,rf_magpie,Ca3PBr3,Ca,P,Br,1.6456,1.460762,
soc,gkf,4,21,rf_magpie,Ca3PCl3,Ca,P,Cl,1.9056,1.543292,
soc,gkf,4,23,rf_magpie,Ca3PI3,Ca,P,I,1.2836,1.295711,
soc,gkf,4,24,rf_magpie,Mg3SbBr3,Mg,Sb,Br,1.203,1.304074,
soc,gkf,4,21,rf_magpie,Mg3SbCl3,Mg,Sb,Cl,1.901,1.343576,
soc,gkf,4,24,rf_magpie,Mg3SbF3,Mg,Sb,F,3.723,1.494549,
soc,gkf,4,22,rf_magpie,Mg3SbI3,Mg,Sb,I,0.198,1.314867,
soc,gkf,4,20,rf_magpie,Sr3AsI3,Sr,As,I,1.212,1.131909,
soc,gkf,4,24,rf_magpie,Sr3PI3,Sr,P,I,1.242,1.06418,
soc,gkf,5,28,rf_magpie,Ba3AsBr3,Ba,As,Br,0.864,0.897279,
soc,gkf,5,26,rf_magpie,Ba3AsCl3,Ba,As,Cl,0.927,1.00686,
soc,gkf,5,29,rf_magpie,Ba3AsI3,Ba,As,I,0.7315,0.76179,
soc,gkf,5,26,rf_magpie,Ba3BiBr3,Ba,Bi,Br,0.487,0.744297,
soc,gkf,5,28,rf_magpie,Ba3BiCl3,Ba,Bi,Cl,0.531,0.835246,
soc,gkf,5,25,rf_magpie,Ba3BiI3,Ba,Bi,I,0.362,0.703576,
soc,gkf,5,27,rf_magpie,Ba3PBr3,Ba,P,Br,0.918,0.785088,
soc,gkf,5,29,rf_magpie,Ba3PCl3,Ba,P,Cl,0.9395,0.995191,
soc,gkf,5,27,rf_magpie,Ba3PI3,Ba,P,I,0.746,0.675229,
soc,gkf,5,27,rf_magpie,Ba3SbBr3,Ba,Sb,Br,0.94,0.712965,
soc,gkf,5,28,rf_magpie,Ba3SbCl3,Ba,Sb,Cl,0.865,0.915749,
soc,gkf,5,26,rf_magpie,Ba3SbI3,Ba,Sb,I,0.717,0.636434,
soc,gkf,5,27,rf_magpie,Ca3PBr3,Ca,P,Br,1.6456,1.384346,
soc,gkf,5,25,rf_magpie,Ca3PCl3,Ca,P,Cl,1.9056,1.747385,
soc,gkf,5,25,rf_magpie,Ca3PI3,Ca,P,I,1.2836,0.885431,
soc,gkf,5,26,rf_magpie,Mg3SbBr3,Mg,Sb,Br,1.203,1.555244,
soc,gkf,5,29,rf_magpie,Mg3SbCl3,Mg,Sb,Cl,1.901,1.794745,
soc,gkf,5,28,rf_magpie,Mg3SbF3,Mg,Sb,F,3.723,1.648111,
soc,gkf,5,29,rf_magpie,Mg3SbI3,Mg,Sb,I,0.198,1.440947,
soc,gkf,5,25,rf_magpie,Sr3AsI3,Sr,As,I,1.212,0.876733,
soc,gkf,5,25,rf_magpie,Sr3PI3,Sr,P,I,1.242,0.888141,
soc,gkf,6,33,rf_magpie,Ba3AsBr3,Ba,As,Br,0.864,0.87921,
soc,gkf,6,30,rf_magpie,Ba3AsCl3,Ba,As,Cl,0.927,0.925332,
soc,gkf,6,34,rf_magpie,Ba3AsI3,Ba,As,I,0.7315,0.750424,
soc,gkf,6,30,rf_magpie,Ba3BiBr3,Ba,Bi,Br,0.487,0.650278,
soc,gkf,6,34,rf_magpie,Ba3BiCl3,Ba,Bi,Cl,0.531,0.792975,
soc,gkf,6,31,rf_magpie,Ba3BiI3,Ba,Bi,I,0.362,0.77294,
soc,gkf,6,31,rf_magpie,Ba3PBr3,Ba,P,Br,0.918,0.805507,
soc,gkf,6,34,rf_magpie,Ba3PCl3,Ba,P,Cl,0.9395,0.908466,
soc,gkf,6,31,rf_magpie,Ba3PI3,Ba,P,I,0.746,0.748729,
soc,gkf,6,32,rf_magpie,Ba3SbBr3,Ba,Sb,Br,0.94,0.661467,
soc,gkf,6,30,rf_magpie,Ba3SbCl3,Ba,Sb,Cl,0.865,0.928199,
soc,gkf,6,34,rf_magpie,Ba3SbI3,Ba,Sb,I,0.717,0.626194,
soc,gkf,6,31,rf_magpie,Ca3PBr3,Ca,P,Br,1.6456,1.623548,
soc,gkf,6,32,rf_magpie,Ca3PCl3,Ca,P,Cl,1.9056,1.919668,
soc,gkf,6,32,rf_magpie,Ca3PI3,Ca,P,I,1.2836,1.539281,
soc,gkf,6,32,rf_magpie,Mg3SbBr3,Mg,Sb,Br,1.203,1.793728,
soc,gkf,6,33,rf_magpie,Mg3SbCl3,Mg,Sb,Cl,1.901,1.419146,
soc,gkf,6,30,rf_magpie,Mg3SbF3,Mg,Sb,F,3.723,1.580633,
soc,gkf,6,30,rf_magpie,Mg3SbI3,Mg,Sb,I,0.198,1.206451,
soc,gkf,6,33,rf_magpie,Sr3AsI3,Sr,As,I,1.212,0.86784,
soc,gkf,6,33,rf_magpie,Sr3PI3,Sr,P,I,1.242,0.936773,
soc,gkf,7,35,rf_magpie,Ba3AsBr3,Ba,As,Br,0.864,0.872152,
soc,gkf,7,35,rf_magpie,Ba3AsCl3,Ba,As,Cl,0.927,1.01123,
soc,gkf,7,36,rf_magpie,Ba3AsI3,Ba,As,I,0.7315,0.803151,
soc,gkf,7,38,rf_magpie,Ba3BiBr3,Ba,Bi,Br,0.487,0.722426,
soc,gkf,7,37,rf_magpie,Ba3BiCl3,Ba,Bi,Cl,0.531,0.861309,
soc,gkf,7,36,rf_magpie,Ba3BiI3,Ba,Bi,I,0.362,0.779163,
soc,gkf,7,39,rf_magpie,Ba3PBr3,Ba,P,Br,0.918,0.84676,
soc,gkf,7,36,rf_magpie,Ba3PCl3,Ba,P,Cl,0.9395,0.783053,
soc,gkf,7,35,rf_magpie,Ba3PI3,Ba,P,I,0.746,0.739773,
soc,gkf,7,39,rf_magpie,Ba3SbBr3,Ba,Sb,Br,0.94,0.789987,
soc,gkf,7,36,rf_magpie,Ba3SbCl3,Ba,Sb,Cl,0.865,0.764007,
soc,gkf,7,37,rf_magpie,Ba3SbI3,Ba,Sb,I,0.717,0.622889,
soc,gkf,7,39,rf_magpie,Ca3PBr3,Ca,P,Br,1.6456,1.418686,
soc,gkf,7,37,rf_magpie,Ca3PCl3,Ca,P,Cl,1.9056,1.358426,
soc,gkf,7,35,rf_magpie,Ca3PI3,Ca,P,I,1.2836,1.159709,
soc,gkf,7,38,rf_magpie,Mg3SbBr3,Mg,Sb,Br,1.203,1.196419,
soc,gkf,7,38,rf_magpie,Mg3SbCl3,Mg,Sb,Cl,1.901,1.327468,
soc,gkf,7,37,rf_magpie,Mg3SbF3,Mg,Sb,F,3.723,1.25256,
soc,gkf,7,39,rf_magpie,Mg3SbI3,Mg,Sb,I,0.198,1.294529,
soc,gkf,7,38,rf_magpie,Sr3AsI3,Sr,As,I,1.212,1.067897,
soc,gkf,7,35,rf_magpie,Sr3PI3,Sr,P,I,1.242,1.063505,
soc,gkf,8,42,rf_magpie,Ba3AsBr3,Ba,As,Br,0.864,0.888267,
soc,gkf,8,40,rf_magpie,Ba3AsCl3,Ba,As,Cl,0.927,1.102521,
soc,gkf,8,41,rf_magpie,Ba3AsI3,Ba,As,I,0.7315,0.751131,
soc,gkf,8,40,rf_magpie,Ba3BiBr3,Ba,Bi,Br,0.487,0.9113,
soc,gkf,8,40,rf_magpie,Ba3BiCl3,Ba,Bi,Cl,0.531,0.961121,
soc,gkf,8,44,rf_magpie,Ba3BiI3,Ba,Bi,I,0.362,0.745324,
soc,gkf,8,43,rf_magpie,Ba3PBr3,Ba,P,Br,0.918,0.88719,
soc,gkf,8,40,rf_magpie,Ba3PCl3,Ba,P,Cl,0.9395,1.00016,
soc,gkf,8,42,rf_magpie,Ba3PI3,Ba,P,I,0.746,0.75556,
soc,gkf,8,43,rf_magpie,Ba3SbBr3,Ba,Sb,Br,0.94,0.66425,
soc,gkf,8,43,rf_magpie,Ba3SbCl3,Ba,Sb,Cl,0.865,0.815133,
soc,gkf,8,44,rf_magpie,Ba3SbI3,Ba,Sb,I,0.717,0.880595,
soc,gkf,8,41,rf_magpie,Ca3PBr3,Ca,P,Br,1.6456,1.287583,
soc,gkf,8,42,rf_magpie,Ca3PCl3,Ca,P,Cl,1.9056,1.566247,
soc,gkf,8,41,rf_magpie,Ca3PI3,Ca,P,I,1.2836,1.104377,
soc,gkf,8,43,rf_magpie,Mg3SbBr3,Mg,Sb,Br,1.203,1.748646,
soc,gkf,8,40,rf_magpie,Mg3SbCl3,Mg,Sb,Cl,1.901,1.437526,
soc,gkf,8,42,rf_magpie,Mg3SbF3,Mg,Sb,F,3.723,1.524166,
soc,gkf,8,44,rf_magpie,Mg3SbI3,Mg,Sb,I,0.198,1.349569,
soc,gkf,8,41,rf_magpie,Sr3AsI3,Sr,As,I,1.212,1.047556,
soc,gkf,8,44,rf_magpie,Sr3PI3,Sr,P,I,1.242,1.145645,
soc,gkf,9,48,rf_magpie,Ba3AsBr3,Ba,As,Br,0.864,0.93125,
soc,gkf,9,45,rf_magpie,Ba3AsCl3,Ba,As,Cl,0.927,1.012051,
soc,gkf,9,49,rf_magpie,Ba3AsI3,Ba,As,I,0.7315,0.815554,
soc,gkf,9,46,rf_magpie,Ba3BiBr3,Ba,Bi,Br,0.487,0.708862,
soc,gkf,9,48,rf_magpie,Ba3BiCl3,Ba,Bi,Cl,0.531,0.931677,
soc,gkf,9,49,rf_magpie,Ba3BiI3,Ba,Bi,I,0.362,0.752209,
soc,gkf,9,49,rf_magpie,Ba3PBr3,Ba,P,Br,0.918,0.760495,
soc,gkf,9,49,rf_magpie,Ba3PCl3,Ba,P,Cl,0.9395,0.801433,
soc,gkf,9,48,rf_magpie,Ba3PI3,Ba,P,I,0.746,0.708655,
soc,gkf,9,47,rf_magpie,Ba3SbBr3,Ba,Sb,Br,0.94,0.805161,
soc,gkf,9,46,rf_magpie,Ba3SbCl3,Ba,Sb,Cl,0.865,0.879097,
soc,gkf,9,45,rf_magpie,Ba3SbI3,Ba,Sb,I,0.717,0.649819,
soc,gkf,9,45,rf_magpie,Ca3PBr3,Ca,P,Br,1.6456,1.385926,
soc,gkf,9,48,rf_magpie,Ca3PCl3,Ca,P,Cl,1.9056,1.942345,
soc,gkf,9,45,rf_magpie,Ca3PI3,Ca,P,I,1.2836,1.095931,
soc,gkf,9,46,rf_magpie,Mg3SbBr3,Mg,Sb,Br,1.203,1.194183,
soc,gkf,9,46,rf_magpie,Mg3SbCl3,Mg,Sb,Cl,1.901,1.379547,
soc,gkf,9,47,rf_magpie,Mg3SbF3,Mg,Sb,F,3.723,1.623087,
soc,gkf,9,47,rf_magpie,Mg3SbI3,Mg,Sb,I,0.198,1.229399,
soc,gkf,9,45,rf_magpie,Sr3AsI3,Sr,As,I,1.212,1.05839,
soc,gkf,9,47,rf_magpie,Sr3PI3,Sr,P,I,1.242,1.184372,
soc,gkf,0,0,rf_physics9,Ba3AsBr3,Ba,As,Br,0.864,0.92205,
soc,gkf,0,0,rf_physics9,Ba3AsCl3,Ba,As,Cl,0.927,0.923331,
soc,gkf,0,2,rf_physics9,Ba3AsI3,Ba,As,I,0.7315,0.827016,
soc,gkf,0,1,rf_physics9,Ba3BiBr3,Ba,Bi,Br,0.487,0.763993,
soc,gkf,0,3,rf_physics9,Ba3BiCl3,Ba,Bi,Cl,0.531,0.792729,
soc,gkf,0,1,rf_physics9,Ba3BiI3,Ba,Bi,I,0.362,0.713368,
soc,gkf,0,4,rf_physics9,Ba3PBr3,Ba,P,Br,0.918,0.939748,
soc,gkf,0,3,rf_physics9,Ba3PCl3,Ba,P,Cl,0.9395,1.06421,
soc,gkf,0,0,rf_physics9,Ba3PI3,Ba,P,I,0.746,0.862402,
soc,gkf,0,2,rf_physics9,Ba3SbBr3,Ba,Sb,Br,0.94,0.814142,
soc,gkf,0,4,rf_physics9,Ba3SbCl3,Ba,Sb,Cl,0.865,0.85184,
soc,gkf,0,1,rf_physics9,Ba3SbI3,Ba,Sb,I,0.717,0.777398,
soc,gkf,0,3,rf_physics9,Ca3PBr3,Ca,P,Br,1.6456,1.303924,
soc,gkf,0,2,rf_physics9,Ca3PCl3,Ca,P,Cl,1.9056,1.349039,
soc,gkf,0,4,rf_physics9,Ca3PI3,Ca,P,I,1.2836,1.282303,
soc,gkf,0,0,rf_physics9,Mg3SbBr3,Mg,Sb,Br,1.203,1.355196,
soc,gkf,0,2,rf_physics9,Mg3SbCl3,Mg,Sb,Cl,1.901,1.139544,
soc,gkf,0,0,rf_physics9,Mg3SbF3,Mg,Sb,F,3.723,1.53127,
soc,gkf,0,1,rf_physics9,Mg3SbI3,Mg,Sb,I,0.198,1.356355,
soc,gkf,0,4,rf_physics9,Sr3AsI3,Sr,As,I,1.212,1.118281,
soc,gkf,0,3,rf_physics9,Sr3PI3,Sr,P,I,1.242,1.218857,
soc,gkf,1,9,rf_physics9,Ba3AsBr3,Ba,As,Br,0.864,0.913117,
soc,gkf,1,9,rf_physics9,Ba3AsCl3,Ba,As,Cl,0.927,0.920879,
soc,gkf,1,7,rf_physics9,Ba3AsI3,Ba,As,I,0.7315,0.821429,
soc,gkf,1,6,rf_physics9,Ba3BiBr3,Ba,Bi,Br,0.487,0.686814,
soc,gkf,1,5,rf_physics9,Ba3BiCl3,Ba,Bi,Cl,0.531,0.776968,
soc,gkf,1,5,rf_physics9,Ba3BiI3,Ba,Bi,I,0.362,0.622791,
soc,gkf,1,7,rf_physics9,Ba3PBr3,Ba,P,Br,0.918,0.953018,
soc,gkf,1,6,rf_physics9,Ba3PCl3,Ba,P,Cl,0.9395,1.002527,
soc,gkf,1,5,rf_physics9,Ba3PI3,Ba,P,I,0.746,0.813965,
soc,gkf,1,8,rf_physics9,Ba3SbBr3,Ba,Sb,Br,0.94,0.61219,
soc,gkf,1,8,rf_physics9,Ba3SbCl3,Ba,Sb,Cl,0.865,0.626515,
soc,gkf,1,9,rf_physics9,Ba3SbI3,Ba,Sb,I,0.717,0.749113,
soc,gkf,1,7,rf_physics9,Ca3PBr3,Ca,P,Br,1.6456,1.459014,
soc,gkf,1,5,rf_physics9,Ca3PCl3,Ca,P,Cl,1.9056,1.514831,
soc,gkf,1,6,rf_physics9,Ca3PI3,Ca,P,I,1.2836,1.230232,
soc,gkf,1,8,rf_physics9,Mg3SbBr3,Mg,Sb,Br,1.203,0.921461,
soc,gkf,1,8,rf_physics9,Mg3SbCl3,Mg,Sb,Cl,1.901,0.958468,
soc,gkf,1,7,rf_physics9,Mg3SbF3,Mg,Sb,F,3.723,1.659095,
soc,gkf,1,9,rf_physics9,Mg3SbI3,Mg,Sb,I,0.198,1.333001,
soc,gkf,1,6,rf_physics9,Sr3AsI3,Sr,As,I,1.212,1.082618,
soc,gkf,1,5,rf_physics9,Sr3PI3,Sr,P,I,1.242,1.265121,
soc,gkf,2,10,rf_physics9,Ba3AsBr3,Ba,As,Br,0.864,0.87736,
soc,gkf,2,13,rf_physics9,Ba3AsCl3,Ba,As,Cl,0.927,0.870258,
soc,gkf,2,11,rf_physics9,Ba3AsI3,Ba,As,I,0.7315,0.794904,
soc,gkf,2,14,rf_physics9,Ba3BiBr3,Ba,Bi,Br,0.487,0.653257,
soc,gkf,2,12,rf_physics9,Ba3BiCl3,Ba,Bi,Cl,0.531,0.52226,
soc,gkf,2,10,rf_physics9,Ba3BiI3,Ba,Bi,I,0.362,0.703967,
soc,gkf,2,14,rf_physics9,Ba3PBr3,Ba,P,Br,0.918,0.992239,
soc,gkf,2,10,rf_physics9,Ba3PCl3,Ba,P,Cl,0.9395,1.185509,
soc,gkf,2,14,rf_physics9,Ba3PI3,Ba,P,I,0.746,0.87001,
soc,gkf,2,13,rf_physics9,Ba3SbBr3,Ba,Sb,Br,0.94,0.796818,
soc,gkf,2,10,rf_physics9,Ba3SbCl3,Ba,Sb,Cl,0.865,1.048248,
soc,gkf,2,11,rf_physics9,Ba3SbI3,Ba,Sb,I,0.717,0.684314,
soc,gkf,2,11,rf_physics9,Ca3PBr3,Ca,P,Br,1.6456,1.390868,
soc,gkf,2,13,rf_physics9,Ca3PCl3,Ca,P,Cl,1.9056,1.545589,
soc,gkf,2,12,rf_physics9,Ca3PI3,Ca,P,I,1.2836,1.569055,
soc,gkf,2,12,rf_physics9,Mg3SbBr3,Mg,Sb,Br,1.203,1.856377,
soc,gkf,2,10,rf_physics9,Mg3SbCl3,Mg,Sb,Cl,1.901,1.59864,
soc,gkf,2,14,rf_physics9,Mg3SbF3,Mg,Sb,F,3.723,1.627927,
soc,gkf,2,12,rf_physics9,Mg3SbI3,Mg,Sb,I,0.198,1.788418,
soc,gkf,2,11,rf_physics9,Sr3AsI3,Sr,As,I,1.212,1.194282,
soc,gkf,2,13,rf_physics9,Sr3PI3,Sr,P,I,1.242,1.223984,
soc,gkf,3,15,rf_physics9,Ba3AsBr3,Ba,As,Br,0.864,0.945152,
soc,gkf,3,19,rf_physics9,Ba3AsCl3,Ba,As,Cl,0.927,0.891253,
soc,gkf,3,15,rf_physics9,Ba3AsI3,Ba,As,I,0.7315,0.911679,
soc,gkf,3,19,rf_physics9,Ba3BiBr3,Ba,Bi,Br,0.487,0.765356,
soc,gkf,3,15,rf_physics9,Ba3BiCl3,Ba,Bi,Cl,0.531,0.82009,
soc,gkf,3,19,rf_physics9,Ba3BiI3,Ba,Bi,I,0.362,0.668277,
soc,gkf,3,16,rf_physics9,Ba3PBr3,Ba,P,Br,0.918,1.162785,
soc,gkf,3,16,rf_physics9,Ba3PCl3,Ba,P,Cl,0.9395,1.216017,
soc,gkf,3,15,rf_physics9,Ba3PI3,Ba,P,I,0.746,0.935046,
soc,gkf,3,19,rf_physics9,Ba3SbBr3,Ba,Sb,Br,0.94,0.844479,
soc,gkf,3,15,rf_physics9,Ba3SbCl3,Ba,Sb,Cl,0.865,1.011724,
soc,gkf,3,17,rf_physics9,Ba3SbI3,Ba,Sb,I,0.717,0.678103,
soc,gkf,3,18,rf_physics9,Ca3PBr3,Ca,P,Br,1.6456,1.4273,
soc,gkf,3,17,rf_physics9,Ca3PCl3,Ca,P,Cl,1.9056,1.526494,
soc,gkf,3,17,rf_physics9,Ca3PI3,Ca,P,I,1.2836,1.242773,
soc,gkf,3,16,rf_physics9,Mg3SbBr3,Mg,Sb,Br,1.203,1.031972,
soc,gkf,3,16,rf_physics9,Mg3SbCl3,Mg,Sb,Cl,1.901,1.07146,
soc,gkf,3,17,rf_physics9,Mg3SbF3,Mg,Sb,F,3.723,1.582389,
soc,gkf,3,18,rf_physics9,Mg3SbI3,Mg,Sb,I,0.198,1.353036,
soc,gkf,3,18,rf_physics9,Sr3AsI3,Sr,As,I,1.212,1.27516,
soc,gkf,3,18,rf_physics9,Sr3PI3,Sr,P,I,1.242,1.265406,
soc,gkf,4,22,rf_physics9,Ba3AsBr3,Ba,As,Br,0.864,0.927192,
soc,gkf,4,20,rf_physics9,Ba3AsCl3,Ba,As,Cl,0.927,0.929076,
soc,gkf,4,20,rf_physics9,Ba3AsI3,Ba,As,I,0.7315,0.781663,
soc,gkf,4,20,rf_physics9,Ba3BiBr3,Ba,Bi,Br,0.487,0.8035,
soc,gkf,4,23,rf_physics9,Ba3BiCl3,Ba,Bi,Cl,0.531,0.72034,
soc,gkf,4,20,rf_physics9,Ba3BiI3,Ba,Bi,I,0.362,0.698316,
soc,gkf,4,21,rf_physics9,Ba3PBr3,Ba,P,Br,0.918,0.93557,
soc,gkf,4,23,rf_physics9,Ba3PCl3,Ba,P,Cl,0.9395,1.010569,
soc,gkf,4,22,rf_physics9,Ba3PI3,Ba,P,I,0.746,0.832689,
soc,gkf,4,23,rf_physics9,Ba3SbBr3,Ba,Sb,Br,0.94,0.787014,
soc,gkf,4,21,rf_physics9,Ba3SbCl3,Ba,Sb,Cl,0.865,0.804317,
soc,gkf,4,22,rf_physics9,Ba3SbI3,Ba,Sb,I,0.717,0.808878,
soc,gkf,4,24,rf_physics9,Ca3PBr3,Ca,P,Br,1.6456,1.495433,
soc,gkf,4,21,rf_physics9,Ca3PCl3,Ca,P,Cl,1.9056,1.386444,
soc,gkf,4,23,rf_physics9,Ca3PI3,Ca,P,I,1.2836,1.298635,
soc,gkf,4,24,rf_physics9,Mg3SbBr3,Mg,Sb,Br,1.203,1.269775,
soc,gkf,4,21,rf_physics9,Mg3SbCl3,Mg,Sb,Cl,1.901,1.16573,
soc,gkf,4,24,rf_physics9,Mg3SbF3,Mg,Sb,F,3.723,1.498833,
soc,gkf,4,22,rf_physics9,Mg3SbI3,Mg,Sb,I,0.198,1.35846,
soc,gkf,4,20,rf_physics9,Sr3AsI3,Sr,As,I,1.212,1.236876,
soc,gkf,4,24,rf_physics9,Sr3PI3,Sr,P,I,1.242,1.225499,
soc,gkf,5,28,rf_physics9,Ba3AsBr3,Ba,As,Br,0.864,0.930602,
soc,gkf,5,26,rf_physics9,Ba3AsCl3,Ba,As,Cl,0.927,0.910913,
soc,gkf,5,29,rf_physics9,Ba3AsI3,Ba,As,I,0.7315,0.776131,
soc,gkf,5,26,rf_physics9,Ba3BiBr3,Ba,Bi,Br,0.487,0.642446,
soc,gkf,5,28,rf_physics9,Ba3BiCl3,Ba,Bi,Cl,0.531,0.785632,
soc,gkf,5,25,rf_physics9,Ba3BiI3,Ba,Bi,I,0.362,0.563998,
soc,gkf,5,27,rf_physics9,Ba3PBr3,Ba,P,Br,0.918,0.967715,
soc,gkf,5,29,rf_physics9,Ba3PCl3,Ba,P,Cl,0.9395,0.916412,
soc,gkf,5,27,rf_physics9,Ba3PI3,Ba,P,I,0.746,0.839352,
soc,gkf,5,27,rf_physics9,Ba3SbBr3,Ba,Sb,Br,0.94,0.78353,
soc,gkf,5,28,rf_physics9,Ba3SbCl3,Ba,Sb,Cl,0.865,1.010294,
soc,gkf,5,26,rf_physics9,Ba3SbI3,Ba,Sb,I,0.717,0.664628,
soc,gkf,5,27,rf_physics9,Ca3PBr3,Ca,P,Br,1.6456,1.443885,
soc,gkf,5,25,rf_physics9,Ca3PCl3,Ca,P,Cl,1.9056,1.391151,
soc,gkf,5,25,rf_physics9,Ca3PI3,Ca,P,I,1.2836,1.072422,
soc,gkf,5,26,rf_physics9,Mg3SbBr3,Mg,Sb,Br,1.203,1.495429,
soc,gkf,5,29,rf_physics9,Mg3SbCl3,Mg,Sb,Cl,1.901,1.812521,
soc,gkf,5,28,rf_physics9,Mg3SbF3,Mg,Sb,F,3.723,1.652118,
soc,gkf,5,29,rf_physics9,Mg3SbI3,Mg,Sb,I,0.198,1.470471,
soc,gkf,5,25,rf_physics9,Sr3AsI3,Sr,As,I,1.212,1.039868,
soc,gkf,5,25,rf_physics9,Sr3PI3,Sr,P,I,1.242,1.066329,
soc,gkf,6,33,rf_physics9,Ba3AsBr3,Ba,As,Br,0.864,0.928132,
soc,gkf,6,30,rf_physics9,Ba3AsCl3,Ba,As,Cl,0.927,0.866982,
soc,gkf,6,34,rf_physics9,Ba3AsI3,Ba,As,I,0.7315,0.828769,
soc,gkf,6,30,rf_physics9,Ba3BiBr3,Ba,Bi,Br,0.487,0.591175,
soc,gkf,6,34,rf_physics9,Ba3BiCl3,Ba,Bi,Cl,0.531,0.695936,
soc,gkf,6,31,rf_physics9,Ba3BiI3,Ba,Bi,I,0.362,0.5847,
soc,gkf,6,31,rf_physics9,Ba3PBr3,Ba,P,Br,0.918,0.95679,
soc,gkf,6,34,rf_physics9,Ba3PCl3,Ba,P,Cl,0.9395,1.034888,
soc,gkf,6,31,rf_physics9,Ba3PI3,Ba,P,I,0.746,0.863334,
soc,gkf,6,32,rf_physics9,Ba3SbBr3,Ba,Sb,Br,0.94,0.766221,
soc,gkf,6,30,rf_physics9,Ba3SbCl3,Ba,Sb,Cl,0.865,0.82629,
soc,gkf,6,34,rf_physics9,Ba3SbI3,Ba,Sb,I,0.717,0.680045,
soc,gkf,6,31,rf_physics9,Ca3PBr3,Ca,P,Br,1.6456,1.474347,
soc,gkf,6,32,rf_physics9,Ca3PCl3,Ca,P,Cl,1.9056,1.47271,
soc,gkf,6,32,rf_physics9,Ca3PI3,Ca,P,I,1.2836,1.315261,
soc,gkf,6,32,rf_physics9,Mg3SbBr3,Mg,Sb,Br,1.203,1.283034,
soc,gkf,6,33,rf_physics9,Mg3SbCl3,Mg,Sb,Cl,1.901,1.252922,
soc,gkf,6,30,rf_physics9,Mg3SbF3,Mg,Sb,F,3.723,1.822937,
soc,gkf,6,30,rf_physics9,Mg3SbI3,Mg,Sb,I,0.198,1.293754,
soc,gkf,6,33,rf_physics9,Sr3AsI3,Sr,As,I,1.212,1.141348,
soc,gkf,6,33,rf_physics9,Sr3PI3,Sr,P,I,1.242,1.306433,
soc,gkf,7,35,rf_physics9,Ba3AsBr3,Ba,As,Br,0.864,0.915704,
soc,gkf,7,35,rf_physics9,Ba3AsCl3,Ba,As,Cl,0.927,0.924484,
soc,gkf,7,36,rf_physics9,Ba3AsI3,Ba,As,I,0.7315,0.808839,
soc,gkf,7,38,rf_physics9,Ba3BiBr3,Ba,Bi,Br,0.487,0.662804,
soc,gkf,7,37,rf_physics9,Ba3BiCl3,Ba,Bi,Cl,0.531,0.714955,
soc,gkf,7,36,rf_physics9,Ba3BiI3,Ba,Bi,I,0.362,0.618947,
soc,gkf,7,39,rf_physics9,Ba3PBr3,Ba,P,Br,0.918,0.883895,
soc,gkf,7,36,rf_physics9,Ba3PCl3,Ba,P,Cl,0.9395,1.043935,
soc,gkf,7,35,rf_physics9,Ba3PI3,Ba,P,I,0.746,0.830364,
soc,gkf,7,39,rf_physics9,Ba3SbBr3,Ba,Sb,Br,0.94,0.794093,
soc,gkf,7,36,rf_physics9,Ba3SbCl3,Ba,Sb,Cl,0.865,0.848948,
soc,gkf,7,37,rf_physics9,Ba3SbI3,Ba,Sb,I,0.717,0.687185,
soc,gkf,7,39,rf_physics9,Ca3PBr3,Ca,P,Br,1.6456,1.453486,
soc,gkf,7,37,rf_physics9,Ca3PCl3,Ca,P,Cl,1.9056,1.514233,
soc,gkf,7,35,rf_physics9,Ca3PI3,Ca,P,I,1.2836,1.30298,
soc,gkf,7,38,rf_physics9,Mg3SbBr3,Mg,Sb,Br,1.203,1.121453,
soc,gkf,7,38,rf_physics9,Mg3SbCl3,Mg,Sb,Cl,1.901,1.139123,
soc,gkf,7,37,rf_physics9,Mg3SbF3,Mg,Sb,F,3.723,1.623773,
soc,gkf,7,39,rf_physics9,Mg3SbI3,Mg,Sb,I,0.198,1.345091,
soc,gkf,7,38,rf_physics9,Sr3AsI3,Sr,As,I,1.212,1.136729,
soc,gkf,7,35,rf_physics9,Sr3PI3,Sr,P,I,1.242,1.235368,
soc,gkf,8,42,rf_physics9,Ba3AsBr3,Ba,As,Br,0.864,0.921777,
soc,gkf,8,40,rf_physics9,Ba3AsCl3,Ba,As,Cl,0.927,1.00311,
soc,gkf,8,41,rf_physics9,Ba3AsI3,Ba,As,I,0.7315,0.778787,
soc,gkf,8,40,rf_physics9,Ba3BiBr3,Ba,Bi,Br,0.487,0.698635,
soc,gkf,8,40,rf_physics9,Ba3BiCl3,Ba,Bi,Cl,0.531,0.795552,
soc,gkf,8,44,rf_physics9,Ba3BiI3,Ba,Bi,I,0.362,0.594142,
soc,gkf,8,43,rf_physics9,Ba3PBr3,Ba,P,Br,0.918,0.927505,
soc,gkf,8,40,rf_physics9,Ba3PCl3,Ba,P,Cl,0.9395,1.172963,
soc,gkf,8,42,rf_physics9,Ba3PI3,Ba,P,I,0.746,0.826176,
soc,gkf,8,43,rf_physics9,Ba3SbBr3,Ba,Sb,Br,0.94,0.638346,
soc,gkf,8,43,rf_physics9,Ba3SbCl3,Ba,Sb,Cl,0.865,0.758943,
soc,gkf,8,44,rf_physics9,Ba3SbI3,Ba,Sb,I,0.717,0.765767,
soc,gkf,8,41,rf_physics9,Ca3PBr3,Ca,P,Br,1.6456,1.350487,
soc,gkf,8,42,rf_physics9,Ca3PCl3,Ca,P,Cl,1.9056,1.537503,
soc,gkf,8,41,rf_physics9,Ca3PI3,Ca,P,I,1.2836,1.237807,
soc,gkf,8,43,rf_physics9,Mg3SbBr3,Mg,Sb,Br,1.203,1.260029,
soc,gkf,8,40,rf_physics9,Mg3SbCl3,Mg,Sb,Cl,1.901,1.424401,
soc,gkf,8,42,rf_physics9,Mg3SbF3,Mg,Sb,F,3.723,1.606627,
soc,gkf,8,44,rf_physics9,Mg3SbI3,Mg,Sb,I,0.198,1.346565,
soc,gkf,8,41,rf_physics9,Sr3AsI3,Sr,As,I,1.212,1.124071,
soc,gkf,8,44,rf_physics9,Sr3PI3,Sr,P,I,1.242,1.27912,
soc,gkf,9,48,rf_physics9,Ba3AsBr3,Ba,As,Br,0.864,0.920748,
soc,gkf,9,45,rf_physics9,Ba3AsCl3,Ba,As,Cl,0.927,0.94303,
soc,gkf,9,49,rf_physics9,Ba3AsI3,Ba,As,I,0.7315,0.825477,
soc,gkf,9,46,rf_physics9,Ba3BiBr3,Ba,Bi,Br,0.487,0.628902,
soc,gkf,9,48,rf_physics9,Ba3BiCl3,Ba,Bi,Cl,0.531,0.688078,
soc,gkf,9,49,rf_physics9,Ba3BiI3,Ba,Bi,I,0.362,0.599937,
soc,gkf,9,49,rf_physics9,Ba3PBr3,Ba,P,Br,0.918,1.041027,
soc,gkf,9,49,rf_physics9,Ba3PCl3,Ba,P,Cl,0.9395,1.068304,
soc,gkf,9,48,rf_physics9,Ba3PI3,Ba,P,I,0.746,0.828024,
soc,gkf,9,47,rf_physics9,Ba3SbBr3,Ba,Sb,Br,0.94,0.814843,
soc,gkf,9,46,rf_physics9,Ba3SbCl3,Ba,Sb,Cl,0.865,0.779493,
soc,gkf,9,45,rf_physics9,Ba3SbI3,Ba,Sb,I,0.717,0.675622,
soc,gkf,9,45,rf_physics9,Ca3PBr3,Ca,P,Br,1.6456,1.29679,
soc,gkf,9,48,rf_physics9,Ca3PCl3,Ca,P,Cl,1.9056,1.531709,
soc,gkf,9,45,rf_physics9,Ca3PI3,Ca,P,I,1.2836,1.185886,
soc,gkf,9,46,rf_physics9,Mg3SbBr3,Mg,Sb,Br,1.203,1.059696,
soc,gkf,9,46,rf_physics9,Mg3SbCl3,Mg,Sb,Cl,1.901,1.085295,
soc,gkf,9,47,rf_physics9,Mg3SbF3,Mg,Sb,F,3.723,1.779745,
soc,gkf,9,47,rf_physics9,Mg3SbI3,Mg,Sb,I,0.198,1.317873,
soc,gkf,9,45,rf_physics9,Sr3AsI3,Sr,As,I,1.212,1.076672,
soc,gkf,9,47,rf_physics9,Sr3PI3,Sr,P,I,1.242,1.286638,
soc,gkf,0,0,ridge_magpie,Ba3AsBr3,Ba,As,Br,0.864,0.67957,
soc,gkf,0,0,ridge_magpie,Ba3AsCl3,Ba,As,Cl,0.927,0.972403,
soc,gkf,0,2,ridge_magpie,Ba3AsI3,Ba,As,I,0.7315,0.86908,
soc,gkf,0,1,ridge_magpie,Ba3BiBr3,Ba,Bi,Br,0.487,0.638549,
soc,gkf,0,3,ridge_magpie,Ba3BiCl3,Ba,Bi,Cl,0.531,0.399551,
soc,gkf,0,1,ridge_magpie,Ba3BiI3,Ba,Bi,I,0.362,0.652767,
soc,gkf,0,4,ridge_magpie,Ba3PBr3,Ba,P,Br,0.918,0.781174,
soc,gkf,0,3,ridge_magpie,Ba3PCl3,Ba,P,Cl,0.9395,0.808043,
soc,gkf,0,0,ridge_magpie,Ba3PI3,Ba,P,I,0.746,0.997775,
soc,gkf,0,2,ridge_magpie,Ba3SbBr3,Ba,Sb,Br,0.94,0.719459,
soc,gkf,0,4,ridge_magpie,Ba3SbCl3,Ba,Sb,Cl,0.865,0.960249,
soc,gkf,0,1,ridge_magpie,Ba3SbI3,Ba,Sb,I,0.717,0.835717,
soc,gkf,0,3,ridge_magpie,Ca3PBr3,Ca,P,Br,1.6456,1.959751,
soc,gkf,0,2,ridge_magpie,Ca3PCl3,Ca,P,Cl,1.9056,2.028067,
soc,gkf,0,4,ridge_magpie,Ca3PI3,Ca,P,I,1.2836,1.029474,
soc,gkf,0,0,ridge_magpie,Mg3SbBr3,Mg,Sb,Br,1.203,1.199039,
soc,gkf,0,2,ridge_magpie,Mg3SbCl3,Mg,Sb,Cl,1.901,1.741598,
soc,gkf,0,0,ridge_magpie,Mg3SbF3,Mg,Sb,F,3.723,2.289394,
soc,gkf,0,1,ridge_magpie,Mg3SbI3,Mg,Sb,I,0.198,0.5562,
soc,gkf,0,4,ridge_magpie,Sr3AsI3,Sr,As,I,1.212,1.141121,
soc,gkf,0,3,ridge_magpie,Sr3PI3,Sr,P,I,1.242,1.214436,
soc,gkf,1,9,ridge_magpie,Ba3AsBr3,Ba,As,Br,0.864,0.932491,
soc,gkf,1,9,ridge_magpie,Ba3AsCl3,Ba,As,Cl,0.927,0.986938,
soc,gkf,1,7,ridge_magpie,Ba3AsI3,Ba,As,I,0.7315,0.818647,
soc,gkf,1,6,ridge_magpie,Ba3BiBr3,Ba,Bi,Br,0.487,0.568287,
soc,gkf,1,5,ridge_magpie,Ba3BiCl3,Ba,Bi,Cl,0.531,0.489432,
soc,gkf,1,5,ridge_magpie,Ba3BiI3,Ba,Bi,I,0.362,0.413287,
soc,gkf,1,7,ridge_magpie,Ba3PBr3,Ba,P,Br,0.918,0.817954,
soc,gkf,1,6,ridge_magpie,Ba3PCl3,Ba,P,Cl,0.9395,1.203369,
soc,gkf,1,5,ridge_magpie,Ba3PI3,Ba,P,I,0.746,0.783066,
soc,gkf,1,8,ridge_magpie,Ba3SbBr3,Ba,Sb,Br,0.94,0.750733,
soc,gkf,1,8,ridge_magpie,Ba3SbCl3,Ba,Sb,Cl,0.865,0.839575,
soc,gkf,1,9,ridge_magpie,Ba3SbI3,Ba,Sb,I,0.717,0.697814,
soc,gkf,1,7,ridge_magpie,Ca3PBr3,Ca,P,Br,1.6456,1.639132,
soc,gkf,1,5,ridge_magpie,Ca3PCl3,Ca,P,Cl,1.9056,1.742821,
soc,gkf,1,6,ridge_magpie,Ca3PI3,Ca,P,I,1.2836,1.052114,
soc,gkf,1,8,ridge_magpie,Mg3SbBr3,Mg,Sb,Br,1.203,1.140968,
soc,gkf,1,8,ridge_magpie,Mg3SbCl3,Mg,Sb,Cl,1.901,1.625566,
soc,gkf,1,7,ridge_magpie,Mg3SbF3,Mg,Sb,F,3.723,1.994586,
soc,gkf,1,9,ridge_magpie,Mg3SbI3,Mg,Sb,I,0.198,0.476785,
soc,gkf,1,6,ridge_magpie,Sr3AsI3,Sr,As,I,1.212,1.111892,
soc,gkf,1,5,ridge_magpie,Sr3PI3,Sr,P,I,1.242,1.137308,
soc,gkf,2,10,ridge_magpie,Ba3AsBr3,Ba,As,Br,0.864,0.966991,
soc,gkf,2,13,ridge_magpie,Ba3AsCl3,Ba,As,Cl,0.927,0.9007,
soc,gkf,2,11,ridge_magpie,Ba3AsI3,Ba,As,I,0.7315,0.735423,
soc,gkf,2,14,ridge_magpie,Ba3BiBr3,Ba,Bi,Br,0.487,0.473998,
soc,gkf,2,12,ridge_magpie,Ba3BiCl3,Ba,Bi,Cl,0.531,1.075205,
soc,gkf,2,10,ridge_magpie,Ba3BiI3,Ba,Bi,I,0.362,0.364088,
soc,gkf,2,14,ridge_magpie,Ba3PBr3,Ba,P,Br,0.918,0.804377,
soc,gkf,2,10,ridge_magpie,Ba3PCl3,Ba,P,Cl,0.9395,1.44265,
soc,gkf,2,14,ridge_magpie,Ba3PI3,Ba,P,I,0.746,0.874031,
soc,gkf,2,13,ridge_magpie,Ba3SbBr3,Ba,Sb,Br,0.94,0.784295,
soc,gkf,2,10,ridge_magpie,Ba3SbCl3,Ba,Sb,Cl,0.865,1.259523,
soc,gkf,2,11,ridge_magpie,Ba3SbI3,Ba,Sb,I,0.717,0.674708,
soc,gkf,2,11,ridge_magpie,Ca3PBr3,Ca,P,Br,1.6456,1.846805,
soc,gkf,2,13,ridge_magpie,Ca3PCl3,Ca,P,Cl,1.9056,1.813658,
soc,gkf,2,12,ridge_magpie,Ca3PI3,Ca,P,I,1.2836,1.238716,
soc,gkf,2,12,ridge_magpie,Mg3SbBr3,Mg,Sb,Br,1.203,1.97279,
soc,gkf,2,10,ridge_magpie,Mg3SbCl3,Mg,Sb,Cl,1.901,1.722177,
soc,gkf,2,14,ridge_magpie,Mg3SbF3,Mg,Sb,F,3.723,2.338275,
soc,gkf,2,12,ridge_magpie,Mg3SbI3,Mg,Sb,I,0.198,1.679867,
soc,gkf,2,11,ridge_magpie,Sr3AsI3,Sr,As,I,1.212,1.184735,
soc,gkf,2,13,ridge_magpie,Sr3PI3,Sr,P,I,1.242,1.111459,
soc,gkf,3,15,ridge_magpie,Ba3AsBr3,Ba,As,Br,0.864,1.019464,
soc,gkf,3,19,ridge_magpie,Ba3AsCl3,Ba,As,Cl,0.927,1.069838,
soc,gkf,3,15,ridge_magpie,Ba3AsI3,Ba,As,I,0.7315,1.002968,
soc,gkf,3,19,ridge_magpie,Ba3BiBr3,Ba,Bi,Br,0.487,0.51304,
soc,gkf,3,15,ridge_magpie,Ba3BiCl3,Ba,Bi,Cl,0.531,0.554131,
soc,gkf,3,19,ridge_magpie,Ba3BiI3,Ba,Bi,I,0.362,0.307972,
soc,gkf,3,16,ridge_magpie,Ba3PBr3,Ba,P,Br,0.918,0.802499,
soc,gkf,3,16,ridge_magpie,Ba3PCl3,Ba,P,Cl,0.9395,1.01119,
soc,gkf,3,15,ridge_magpie,Ba3PI3,Ba,P,I,0.746,1.017699,
soc,gkf,3,19,ridge_magpie,Ba3SbBr3,Ba,Sb,Br,0.94,0.705175,
soc,gkf,3,15,ridge_magpie,Ba3SbCl3,Ba,Sb,Cl,0.865,0.880913,
soc,gkf,3,17,ridge_magpie,Ba3SbI3,Ba,Sb,I,0.717,0.752086,
soc,gkf,3,18,ridge_magpie,Ca3PBr3,Ca,P,Br,1.6456,1.667195,
soc,gkf,3,17,ridge_magpie,Ca3PCl3,Ca,P,Cl,1.9056,2.043858,
soc,gkf,3,17,ridge_magpie,Ca3PI3,Ca,P,I,1.2836,1.167537,
soc,gkf,3,16,ridge_magpie,Mg3SbBr3,Mg,Sb,Br,1.203,1.185548,
soc,gkf,3,16,ridge_magpie,Mg3SbCl3,Mg,Sb,Cl,1.901,1.655664,
soc,gkf,3,17,ridge_magpie,Mg3SbF3,Mg,Sb,F,3.723,2.480377,
soc,gkf,3,18,ridge_magpie,Mg3SbI3,Mg,Sb,I,0.198,0.582125,
soc,gkf,3,18,ridge_magpie,Sr3AsI3,Sr,As,I,1.212,1.009282,
soc,gkf,3,18,ridge_magpie,Sr3PI3,Sr,P,I,1.242,1.025491,
soc,gkf,4,22,ridge_magpie,Ba3AsBr3,Ba,As,Br,0.864,0.877079,
soc,gkf,4,20,ridge_magpie,Ba3AsCl3,Ba,As,Cl,0.927,1.004394,
soc,gkf,4,20,ridge_magpie,Ba3AsI3,Ba,As,I,0.7315,0.867614,
soc,gkf,4,20,ridge_magpie,Ba3BiBr3,Ba,Bi,Br,0.487,0.603922,
soc,gkf,4,23,ridge_magpie,Ba3BiCl3,Ba,Bi,Cl,0.531,0.601659,
soc,gkf,4,20,ridge_magpie,Ba3BiI3,Ba,Bi,I,0.362,0.531853,
soc,gkf,4,21,ridge_magpie,Ba3PBr3,Ba,P,Br,0.918,0.788549,
soc,gkf,4,23,ridge_magpie,Ba3PCl3,Ba,P,Cl,0.9395,1.011216,
soc,gkf,4,22,ridge_magpie,Ba3PI3,Ba,P,I,0.746,0.859182,
soc,gkf,4,23,ridge_magpie,Ba3SbBr3,Ba,Sb,Br,0.94,0.737914,
soc,gkf,4,21,ridge_magpie,Ba3SbCl3,Ba,Sb,Cl,0.865,0.929665,
soc,gkf,4,22,ridge_magpie,Ba3SbI3,Ba,Sb,I,0.717,0.727878,
soc,gkf,4,24,ridge_magpie,Ca3PBr3,Ca,P,Br,1.6456,1.754363,
soc,gkf,4,21,ridge_magpie,Ca3PCl3,Ca,P,Cl,1.9056,2.077471,
soc,gkf,4,23,ridge_magpie,Ca3PI3,Ca,P,I,1.2836,1.147417,
soc,gkf,4,24,ridge_magpie,Mg3SbBr3,Mg,Sb,Br,1.203,1.315529,
soc,gkf,4,21,ridge_magpie,Mg3SbCl3,Mg,Sb,Cl,1.901,1.762454,
soc,gkf,4,24,ridge_magpie,Mg3SbF3,Mg,Sb,F,3.723,2.558313,
soc,gkf,4,22,ridge_magpie,Mg3SbI3,Mg,Sb,I,0.198,0.450136,
soc,gkf,4,20,ridge_magpie,Sr3AsI3,Sr,As,I,1.212,1.150461,
soc,gkf,4,24,ridge_magpie,Sr3PI3,Sr,P,I,1.242,1.118113,
soc,gkf,5,28,ridge_magpie,Ba3AsBr3,Ba,As,Br,0.864,0.903281,
soc,gkf,5,26,ridge_magpie,Ba3AsCl3,Ba,As,Cl,0.927,1.070438,
soc,gkf,5,29,ridge_magpie,Ba3AsI3,Ba,As,I,0.7315,0.85096,
soc,gkf,5,26,ridge_magpie,Ba3BiBr3,Ba,Bi,Br,0.487,0.599903,
soc,gkf,5,28,ridge_magpie,Ba3BiCl3,Ba,Bi,Cl,0.531,0.692952,
soc,gkf,5,25,ridge_magpie,Ba3BiI3,Ba,Bi,I,0.362,0.350719,
soc,gkf,5,27,ridge_magpie,Ba3PBr3,Ba,P,Br,0.918,0.77211,
soc,gkf,5,29,ridge_magpie,Ba3PCl3,Ba,P,Cl,0.9395,1.092058,
soc,gkf,5,27,ridge_magpie,Ba3PI3,Ba,P,I,0.746,0.796798,
soc,gkf,5,27,ridge_magpie,Ba3SbBr3,Ba,Sb,Br,0.94,0.71167,
soc,gkf,5,28,ridge_magpie,Ba3SbCl3,Ba,Sb,Cl,0.865,1.055893,
soc,gkf,5,26,ridge_magpie,Ba3SbI3,Ba,Sb,I,0.717,0.472784,
soc,gkf,5,27,ridge_magpie,Ca3PBr3,Ca,P,Br,1.6456,1.744212,
soc,gkf,5,25,ridge_magpie,Ca3PCl3,Ca,P,Cl,1.9056,1.92071,
soc,gkf,5,25,ridge_magpie,Ca3PI3,Ca,P,I,1.2836,0.829302,
soc,gkf,5,26,ridge_magpie,Mg3SbBr3,Mg,Sb,Br,1.203,1.359151,
soc,gkf,5,29,ridge_magpie,Mg3SbCl3,Mg,Sb,Cl,1.901,1.565317,
soc,gkf,5,28,ridge_magpie,Mg3SbF3,Mg,Sb,F,3.723,1.980386,
soc,gkf,5,29,ridge_magpie,Mg3SbI3,Mg,Sb,I,0.198,0.777418,
soc,gkf,5,25,ridge_magpie,Sr3AsI3,Sr,As,I,1.212,0.936282,
soc,gkf,5,25,ridge_magpie,Sr3PI3,Sr,P,I,1.242,0.970993,
soc,gkf,6,33,ridge_magpie,Ba3AsBr3,Ba,As,Br,0.864,0.948756,
soc,gkf,6,30,ridge_magpie,Ba3AsCl3,Ba,As,Cl,0.927,1.106693,
soc,gkf,6,34,ridge_magpie,Ba3AsI3,Ba,As,I,0.7315,0.835436,
soc,gkf,6,30,ridge_magpie,Ba3BiBr3,Ba,Bi,Br,0.487,0.402304,
soc,gkf,6,34,ridge_magpie,Ba3BiCl3,Ba,Bi,Cl,0.531,0.514872,
soc,gkf,6,31,ridge_magpie,Ba3BiI3,Ba,Bi,I,0.362,0.396239,
soc,gkf,6,31,ridge_magpie,Ba3PBr3,Ba,P,Br,0.918,0.896985,
soc,gkf,6,34,ridge_magpie,Ba3PCl3,Ba,P,Cl,0.9395,1.034168,
soc,gkf,6,31,ridge_magpie,Ba3PI3,Ba,P,I,0.746,0.82867,
soc,gkf,6,32,ridge_magpie,Ba3SbBr3,Ba,Sb,Br,0.94,0.734331,
soc,gkf,6,30,ridge_magpie,Ba3SbCl3,Ba,Sb,Cl,0.865,1.051361,
soc,gkf,6,34,ridge_magpie,Ba3SbI3,Ba,Sb,I,0.717,0.698455,
soc,gkf,6,31,ridge_magpie,Ca3PBr3,Ca,P,Br,1.6456,1.83511,
soc,gkf,6,32,ridge_magpie,Ca3PCl3,Ca,P,Cl,1.9056,2.066989,
soc,gkf,6,32,ridge_magpie,Ca3PI3,Ca,P,I,1.2836,1.091053,
soc,gkf,6,32,ridge_magpie,Mg3SbBr3,Mg,Sb,Br,1.203,1.199529,
soc,gkf,6,33,ridge_magpie,Mg3SbCl3,Mg,Sb,Cl,1.901,1.600336,
soc,gkf,6,30,ridge_magpie,Mg3SbF3,Mg,Sb,F,3.723,2.128405,
soc,gkf,6,30,ridge_magpie,Mg3SbI3,Mg,Sb,I,0.198,0.702408,
soc,gkf,6,33,ridge_magpie,Sr3AsI3,Sr,As,I,1.212,0.983223,
soc,gkf,6,33,ridge_magpie,Sr3PI3,Sr,P,I,1.242,0.992063,
soc,gkf,7,35,ridge_magpie,Ba3AsBr3,Ba,As,Br,0.864,1.031108,
soc,gkf,7,35,ridge_magpie,Ba3AsCl3,Ba,As,Cl,0.927,0.960395,
soc,gkf,7,36,ridge_magpie,Ba3AsI3,Ba,As,I,0.7315,0.839041,
soc,gkf,7,38,ridge_magpie,Ba3BiBr3,Ba,Bi,Br,0.487,0.56099,
soc,gkf,7,37,ridge_magpie,Ba3BiCl3,Ba,Bi,Cl,0.531,0.603799,
soc,gkf,7,36,ridge_magpie,Ba3BiI3,Ba,Bi,I,0.362,0.403323,
soc,gkf,7,39,ridge_magpie,Ba3PBr3,Ba,P,Br,0.918,0.872293,
soc,gkf,7,36,ridge_magpie,Ba3PCl3,Ba,P,Cl,0.9395,1.063613,
soc,gkf,7,35,ridge_magpie,Ba3PI3,Ba,P,I,0.746,0.607104,
soc,gkf,7,39,ridge_magpie,Ba3SbBr3,Ba,Sb,Br,0.94,0.720219,
soc,gkf,7,36,ridge_magpie,Ba3SbCl3,Ba,Sb,Cl,0.865,0.943822,
soc,gkf,7,37,ridge_magpie,Ba3SbI3,Ba,Sb,I,0.717,0.706969,
soc,gkf,7,39,ridge_magpie,Ca3PBr3,Ca,P,Br,1.6456,1.647564,
soc,gkf,7,37,ridge_magpie,Ca3PCl3,Ca,P,Cl,1.9056,1.976438,
soc,gkf,7,35,ridge_magpie,Ca3PI3,Ca,P,I,1.2836,0.770902,
soc,gkf,7,38,ridge_magpie,Mg3SbBr3,Mg,Sb,Br,1.203,1.148462,
soc,gkf,7,38,ridge_magpie,Mg3SbCl3,Mg,Sb,Cl,1.901,1.587793,
soc,gkf,7,37,ridge_magpie,Mg3SbF3,Mg,Sb,F,3.723,2.058829,
soc,gkf,7,39,ridge_magpie,Mg3SbI3,Mg,Sb,I,0.198,1.045616,
soc,gkf,7,38,ridge_magpie,Sr3AsI3,Sr,As,I,1.212,1.026091,
soc,gkf,7,35,ridge_magpie,Sr3PI3,Sr,P,I,1.242,0.938653,
soc,gkf,8,42,ridge_magpie,Ba3AsBr3,Ba,As,Br,0.864,0.779079,
soc,gkf,8,40,ridge_magpie,Ba3AsCl3,Ba,As,Cl,0.927,1.4874,
soc,gkf,8,41,ridge_magpie,Ba3AsI3,Ba,As,I,0.7315,0.734146,
soc,gkf,8,40,ridge_magpie,Ba3BiBr3,Ba,Bi,Br,0.487,0.895969,
soc,gkf,8,40,ridge_magpie,Ba3BiCl3,Ba,Bi,Cl,0.531,1.339178,
soc,gkf,8,44,ridge_magpie,Ba3BiI3,Ba,Bi,I,0.362,0.371491,
soc,gkf,8,43,ridge_magpie,Ba3PBr3,Ba,P,Br,0.918,0.737574,
soc,gkf,8,40,ridge_magpie,Ba3PCl3,Ba,P,Cl,0.9395,1.588131,
soc,gkf,8,42,ridge_magpie,Ba3PI3,Ba,P,I,0.746,1.017921,
soc,gkf,8,43,ridge_magpie,Ba3SbBr3,Ba,Sb,Br,0.94,0.679359,
soc,gkf,8,43,ridge_magpie,Ba3SbCl3,Ba,Sb,Cl,0.865,0.839176,
soc,gkf,8,44,ridge_magpie,Ba3SbI3,Ba,Sb,I,0.717,0.563833,
soc,gkf,8,41,ridge_magpie,Ca3PBr3,Ca,P,Br,1.6456,1.823623,
soc,gkf,8,42,ridge_magpie,Ca3PCl3,Ca,P,Cl,1.9056,1.958265,
soc,gkf,8,41,ridge_magpie,Ca3PI3,Ca,P,I,1.2836,1.068203,
soc,gkf,8,43,ridge_magpie,Mg3SbBr3,Mg,Sb,Br,1.203,1.211658,
soc,gkf,8,40,ridge_magpie,Mg3SbCl3,Mg,Sb,Cl,1.901,1.706505,
soc,gkf,8,42,ridge_magpie,Mg3SbF3,Mg,Sb,F,3.723,2.187396,
soc,gkf,8,44,ridge_magpie,Mg3SbI3,Mg,Sb,I,0.198,0.956879,
soc,gkf,8,41,ridge_magpie,Sr3AsI3,Sr,As,I,1.212,1.170261,
soc,gkf,8,44,ridge_magpie,Sr3PI3,Sr,P,I,1.242,1.02814,
soc,gkf,9,48,ridge_magpie,Ba3AsBr3,Ba,As,Br,0.864,0.934365,
soc,gkf,9,45,ridge_magpie,Ba3AsCl3,Ba,As,Cl,0.927,0.966565,
soc,gkf,9,49,ridge_magpie,Ba3AsI3,Ba,As,I,0.7315,0.88898,
soc,gkf,9,46,ridge_magpie,Ba3BiBr3,Ba,Bi,Br,0.487,0.536715,
soc,gkf,9,48,ridge_magpie,Ba3BiCl3,Ba,Bi,Cl,0.531,0.565003,
soc,gkf,9,49,ridge_magpie,Ba3BiI3,Ba,Bi,I,0.362,0.433419,
soc,gkf,9,49,ridge_magpie,Ba3PBr3,Ba,P,Br,0.918,0.785629,
soc,gkf,9,49,ridge_magpie,Ba3PCl3,Ba,P,Cl,0.9395,0.855827,
soc,gkf,9,48,ridge_magpie,Ba3PI3,Ba,P,I,0.746,0.892669,
soc,gkf,9,47,ridge_magpie,Ba3SbBr3,Ba,Sb,Br,0.94,0.811765,
soc,gkf,9,46,ridge_magpie,Ba3SbCl3,Ba,Sb,Cl,0.865,0.924856,
soc,gkf,9,45,ridge_magpie,Ba3SbI3,Ba,Sb,I,0.717,0.621809,
soc,gkf,9,45,ridge_magpie,Ca3PBr3,Ca,P,Br,1.6456,1.766876,
soc,gkf,9,48,ridge_magpie,Ca3PCl3,Ca,P,Cl,1.9056,2.077395,
soc,gkf,9,45,ridge_magpie,Ca3PI3,Ca,P,I,1.2836,1.130521,
soc,gkf,9,46,ridge_magpie,Mg3SbBr3,Mg,Sb,Br,1.203,1.114456,
soc,gkf,9,46,ridge_magpie,Mg3SbCl3,Mg,Sb,Cl,1.901,1.564215,
soc,gkf,9,47,ridge_magpie,Mg3SbF3,Mg,Sb,F,3.723,1.686587,
soc,gkf,9,47,ridge_magpie,Mg3SbI3,Mg,Sb,I,0.198,1.312043,
soc,gkf,9,45,ridge_magpie,Sr3AsI3,Sr,As,I,1.212,1.062253,
soc,gkf,9,47,ridge_magpie,Sr3PI3,Sr,P,I,1.242,1.07053,
soc,gkf,0,0,ridge_physics9,Ba3AsBr3,Ba,As,Br,0.864,1.070439,
soc,gkf,0,0,ridge_physics9,Ba3AsCl3,Ba,As,Cl,0.927,1.161886,
soc,gkf,0,2,ridge_physics9,Ba3AsI3,Ba,As,I,0.7315,0.681831,
soc,gkf,0,1,ridge_physics9,Ba3BiBr3,Ba,Bi,Br,0.487,0.631798,
soc,gkf,0,3,ridge_physics9,Ba3BiCl3,Ba,Bi,Cl,0.531,1.109136,
soc,gkf,0,1,ridge_physics9,Ba3BiI3,Ba,Bi,I,0.362,0.56178,
soc,gkf,0,4,ridge_physics9,Ba3PBr3,Ba,P,Br,0.918,0.968806,
soc,gkf,0,3,ridge_physics9,Ba3PCl3,Ba,P,Cl,0.9395,1.203298,
soc,gkf,0,0,ridge_physics9,Ba3PI3,Ba,P,I,0.746,1.000709,
soc,gkf,0,2,ridge_physics9,Ba3SbBr3,Ba,Sb,Br,0.94,0.600464,
soc,gkf,0,4,ridge_physics9,Ba3SbCl3,Ba,Sb,Cl,0.865,1.017773,
soc,gkf,0,1,ridge_physics9,Ba3SbI3,Ba,Sb,I,0.717,0.594105,
soc,gkf,0,3,ridge_physics9,Ca3PBr3,Ca,P,Br,1.6456,1.584652,
soc,gkf,0,2,ridge_physics9,Ca3PCl3,Ca,P,Cl,1.9056,1.629849,
soc,gkf,0,4,ridge_physics9,Ca3PI3,Ca,P,I,1.2836,1.412456,
soc,gkf,0,0,ridge_physics9,Mg3SbBr3,Mg,Sb,Br,1.203,1.087795,
soc,gkf,0,2,ridge_physics9,Mg3SbCl3,Mg,Sb,Cl,1.901,1.186806,
soc,gkf,0,0,ridge_physics9,Mg3SbF3,Mg,Sb,F,3.723,1.495617,
soc,gkf,0,1,ridge_physics9,Mg3SbI3,Mg,Sb,I,0.198,1.388477,
soc,gkf,0,4,ridge_physics9,Sr3AsI3,Sr,As,I,1.212,1.059778,
soc,gkf,0,3,ridge_physics9,Sr3PI3,Sr,P,I,1.242,1.233006,
soc,gkf,1,9,ridge_physics9,Ba3AsBr3,Ba,As,Br,0.864,0.869971,
soc,gkf,1,9,ridge_physics9,Ba3AsCl3,Ba,As,Cl,0.927,1.084954,
soc,gkf,1,7,ridge_physics9,Ba3AsI3,Ba,As,I,0.7315,0.583534,
soc,gkf,1,6,ridge_physics9,Ba3BiBr3,Ba,Bi,Br,0.487,0.592897,
soc,gkf,1,5,ridge_physics9,Ba3BiCl3,Ba,Bi,Cl,0.531,1.126957,
soc,gkf,1,5,ridge_physics9,Ba3BiI3,Ba,Bi,I,0.362,0.258609,
soc,gkf,1,7,ridge_physics9,Ba3PBr3,Ba,P,Br,0.918,1.005528,
soc,gkf,1,6,ridge_physics9,Ba3PCl3,Ba,P,Cl,0.9395,1.379923,
soc,gkf,1,5,ridge_physics9,Ba3PI3,Ba,P,I,0.746,0.760267,
soc,gkf,1,8,ridge_physics9,Ba3SbBr3,Ba,Sb,Br,0.94,1.074352,
soc,gkf,1,8,ridge_physics9,Ba3SbCl3,Ba,Sb,Cl,0.865,1.13682,
soc,gkf,1,9,ridge_physics9,Ba3SbI3,Ba,Sb,I,0.717,0.428515,
soc,gkf,1,7,ridge_physics9,Ca3PBr3,Ca,P,Br,1.6456,1.588063,
soc,gkf,1,5,ridge_physics9,Ca3PCl3,Ca,P,Cl,1.9056,1.69523,
soc,gkf,1,6,ridge_physics9,Ca3PI3,Ca,P,I,1.2836,1.285517,
soc,gkf,1,8,ridge_physics9,Mg3SbBr3,Mg,Sb,Br,1.203,1.16781,
soc,gkf,1,8,ridge_physics9,Mg3SbCl3,Mg,Sb,Cl,1.901,1.230279,
soc,gkf,1,7,ridge_physics9,Mg3SbF3,Mg,Sb,F,3.723,2.401248,
soc,gkf,1,9,ridge_physics9,Mg3SbI3,Mg,Sb,I,0.198,1.261765,
soc,gkf,1,6,ridge_physics9,Sr3AsI3,Sr,As,I,1.212,0.874783,
soc,gkf,1,5,ridge_physics9,Sr3PI3,Sr,P,I,1.242,1.240627,
soc,gkf,2,10,ridge_physics9,Ba3AsBr3,Ba,As,Br,0.864,1.093698,
soc,gkf,2,13,ridge_physics9,Ba3AsCl3,Ba,As,Cl,0.927,1.161792,
soc,gkf,2,11,ridge_physics9,Ba3AsI3,Ba,As,I,0.7315,0.442438,
soc,gkf,2,14,ridge_physics9,Ba3BiBr3,Ba,Bi,Br,0.487,0.639399,
soc,gkf,2,12,ridge_physics9,Ba3BiCl3,Ba,Bi,Cl,0.531,0.841397,
soc,gkf,2,10,ridge_physics9,Ba3BiI3,Ba,Bi,I,0.362,0.080052,
soc,gkf,2,14,ridge_physics9,Ba3PBr3,Ba,P,Br,0.918,1.020337,
soc,gkf,2,10,ridge_physics9,Ba3PCl3,Ba,P,Cl,0.9395,1.564471,
soc,gkf,2,14,ridge_physics9,Ba3PI3,Ba,P,I,0.746,0.773961,
soc,gkf,2,13,ridge_physics9,Ba3SbBr3,Ba,Sb,Br,0.94,0.611769,
soc,gkf,2,10,ridge_physics9,Ba3SbCl3,Ba,Sb,Cl,0.865,1.05251,
soc,gkf,2,11,ridge_physics9,Ba3SbI3,Ba,Sb,I,0.717,0.232659,
soc,gkf,2,11,ridge_physics9,Ca3PBr3,Ca,P,Br,1.6456,1.521226,
soc,gkf,2,13,ridge_physics9,Ca3PCl3,Ca,P,Cl,1.9056,1.740888,
soc,gkf,2,12,ridge_physics9,Ca3PI3,Ca,P,I,1.2836,1.53137,
soc,gkf,2,12,ridge_physics9,Mg3SbBr3,Mg,Sb,Br,1.203,1.743122,
soc,gkf,2,10,ridge_physics9,Mg3SbCl3,Mg,Sb,Cl,1.901,1.53492,
soc,gkf,2,14,ridge_physics9,Mg3SbF3,Mg,Sb,F,3.723,2.314987,
soc,gkf,2,12,ridge_physics9,Mg3SbI3,Mg,Sb,I,0.198,1.592814,
soc,gkf,2,11,ridge_physics9,Sr3AsI3,Sr,As,I,1.212,0.855379,
soc,gkf,2,13,ridge_physics9,Sr3PI3,Sr,P,I,1.242,1.201529,
soc,gkf,3,15,ridge_physics9,Ba3AsBr3,Ba,As,Br,0.864,0.837923,
soc,gkf,3,19,ridge_physics9,Ba3AsCl3,Ba,As,Cl,0.927,1.231779,
soc,gkf,3,15,ridge_physics9,Ba3AsI3,Ba,As,I,0.7315,0.51861,
soc,gkf,3,19,ridge_physics9,Ba3BiBr3,Ba,Bi,Br,0.487,0.492101,
soc,gkf,3,15,ridge_physics9,Ba3BiCl3,Ba,Bi,Cl,0.531,1.190321,
soc,gkf,3,19,ridge_physics9,Ba3BiI3,Ba,Bi,I,0.362,0.09318,
soc,gkf,3,16,ridge_physics9,Ba3PBr3,Ba,P,Br,0.918,1.170164,
soc,gkf,3,16,ridge_physics9,Ba3PCl3,Ba,P,Cl,0.9395,1.394462,
soc,gkf,3,15,ridge_physics9,Ba3PI3,Ba,P,I,0.746,0.685297,
soc,gkf,3,19,ridge_physics9,Ba3SbBr3,Ba,Sb,Br,0.94,0.575403,
soc,gkf,3,15,ridge_physics9,Ba3SbCl3,Ba,Sb,Cl,0.865,1.201808,
soc,gkf,3,17,ridge_physics9,Ba3SbI3,Ba,Sb,I,0.717,0.289471,
soc,gkf,3,18,ridge_physics9,Ca3PBr3,Ca,P,Br,1.6456,1.570975,
soc,gkf,3,17,ridge_physics9,Ca3PCl3,Ca,P,Cl,1.9056,1.713677,
soc,gkf,3,17,ridge_physics9,Ca3PI3,Ca,P,I,1.2836,1.322197,
soc,gkf,3,16,ridge_physics9,Mg3SbBr3,Mg,Sb,Br,1.203,1.365625,
soc,gkf,3,16,ridge_physics9,Mg3SbCl3,Mg,Sb,Cl,1.901,1.593258,
soc,gkf,3,17,ridge_physics9,Mg3SbF3,Mg,Sb,F,3.723,2.644654,
soc,gkf,3,18,ridge_physics9,Mg3SbI3,Mg,Sb,I,0.198,1.35827,
soc,gkf,3,18,ridge_physics9,Sr3AsI3,Sr,As,I,1.212,1.13201,
soc,gkf,3,18,ridge_physics9,Sr3PI3,Sr,P,I,1.242,1.232436,
soc,gkf,4,22,ridge_physics9,Ba3AsBr3,Ba,As,Br,0.864,0.80063,
soc,gkf,4,20,ridge_physics9,Ba3AsCl3,Ba,As,Cl,0.927,1.110248,
soc,gkf,4,20,ridge_physics9,Ba3AsI3,Ba,As,I,0.7315,0.507019,
soc,gkf,4,20,ridge_physics9,Ba3BiBr3,Ba,Bi,Br,0.487,0.561423,
soc,gkf,4,23,ridge_physics9,Ba3BiCl3,Ba,Bi,Cl,0.531,1.056603,
soc,gkf,4,20,ridge_physics9,Ba3BiI3,Ba,Bi,I,0.362,0.150102,
soc,gkf,4,21,ridge_physics9,Ba3PBr3,Ba,P,Br,0.918,1.027152,
soc,gkf,4,23,ridge_physics9,Ba3PCl3,Ba,P,Cl,0.9395,1.182197,
soc,gkf,4,22,ridge_physics9,Ba3PI3,Ba,P,I,0.746,0.693831,
soc,gkf,4,23,ridge_physics9,Ba3SbBr3,Ba,Sb,Br,0.94,0.736613,
soc,gkf,4,21,ridge_physics9,Ba3SbCl3,Ba,Sb,Cl,0.865,0.978781,
soc,gkf,4,22,ridge_physics9,Ba3SbI3,Ba,Sb,I,0.717,0.451332,
soc,gkf,4,24,ridge_physics9,Ca3PBr3,Ca,P,Br,1.6456,1.004368,
soc,gkf,4,21,ridge_physics9,Ca3PCl3,Ca,P,Cl,1.9056,1.620436,
soc,gkf,4,23,ridge_physics9,Ca3PI3,Ca,P,I,1.2836,1.425866,
soc,gkf,4,24,ridge_physics9,Mg3SbBr3,Mg,Sb,Br,1.203,0.972486,
soc,gkf,4,21,ridge_physics9,Mg3SbCl3,Mg,Sb,Cl,1.901,1.325616,
soc,gkf,4,24,ridge_physics9,Mg3SbF3,Mg,Sb,F,3.723,1.206397,
soc,gkf,4,22,ridge_physics9,Mg3SbI3,Mg,Sb,I,0.198,1.287733,
soc,gkf,4,20,ridge_physics9,Sr3AsI3,Sr,As,I,1.212,0.915575,
soc,gkf,4,24,ridge_physics9,Sr3PI3,Sr,P,I,1.242,0.911645,
soc,gkf,5,28,ridge_physics9,Ba3AsBr3,Ba,As,Br,0.864,0.832017,
soc,gkf,5,26,ridge_physics9,Ba3AsCl3,Ba,As,Cl,0.927,1.279442,
soc,gkf,5,29,ridge_physics9,Ba3AsI3,Ba,As,I,0.7315,0.620904,
soc,gkf,5,26,ridge_physics9,Ba3BiBr3,Ba,Bi,Br,0.487,0.544641,
soc,gkf,5,28,ridge_physics9,Ba3BiCl3,Ba,Bi,Cl,0.531,1.381335,
soc,gkf,5,25,ridge_physics9,Ba3BiI3,Ba,Bi,I,0.362,0.174779,
soc,gkf,5,27,ridge_physics9,Ba3PBr3,Ba,P,Br,0.918,0.885878,
soc,gkf,5,29,ridge_physics9,Ba3PCl3,Ba,P,Cl,0.9395,1.249976,
soc,gkf,5,27,ridge_physics9,Ba3PI3,Ba,P,I,0.746,0.71025,
soc,gkf,5,27,ridge_physics9,Ba3SbBr3,Ba,Sb,Br,0.94,0.612879,
soc,gkf,5,28,ridge_physics9,Ba3SbCl3,Ba,Sb,Cl,0.865,1.329558,
soc,gkf,5,26,ridge_physics9,Ba3SbI3,Ba,Sb,I,0.717,0.20962,
soc,gkf,5,27,ridge_physics9,Ca3PBr3,Ca,P,Br,1.6456,1.556518,
soc,gkf,5,25,ridge_physics9,Ca3PCl3,Ca,P,Cl,1.9056,1.643539,
soc,gkf,5,25,ridge_physics9,Ca3PI3,Ca,P,I,1.2836,1.226676,
soc,gkf,5,26,ridge_physics9,Mg3SbBr3,Mg,Sb,Br,1.203,1.132953,
soc,gkf,5,29,ridge_physics9,Mg3SbCl3,Mg,Sb,Cl,1.901,1.355246,
soc,gkf,5,28,ridge_physics9,Mg3SbF3,Mg,Sb,F,3.723,4.611433,
soc,gkf,5,29,ridge_physics9,Mg3SbI3,Mg,Sb,I,0.198,1.133146,
soc,gkf,5,25,ridge_physics9,Sr3AsI3,Sr,As,I,1.212,0.899615,
soc,gkf,5,25,ridge_physics9,Sr3PI3,Sr,P,I,1.242,1.112492,
soc,gkf,6,33,ridge_physics9,Ba3AsBr3,Ba,As,Br,0.864,0.86396,
soc,gkf,6,30,ridge_physics9,Ba3AsCl3,Ba,As,Cl,0.927,1.027754,
soc,gkf,6,34,ridge_physics9,Ba3AsI3,Ba,As,I,0.7315,0.498136,
soc,gkf,6,30,ridge_physics9,Ba3BiBr3,Ba,Bi,Br,0.487,0.610501,
soc,gkf,6,34,ridge_physics9,Ba3BiCl3,Ba,Bi,Cl,0.531,1.088488,
soc,gkf,6,31,ridge_physics9,Ba3BiI3,Ba,Bi,I,0.362,0.187448,
soc,gkf,6,31,ridge_physics9,Ba3PBr3,Ba,P,Br,0.918,1.00131,
soc,gkf,6,34,ridge_physics9,Ba3PCl3,Ba,P,Cl,0.9395,1.203304,
soc,gkf,6,31,ridge_physics9,Ba3PI3,Ba,P,I,0.746,0.820581,
soc,gkf,6,32,ridge_physics9,Ba3SbBr3,Ba,Sb,Br,0.94,0.609941,
soc,gkf,6,30,ridge_physics9,Ba3SbCl3,Ba,Sb,Cl,0.865,0.802729,
soc,gkf,6,34,ridge_physics9,Ba3SbI3,Ba,Sb,I,0.717,0.262632,
soc,gkf,6,31,ridge_physics9,Ca3PBr3,Ca,P,Br,1.6456,1.529155,
soc,gkf,6,32,ridge_physics9,Ca3PCl3,Ca,P,Cl,1.9056,1.740425,
soc,gkf,6,32,ridge_physics9,Ca3PI3,Ca,P,I,1.2836,1.433614,
soc,gkf,6,32,ridge_physics9,Mg3SbBr3,Mg,Sb,Br,1.203,1.063018,
soc,gkf,6,33,ridge_physics9,Mg3SbCl3,Mg,Sb,Cl,1.901,1.366161,
soc,gkf,6,30,ridge_physics9,Mg3SbF3,Mg,Sb,F,3.723,2.082778,
soc,gkf,6,30,ridge_physics9,Mg3SbI3,Mg,Sb,I,0.198,1.386539,
soc,gkf,6,33,ridge_physics9,Sr3AsI3,Sr,As,I,1.212,0.890084,
soc,gkf,6,33,ridge_physics9,Sr3PI3,Sr,P,I,1.242,1.103657,
soc,gkf,7,35,ridge_physics9,Ba3AsBr3,Ba,As,Br,0.864,1.010588,
soc,gkf,7,35,ridge_physics9,Ba3AsCl3,Ba,As,Cl,0.927,1.284387,
soc,gkf,7,36,ridge_physics9,Ba3AsI3,Ba,As,I,0.7315,0.530003,
soc,gkf,7,38,ridge_physics9,Ba3BiBr3,Ba,Bi,Br,0.487,1.031474,
soc,gkf,7,37,ridge_physics9,Ba3BiCl3,Ba,Bi,Cl,0.531,1.124159,
soc,gkf,7,36,ridge_physics9,Ba3BiI3,Ba,Bi,I,0.362,0.161555,
soc,gkf,7,39,ridge_physics9,Ba3PBr3,Ba,P,Br,0.918,0.874401,
soc,gkf,7,36,ridge_physics9,Ba3PCl3,Ba,P,Cl,0.9395,1.347434,
soc,gkf,7,35,ridge_physics9,Ba3PI3,Ba,P,I,0.746,0.750093,
soc,gkf,7,39,ridge_physics9,Ba3SbBr3,Ba,Sb,Br,0.94,0.599104,
soc,gkf,7,36,ridge_physics9,Ba3SbCl3,Ba,Sb,Cl,0.865,1.036774,
soc,gkf,7,37,ridge_physics9,Ba3SbI3,Ba,Sb,I,0.717,0.261737,
soc,gkf,7,39,ridge_physics9,Ca3PBr3,Ca,P,Br,1.6456,1.567021,
soc,gkf,7,37,ridge_physics9,Ca3PCl3,Ca,P,Cl,1.9056,1.710596,
soc,gkf,7,35,ridge_physics9,Ca3PI3,Ca,P,I,1.2836,1.294905,
soc,gkf,7,38,ridge_physics9,Mg3SbBr3,Mg,Sb,Br,1.203,1.258837,
soc,gkf,7,38,ridge_physics9,Mg3SbCl3,Mg,Sb,Cl,1.901,1.398753,
soc,gkf,7,37,ridge_physics9,Mg3SbF3,Mg,Sb,F,3.723,3.383765,
soc,gkf,7,39,ridge_physics9,Mg3SbI3,Mg,Sb,I,0.198,1.354527,
soc,gkf,7,38,ridge_physics9,Sr3AsI3,Sr,As,I,1.212,0.898113,
soc,gkf,7,35,ridge_physics9,Sr3PI3,Sr,P,I,1.242,1.163302,
soc,gkf,8,42,ridge_physics9,Ba3AsBr3,Ba,As,Br,0.864,0.894065,
soc,gkf,8,40,ridge_physics9,Ba3AsCl3,Ba,As,Cl,0.927,1.322749,
soc,gkf,8,41,ridge_physics9,Ba3AsI3,Ba,As,I,0.7315,0.472555,
soc,gkf,8,40,ridge_physics9,Ba3BiBr3,Ba,Bi,Br,0.487,0.775585,
soc,gkf,8,40,ridge_physics9,Ba3BiCl3,Ba,Bi,Cl,0.531,1.149914,
soc,gkf,8,44,ridge_physics9,Ba3BiI3,Ba,Bi,I,0.362,0.444065,
soc,gkf,8,43,ridge_physics9,Ba3PBr3,Ba,P,Br,0.918,0.953303,
soc,gkf,8,40,ridge_physics9,Ba3PCl3,Ba,P,Cl,0.9395,1.33273,
soc,gkf,8,42,ridge_physics9,Ba3PI3,Ba,P,I,0.746,0.797294,
soc,gkf,8,43,ridge_physics9,Ba3SbBr3,Ba,Sb,Br,0.94,0.636755,
soc,gkf,8,43,ridge_physics9,Ba3SbCl3,Ba,Sb,Cl,0.865,0.948938,
soc,gkf,8,44,ridge_physics9,Ba3SbI3,Ba,Sb,I,0.717,0.501065,
soc,gkf,8,41,ridge_physics9,Ca3PBr3,Ca,P,Br,1.6456,1.494837,
soc,gkf,8,42,ridge_physics9,Ca3PCl3,Ca,P,Cl,1.9056,1.664399,
soc,gkf,8,41,ridge_physics9,Ca3PI3,Ca,P,I,1.2836,1.254726,
soc,gkf,8,43,ridge_physics9,Mg3SbBr3,Mg,Sb,Br,1.203,1.120071,
soc,gkf,8,40,ridge_physics9,Mg3SbCl3,Mg,Sb,Cl,1.901,1.316816,
soc,gkf,8,42,ridge_physics9,Mg3SbF3,Mg,Sb,F,3.723,2.399493,
soc,gkf,8,44,ridge_physics9,Mg3SbI3,Mg,Sb,I,0.198,1.329589,
soc,gkf,8,41,ridge_physics9,Sr3AsI3,Sr,As,I,1.212,0.854294,
soc,gkf,8,44,ridge_physics9,Sr3PI3,Sr,P,I,1.242,1.246423,
soc,gkf,9,48,ridge_physics9,Ba3AsBr3,Ba,As,Br,0.864,0.852133,
soc,gkf,9,45,ridge_physics9,Ba3AsCl3,Ba,As,Cl,0.927,1.214703,
soc,gkf,9,49,ridge_physics9,Ba3AsI3,Ba,As,I,0.7315,0.547916,
soc,gkf,9,46,ridge_physics9,Ba3BiBr3,Ba,Bi,Br,0.487,1.108969,
soc,gkf,9,48,ridge_physics9,Ba3BiCl3,Ba,Bi,Cl,0.531,1.134234,
soc,gkf,9,49,ridge_physics9,Ba3BiI3,Ba,Bi,I,0.362,0.124123,
soc,gkf,9,49,ridge_physics9,Ba3PBr3,Ba,P,Br,0.918,1.149504,
soc,gkf,9,49,ridge_physics9,Ba3PCl3,Ba,P,Cl,0.9395,1.419623,
soc,gkf,9,48,ridge_physics9,Ba3PI3,Ba,P,I,0.746,0.747352,
soc,gkf,9,47,ridge_physics9,Ba3SbBr3,Ba,Sb,Br,0.94,0.639901,
soc,gkf,9,46,ridge_physics9,Ba3SbCl3,Ba,Sb,Cl,0.865,1.17132,
soc,gkf,9,45,ridge_physics9,Ba3SbI3,Ba,Sb,I,0.717,0.210922,
soc,gkf,9,45,ridge_physics9,Ca3PBr3,Ca,P,Br,1.6456,1.585646,
soc,gkf,9,48,ridge_physics9,Ca3PCl3,Ca,P,Cl,1.9056,1.700801,
soc,gkf,9,45,ridge_physics9,Ca3PI3,Ca,P,I,1.2836,1.343828,
soc,gkf,9,46,ridge_physics9,Mg3SbBr3,Mg,Sb,Br,1.203,1.194853,
soc,gkf,9,46,ridge_physics9,Mg3SbCl3,Mg,Sb,Cl,1.901,1.258745,
soc,gkf,9,47,ridge_physics9,Mg3SbF3,Mg,Sb,F,3.723,2.350747,
soc,gkf,9,47,ridge_physics9,Mg3SbI3,Mg,Sb,I,0.198,1.357284,
soc,gkf,9,45,ridge_physics9,Sr3AsI3,Sr,As,I,1.212,1.132288,
soc,gkf,9,47,ridge_physics9,Sr3PI3,Sr,P,I,1.242,1.236998,
soc,gkf,0,0,xgb_magpie,Ba3AsBr3,Ba,As,Br,0.864,0.956801,
soc,gkf,0,0,xgb_magpie,Ba3AsCl3,Ba,As,Cl,0.927,0.920715,
soc,gkf,0,2,xgb_magpie,Ba3AsI3,Ba,As,I,0.7315,0.80615,
soc,gkf,0,1,xgb_magpie,Ba3BiBr3,Ba,Bi,Br,0.487,0.774902,
soc,gkf,0,3,xgb_magpie,Ba3BiCl3,Ba,Bi,Cl,0.531,0.85514,
soc,gkf,0,1,xgb_magpie,Ba3BiI3,Ba,Bi,I,0.362,0.777926,
soc,gkf,0,4,xgb_magpie,Ba3PBr3,Ba,P,Br,0.918,0.812282,
soc,gkf,0,3,xgb_magpie,Ba3PCl3,Ba,P,Cl,0.9395,0.979403,
soc,gkf,0,0,xgb_magpie,Ba3PI3,Ba,P,I,0.746,0.660826,
soc,gkf,0,2,xgb_magpie,Ba3SbBr3,Ba,Sb,Br,0.94,0.689655,
soc,gkf,0,4,xgb_magpie,Ba3SbCl3,Ba,Sb,Cl,0.865,0.820883,
soc,gkf,0,1,xgb_magpie,Ba3SbI3,Ba,Sb,I,0.717,0.926421,
soc,gkf,0,3,xgb_magpie,Ca3PBr3,Ca,P,Br,1.6456,1.793031,
soc,gkf,0,2,xgb_magpie,Ca3PCl3,Ca,P,Cl,1.9056,1.939569,
soc,gkf,0,4,xgb_magpie,Ca3PI3,Ca,P,I,1.2836,1.167538,
soc,gkf,0,0,xgb_magpie,Mg3SbBr3,Mg,Sb,Br,1.203,1.320204,
soc,gkf,0,2,xgb_magpie,Mg3SbCl3,Mg,Sb,Cl,1.901,1.845787,
soc,gkf,0,0,xgb_magpie,Mg3SbF3,Mg,Sb,F,3.723,1.796249,
soc,gkf,0,1,xgb_magpie,Mg3SbI3,Mg,Sb,I,0.198,1.121036,
soc,gkf,0,4,xgb_magpie,Sr3AsI3,Sr,As,I,1.212,1.158255,
soc,gkf,0,3,xgb_magpie,Sr3PI3,Sr,P,I,1.242,1.201291,
soc,gkf,1,9,xgb_magpie,Ba3AsBr3,Ba,As,Br,0.864,0.916887,
soc,gkf,1,9,xgb_magpie,Ba3AsCl3,Ba,As,Cl,0.927,0.908808,
soc,gkf,1,7,xgb_magpie,Ba3AsI3,Ba,As,I,0.7315,0.807818,
soc,gkf,1,6,xgb_magpie,Ba3BiBr3,Ba,Bi,Br,0.487,0.805598,
soc,gkf,1,5,xgb_magpie,Ba3BiCl3,Ba,Bi,Cl,0.531,0.839051,
soc,gkf,1,5,xgb_magpie,Ba3BiI3,Ba,Bi,I,0.362,0.707901,
soc,gkf,1,7,xgb_magpie,Ba3PBr3,Ba,P,Br,0.918,0.795929,
soc,gkf,1,6,xgb_magpie,Ba3PCl3,Ba,P,Cl,0.9395,0.883063,
soc,gkf,1,5,xgb_magpie,Ba3PI3,Ba,P,I,0.746,0.693964,
soc,gkf,1,8,xgb_magpie,Ba3SbBr3,Ba,Sb,Br,0.94,0.645615,
soc,gkf,1,8,xgb_magpie,Ba3SbCl3,Ba,Sb,Cl,0.865,0.736398,
soc,gkf,1,9,xgb_magpie,Ba3SbI3,Ba,Sb,I,0.717,0.795826,
soc,gkf,1,7,xgb_magpie,Ca3PBr3,Ca,P,Br,1.6456,1.808014,
soc,gkf,1,5,xgb_magpie,Ca3PCl3,Ca,P,Cl,1.9056,1.711412,
soc,gkf,1,6,xgb_magpie,Ca3PI3,Ca,P,I,1.2836,1.196276,
soc,gkf,1,8,xgb_magpie,Mg3SbBr3,Mg,Sb,Br,1.203,1.189521,
soc,gkf,1,8,xgb_magpie,Mg3SbCl3,Mg,Sb,Cl,1.901,1.436612,
soc,gkf,1,7,xgb_magpie,Mg3SbF3,Mg,Sb,F,3.723,1.766523,
soc,gkf,1,9,xgb_magpie,Mg3SbI3,Mg,Sb,I,0.198,1.104725,
soc,gkf,1,6,xgb_magpie,Sr3AsI3,Sr,As,I,1.212,1.078587,
soc,gkf,1,5,xgb_magpie,Sr3PI3,Sr,P,I,1.242,1.186837,
soc,gkf,2,10,xgb_magpie,Ba3AsBr3,Ba,As,Br,0.864,0.921424,
soc,gkf,2,13,xgb_magpie,Ba3AsCl3,Ba,As,Cl,0.927,0.926515,
soc,gkf,2,11,xgb_magpie,Ba3AsI3,Ba,As,I,0.7315,0.593373,
soc,gkf,2,14,xgb_magpie,Ba3BiBr3,Ba,Bi,Br,0.487,0.672307,
soc,gkf,2,12,xgb_magpie,Ba3BiCl3,Ba,Bi,Cl,0.531,0.672456,
soc,gkf,2,10,xgb_magpie,Ba3BiI3,Ba,Bi,I,0.362,0.747931,
soc,gkf,2,14,xgb_magpie,Ba3PBr3,Ba,P,Br,0.918,0.705563,
soc,gkf,2,10,xgb_magpie,Ba3PCl3,Ba,P,Cl,0.9395,0.810069,
soc,gkf,2,14,xgb_magpie,Ba3PI3,Ba,P,I,0.746,0.636556,
soc,gkf,2,13,xgb_magpie,Ba3SbBr3,Ba,Sb,Br,0.94,0.683081,
soc,gkf,2,10,xgb_magpie,Ba3SbCl3,Ba,Sb,Cl,0.865,0.867844,
soc,gkf,2,11,xgb_magpie,Ba3SbI3,Ba,Sb,I,0.717,0.499283,
soc,gkf,2,11,xgb_magpie,Ca3PBr3,Ca,P,Br,1.6456,1.869204,
soc,gkf,2,13,xgb_magpie,Ca3PCl3,Ca,P,Cl,1.9056,2.004586,
soc,gkf,2,12,xgb_magpie,Ca3PI3,Ca,P,I,1.2836,1.232117,
soc,gkf,2,12,xgb_magpie,Mg3SbBr3,Mg,Sb,Br,1.203,1.74562,
soc,gkf,2,10,xgb_magpie,Mg3SbCl3,Mg,Sb,Cl,1.901,1.843115,
soc,gkf,2,14,xgb_magpie,Mg3SbF3,Mg,Sb,F,3.723,1.818158,
soc,gkf,2,12,xgb_magpie,Mg3SbI3,Mg,Sb,I,0.198,1.220486,
soc,gkf,2,11,xgb_magpie,Sr3AsI3,Sr,As,I,1.212,0.944868,
soc,gkf,2,13,xgb_magpie,Sr3PI3,Sr,P,I,1.242,1.197222,
soc,gkf,3,15,xgb_magpie,Ba3AsBr3,Ba,As,Br,0.864,0.960254,
soc,gkf,3,19,xgb_magpie,Ba3AsCl3,Ba,As,Cl,0.927,0.910799,
soc,gkf,3,15,xgb_magpie,Ba3AsI3,Ba,As,I,0.7315,0.666749,
soc,gkf,3,19,xgb_magpie,Ba3BiBr3,Ba,Bi,Br,0.487,0.862747,
soc,gkf,3,15,xgb_magpie,Ba3BiCl3,Ba,Bi,Cl,0.531,0.857625,
soc,gkf,3,19,xgb_magpie,Ba3BiI3,Ba,Bi,I,0.362,0.718424,
soc,gkf,3,16,xgb_magpie,Ba3PBr3,Ba,P,Br,0.918,0.767754,
soc,gkf,3,16,xgb_magpie,Ba3PCl3,Ba,P,Cl,0.9395,0.900982,
soc,gkf,3,15,xgb_magpie,Ba3PI3,Ba,P,I,0.746,0.558087,
soc,gkf,3,19,xgb_magpie,Ba3SbBr3,Ba,Sb,Br,0.94,0.805575,
soc,gkf,3,15,xgb_magpie,Ba3SbCl3,Ba,Sb,Cl,0.865,0.941056,
soc,gkf,3,17,xgb_magpie,Ba3SbI3,Ba,Sb,I,0.717,0.64768,
soc,gkf,3,18,xgb_magpie,Ca3PBr3,Ca,P,Br,1.6456,1.889675,
soc,gkf,3,17,xgb_magpie,Ca3PCl3,Ca,P,Cl,1.9056,1.726921,
soc,gkf,3,17,xgb_magpie,Ca3PI3,Ca,P,I,1.2836,1.193844,
soc,gkf,3,16,xgb_magpie,Mg3SbBr3,Mg,Sb,Br,1.203,1.287566,
soc,gkf,3,16,xgb_magpie,Mg3SbCl3,Mg,Sb,Cl,1.901,1.530679,
soc,gkf,3,17,xgb_magpie,Mg3SbF3,Mg,Sb,F,3.723,1.740162,
soc,gkf,3,18,xgb_magpie,Mg3SbI3,Mg,Sb,I,0.198,1.119553,
soc,gkf,3,18,xgb_magpie,Sr3AsI3,Sr,As,I,1.212,1.186326,
soc,gkf,3,18,xgb_magpie,Sr3PI3,Sr,P,I,1.242,1.22118,
soc,gkf,4,22,xgb_magpie,Ba3AsBr3,Ba,As,Br,0.864,0.88387,
soc,gkf,4,20,xgb_magpie,Ba3AsCl3,Ba,As,Cl,0.927,0.925576,
soc,gkf,4,20,xgb_magpie,Ba3AsI3,Ba,As,I,0.7315,0.749656,
soc,gkf,4,20,xgb_magpie,Ba3BiBr3,Ba,Bi,Br,0.487,0.825187,
soc,gkf,4,23,xgb_magpie,Ba3BiCl3,Ba,Bi,Cl,0.531,0.862195,
soc,gkf,4,20,xgb_magpie,Ba3BiI3,Ba,Bi,I,0.362,0.748464,
soc,gkf,4,21,xgb_magpie,Ba3PBr3,Ba,P,Br,0.918,0.79231,
soc,gkf,4,23,xgb_magpie,Ba3PCl3,Ba,P,Cl,0.9395,0.924124,
soc,gkf,4,22,xgb_magpie,Ba3PI3,Ba,P,I,0.746,0.762175,
soc,gkf,4,23,xgb_magpie,Ba3SbBr3,Ba,Sb,Br,0.94,0.761611,
soc,gkf,4,21,xgb_magpie,Ba3SbCl3,Ba,Sb,Cl,0.865,0.866087,
soc,gkf,4,22,xgb_magpie,Ba3SbI3,Ba,Sb,I,0.717,0.821049,
soc,gkf,4,24,xgb_magpie,Ca3PBr3,Ca,P,Br,1.6456,1.899145,
soc,gkf,4,21,xgb_magpie,Ca3PCl3,Ca,P,Cl,1.9056,1.924284,
soc,gkf,4,23,xgb_magpie,Ca3PI3,Ca,P,I,1.2836,1.214736,
soc,gkf,4,24,xgb_magpie,Mg3SbBr3,Mg,Sb,Br,1.203,1.717837,
soc,gkf,4,21,xgb_magpie,Mg3SbCl3,Mg,Sb,Cl,1.901,1.846398,
soc,gkf,4,24,xgb_magpie,Mg3SbF3,Mg,Sb,F,3.723,1.828242,
soc,gkf,4,22,xgb_magpie,Mg3SbI3,Mg,Sb,I,0.198,1.124007,
soc,gkf,4,20,xgb_magpie,Sr3AsI3,Sr,As,I,1.212,1.115814,
soc,gkf,4,24,xgb_magpie,Sr3PI3,Sr,P,I,1.242,1.217842,
soc,gkf,5,28,xgb_magpie,Ba3AsBr3,Ba,As,Br,0.864,0.90538,
soc,gkf,5,26,xgb_magpie,Ba3AsCl3,Ba,As,Cl,0.927,0.92257,
soc,gkf,5,29,xgb_magpie,Ba3AsI3,Ba,As,I,0.7315,0.738832,
soc,gkf,5,26,xgb_magpie,Ba3BiBr3,Ba,Bi,Br,0.487,0.660999,
soc,gkf,5,28,xgb_magpie,Ba3BiCl3,Ba,Bi,Cl,0.531,0.828961,
soc,gkf,5,25,xgb_magpie,Ba3BiI3,Ba,Bi,I,0.362,0.704789,
soc,gkf,5,27,xgb_magpie,Ba3PBr3,Ba,P,Br,0.918,0.720411,
soc,gkf,5,29,xgb_magpie,Ba3PCl3,Ba,P,Cl,0.9395,0.927476,
soc,gkf,5,27,xgb_magpie,Ba3PI3,Ba,P,I,0.746,0.652828,
soc,gkf,5,27,xgb_magpie,Ba3SbBr3,Ba,Sb,Br,0.94,0.671934,
soc,gkf,5,28,xgb_magpie,Ba3SbCl3,Ba,Sb,Cl,0.865,0.944097,
soc,gkf,5,26,xgb_magpie,Ba3SbI3,Ba,Sb,I,0.717,0.681132,
soc,gkf,5,27,xgb_magpie,Ca3PBr3,Ca,P,Br,1.6456,1.852429,
soc,gkf,5,25,xgb_magpie,Ca3PCl3,Ca,P,Cl,1.9056,2.021342,
soc,gkf,5,25,xgb_magpie,Ca3PI3,Ca,P,I,1.2836,0.868753,
soc,gkf,5,26,xgb_magpie,Mg3SbBr3,Mg,Sb,Br,1.203,1.451526,
soc,gkf,5,29,xgb_magpie,Mg3SbCl3,Mg,Sb,Cl,1.901,1.771063,
soc,gkf,5,28,xgb_magpie,Mg3SbF3,Mg,Sb,F,3.723,1.784824,
soc,gkf,5,29,xgb_magpie,Mg3SbI3,Mg,Sb,I,0.198,1.11129,
soc,gkf,5,25,xgb_magpie,Sr3AsI3,Sr,As,I,1.212,0.814996,
soc,gkf,5,25,xgb_magpie,Sr3PI3,Sr,P,I,1.242,0.884301,
soc,gkf,6,33,xgb_magpie,Ba3AsBr3,Ba,As,Br,0.864,0.891789,
soc,gkf,6,30,xgb_magpie,Ba3AsCl3,Ba,As,Cl,0.927,0.933354,
soc,gkf,6,34,xgb_magpie,Ba3AsI3,Ba,As,I,0.7315,0.751213,
soc,gkf,6,30,xgb_magpie,Ba3BiBr3,Ba,Bi,Br,0.487,0.51316,
soc,gkf,6,34,xgb_magpie,Ba3BiCl3,Ba,Bi,Cl,0.531,0.878164,
soc,gkf,6,31,xgb_magpie,Ba3BiI3,Ba,Bi,I,0.362,0.681977,
soc,gkf,6,31,xgb_magpie,Ba3PBr3,Ba,P,Br,0.918,0.681725,
soc,gkf,6,34,xgb_magpie,Ba3PCl3,Ba,P,Cl,0.9395,0.938233,
soc,gkf,6,31,xgb_magpie,Ba3PI3,Ba,P,I,0.746,0.579331,
soc,gkf,6,32,xgb_magpie,Ba3SbBr3,Ba,Sb,Br,0.94,0.709621,
soc,gkf,6,30,xgb_magpie,Ba3SbCl3,Ba,Sb,Cl,0.865,0.923638,
soc,gkf,6,34,xgb_magpie,Ba3SbI3,Ba,Sb,I,0.717,0.612635,
soc,gkf,6,31,xgb_magpie,Ca3PBr3,Ca,P,Br,1.6456,1.837076,
soc,gkf,6,32,xgb_magpie,Ca3PCl3,Ca,P,Cl,1.9056,1.90276,
soc,gkf,6,32,xgb_magpie,Ca3PI3,Ca,P,I,1.2836,1.19595,
soc,gkf,6,32,xgb_magpie,Mg3SbBr3,Mg,Sb,Br,1.203,1.50494,
soc,gkf,6,33,xgb_magpie,Mg3SbCl3,Mg,Sb,Cl,1.901,1.584888,
soc,gkf,6,30,xgb_magpie,Mg3SbF3,Mg,Sb,F,3.723,1.823759,
soc,gkf,6,30,xgb_magpie,Mg3SbI3,Mg,Sb,I,0.198,1.166873,
soc,gkf,6,33,xgb_magpie,Sr3AsI3,Sr,As,I,1.212,0.88066,
soc,gkf,6,33,xgb_magpie,Sr3PI3,Sr,P,I,1.242,1.112792,
soc,gkf,7,35,xgb_magpie,Ba3AsBr3,Ba,As,Br,0.864,0.978009,
soc,gkf,7,35,xgb_magpie,Ba3AsCl3,Ba,As,Cl,0.927,0.919148,
soc,gkf,7,36,xgb_magpie,Ba3AsI3,Ba,As,I,0.7315,0.828673,
soc,gkf,7,38,xgb_magpie,Ba3BiBr3,Ba,Bi,Br,0.487,0.721861,
soc,gkf,7,37,xgb_magpie,Ba3BiCl3,Ba,Bi,Cl,0.531,0.786527,
soc,gkf,7,36,xgb_magpie,Ba3BiI3,Ba,Bi,I,0.362,0.739437,
soc,gkf,7,39,xgb_magpie,Ba3PBr3,Ba,P,Br,0.918,0.845811,
soc,gkf,7,36,xgb_magpie,Ba3PCl3,Ba,P,Cl,0.9395,0.841881,
soc,gkf,7,35,xgb_magpie,Ba3PI3,Ba,P,I,0.746,0.702294,
soc,gkf,7,39,xgb_magpie,Ba3SbBr3,Ba,Sb,Br,0.94,0.737426,
soc,gkf,7,36,xgb_magpie,Ba3SbCl3,Ba,Sb,Cl,0.865,0.848677,
soc,gkf,7,37,xgb_magpie,Ba3SbI3,Ba,Sb,I,0.717,0.463296,
soc,gkf,7,39,xgb_magpie,Ca3PBr3,Ca,P,Br,1.6456,1.840525,
soc,gkf,7,37,xgb_magpie,Ca3PCl3,Ca,P,Cl,1.9056,1.760293,
soc,gkf,7,35,xgb_magpie,Ca3PI3,Ca,P,I,1.2836,1.166802,
soc,gkf,7,38,xgb_magpie,Mg3SbBr3,Mg,Sb,Br,1.203,1.420732,
soc,gkf,7,38,xgb_magpie,Mg3SbCl3,Mg,Sb,Cl,1.901,1.605933,
soc,gkf,7,37,xgb_magpie,Mg3SbF3,Mg,Sb,F,3.723,1.747291,
soc,gkf,7,39,xgb_magpie,Mg3SbI3,Mg,Sb,I,0.198,1.124773,
soc,gkf,7,38,xgb_magpie,Sr3AsI3,Sr,As,I,1.212,1.100329,
soc,gkf,7,35,xgb_magpie,Sr3PI3,Sr,P,I,1.242,1.176392,
soc,gkf,8,42,xgb_magpie,Ba3AsBr3,Ba,As,Br,0.864,0.935901,
soc,gkf,8,40,xgb_magpie,Ba3AsCl3,Ba,As,Cl,0.927,0.896316,
soc,gkf,8,41,xgb_magpie,Ba3AsI3,Ba,As,I,0.7315,0.739656,
soc,gkf,8,40,xgb_magpie,Ba3BiBr3,Ba,Bi,Br,0.487,0.916707,
soc,gkf,8,40,xgb_magpie,Ba3BiCl3,Ba,Bi,Cl,0.531,0.958772,
soc,gkf,8,44,xgb_magpie,Ba3BiI3,Ba,Bi,I,0.362,0.741115,
soc,gkf,8,43,xgb_magpie,Ba3PBr3,Ba,P,Br,0.918,0.815464,
soc,gkf,8,40,xgb_magpie,Ba3PCl3,Ba,P,Cl,0.9395,0.916059,
soc,gkf,8,42,xgb_magpie,Ba3PI3,Ba,P,I,0.746,0.709133,
soc,gkf,8,43,xgb_magpie,Ba3SbBr3,Ba,Sb,Br,0.94,0.657102,
soc,gkf,8,43,xgb_magpie,Ba3SbCl3,Ba,Sb,Cl,0.865,0.781453,
soc,gkf,8,44,xgb_magpie,Ba3SbI3,Ba,Sb,I,0.717,0.899775,
soc,gkf,8,41,xgb_magpie,Ca3PBr3,Ca,P,Br,1.6456,1.887407,
soc,gkf,8,42,xgb_magpie,Ca3PCl3,Ca,P,Cl,1.9056,1.750787,
soc,gkf,8,41,xgb_magpie,Ca3PI3,Ca,P,I,1.2836,1.135446,
soc,gkf,8,43,xgb_magpie,Mg3SbBr3,Mg,Sb,Br,1.203,1.541981,
soc,gkf,8,40,xgb_magpie,Mg3SbCl3,Mg,Sb,Cl,1.901,1.864968,
soc,gkf,8,42,xgb_magpie,Mg3SbF3,Mg,Sb,F,3.723,1.724868,
soc,gkf,8,44,xgb_magpie,Mg3SbI3,Mg,Sb,I,0.198,1.183365,
soc,gkf,8,41,xgb_magpie,Sr3AsI3,Sr,As,I,1.212,1.107475,
soc,gkf,8,44,xgb_magpie,Sr3PI3,Sr,P,I,1.242,1.201642,
soc,gkf,9,48,xgb_magpie,Ba3AsBr3,Ba,As,Br,0.864,0.979503,
soc,gkf,9,45,xgb_magpie,Ba3AsCl3,Ba,As,Cl,0.927,0.916643,
soc,gkf,9,49,xgb_magpie,Ba3AsI3,Ba,As,I,0.7315,0.826065,
soc,gkf,9,46,xgb_magpie,Ba3BiBr3,Ba,Bi,Br,0.487,0.70818,
soc,gkf,9,48,xgb_magpie,Ba3BiCl3,Ba,Bi,Cl,0.531,0.77579,
soc,gkf,9,49,xgb_magpie,Ba3BiI3,Ba,Bi,I,0.362,0.717976,
soc,gkf,9,49,xgb_magpie,Ba3PBr3,Ba,P,Br,0.918,0.607156,
soc,gkf,9,49,xgb_magpie,Ba3PCl3,Ba,P,Cl,0.9395,0.711013,
soc,gkf,9,48,xgb_magpie,Ba3PI3,Ba,P,I,0.746,0.634123,
soc,gkf,9,47,xgb_magpie,Ba3SbBr3,Ba,Sb,Br,0.94,0.742022,
soc,gkf,9,46,xgb_magpie,Ba3SbCl3,Ba,Sb,Cl,0.865,0.807477,
soc,gkf,9,45,xgb_magpie,Ba3SbI3,Ba,Sb,I,0.717,0.554744,
soc,gkf,9,45,xgb_magpie,Ca3PBr3,Ca,P,Br,1.6456,1.85602,
soc,gkf,9,48,xgb_magpie,Ca3PCl3,Ca,P,Cl,1.9056,1.976322,
soc,gkf,9,45,xgb_magpie,Ca3PI3,Ca,P,I,1.2836,1.120306,
soc,gkf,9,46,xgb_magpie,Mg3SbBr3,Mg,Sb,Br,1.203,1.240049,
soc,gkf,9,46,xgb_magpie,Mg3SbCl3,Mg,Sb,Cl,1.901,1.510878,
soc,gkf,9,47,xgb_magpie,Mg3SbF3,Mg,Sb,F,3.723,1.605688,
soc,gkf,9,47,xgb_magpie,Mg3SbI3,Mg,Sb,I,0.198,1.157987,
soc,gkf,9,45,xgb_magpie,Sr3AsI3,Sr,As,I,1.212,1.125653,
soc,gkf,9,47,xgb_magpie,Sr3PI3,Sr,P,I,1.242,1.211615,
soc,gkf,0,0,xgb_physics9,Ba3AsBr3,Ba,As,Br,0.864,0.84173,
soc,gkf,0,0,xgb_physics9,Ba3AsCl3,Ba,As,Cl,0.927,0.868079,
soc,gkf,0,2,xgb_physics9,Ba3AsI3,Ba,As,I,0.7315,0.90981,
soc,gkf,0,1,xgb_physics9,Ba3BiBr3,Ba,Bi,Br,0.487,0.637178,
soc,gkf,0,3,xgb_physics9,Ba3BiCl3,Ba,Bi,Cl,0.531,0.830784,
soc,gkf,0,1,xgb_physics9,Ba3BiI3,Ba,Bi,I,0.362,0.580829,
soc,gkf,0,4,xgb_physics9,Ba3PBr3,Ba,P,Br,0.918,0.961517,
soc,gkf,0,3,xgb_physics9,Ba3PCl3,Ba,P,Cl,0.9395,0.992316,
soc,gkf,0,0,xgb_physics9,Ba3PI3,Ba,P,I,0.746,0.941212,
soc,gkf,0,2,xgb_physics9,Ba3SbBr3,Ba,Sb,Br,0.94,0.748654,
soc,gkf,0,4,xgb_physics9,Ba3SbCl3,Ba,Sb,Cl,0.865,1.064943,
soc,gkf,0,1,xgb_physics9,Ba3SbI3,Ba,Sb,I,0.717,0.731335,
soc,gkf,0,3,xgb_physics9,Ca3PBr3,Ca,P,Br,1.6456,1.296907,
soc,gkf,0,2,xgb_physics9,Ca3PCl3,Ca,P,Cl,1.9056,1.453914,
soc,gkf,0,4,xgb_physics9,Ca3PI3,Ca,P,I,1.2836,1.240922,
soc,gkf,0,0,xgb_physics9,Mg3SbBr3,Mg,Sb,Br,1.203,0.972427,
soc,gkf,0,2,xgb_physics9,Mg3SbCl3,Mg,Sb,Cl,1.901,1.191037,
soc,gkf,0,0,xgb_physics9,Mg3SbF3,Mg,Sb,F,3.723,1.70977,
soc,gkf,0,1,xgb_physics9,Mg3SbI3,Mg,Sb,I,0.198,1.210712,
soc,gkf,0,4,xgb_physics9,Sr3AsI3,Sr,As,I,1.212,1.050454,
soc,gkf,0,3,xgb_physics9,Sr3PI3,Sr,P,I,1.242,1.188022,
soc,gkf,1,9,xgb_physics9,Ba3AsBr3,Ba,As,Br,0.864,0.883059,
soc,gkf,1,9,xgb_physics9,Ba3AsCl3,Ba,As,Cl,0.927,0.901171,
soc,gkf,1,7,xgb_physics9,Ba3AsI3,Ba,As,I,0.7315,0.891362,
soc,gkf,1,6,xgb_physics9,Ba3BiBr3,Ba,Bi,Br,0.487,0.652193,
soc,gkf,1,5,xgb_physics9,Ba3BiCl3,Ba,Bi,Cl,0.531,0.974967,
soc,gkf,1,5,xgb_physics9,Ba3BiI3,Ba,Bi,I,0.362,0.595785,
soc,gkf,1,7,xgb_physics9,Ba3PBr3,Ba,P,Br,0.918,0.899261,
soc,gkf,1,6,xgb_physics9,Ba3PCl3,Ba,P,Cl,0.9395,0.935014,
soc,gkf,1,5,xgb_physics9,Ba3PI3,Ba,P,I,0.746,1.031771,
soc,gkf,1,8,xgb_physics9,Ba3SbBr3,Ba,Sb,Br,0.94,0.620668,
soc,gkf,1,8,xgb_physics9,Ba3SbCl3,Ba,Sb,Cl,0.865,0.691843,
soc,gkf,1,9,xgb_physics9,Ba3SbI3,Ba,Sb,I,0.717,0.718868,
soc,gkf,1,7,xgb_physics9,Ca3PBr3,Ca,P,Br,1.6456,1.327376,
soc,gkf,1,5,xgb_physics9,Ca3PCl3,Ca,P,Cl,1.9056,1.537108,
soc,gkf,1,6,xgb_physics9,Ca3PI3,Ca,P,I,1.2836,1.089196,
soc,gkf,1,8,xgb_physics9,Mg3SbBr3,Mg,Sb,Br,1.203,0.782229,
soc,gkf,1,8,xgb_physics9,Mg3SbCl3,Mg,Sb,Cl,1.901,1.102984,
soc,gkf,1,7,xgb_physics9,Mg3SbF3,Mg,Sb,F,3.723,1.481456,
soc,gkf,1,9,xgb_physics9,Mg3SbI3,Mg,Sb,I,0.198,1.241428,
soc,gkf,1,6,xgb_physics9,Sr3AsI3,Sr,As,I,1.212,0.993549,
soc,gkf,1,5,xgb_physics9,Sr3PI3,Sr,P,I,1.242,1.25038,
soc,gkf,2,10,xgb_physics9,Ba3AsBr3,Ba,As,Br,0.864,0.839948,
soc,gkf,2,13,xgb_physics9,Ba3AsCl3,Ba,As,Cl,0.927,0.863521,
soc,gkf,2,11,xgb_physics9,Ba3AsI3,Ba,As,I,0.7315,0.736283,
soc,gkf,2,14,xgb_physics9,Ba3BiBr3,Ba,Bi,Br,0.487,0.642984,
soc,gkf,2,12,xgb_physics9,Ba3BiCl3,Ba,Bi,Cl,0.531,0.579612,
soc,gkf,2,10,xgb_physics9,Ba3BiI3,Ba,Bi,I,0.362,0.609646,
soc,gkf,2,14,xgb_physics9,Ba3PBr3,Ba,P,Br,0.918,0.946007,
soc,gkf,2,10,xgb_physics9,Ba3PCl3,Ba,P,Cl,0.9395,1.027937,
soc,gkf,2,14,xgb_physics9,Ba3PI3,Ba,P,I,0.746,0.932764,
soc,gkf,2,13,xgb_physics9,Ba3SbBr3,Ba,Sb,Br,0.94,0.705441,
soc,gkf,2,10,xgb_physics9,Ba3SbCl3,Ba,Sb,Cl,0.865,0.822415,
soc,gkf,2,11,xgb_physics9,Ba3SbI3,Ba,Sb,I,0.717,0.472009,
soc,gkf,2,11,xgb_physics9,Ca3PBr3,Ca,P,Br,1.6456,1.391066,
soc,gkf,2,13,xgb_physics9,Ca3PCl3,Ca,P,Cl,1.9056,1.700361,
soc,gkf,2,12,xgb_physics9,Ca3PI3,Ca,P,I,1.2836,1.58008,
soc,gkf,2,12,xgb_physics9,Mg3SbBr3,Mg,Sb,Br,1.203,1.881049,
soc,gkf,2,10,xgb_physics9,Mg3SbCl3,Mg,Sb,Cl,1.901,1.389571,
soc,gkf,2,14,xgb_physics9,Mg3SbF3,Mg,Sb,F,3.723,1.731086,
soc,gkf,2,12,xgb_physics9,Mg3SbI3,Mg,Sb,I,0.198,1.880966,
soc,gkf,2,11,xgb_physics9,Sr3AsI3,Sr,As,I,1.212,1.114617,
soc,gkf,2,13,xgb_physics9,Sr3PI3,Sr,P,I,1.242,1.165357,
soc,gkf,3,15,xgb_physics9,Ba3AsBr3,Ba,As,Br,0.864,0.952724,
soc,gkf,3,19,xgb_physics9,Ba3AsCl3,Ba,As,Cl,0.927,0.919939,
soc,gkf,3,15,xgb_physics9,Ba3AsI3,Ba,As,I,0.7315,1.073426,
soc,gkf,3,19,xgb_physics9,Ba3BiBr3,Ba,Bi,Br,0.487,0.607892,
soc,gkf,3,15,xgb_physics9,Ba3BiCl3,Ba,Bi,Cl,0.531,1.345444,
soc,gkf,3,19,xgb_physics9,Ba3BiI3,Ba,Bi,I,0.362,0.463706,
soc,gkf,3,16,xgb_physics9,Ba3PBr3,Ba,P,Br,0.918,0.973046,
soc,gkf,3,16,xgb_physics9,Ba3PCl3,Ba,P,Cl,0.9395,1.007348,
soc,gkf,3,15,xgb_physics9,Ba3PI3,Ba,P,I,0.746,1.09807,
soc,gkf,3,19,xgb_physics9,Ba3SbBr3,Ba,Sb,Br,0.94,0.827782,
soc,gkf,3,15,xgb_physics9,Ba3SbCl3,Ba,Sb,Cl,0.865,1.489914,
soc,gkf,3,17,xgb_physics9,Ba3SbI3,Ba,Sb,I,0.717,0.576301,
soc,gkf,3,18,xgb_physics9,Ca3PBr3,Ca,P,Br,1.6456,1.308502,
soc,gkf,3,17,xgb_physics9,Ca3PCl3,Ca,P,Cl,1.9056,1.47389,
soc,gkf,3,17,xgb_physics9,Ca3PI3,Ca,P,I,1.2836,1.167792,
soc,gkf,3,16,xgb_physics9,Mg3SbBr3,Mg,Sb,Br,1.203,0.931394,
soc,gkf,3,16,xgb_physics9,Mg3SbCl3,Mg,Sb,Cl,1.901,1.20477,
soc,gkf,3,17,xgb_physics9,Mg3SbF3,Mg,Sb,F,3.723,1.451324,
soc,gkf,3,18,xgb_physics9,Mg3SbI3,Mg,Sb,I,0.198,1.196304,
soc,gkf,3,18,xgb_physics9,Sr3AsI3,Sr,As,I,1.212,1.104129,
soc,gkf,3,18,xgb_physics9,Sr3PI3,Sr,P,I,1.242,1.134111,
soc,gkf,4,22,xgb_physics9,Ba3AsBr3,Ba,As,Br,0.864,0.878907,
soc,gkf,4,20,xgb_physics9,Ba3AsCl3,Ba,As,Cl,0.927,0.907646,
soc,gkf,4,20,xgb_physics9,Ba3AsI3,Ba,As,I,0.7315,0.741432,
soc,gkf,4,20,xgb_physics9,Ba3BiBr3,Ba,Bi,Br,0.487,0.616562,
soc,gkf,4,23,xgb_physics9,Ba3BiCl3,Ba,Bi,Cl,0.531,0.771706,
soc,gkf,4,20,xgb_physics9,Ba3BiI3,Ba,Bi,I,0.362,0.510234,
soc,gkf,4,21,xgb_physics9,Ba3PBr3,Ba,P,Br,0.918,0.966744,
soc,gkf,4,23,xgb_physics9,Ba3PCl3,Ba,P,Cl,0.9395,0.9371,
soc,gkf,4,22,xgb_physics9,Ba3PI3,Ba,P,I,0.746,0.848876,
soc,gkf,4,23,xgb_physics9,Ba3SbBr3,Ba,Sb,Br,0.94,0.677679,
soc,gkf,4,21,xgb_physics9,Ba3SbCl3,Ba,Sb,Cl,0.865,0.868935,
soc,gkf,4,22,xgb_physics9,Ba3SbI3,Ba,Sb,I,0.717,0.737167,
soc,gkf,4,24,xgb_physics9,Ca3PBr3,Ca,P,Br,1.6456,1.374813,
soc,gkf,4,21,xgb_physics9,Ca3PCl3,Ca,P,Cl,1.9056,1.533086,
soc,gkf,4,23,xgb_physics9,Ca3PI3,Ca,P,I,1.2836,1.249257,
soc,gkf,4,24,xgb_physics9,Mg3SbBr3,Mg,Sb,Br,1.203,0.705382,
soc,gkf,4,21,xgb_physics9,Mg3SbCl3,Mg,Sb,Cl,1.901,1.248376,
soc,gkf,4,24,xgb_physics9,Mg3SbF3,Mg,Sb,F,3.723,1.716123,
soc,gkf,4,22,xgb_physics9,Mg3SbI3,Mg,Sb,I,0.198,1.239399,
soc,gkf,4,20,xgb_physics9,Sr3AsI3,Sr,As,I,1.212,1.100728,
soc,gkf,4,24,xgb_physics9,Sr3PI3,Sr,P,I,1.242,1.225959,
soc,gkf,5,28,xgb_physics9,Ba3AsBr3,Ba,As,Br,0.864,0.914817,
soc,gkf,5,26,xgb_physics9,Ba3AsCl3,Ba,As,Cl,0.927,0.923014,
soc,gkf,5,29,xgb_physics9,Ba3AsI3,Ba,As,I,0.7315,0.779046,
soc,gkf,5,26,xgb_physics9,Ba3BiBr3,Ba,Bi,Br,0.487,0.726969,
soc,gkf,5,28,xgb_physics9,Ba3BiCl3,Ba,Bi,Cl,0.531,0.767376,
soc,gkf,5,25,xgb_physics9,Ba3BiI3,Ba,Bi,I,0.362,0.523839,
soc,gkf,5,27,xgb_physics9,Ba3PBr3,Ba,P,Br,0.918,0.997081,
soc,gkf,5,29,xgb_physics9,Ba3PCl3,Ba,P,Cl,0.9395,0.978695,
soc,gkf,5,27,xgb_physics9,Ba3PI3,Ba,P,I,0.746,0.958978,
soc,gkf,5,27,xgb_physics9,Ba3SbBr3,Ba,Sb,Br,0.94,0.721078,
soc,gkf,5,28,xgb_physics9,Ba3SbCl3,Ba,Sb,Cl,0.865,1.029956,
soc,gkf,5,26,xgb_physics9,Ba3SbI3,Ba,Sb,I,0.717,0.376264,
soc,gkf,5,27,xgb_physics9,Ca3PBr3,Ca,P,Br,1.6456,1.491196,
soc,gkf,5,25,xgb_physics9,Ca3PCl3,Ca,P,Cl,1.9056,1.615128,
soc,gkf,5,25,xgb_physics9,Ca3PI3,Ca,P,I,1.2836,0.903619,
soc,gkf,5,26,xgb_physics9,Mg3SbBr3,Mg,Sb,Br,1.203,1.317482,
soc,gkf,5,29,xgb_physics9,Mg3SbCl3,Mg,Sb,Cl,1.901,1.728651,
soc,gkf,5,28,xgb_physics9,Mg3SbF3,Mg,Sb,F,3.723,1.786475,
soc,gkf,5,29,xgb_physics9,Mg3SbI3,Mg,Sb,I,0.198,1.285136,
soc,gkf,5,25,xgb_physics9,Sr3AsI3,Sr,As,I,1.212,0.83217,
soc,gkf,5,25,xgb_physics9,Sr3PI3,Sr,P,I,1.242,0.876059,
soc,gkf,6,33,xgb_physics9,Ba3AsBr3,Ba,As,Br,0.864,0.943008,
soc,gkf,6,30,xgb_physics9,Ba3AsCl3,Ba,As,Cl,0.927,0.910284,
soc,gkf,6,34,xgb_physics9,Ba3AsI3,Ba,As,I,0.7315,0.761138,
soc,gkf,6,30,xgb_physics9,Ba3BiBr3,Ba,Bi,Br,0.487,0.554939,
soc,gkf,6,34,xgb_physics9,Ba3BiCl3,Ba,Bi,Cl,0.531,0.892119,
soc,gkf,6,31,xgb_physics9,Ba3BiI3,Ba,Bi,I,0.362,0.487192,
soc,gkf,6,31,xgb_physics9,Ba3PBr3,Ba,P,Br,0.918,0.980438,
soc,gkf,6,34,xgb_physics9,Ba3PCl3,Ba,P,Cl,0.9395,1.001141,
soc,gkf,6,31,xgb_physics9,Ba3PI3,Ba,P,I,0.746,0.939504,
soc,gkf,6,32,xgb_physics9,Ba3SbBr3,Ba,Sb,Br,0.94,0.613008,
soc,gkf,6,30,xgb_physics9,Ba3SbCl3,Ba,Sb,Cl,0.865,0.918526,
soc,gkf,6,34,xgb_physics9,Ba3SbI3,Ba,Sb,I,0.717,0.329267,
soc,gkf,6,31,xgb_physics9,Ca3PBr3,Ca,P,Br,1.6456,1.439711,
soc,gkf,6,32,xgb_physics9,Ca3PCl3,Ca,P,Cl,1.9056,1.619919,
soc,gkf,6,32,xgb_physics9,Ca3PI3,Ca,P,I,1.2836,0.938698,
soc,gkf,6,32,xgb_physics9,Mg3SbBr3,Mg,Sb,Br,1.203,0.78094,
soc,gkf,6,33,xgb_physics9,Mg3SbCl3,Mg,Sb,Cl,1.901,1.471777,
soc,gkf,6,30,xgb_physics9,Mg3SbF3,Mg,Sb,F,3.723,1.822477,
soc,gkf,6,30,xgb_physics9,Mg3SbI3,Mg,Sb,I,0.198,1.181597,
soc,gkf,6,33,xgb_physics9,Sr3AsI3,Sr,As,I,1.212,0.983224,
soc,gkf,6,33,xgb_physics9,Sr3PI3,Sr,P,I,1.242,1.17924,
soc,gkf,7,35,xgb_physics9,Ba3AsBr3,Ba,As,Br,0.864,0.88873,
soc,gkf,7,35,xgb_physics9,Ba3AsCl3,Ba,As,Cl,0.927,0.882495,
soc,gkf,7,36,xgb_physics9,Ba3AsI3,Ba,As,I,0.7315,0.83433,
soc,gkf,7,38,xgb_physics9,Ba3BiBr3,Ba,Bi,Br,0.487,0.64275,
soc,gkf,7,37,xgb_physics9,Ba3BiCl3,Ba,Bi,Cl,0.531,0.736051,
soc,gkf,7,36,xgb_physics9,Ba3BiI3,Ba,Bi,I,0.362,0.412549,
soc,gkf,7,39,xgb_physics9,Ba3PBr3,Ba,P,Br,0.918,0.872367,
soc,gkf,7,36,xgb_physics9,Ba3PCl3,Ba,P,Cl,0.9395,0.991521,
soc,gkf,7,35,xgb_physics9,Ba3PI3,Ba,P,I,0.746,0.907459,
soc,gkf,7,39,xgb_physics9,Ba3SbBr3,Ba,Sb,Br,0.94,0.755937,
soc,gkf,7,36,xgb_physics9,Ba3SbCl3,Ba,Sb,Cl,0.865,1.026605,
soc,gkf,7,37,xgb_physics9,Ba3SbI3,Ba,Sb,I,0.717,0.356294,
soc,gkf,7,39,xgb_physics9,Ca3PBr3,Ca,P,Br,1.6456,1.288692,
soc,gkf,7,37,xgb_physics9,Ca3PCl3,Ca,P,Cl,1.9056,1.616561,
soc,gkf,7,35,xgb_physics9,Ca3PI3,Ca,P,I,1.2836,1.257494,
soc,gkf,7,38,xgb_physics9,Mg3SbBr3,Mg,Sb,Br,1.203,0.963066,
soc,gkf,7,38,xgb_physics9,Mg3SbCl3,Mg,Sb,Cl,1.901,1.163152,
soc,gkf,7,37,xgb_physics9,Mg3SbF3,Mg,Sb,F,3.723,1.682606,
soc,gkf,7,39,xgb_physics9,Mg3SbI3,Mg,Sb,I,0.198,1.247691,
soc,gkf,7,38,xgb_physics9,Sr3AsI3,Sr,As,I,1.212,1.002142,
soc,gkf,7,35,xgb_physics9,Sr3PI3,Sr,P,I,1.242,1.263938,
soc,gkf,8,42,xgb_physics9,Ba3AsBr3,Ba,As,Br,0.864,0.868652,
soc,gkf,8,40,xgb_physics9,Ba3AsCl3,Ba,As,Cl,0.927,1.086694,
soc,gkf,8,41,xgb_physics9,Ba3AsI3,Ba,As,I,0.7315,0.734054,
soc,gkf,8,40,xgb_physics9,Ba3BiBr3,Ba,Bi,Br,0.487,0.887555,
soc,gkf,8,40,xgb_physics9,Ba3BiCl3,Ba,Bi,Cl,0.531,1.030152,
soc,gkf,8,44,xgb_physics9,Ba3BiI3,Ba,Bi,I,0.362,0.728426,
soc,gkf,8,43,xgb_physics9,Ba3PBr3,Ba,P,Br,0.918,0.936813,
soc,gkf,8,40,xgb_physics9,Ba3PCl3,Ba,P,Cl,0.9395,1.13487,
soc,gkf,8,42,xgb_physics9,Ba3PI3,Ba,P,I,0.746,0.919152,
soc,gkf,8,43,xgb_physics9,Ba3SbBr3,Ba,Sb,Br,0.94,0.610822,
soc,gkf,8,43,xgb_physics9,Ba3SbCl3,Ba,Sb,Cl,0.865,0.942715,
soc,gkf,8,44,xgb_physics9,Ba3SbI3,Ba,Sb,I,0.717,0.833216,
soc,gkf,8,41,xgb_physics9,Ca3PBr3,Ca,P,Br,1.6456,1.333233,
soc,gkf,8,42,xgb_physics9,Ca3PCl3,Ca,P,Cl,1.9056,1.484854,
soc,gkf,8,41,xgb_physics9,Ca3PI3,Ca,P,I,1.2836,1.164484,
soc,gkf,8,43,xgb_physics9,Mg3SbBr3,Mg,Sb,Br,1.203,0.790823,
soc,gkf,8,40,xgb_physics9,Mg3SbCl3,Mg,Sb,Cl,1.901,1.545482,
soc,gkf,8,42,xgb_physics9,Mg3SbF3,Mg,Sb,F,3.723,1.446527,
soc,gkf,8,44,xgb_physics9,Mg3SbI3,Mg,Sb,I,0.198,1.213646,
soc,gkf,8,41,xgb_physics9,Sr3AsI3,Sr,As,I,1.212,1.087748,
soc,gkf,8,44,xgb_physics9,Sr3PI3,Sr,P,I,1.242,1.189631,
soc,gkf,9,48,xgb_physics9,Ba3AsBr3,Ba,As,Br,0.864,0.879217,
soc,gkf,9,45,xgb_physics9,Ba3AsCl3,Ba,As,Cl,0.927,0.928678,
soc,gkf,9,49,xgb_physics9,Ba3AsI3,Ba,As,I,0.7315,0.844475,
soc,gkf,9,46,xgb_physics9,Ba3BiBr3,Ba,Bi,Br,0.487,0.631997,
soc,gkf,9,48,xgb_physics9,Ba3BiCl3,Ba,Bi,Cl,0.531,0.940953,
soc,gkf,9,49,xgb_physics9,Ba3BiI3,Ba,Bi,I,0.362,0.50396,
soc,gkf,9,49,xgb_physics9,Ba3PBr3,Ba,P,Br,0.918,1.009009,
soc,gkf,9,49,xgb_physics9,Ba3PCl3,Ba,P,Cl,0.9395,0.990811,
soc,gkf,9,48,xgb_physics9,Ba3PI3,Ba,P,I,0.746,0.980712,
soc,gkf,9,47,xgb_physics9,Ba3SbBr3,Ba,Sb,Br,0.94,0.765531,
soc,gkf,9,46,xgb_physics9,Ba3SbCl3,Ba,Sb,Cl,0.865,0.881396,
soc,gkf,9,45,xgb_physics9,Ba3SbI3,Ba,Sb,I,0.717,0.506198,
soc,gkf,9,45,xgb_physics9,Ca3PBr3,Ca,P,Br,1.6456,1.402862,
soc,gkf,9,48,xgb_physics9,Ca3PCl3,Ca,P,Cl,1.9056,1.642587,
soc,gkf,9,45,xgb_physics9,Ca3PI3,Ca,P,I,1.2836,1.149562,
soc,gkf,9,46,xgb_physics9,Mg3SbBr3,Mg,Sb,Br,1.203,1.051758,
soc,gkf,9,46,xgb_physics9,Mg3SbCl3,Mg,Sb,Cl,1.901,1.255912,
soc,gkf,9,47,xgb_physics9,Mg3SbF3,Mg,Sb,F,3.723,1.822779,
soc,gkf,9,47,xgb_physics9,Mg3SbI3,Mg,Sb,I,0.198,1.17194,
soc,gkf,9,45,xgb_physics9,Sr3AsI3,Sr,As,I,1.212,1.082841,
soc,gkf,9,47,xgb_physics9,Sr3PI3,Sr,P,I,1.242,1.196275,
