dataset,split,fold,repeat,method,formula,y_true,lower_90,upper_90
primary,lobo,0,0,gpr_sigma,Ba3AsBr3,0.92,0.82058,1.06662
primary,lobo,0,0,gpr_sigma,Ba3AsCl3,0.969,0.85893,1.11517
primary,lobo,0,0,gpr_sigma,Ba3AsI3,0.802,0.63535,0.89703
primary,lobo,0,0,gpr_sigma,Ca3AsBr3,1.634,1.73852,1.98126
primary,lobo,0,0,gpr_sigma,Ca3AsF3,2.27,2.35267,2.62542
primary,lobo,0,0,gpr_sigma,Mg3AsBr3,1.2907,1.33271,1.58246
primary,lobo,0,0,gpr_sigma,Sr3AsCl3,1.7,1.56807,1.81056
primary,lobo,0,0,gpr_sigma,Sr3AsI3,1.265,1.16252,1.40879
primary,lobo,1,0,gpr_sigma,Ba3BiBr3,0.912,0.89924,1.17214
primary,lobo,1,0,gpr_sigma,Ba3BiCl3,0.957,0.91077,1.19929
primary,lobo,1,0,gpr_sigma,Ba3BiI3,0.786,0.69796,0.99537
primary,lobo,1,0,gpr_sigma,Ca3BiI3,1.36,1.19614,1.57626
primary,lobo,1,0,gpr_sigma,Mg3BiBr3,0.9648,0.74018,1.01712
primary,lobo,1,0,gpr_sigma,Mg3BiI3,0.224,-0.1618,0.15214
primary,lobo,2,0,gpr_sigma,Ba3PBr3,0.944,0.79394,1.08542
primary,lobo,2,0,gpr_sigma,Ba3PCl3,0.964,0.83633,1.13749
primary,lobo,2,0,gpr_sigma,Ba3PI3,0.764,0.63107,0.93737
primary,lobo,2,0,gpr_sigma,Ca3PBr3,1.8846,1.54906,1.85399
primary,lobo,2,0,gpr_sigma,Ca3PCl3,2.035,1.71523,2.03839
primary,lobo,2,0,gpr_sigma,Ca3PF3,2.518,2.09103,2.41451
primary,lobo,2,0,gpr_sigma,Ca3PI3,1.4909,1.16534,1.5317
primary,lobo,2,0,gpr_sigma,Mg3PBr3,1.506,1.04803,1.37588
primary,lobo,2,0,gpr_sigma,Mg3PCl3,2.297,1.64548,2.0055
primary,lobo,2,0,gpr_sigma,Mg3PI3,0.377,0.13339,0.52758
primary,lobo,2,0,gpr_sigma,Sr3PBr3,1.55,1.40708,1.71387
primary,lobo,2,0,gpr_sigma,Sr3PCl3,1.677,1.52606,1.82667
primary,lobo,2,0,gpr_sigma,Sr3PI3,1.258,1.1249,1.432
primary,lobo,3,0,gpr_sigma,Ba3SbBr3,1.0819,0.80891,1.01132
primary,lobo,3,0,gpr_sigma,Ba3SbCl3,1.002,0.85348,1.06023
primary,lobo,3,0,gpr_sigma,Ba3SbI3,0.78,0.68985,0.89914
primary,lobo,3,0,gpr_sigma,Ca3SbBr3,1.782,1.45747,1.74515
primary,lobo,3,0,gpr_sigma,Ca3SbCl3,1.814,1.59401,1.95367
primary,lobo,3,0,gpr_sigma,Ca3SbF3,2.19,1.77022,2.24065
primary,lobo,3,0,gpr_sigma,Mg3SbBr3,0.9418,0.96784,1.18084
primary,lobo,3,0,gpr_sigma,Mg3SbCl3,1.7283,1.55015,1.89258
primary,lobo,3,0,gpr_sigma,Mg3SbF3,3.184,2.37567,4.37772
primary,lobo,3,0,gpr_sigma,Mg3SbI3,0.1057,0.11482,0.34014
primary,lobo,3,0,gpr_sigma,Sr3SbCl3,1.712,1.3843,1.67609
primary,lobo,3,0,gpr_sigma,Sr3SbI3,1.31,1.10979,1.3375
primary,lobo,0,0,gpr_sigma_scaled,Ba3AsBr3,0.92,0.73096,1.15624
primary,lobo,0,0,gpr_sigma_scaled,Ba3AsCl3,0.969,0.76559,1.20851
primary,lobo,0,0,gpr_sigma_scaled,Ba3AsI3,0.802,0.54003,0.99235
primary,lobo,0,0,gpr_sigma_scaled,Ca3AsBr3,1.634,1.6501,2.06968
primary,lobo,0,0,gpr_sigma_scaled,Ca3AsF3,2.27,2.25331,2.72478
primary,lobo,0,0,gpr_sigma_scaled,Mg3AsBr3,1.2907,1.24173,1.67344
primary,lobo,0,0,gpr_sigma_scaled,Sr3AsCl3,1.7,1.47974,1.89889
primary,lobo,0,0,gpr_sigma_scaled,Sr3AsI3,1.265,1.07282,1.4985
primary,lobo,1,0,gpr_sigma_scaled,Ba3BiBr3,0.912,0.74084,1.33054
primary,lobo,1,0,gpr_sigma_scaled,Ba3BiCl3,0.957,0.74331,1.36674
primary,lobo,1,0,gpr_sigma_scaled,Ba3BiI3,0.786,0.52534,1.16799
primary,lobo,1,0,gpr_sigma_scaled,Ca3BiI3,1.36,0.97552,1.79688
primary,lobo,1,0,gpr_sigma_scaled,Mg3BiBr3,0.9648,0.57945,1.17786
primary,lobo,1,0,gpr_sigma_scaled,Mg3BiI3,0.224,-0.34401,0.33435
primary,lobo,2,0,gpr_sigma_scaled,Ba3PBr3,0.944,0.70957,1.16979
primary,lobo,2,0,gpr_sigma_scaled,Ba3PCl3,0.964,0.74916,1.22466
primary,lobo,2,0,gpr_sigma_scaled,Ba3PI3,0.764,0.5424,1.02603
primary,lobo,2,0,gpr_sigma_scaled,Ca3PBr3,1.8846,1.46079,1.94226
primary,lobo,2,0,gpr_sigma_scaled,Ca3PCl3,2.035,1.62168,2.13193
primary,lobo,2,0,gpr_sigma_scaled,Ca3PF3,2.518,1.99739,2.50815
primary,lobo,2,0,gpr_sigma_scaled,Ca3PI3,1.4909,1.05928,1.63776
primary,lobo,2,0,gpr_sigma_scaled,Mg3PBr3,1.506,0.95313,1.47079
primary,lobo,2,0,gpr_sigma_scaled,Mg3PCl3,2.297,1.54126,2.10971
primary,lobo,2,0,gpr_sigma_scaled,Mg3PI3,0.377,0.01927,0.6417
primary,lobo,2,0,gpr_sigma_scaled,Sr3PBr3,1.55,1.31826,1.80268
primary,lobo,2,0,gpr_sigma_scaled,Sr3PCl3,1.677,1.43903,1.9137
primary,lobo,2,0,gpr_sigma_scaled,Sr3PI3,1.258,1.036,1.5209
primary,lobo,3,0,gpr_sigma_scaled,Ba3SbBr3,1.0819,0.60952,1.2107
primary,lobo,3,0,gpr_sigma_scaled,Ba3SbCl3,1.002,0.6498,1.2639
primary,lobo,3,0,gpr_sigma_scaled,Ba3SbI3,0.78,0.48368,1.10531
primary,lobo,3,0,gpr_sigma_scaled,Ca3SbBr3,1.782,1.17407,2.02855
primary,lobo,3,0,gpr_sigma_scaled,Ca3SbCl3,1.814,1.23971,2.30797
primary,lobo,3,0,gpr_sigma_scaled,Ca3SbF3,2.19,1.30681,2.70407
primary,lobo,3,0,gpr_sigma_scaled,Mg3SbBr3,0.9418,0.75802,1.39066
primary,lobo,3,0,gpr_sigma_scaled,Mg3SbCl3,1.7283,1.21283,2.2299
primary,lobo,3,0,gpr_sigma_scaled,Mg3SbF3,3.184,0.40345,6.34994
primary,lobo,3,0,gpr_sigma_scaled,Mg3SbI3,0.1057,-0.10715,0.5621
primary,lobo,3,0,gpr_sigma_scaled,Sr3SbCl3,1.712,1.09686,1.96353
primary,lobo,3,0,gpr_sigma_scaled,Sr3SbI3,1.31,0.88547,1.56182
primary,lobo,0,0,gpr_physics9_cvplus,Ba3AsBr3,0.92,0.35012,1.56602
primary,lobo,0,0,gpr_physics9_cvplus,Ba3AsCl3,0.969,0.40461,1.62051
primary,lobo,0,0,gpr_physics9_cvplus,Ba3AsI3,0.802,0.09928,1.31517
primary,lobo,0,0,gpr_physics9_cvplus,Ca3AsBr3,1.634,1.27467,2.49057
primary,lobo,0,0,gpr_physics9_cvplus,Ca3AsF3,2.27,1.03156,2.62306
primary,lobo,0,0,gpr_physics9_cvplus,Mg3AsBr3,1.2907,0.83837,2.05427
primary,lobo,0,0,gpr_physics9_cvplus,Sr3AsCl3,1.7,1.07887,2.29477
primary,lobo,0,0,gpr_physics9_cvplus,Sr3AsI3,1.265,0.65494,1.87083
primary,lobo,1,0,gpr_physics9_cvplus,Ba3BiBr3,0.912,0.81536,1.20034
primary,lobo,1,0,gpr_physics9_cvplus,Ba3BiCl3,0.957,0.86884,1.22974
primary,lobo,1,0,gpr_physics9_cvplus,Ba3BiI3,0.786,0.68046,1.05179
primary,lobo,1,0,gpr_physics9_cvplus,Ca3BiI3,1.36,1.19807,1.61758
primary,lobo,1,0,gpr_physics9_cvplus,Mg3BiBr3,0.9648,0.64849,1.0374
primary,lobo,1,0,gpr_physics9_cvplus,Mg3BiI3,0.224,-0.17248,0.20144
primary,lobo,2,0,gpr_physics9_cvplus,Ba3PBr3,0.944,0.61559,1.29947
primary,lobo,2,0,gpr_physics9_cvplus,Ba3PCl3,0.964,0.65276,1.33664
primary,lobo,2,0,gpr_physics9_cvplus,Ba3PI3,0.764,0.4572,1.14107
primary,lobo,2,0,gpr_physics9_cvplus,Ca3PBr3,1.8846,1.35576,2.03964
primary,lobo,2,0,gpr_physics9_cvplus,Ca3PCl3,2.035,1.52838,2.21226
primary,lobo,2,0,gpr_physics9_cvplus,Ca3PF3,2.518,1.84946,2.53106
primary,lobo,2,0,gpr_physics9_cvplus,Ca3PI3,1.4909,1.00437,1.68824
primary,lobo,2,0,gpr_physics9_cvplus,Mg3PBr3,1.506,0.66279,1.42966
primary,lobo,2,0,gpr_physics9_cvplus,Mg3PCl3,2.297,1.15512,2.10164
primary,lobo,2,0,gpr_physics9_cvplus,Mg3PI3,0.377,-0.06978,0.5751
primary,lobo,2,0,gpr_physics9_cvplus,Sr3PBr3,1.55,1.22146,1.90534
primary,lobo,2,0,gpr_physics9_cvplus,Sr3PCl3,1.677,1.33461,2.01849
primary,lobo,2,0,gpr_physics9_cvplus,Sr3PI3,1.258,0.9448,1.62868
primary,lobo,3,0,gpr_physics9_cvplus,Ba3SbBr3,1.0819,0.62007,1.21814
primary,lobo,3,0,gpr_physics9_cvplus,Ba3SbCl3,1.002,0.65824,1.25631
primary,lobo,3,0,gpr_physics9_cvplus,Ba3SbI3,0.78,0.49281,1.09088
primary,lobo,3,0,gpr_physics9_cvplus,Ca3SbBr3,1.782,1.29265,2.00349
primary,lobo,3,0,gpr_physics9_cvplus,Ca3SbCl3,1.814,1.49957,2.13146
primary,lobo,3,0,gpr_physics9_cvplus,Ca3SbF3,2.19,1.49165,2.39184
primary,lobo,3,0,gpr_physics9_cvplus,Mg3SbBr3,0.9418,0.7214,1.31947
primary,lobo,3,0,gpr_physics9_cvplus,Mg3SbCl3,1.7283,1.2043,2.01551
primary,lobo,3,0,gpr_physics9_cvplus,Mg3SbF3,3.184,1.66717,3.5708
primary,lobo,3,0,gpr_physics9_cvplus,Mg3SbI3,0.1057,-0.16589,0.52323
primary,lobo,3,0,gpr_physics9_cvplus,Sr3SbCl3,1.712,1.28144,1.87961
primary,lobo,3,0,gpr_physics9_cvplus,Sr3SbI3,1.31,0.89904,1.54446
primary,lobo,0,0,ridge_physics9_cvplus,Ba3AsBr3,0.92,0.32854,2.00989
primary,lobo,0,0,ridge_physics9_cvplus,Ba3AsCl3,0.969,0.63297,2.27365
primary,lobo,0,0,ridge_physics9_cvplus,Ba3AsI3,0.802,-0.18931,1.6041
primary,lobo,0,0,ridge_physics9_cvplus,Ca3AsBr3,1.634,0.59926,2.34499
primary,lobo,0,0,ridge_physics9_cvplus,Ca3AsF3,2.27,1.91992,3.54536
primary,lobo,0,0,ridge_physics9_cvplus,Mg3AsBr3,1.2907,0.38898,2.10336
primary,lobo,0,0,ridge_physics9_cvplus,Sr3AsCl3,1.7,0.79662,2.50129
primary,lobo,0,0,ridge_physics9_cvplus,Sr3AsI3,1.265,0.05722,1.84721
primary,lobo,1,0,ridge_physics9_cvplus,Ba3BiBr3,0.912,-0.0815,1.94054
primary,lobo,1,0,ridge_physics9_cvplus,Ba3BiCl3,0.957,0.19765,2.24372
primary,lobo,1,0,ridge_physics9_cvplus,Ba3BiI3,0.786,-0.57593,1.57307
primary,lobo,1,0,ridge_physics9_cvplus,Ca3BiI3,1.36,-0.0067,1.97949
primary,lobo,1,0,ridge_physics9_cvplus,Mg3BiBr3,0.9648,0.29825,2.30692
primary,lobo,1,0,ridge_physics9_cvplus,Mg3BiI3,0.224,-0.21836,1.98694
primary,lobo,2,0,ridge_physics9_cvplus,Ba3PBr3,0.944,-0.3019,2.67453
primary,lobo,2,0,ridge_physics9_cvplus,Ba3PCl3,0.964,-0.28858,2.70272
primary,lobo,2,0,ridge_physics9_cvplus,Ba3PI3,0.764,-0.19279,2.35055
primary,lobo,2,0,ridge_physics9_cvplus,Ca3PBr3,1.8846,0.44584,3.36035
primary,lobo,2,0,ridge_physics9_cvplus,Ca3PCl3,2.035,0.45916,3.45046
primary,lobo,2,0,ridge_physics9_cvplus,Ca3PF3,2.518,0.76641,3.61933
primary,lobo,2,0,ridge_physics9_cvplus,Ca3PI3,1.4909,0.12873,3.03637
primary,lobo,2,0,ridge_physics9_cvplus,Mg3PBr3,1.506,-0.19291,2.73998
primary,lobo,2,0,ridge_physics9_cvplus,Mg3PCl3,2.297,-0.17959,2.81171
primary,lobo,2,0,ridge_physics9_cvplus,Mg3PI3,0.377,-0.0838,2.416
primary,lobo,2,0,ridge_physics9_cvplus,Sr3PBr3,1.55,0.30669,3.23525
primary,lobo,2,0,ridge_physics9_cvplus,Sr3PCl3,1.677,0.32001,3.31131
primary,lobo,2,0,ridge_physics9_cvplus,Sr3PI3,1.258,0.11916,2.91127
primary,lobo,3,0,ridge_physics9_cvplus,Ba3SbBr3,1.0819,-0.12863,1.73247
primary,lobo,3,0,ridge_physics9_cvplus,Ba3SbCl3,1.002,0.04431,1.87695
primary,lobo,3,0,ridge_physics9_cvplus,Ba3SbI3,0.78,-0.40917,1.41068
primary,lobo,3,0,ridge_physics9_cvplus,Ca3SbBr3,1.782,0.46153,2.53837
primary,lobo,3,0,ridge_physics9_cvplus,Ca3SbCl3,1.814,0.59073,2.68286
primary,lobo,3,0,ridge_physics9_cvplus,Ca3SbF3,2.19,1.08766,2.89273
primary,lobo,3,0,ridge_physics9_cvplus,Mg3SbBr3,0.9418,0.22979,2.03486
primary,lobo,3,0,ridge_physics9_cvplus,Mg3SbCl3,1.7283,0.40274,2.2078
primary,lobo,3,0,ridge_physics9_cvplus,Mg3SbF3,3.184,0.64703,2.4333
primary,lobo,3,0,ridge_physics9_cvplus,Mg3SbI3,0.1057,-0.05075,1.75432
primary,lobo,3,0,ridge_physics9_cvplus,Sr3SbCl3,1.712,0.47424,2.50653
primary,lobo,3,0,ridge_physics9_cvplus,Sr3SbI3,1.31,0.08666,2.04026
primary,lobo,0,0,mean_cvplus,Ba3AsBr3,0.92,0.1057,2.60792
primary,lobo,0,0,mean_cvplus,Ba3AsCl3,0.969,0.1057,2.60792
primary,lobo,0,0,mean_cvplus,Ba3AsI3,0.802,0.1057,2.60792
primary,lobo,0,0,mean_cvplus,Ca3AsBr3,1.634,0.1057,2.60792
primary,lobo,0,0,mean_cvplus,Ca3AsF3,2.27,0.1057,2.60792
primary,lobo,0,0,mean_cvplus,Mg3AsBr3,1.2907,0.1057,2.60792
primary,lobo,0,0,mean_cvplus,Sr3AsCl3,1.7,0.1057,2.60792
primary,lobo,0,0,mean_cvplus,Sr3AsI3,1.265,0.1057,2.60792
primary,lobo,1,0,mean_cvplus,Ba3BiBr3,0.912,0.30559,2.56988
primary,lobo,1,0,mean_cvplus,Ba3BiCl3,0.957,0.30559,2.56988
primary,lobo,1,0,mean_cvplus,Ba3BiI3,0.786,0.30559,2.56988
primary,lobo,1,0,mean_cvplus,Ca3BiI3,1.36,0.30559,2.56988
primary,lobo,1,0,mean_cvplus,Mg3BiBr3,0.9648,0.30559,2.56988
primary,lobo,1,0,mean_cvplus,Mg3BiI3,0.224,0.30559,2.56988
primary,lobo,2,0,mean_cvplus,Ba3PBr3,0.944,0.1057,2.50111
primary,lobo,2,0,mean_cvplus,Ba3PCl3,0.964,0.1057,2.50111
primary,lobo,2,0,mean_cvplus,Ba3PI3,0.764,0.1057,2.50111
primary,lobo,2,0,mean_cvplus,Ca3PBr3,1.8846,0.1057,2.50111
primary,lobo,2,0,mean_cvplus,Ca3PCl3,2.035,0.1057,2.50111
primary,lobo,2,0,mean_cvplus,Ca3PF3,2.518,0.1057,2.50111
primary,lobo,2,0,mean_cvplus,Ca3PI3,1.4909,0.1057,2.50111
primary,lobo,2,0,mean_cvplus,Mg3PBr3,1.506,0.1057,2.50111
primary,lobo,2,0,mean_cvplus,Mg3PCl3,2.297,0.1057,2.50111
primary,lobo,2,0,mean_cvplus,Mg3PI3,0.377,0.1057,2.50111
primary,lobo,2,0,mean_cvplus,Sr3PBr3,1.55,0.1057,2.50111
primary,lobo,2,0,mean_cvplus,Sr3PCl3,1.677,0.1057,2.50111
primary,lobo,2,0,mean_cvplus,Sr3PI3,1.258,0.1057,2.50111
primary,lobo,3,0,mean_cvplus,Ba3SbBr3,1.0819,0.13155,2.518
primary,lobo,3,0,mean_cvplus,Ba3SbCl3,1.002,0.13155,2.518
primary,lobo,3,0,mean_cvplus,Ba3SbI3,0.78,0.13155,2.518
primary,lobo,3,0,mean_cvplus,Ca3SbBr3,1.782,0.13155,2.518
primary,lobo,3,0,mean_cvplus,Ca3SbCl3,1.814,0.13155,2.518
primary,lobo,3,0,mean_cvplus,Ca3SbF3,2.19,0.13155,2.518
primary,lobo,3,0,mean_cvplus,Mg3SbBr3,0.9418,0.13155,2.518
primary,lobo,3,0,mean_cvplus,Mg3SbCl3,1.7283,0.13155,2.518
primary,lobo,3,0,mean_cvplus,Mg3SbF3,3.184,0.13155,2.518
primary,lobo,3,0,mean_cvplus,Mg3SbI3,0.1057,0.13155,2.518
primary,lobo,3,0,mean_cvplus,Sr3SbCl3,1.712,0.13155,2.518
primary,lobo,3,0,mean_cvplus,Sr3SbI3,1.31,0.13155,2.518
primary,loao,0,0,gpr_sigma,Ba3AsBr3,0.92,0.90797,1.50571
primary,loao,0,0,gpr_sigma,Ba3AsCl3,0.969,1.01552,1.66879
primary,loao,0,0,gpr_sigma,Ba3AsI3,0.802,0.71443,1.32093
primary,loao,0,0,gpr_sigma,Ba3BiBr3,0.912,1.02274,1.77352
primary,loao,0,0,gpr_sigma,Ba3BiCl3,0.957,1.09341,1.8871
primary,loao,0,0,gpr_sigma,Ba3BiI3,0.786,0.83867,1.59731
primary,loao,0,0,gpr_sigma,Ba3PBr3,0.944,0.87562,1.49819
primary,loao,0,0,gpr_sigma,Ba3PCl3,0.964,0.99109,1.6807
primary,loao,0,0,gpr_sigma,Ba3PI3,0.764,0.67285,1.31524
primary,loao,0,0,gpr_sigma,Ba3SbBr3,1.0819,0.99211,1.65894
primary,loao,0,0,gpr_sigma,Ba3SbCl3,1.002,1.07571,1.78646
primary,loao,0,0,gpr_sigma,Ba3SbI3,0.78,0.80577,1.47765
primary,loao,1,0,gpr_sigma,Ca3AsBr3,1.634,-0.63665,2.97963
primary,loao,1,0,gpr_sigma,Ca3AsF3,2.27,-0.63665,2.97963
primary,loao,1,0,gpr_sigma,Ca3BiI3,1.36,-0.63665,2.97963
primary,loao,1,0,gpr_sigma,Ca3PBr3,1.8846,-0.63665,2.97963
primary,loao,1,0,gpr_sigma,Ca3PCl3,2.035,-0.63665,2.97963
primary,loao,1,0,gpr_sigma,Ca3PF3,2.518,-0.63665,2.97963
primary,loao,1,0,gpr_sigma,Ca3PI3,1.4909,-0.63665,2.97963
primary,loao,1,0,gpr_sigma,Ca3SbBr3,1.782,-0.63665,2.97963
primary,loao,1,0,gpr_sigma,Ca3SbCl3,1.814,-0.63665,2.97963
primary,loao,1,0,gpr_sigma,Ca3SbF3,2.19,-0.63665,2.97963
primary,loao,2,0,gpr_sigma,Mg3AsBr3,1.2907,0.32608,3.05967
primary,loao,2,0,gpr_sigma,Mg3BiBr3,0.9648,0.24928,2.9889
primary,loao,2,0,gpr_sigma,Mg3BiI3,0.224,0.12925,2.8772
primary,loao,2,0,gpr_sigma,Mg3PBr3,1.506,0.37675,3.11459
primary,loao,2,0,gpr_sigma,Mg3PCl3,2.297,0.46007,3.195
primary,loao,2,0,gpr_sigma,Mg3PI3,0.377,0.2364,2.99421
primary,loao,2,0,gpr_sigma,Mg3SbBr3,0.9418,0.28419,3.01863
primary,loao,2,0,gpr_sigma,Mg3SbCl3,1.7283,0.35579,3.09361
primary,loao,2,0,gpr_sigma,Mg3SbF3,3.184,0.53037,3.35736
primary,loao,2,0,gpr_sigma,Mg3SbI3,0.1057,0.15977,2.90474
primary,loao,3,0,gpr_sigma,Sr3AsCl3,1.7,1.38073,1.73694
primary,loao,3,0,gpr_sigma,Sr3AsI3,1.265,1.04433,1.39603
primary,loao,3,0,gpr_sigma,Sr3PBr3,1.55,1.33955,1.68144
primary,loao,3,0,gpr_sigma,Sr3PCl3,1.677,1.44352,1.80123
primary,loao,3,0,gpr_sigma,Sr3PI3,1.258,1.08203,1.43606
primary,loao,3,0,gpr_sigma,Sr3SbCl3,1.712,1.34653,1.70302
primary,loao,3,0,gpr_sigma,Sr3SbI3,1.31,1.04431,1.39273
primary,loao,0,0,gpr_sigma_scaled,Ba3AsBr3,0.92,0.76455,1.64914
primary,loao,0,0,gpr_sigma_scaled,Ba3AsCl3,0.969,0.85877,1.82554
primary,loao,0,0,gpr_sigma_scaled,Ba3AsI3,0.802,0.5689,1.46646
primary,loao,0,0,gpr_sigma_scaled,Ba3BiBr3,0.912,0.84259,1.95367
primary,loao,0,0,gpr_sigma_scaled,Ba3BiCl3,0.957,0.90297,2.07754
primary,loao,0,0,gpr_sigma_scaled,Ba3BiI3,0.786,0.65663,1.77935
primary,loao,0,0,gpr_sigma_scaled,Ba3PBr3,0.944,0.72623,1.64758
primary,loao,0,0,gpr_sigma_scaled,Ba3PCl3,0.964,0.82562,1.84617
primary,loao,0,0,gpr_sigma_scaled,Ba3PI3,0.764,0.51871,1.46938
primary,loao,0,0,gpr_sigma_scaled,Ba3SbBr3,1.0819,0.83211,1.81894
primary,loao,0,0,gpr_sigma_scaled,Ba3SbCl3,1.002,0.90517,1.957
primary,loao,0,0,gpr_sigma_scaled,Ba3SbI3,0.78,0.64456,1.63887
primary,loao,1,0,gpr_sigma_scaled,Ca3AsBr3,1.634,-1.65251,3.99549
primary,loao,1,0,gpr_sigma_scaled,Ca3AsF3,2.27,-1.65251,3.99549
primary,loao,1,0,gpr_sigma_scaled,Ca3BiI3,1.36,-1.65251,3.99549
primary,loao,1,0,gpr_sigma_scaled,Ca3PBr3,1.8846,-1.65251,3.99549
primary,loao,1,0,gpr_sigma_scaled,Ca3PCl3,2.035,-1.65251,3.99549
primary,loao,1,0,gpr_sigma_scaled,Ca3PF3,2.518,-1.65251,3.99549
primary,loao,1,0,gpr_sigma_scaled,Ca3PI3,1.4909,-1.65251,3.99549
primary,loao,1,0,gpr_sigma_scaled,Ca3SbBr3,1.782,-1.65251,3.99549
primary,loao,1,0,gpr_sigma_scaled,Ca3SbCl3,1.814,-1.65251,3.99549
primary,loao,1,0,gpr_sigma_scaled,Ca3SbF3,2.19,-1.65251,3.99549
primary,loao,2,0,gpr_sigma_scaled,Mg3AsBr3,1.2907,-0.17272,3.55847
primary,loao,2,0,gpr_sigma_scaled,Mg3BiBr3,0.9648,-0.25062,3.4888
primary,loao,2,0,gpr_sigma_scaled,Mg3BiI3,0.224,-0.37217,3.37862
primary,loao,2,0,gpr_sigma_scaled,Mg3PBr3,1.506,-0.12282,3.61416
primary,loao,2,0,gpr_sigma_scaled,Mg3PCl3,2.297,-0.03897,3.69405
primary,loao,2,0,gpr_sigma_scaled,Mg3PI3,0.377,-0.26682,3.49742
primary,loao,2,0,gpr_sigma_scaled,Mg3SbBr3,0.9418,-0.21477,3.51759
primary,loao,2,0,gpr_sigma_scaled,Mg3SbCl3,1.7283,-0.14378,3.59318
primary,loao,2,0,gpr_sigma_scaled,Mg3SbF3,3.184,0.01453,3.8732
primary,loao,2,0,gpr_sigma_scaled,Mg3SbI3,0.1057,-0.3411,3.40561
primary,loao,3,0,gpr_sigma_scaled,Sr3AsCl3,1.7,1.35214,1.76553
primary,loao,3,0,gpr_sigma_scaled,Sr3AsI3,1.265,1.0161,1.42426
primary,loao,3,0,gpr_sigma_scaled,Sr3PBr3,1.55,1.31211,1.70888
primary,loao,3,0,gpr_sigma_scaled,Sr3PCl3,1.677,1.41482,1.82994
primary,loao,3,0,gpr_sigma_scaled,Sr3PI3,1.258,1.05362,1.46447
primary,loao,3,0,gpr_sigma_scaled,Sr3SbCl3,1.712,1.31792,1.73163
primary,loao,3,0,gpr_sigma_scaled,Sr3SbI3,1.31,1.01636,1.42069
primary,loao,0,0,gpr_physics9_cvplus,Ba3AsBr3,0.92,0.89684,1.47416
primary,loao,0,0,gpr_physics9_cvplus,Ba3AsCl3,0.969,1.01364,1.61117
primary,loao,0,0,gpr_physics9_cvplus,Ba3AsI3,0.802,0.68438,1.31393
primary,loao,0,0,gpr_physics9_cvplus,Ba3BiBr3,0.912,1.04053,1.57589
primary,loao,0,0,gpr_physics9_cvplus,Ba3BiCl3,0.957,1.09654,1.67435
primary,loao,0,0,gpr_physics9_cvplus,Ba3BiI3,0.786,0.91484,1.39516
primary,loao,0,0,gpr_physics9_cvplus,Ba3PBr3,0.944,0.82829,1.4716
primary,loao,0,0,gpr_physics9_cvplus,Ba3PCl3,0.964,0.97409,1.62311
primary,loao,0,0,gpr_physics9_cvplus,Ba3PI3,0.764,0.60863,1.29145
primary,loao,0,0,gpr_physics9_cvplus,Ba3SbBr3,1.0819,0.98691,1.54436
primary,loao,0,0,gpr_physics9_cvplus,Ba3SbCl3,1.002,1.06617,1.66829
primary,loao,0,0,gpr_physics9_cvplus,Ba3SbI3,0.78,0.84306,1.35969
primary,loao,1,0,gpr_physics9_cvplus,Ca3AsBr3,1.634,0.88296,1.43829
primary,loao,1,0,gpr_physics9_cvplus,Ca3AsF3,2.27,0.88296,1.43829
primary,loao,1,0,gpr_physics9_cvplus,Ca3BiI3,1.36,0.88296,1.43829
primary,loao,1,0,gpr_physics9_cvplus,Ca3PBr3,1.8846,0.88296,1.43829
primary,loao,1,0,gpr_physics9_cvplus,Ca3PCl3,2.035,0.88296,1.43829
primary,loao,1,0,gpr_physics9_cvplus,Ca3PF3,2.518,0.88296,1.43829
primary,loao,1,0,gpr_physics9_cvplus,Ca3PI3,1.4909,0.88296,1.43829
primary,loao,1,0,gpr_physics9_cvplus,Ca3SbBr3,1.782,0.88296,1.43829
primary,loao,1,0,gpr_physics9_cvplus,Ca3SbCl3,1.814,0.88296,1.43829
primary,loao,1,0,gpr_physics9_cvplus,Ca3SbF3,2.19,0.88296,1.43829
primary,loao,2,0,gpr_physics9_cvplus,Mg3AsBr3,1.2907,1.53232,1.96969
primary,loao,2,0,gpr_physics9_cvplus,Mg3BiBr3,0.9648,1.51222,1.91552
primary,loao,2,0,gpr_physics9_cvplus,Mg3BiI3,0.224,1.38947,1.80927
primary,loao,2,0,gpr_physics9_cvplus,Mg3PBr3,1.506,1.56598,1.99402
primary,loao,2,0,gpr_physics9_cvplus,Mg3PCl3,2.297,1.63788,2.06831
primary,loao,2,0,gpr_physics9_cvplus,Mg3PI3,0.377,1.40776,1.87182
primary,loao,2,0,gpr_physics9_cvplus,Mg3SbBr3,0.9418,1.52672,1.93063
primary,loao,2,0,gpr_physics9_cvplus,Mg3SbCl3,1.7283,1.59658,1.99673
primary,loao,2,0,gpr_physics9_cvplus,Mg3SbF3,3.184,1.77709,2.20686
primary,loao,2,0,gpr_physics9_cvplus,Mg3SbI3,0.1057,1.40108,1.82419
primary,loao,3,0,gpr_physics9_cvplus,Sr3AsCl3,1.7,1.18191,1.83066
primary,loao,3,0,gpr_physics9_cvplus,Sr3AsI3,1.265,0.93902,1.45651
primary,loao,3,0,gpr_physics9_cvplus,Sr3PBr3,1.55,1.15189,1.75113
primary,loao,3,0,gpr_physics9_cvplus,Sr3PCl3,1.677,1.18191,1.85793
primary,loao,3,0,gpr_physics9_cvplus,Sr3PI3,1.258,0.97932,1.48557
primary,loao,3,0,gpr_physics9_cvplus,Sr3SbCl3,1.712,1.17081,1.79953
primary,loao,3,0,gpr_physics9_cvplus,Sr3SbI3,1.31,0.94587,1.43611
primary,loao,0,0,ridge_physics9_cvplus,Ba3AsBr3,0.92,0.79897,2.45934
primary,loao,0,0,ridge_physics9_cvplus,Ba3AsCl3,0.969,1.01691,2.71312
primary,loao,0,0,ridge_physics9_cvplus,Ba3AsI3,0.802,0.47008,2.13044
primary,loao,0,0,ridge_physics9_cvplus,Ba3BiBr3,0.912,0.6384,2.42185
primary,loao,0,0,ridge_physics9_cvplus,Ba3BiCl3,0.957,0.87847,2.64506
primary,loao,0,0,ridge_physics9_cvplus,Ba3BiI3,0.786,0.27421,2.086
primary,loao,0,0,ridge_physics9_cvplus,Ba3PBr3,0.944,0.80877,2.50943
primary,loao,0,0,ridge_physics9_cvplus,Ba3PCl3,0.964,1.02452,2.86158
primary,loao,0,0,ridge_physics9_cvplus,Ba3PI3,0.764,0.48274,2.14311
primary,loao,0,0,ridge_physics9_cvplus,Ba3SbBr3,1.0819,0.70815,2.43148
primary,loao,0,0,ridge_physics9_cvplus,Ba3SbCl3,1.002,0.94719,2.65306
primary,loao,0,0,ridge_physics9_cvplus,Ba3SbI3,0.78,0.34531,2.09779
primary,loao,1,0,ridge_physics9_cvplus,Ca3AsBr3,1.634,0.747,2.24985
primary,loao,1,0,ridge_physics9_cvplus,Ca3AsF3,2.27,2.34527,4.00599
primary,loao,1,0,ridge_physics9_cvplus,Ca3BiI3,1.36,0.10084,1.80628
primary,loao,1,0,ridge_physics9_cvplus,Ca3PBr3,1.8846,0.77947,2.31557
primary,loao,1,0,ridge_physics9_cvplus,Ca3PCl3,2.035,1.08036,2.56424
primary,loao,1,0,ridge_physics9_cvplus,Ca3PF3,2.518,2.32971,4.0412
primary,loao,1,0,ridge_physics9_cvplus,Ca3PI3,1.4909,0.35487,2.10104
primary,loao,1,0,ridge_physics9_cvplus,Ca3SbBr3,1.782,0.62544,2.16441
primary,loao,1,0,ridge_physics9_cvplus,Ca3SbCl3,1.814,0.93515,2.43594
primary,loao,1,0,ridge_physics9_cvplus,Ca3SbF3,2.19,2.33979,4.19766
primary,loao,2,0,ridge_physics9_cvplus,Mg3AsBr3,1.2907,1.56016,3.06341
primary,loao,2,0,ridge_physics9_cvplus,Mg3BiBr3,0.9648,1.5906,3.04576
primary,loao,2,0,ridge_physics9_cvplus,Mg3BiI3,0.224,1.40606,2.85997
primary,loao,2,0,ridge_physics9_cvplus,Mg3PBr3,1.506,1.66509,3.10766
primary,loao,2,0,ridge_physics9_cvplus,Mg3PCl3,2.297,1.82076,3.24675
primary,loao,2,0,ridge_physics9_cvplus,Mg3PI3,0.377,1.40597,2.87302
primary,loao,2,0,ridge_physics9_cvplus,Mg3SbBr3,0.9418,1.62326,3.06991
primary,loao,2,0,ridge_physics9_cvplus,Mg3SbCl3,1.7283,1.7347,3.18307
primary,loao,2,0,ridge_physics9_cvplus,Mg3SbF3,3.184,2.12482,3.46988
primary,loao,2,0,ridge_physics9_cvplus,Mg3SbI3,0.1057,1.42235,2.87789
primary,loao,3,0,ridge_physics9_cvplus,Sr3AsCl3,1.7,0.53717,2.43403
primary,loao,3,0,ridge_physics9_cvplus,Sr3AsI3,1.265,-0.02147,1.9228
primary,loao,3,0,ridge_physics9_cvplus,Sr3PBr3,1.55,0.45543,2.40652
primary,loao,3,0,ridge_physics9_cvplus,Sr3PCl3,1.677,0.68465,2.61047
primary,loao,3,0,ridge_physics9_cvplus,Sr3PI3,1.258,0.03661,2.11889
primary,loao,3,0,ridge_physics9_cvplus,Sr3SbCl3,1.712,0.46574,2.3626
primary,loao,3,0,ridge_physics9_cvplus,Sr3SbI3,1.31,-0.10719,1.81863
primary,loao,0,0,mean_cvplus,Ba3AsBr3,0.92,0.1057,3.08553
primary,loao,0,0,mean_cvplus,Ba3AsCl3,0.969,0.1057,3.08553
primary,loao,0,0,mean_cvplus,Ba3AsI3,0.802,0.1057,3.08553
primary,loao,0,0,mean_cvplus,Ba3BiBr3,0.912,0.1057,3.08553
primary,loao,0,0,mean_cvplus,Ba3BiCl3,0.957,0.1057,3.08553
primary,loao,0,0,mean_cvplus,Ba3BiI3,0.786,0.1057,3.08553
primary,loao,0,0,mean_cvplus,Ba3PBr3,0.944,0.1057,3.08553
primary,loao,0,0,mean_cvplus,Ba3PCl3,0.964,0.1057,3.08553
primary,loao,0,0,mean_cvplus,Ba3PI3,0.764,0.1057,3.08553
primary,loao,0,0,mean_cvplus,Ba3SbBr3,1.0819,0.1057,3.08553
primary,loao,0,0,mean_cvplus,Ba3SbCl3,1.002,0.1057,3.08553
primary,loao,0,0,mean_cvplus,Ba3SbI3,0.78,0.1057,3.08553
primary,loao,1,0,mean_cvplus,Ca3AsBr3,1.634,0.14604,2.297
primary,loao,1,0,mean_cvplus,Ca3AsF3,2.27,0.14604,2.297
primary,loao,1,0,mean_cvplus,Ca3BiI3,1.36,0.14604,2.297
primary,loao,1,0,mean_cvplus,Ca3PBr3,1.8846,0.14604,2.297
primary,loao,1,0,mean_cvplus,Ca3PCl3,2.035,0.14604,2.297
primary,loao,1,0,mean_cvplus,Ca3PF3,2.518,0.14604,2.297
primary,loao,1,0,mean_cvplus,Ca3PI3,1.4909,0.14604,2.297
primary,loao,1,0,mean_cvplus,Ca3SbBr3,1.782,0.14604,2.297
primary,loao,1,0,mean_cvplus,Ca3SbCl3,1.814,0.14604,2.297
primary,loao,1,0,mean_cvplus,Ca3SbF3,2.19,0.14604,2.297
primary,loao,2,0,mean_cvplus,Mg3AsBr3,1.2907,0.54703,2.19
primary,loao,2,0,mean_cvplus,Mg3BiBr3,0.9648,0.54703,2.19
primary,loao,2,0,mean_cvplus,Mg3BiI3,0.224,0.54703,2.19
primary,loao,2,0,mean_cvplus,Mg3PBr3,1.506,0.54703,2.19
primary,loao,2,0,mean_cvplus,Mg3PCl3,2.297,0.54703,2.19
primary,loao,2,0,mean_cvplus,Mg3PI3,0.377,0.54703,2.19
primary,loao,2,0,mean_cvplus,Mg3SbBr3,0.9418,0.54703,2.19
primary,loao,2,0,mean_cvplus,Mg3SbCl3,1.7283,0.54703,2.19
primary,loao,2,0,mean_cvplus,Mg3SbF3,3.184,0.54703,2.19
primary,loao,2,0,mean_cvplus,Mg3SbI3,0.1057,0.54703,2.19
primary,loao,3,0,mean_cvplus,Sr3AsCl3,1.7,0.1057,2.60066
primary,loao,3,0,mean_cvplus,Sr3AsI3,1.265,0.1057,2.60066
primary,loao,3,0,mean_cvplus,Sr3PBr3,1.55,0.1057,2.60066
primary,loao,3,0,mean_cvplus,Sr3PCl3,1.677,0.1057,2.60066
primary,loao,3,0,mean_cvplus,Sr3PI3,1.258,0.1057,2.60066
primary,loao,3,0,mean_cvplus,Sr3SbCl3,1.712,0.1057,2.60066
primary,loao,3,0,mean_cvplus,Sr3SbI3,1.31,0.1057,2.60066
primary,gkf,0,0,gpr_sigma,Ca3AsF3,2.27,2.22423,2.54682
primary,gkf,0,0,gpr_sigma,Sr3AsI3,1.265,1.1479,1.46339
primary,gkf,0,0,gpr_sigma,Ba3BiCl3,0.957,0.84773,1.17905
primary,gkf,0,0,gpr_sigma,Ba3PBr3,0.944,0.76331,1.07091
primary,gkf,0,0,gpr_sigma,Mg3PCl3,2.297,1.83755,2.23296
primary,gkf,0,0,gpr_sigma,Mg3PI3,0.377,0.33277,0.78498
primary,gkf,0,0,gpr_sigma,Sr3PI3,1.258,1.15129,1.48372
primary,gkf,0,0,gpr_sigma,Mg3SbF3,3.184,2.4999,4.09118
primary,gkf,1,0,gpr_sigma,Ca3AsBr3,1.634,1.62155,1.85095
primary,gkf,1,0,gpr_sigma,Mg3BiI3,0.224,-0.03409,0.14562
primary,gkf,1,0,gpr_sigma,Ba3PI3,0.764,0.70752,0.89702
primary,gkf,1,0,gpr_sigma,Ca3PBr3,1.8846,1.64017,1.89751
primary,gkf,1,0,gpr_sigma,Ca3PCl3,2.035,1.78757,2.06798
primary,gkf,1,0,gpr_sigma,Ca3PF3,2.518,2.20094,2.41741
primary,gkf,1,0,gpr_sigma,Ba3SbBr3,1.0819,0.85201,0.98648
primary,gkf,1,0,gpr_sigma,Ca3SbBr3,1.782,1.56751,1.77774
primary,gkf,2,0,gpr_sigma,Ba3AsBr3,0.92,0.74763,1.02537
primary,gkf,2,0,gpr_sigma,Ba3AsCl3,0.969,0.77325,1.07274
primary,gkf,2,0,gpr_sigma,Sr3AsCl3,1.7,1.40544,1.69327
primary,gkf,2,0,gpr_sigma,Ba3BiI3,0.786,0.74546,1.14934
primary,gkf,2,0,gpr_sigma,Mg3PBr3,1.506,1.34897,1.63201
primary,gkf,2,0,gpr_sigma,Ba3SbI3,0.78,0.77406,1.11871
primary,gkf,2,0,gpr_sigma,Ca3SbF3,2.19,1.67497,2.39292
primary,gkf,2,0,gpr_sigma,Sr3SbCl3,1.712,1.40476,1.68547
primary,gkf,3,0,gpr_sigma,Ba3AsI3,0.802,0.59113,0.85194
primary,gkf,3,0,gpr_sigma,Ba3BiBr3,0.912,0.87926,1.13537
primary,gkf,3,0,gpr_sigma,Mg3BiBr3,0.9648,0.71754,1.02363
primary,gkf,3,0,gpr_sigma,Sr3PBr3,1.55,1.49187,1.76185
primary,gkf,3,0,gpr_sigma,Sr3PCl3,1.677,1.62662,1.88823
primary,gkf,3,0,gpr_sigma,Ba3SbCl3,1.002,0.89783,1.1413
primary,gkf,3,0,gpr_sigma,Mg3SbCl3,1.7283,1.4237,1.79226
primary,gkf,3,0,gpr_sigma,Mg3SbI3,0.1057,0.09186,0.35413
primary,gkf,4,0,gpr_sigma,Mg3AsBr3,1.2907,1.19717,1.48846
primary,gkf,4,0,gpr_sigma,Ca3BiI3,1.36,1.02637,1.5023
primary,gkf,4,0,gpr_sigma,Ba3PCl3,0.964,0.85308,1.16773
primary,gkf,4,0,gpr_sigma,Ca3PI3,1.4909,1.18785,1.54852
primary,gkf,4,0,gpr_sigma,Ca3SbCl3,1.814,1.79703,2.10308
primary,gkf,4,0,gpr_sigma,Mg3SbBr3,0.9418,0.96765,1.2394
primary,gkf,4,0,gpr_sigma,Sr3SbI3,1.31,1.06227,1.39685
primary,gkf,5,1,gpr_sigma,Ba3AsBr3,0.92,0.82436,1.08803
primary,gkf,5,1,gpr_sigma,Ca3AsBr3,1.634,1.70038,1.96739
primary,gkf,5,1,gpr_sigma,Ba3BiCl3,0.957,0.82036,1.15931
primary,gkf,5,1,gpr_sigma,Mg3BiBr3,0.9648,1.0524,1.48635
primary,gkf,5,1,gpr_sigma,Mg3PI3,0.377,0.05483,0.50213
primary,gkf,5,1,gpr_sigma,Ba3SbCl3,1.002,0.8375,1.14789
primary,gkf,5,1,gpr_sigma,Mg3SbBr3,0.9418,1.12425,1.49366
primary,gkf,5,1,gpr_sigma,Mg3SbCl3,1.7283,1.82957,2.2901
primary,gkf,6,1,gpr_sigma,Mg3AsBr3,1.2907,1.16923,1.40622
primary,gkf,6,1,gpr_sigma,Ba3BiI3,0.786,0.66199,0.94434
primary,gkf,6,1,gpr_sigma,Ca3PBr3,1.8846,1.60339,1.85329
primary,gkf,6,1,gpr_sigma,Ca3PI3,1.4909,1.12284,1.47162
primary,gkf,6,1,gpr_sigma,Mg3PCl3,2.297,1.99744,2.36249
primary,gkf,6,1,gpr_sigma,Ba3SbBr3,1.0819,0.81385,1.03832
primary,gkf,6,1,gpr_sigma,Ca3SbF3,2.19,1.8379,2.29553
primary,gkf,6,1,gpr_sigma,Mg3SbI3,0.1057,0.09013,0.34
primary,gkf,7,1,gpr_sigma,Ba3AsI3,0.802,0.559,0.88439
primary,gkf,7,1,gpr_sigma,Sr3AsCl3,1.7,1.45311,1.75393
primary,gkf,7,1,gpr_sigma,Sr3AsI3,1.265,1.04691,1.37515
primary,gkf,7,1,gpr_sigma,Ba3PCl3,0.964,0.87882,1.21143
primary,gkf,7,1,gpr_sigma,Ca3PCl3,2.035,1.85059,2.18145
primary,gkf,7,1,gpr_sigma,Sr3PBr3,1.55,1.42144,1.71745
primary,gkf,7,1,gpr_sigma,Ba3SbI3,0.78,0.65665,0.96371
primary,gkf,7,1,gpr_sigma,Sr3SbI3,1.31,1.10851,1.44338
primary,gkf,8,1,gpr_sigma,Ba3AsCl3,0.969,0.85335,1.13685
primary,gkf,8,1,gpr_sigma,Ca3BiI3,1.36,1.10025,1.55268
primary,gkf,8,1,gpr_sigma,Mg3PBr3,1.506,1.28362,1.60155
primary,gkf,8,1,gpr_sigma,Sr3PCl3,1.677,1.56388,1.86602
primary,gkf,8,1,gpr_sigma,Sr3PI3,1.258,1.1588,1.46673
primary,gkf,8,1,gpr_sigma,Ca3SbBr3,1.782,1.45475,1.7913
primary,gkf,8,1,gpr_sigma,Mg3SbF3,3.184,2.39651,4.12983
primary,gkf,8,1,gpr_sigma,Sr3SbCl3,1.712,1.41777,1.73611
primary,gkf,9,1,gpr_sigma,Ca3AsF3,2.27,1.96306,2.50029
primary,gkf,9,1,gpr_sigma,Ba3BiBr3,0.912,0.86166,1.1183
primary,gkf,9,1,gpr_sigma,Mg3BiI3,0.224,-0.14118,0.16446
primary,gkf,9,1,gpr_sigma,Ba3PBr3,0.944,0.812,1.07983
primary,gkf,9,1,gpr_sigma,Ba3PI3,0.764,0.64448,0.95273
primary,gkf,9,1,gpr_sigma,Ca3PF3,2.518,1.90963,2.63888
primary,gkf,9,1,gpr_sigma,Ca3SbCl3,1.814,1.82123,2.11553
primary,gkf,10,2,gpr_sigma,Ba3AsCl3,0.969,0.83066,1.17148
primary,gkf,10,2,gpr_sigma,Ba3BiBr3,0.912,0.73669,1.1493
primary,gkf,10,2,gpr_sigma,Ba3BiCl3,0.957,0.76132,1.24243
primary,gkf,10,2,gpr_sigma,Ba3BiI3,0.786,0.63078,0.99768
primary,gkf,10,2,gpr_sigma,Ca3PCl3,2.035,1.83352,2.16469
primary,gkf,10,2,gpr_sigma,Mg3PCl3,2.297,1.84181,2.21876
primary,gkf,10,2,gpr_sigma,Ba3SbBr3,1.0819,0.75461,1.11997
primary,gkf,10,2,gpr_sigma,Ba3SbCl3,1.002,0.78891,1.21361
primary,gkf,11,2,gpr_sigma,Ba3AsI3,0.802,0.59629,0.88001
primary,gkf,11,2,gpr_sigma,Sr3AsCl3,1.7,1.48645,1.74565
primary,gkf,11,2,gpr_sigma,Sr3AsI3,1.265,1.05103,1.38305
primary,gkf,11,2,gpr_sigma,Ca3PI3,1.4909,1.17643,1.60541
primary,gkf,11,2,gpr_sigma,Sr3PI3,1.258,1.08623,1.4463
primary,gkf,11,2,gpr_sigma,Ba3SbI3,0.78,0.69553,0.9592
primary,gkf,11,2,gpr_sigma,Ca3SbBr3,1.782,1.56599,1.83246
primary,gkf,11,2,gpr_sigma,Mg3SbBr3,0.9418,0.97093,1.21646
primary,gkf,12,2,gpr_sigma,Ba3AsBr3,0.92,0.79229,1.10733
primary,gkf,12,2,gpr_sigma,Mg3BiBr3,0.9648,0.75485,1.07892
primary,gkf,12,2,gpr_sigma,Ba3PBr3,0.944,0.77457,1.12384
primary,gkf,12,2,gpr_sigma,Ba3PI3,0.764,0.61395,0.98551
primary,gkf,12,2,gpr_sigma,Mg3PBr3,1.506,1.28401,1.60594
primary,gkf,12,2,gpr_sigma,Ca3SbF3,2.19,1.83437,2.37801
primary,gkf,12,2,gpr_sigma,Mg3SbI3,0.1057,0.06575,0.37636
primary,gkf,12,2,gpr_sigma,Sr3SbI3,1.31,1.09851,1.41594
primary,gkf,13,2,gpr_sigma,Ca3AsBr3,1.634,1.72988,1.95485
primary,gkf,13,2,gpr_sigma,Mg3BiI3,0.224,-0.11832,0.13626
primary,gkf,13,2,gpr_sigma,Ca3PBr3,1.8846,1.73658,1.98281
primary,gkf,13,2,gpr_sigma,Ca3PF3,2.518,2.14681,2.44889
primary,gkf,13,2,gpr_sigma,Mg3PI3,0.377,0.29625,0.69629
primary,gkf,13,2,gpr_sigma,Sr3PBr3,1.55,1.44839,1.68377
primary,gkf,13,2,gpr_sigma,Ca3SbCl3,1.814,1.86632,2.11829
primary,gkf,13,2,gpr_sigma,Mg3SbCl3,1.7283,1.62259,1.91687
primary,gkf,14,2,gpr_sigma,Ca3AsF3,2.27,2.2399,2.54208
primary,gkf,14,2,gpr_sigma,Mg3AsBr3,1.2907,1.16468,1.45413
primary,gkf,14,2,gpr_sigma,Ca3BiI3,1.36,1.20896,1.62519
primary,gkf,14,2,gpr_sigma,Ba3PCl3,0.964,0.86981,1.19639
primary,gkf,14,2,gpr_sigma,Sr3PCl3,1.677,1.55678,1.85009
primary,gkf,14,2,gpr_sigma,Mg3SbF3,3.184,2.53563,4.17754
primary,gkf,14,2,gpr_sigma,Sr3SbCl3,1.712,1.43782,1.74082
primary,gkf,15,3,gpr_sigma,Ba3AsCl3,0.969,0.85178,1.11219
primary,gkf,15,3,gpr_sigma,Ba3BiBr3,0.912,0.86365,1.13915
primary,gkf,15,3,gpr_sigma,Ba3BiI3,0.786,0.69119,1.00131
primary,gkf,15,3,gpr_sigma,Mg3BiI3,0.224,-0.35731,0.14014
primary,gkf,15,3,gpr_sigma,Ca3PF3,2.518,2.16168,2.52461
primary,gkf,15,3,gpr_sigma,Ca3PI3,1.4909,1.22042,1.57139
primary,gkf,15,3,gpr_sigma,Mg3PBr3,1.506,1.35367,1.64228
primary,gkf,15,3,gpr_sigma,Mg3SbI3,0.1057,-0.22643,0.2031
primary,gkf,16,3,gpr_sigma,Ca3AsBr3,1.634,1.68936,1.90725
primary,gkf,16,3,gpr_sigma,Ca3PCl3,2.035,1.92582,2.1968
primary,gkf,16,3,gpr_sigma,Sr3PCl3,1.677,1.61853,1.84764
primary,gkf,16,3,gpr_sigma,Sr3PI3,1.258,1.18486,1.41082
primary,gkf,16,3,gpr_sigma,Ba3SbBr3,1.0819,0.81579,1.01382
primary,gkf,16,3,gpr_sigma,Ba3SbCl3,1.002,0.86628,1.06766
primary,gkf,16,3,gpr_sigma,Ca3SbBr3,1.782,1.57589,1.82124
primary,gkf,16,3,gpr_sigma,Mg3SbBr3,0.9418,0.96902,1.16625
primary,gkf,17,3,gpr_sigma,Ba3AsBr3,0.92,0.79309,1.07811
primary,gkf,17,3,gpr_sigma,Ca3AsF3,2.27,2.27038,2.67246
primary,gkf,17,3,gpr_sigma,Ca3BiI3,1.36,1.15232,1.53463
primary,gkf,17,3,gpr_sigma,Mg3PCl3,2.297,1.75667,2.14265
primary,gkf,17,3,gpr_sigma,Ca3SbCl3,1.814,1.75203,2.10051
primary,gkf,17,3,gpr_sigma,Ca3SbF3,2.19,2.10564,2.69413
primary,gkf,17,3,gpr_sigma,Mg3SbCl3,1.7283,1.43737,1.79119
primary,gkf,17,3,gpr_sigma,Sr3SbCl3,1.712,1.47538,1.80698
primary,gkf,18,3,gpr_sigma,Ba3AsI3,0.802,0.60106,0.90591
primary,gkf,18,3,gpr_sigma,Mg3AsBr3,1.2907,1.14712,1.45541
primary,gkf,18,3,gpr_sigma,Sr3AsI3,1.265,1.11828,1.41811
primary,gkf,18,3,gpr_sigma,Ba3BiCl3,0.957,0.85565,1.18226
primary,gkf,18,3,gpr_sigma,Mg3BiBr3,0.9648,0.75688,1.08166
primary,gkf,18,3,gpr_sigma,Ca3PBr3,1.8846,1.62958,1.93761
primary,gkf,18,3,gpr_sigma,Sr3PBr3,1.55,1.4015,1.71624
primary,gkf,18,3,gpr_sigma,Mg3SbF3,3.184,2.42228,4.13855
primary,gkf,19,3,gpr_sigma,Sr3AsCl3,1.7,1.44849,1.74849
primary,gkf,19,3,gpr_sigma,Ba3PBr3,0.944,0.82433,1.16997
primary,gkf,19,3,gpr_sigma,Ba3PCl3,0.964,0.88326,1.25368
primary,gkf,19,3,gpr_sigma,Ba3PI3,0.764,0.66939,1.04705
primary,gkf,19,3,gpr_sigma,Mg3PI3,0.377,0.24623,0.78668
primary,gkf,19,3,gpr_sigma,Ba3SbI3,0.78,0.69149,0.99858
primary,gkf,19,3,gpr_sigma,Sr3SbI3,1.31,1.11498,1.42803
primary,gkf,20,4,gpr_sigma,Ca3AsF3,2.27,2.24916,2.54201
primary,gkf,20,4,gpr_sigma,Sr3AsI3,1.265,1.13052,1.48964
primary,gkf,20,4,gpr_sigma,Ba3BiCl3,0.957,0.86189,1.18203
primary,gkf,20,4,gpr_sigma,Mg3BiBr3,0.9648,0.76005,1.07367
primary,gkf,20,4,gpr_sigma,Ba3PCl3,0.964,0.8296,1.15796
primary,gkf,20,4,gpr_sigma,Ca3PBr3,1.8846,1.62417,1.91751
primary,gkf,20,4,gpr_sigma,Sr3PI3,1.258,1.13454,1.49727
primary,gkf,20,4,gpr_sigma,Sr3SbI3,1.31,1.11145,1.47803
primary,gkf,21,4,gpr_sigma,Ba3AsI3,0.802,0.58613,0.93654
primary,gkf,21,4,gpr_sigma,Ba3BiBr3,0.912,0.84621,1.14934
primary,gkf,21,4,gpr_sigma,Ba3PI3,0.764,0.53415,0.95609
primary,gkf,21,4,gpr_sigma,Ca3PCl3,2.035,1.8307,2.17051
primary,gkf,21,4,gpr_sigma,Ca3PF3,2.518,2.10644,2.51916
primary,gkf,21,4,gpr_sigma,Mg3PBr3,1.506,1.27894,1.59504
primary,gkf,21,4,gpr_sigma,Mg3SbF3,3.184,2.15055,4.20416
primary,gkf,21,4,gpr_sigma,Sr3SbCl3,1.712,1.4458,1.7594
primary,gkf,22,4,gpr_sigma,Ba3AsBr3,0.92,0.87913,1.00866
primary,gkf,22,4,gpr_sigma,Sr3AsCl3,1.7,1.48881,1.64056
primary,gkf,22,4,gpr_sigma,Ba3BiI3,0.786,0.61232,0.91756
primary,gkf,22,4,gpr_sigma,Ba3SbCl3,1.002,1.03638,1.1892
primary,gkf,22,4,gpr_sigma,Ba3SbI3,0.78,0.78347,1.01661
primary,gkf,22,4,gpr_sigma,Ca3SbBr3,1.782,1.61371,1.85531
primary,gkf,22,4,gpr_sigma,Ca3SbCl3,1.814,1.76942,2.02556
primary,gkf,22,4,gpr_sigma,Mg3SbCl3,1.7283,1.43524,1.60258
primary,gkf,23,4,gpr_sigma,Ba3AsCl3,0.969,0.85136,1.10419
primary,gkf,23,4,gpr_sigma,Mg3BiI3,0.224,-0.14595,0.16203
primary,gkf,23,4,gpr_sigma,Ca3PI3,1.4909,1.26178,1.58829
primary,gkf,23,4,gpr_sigma,Mg3PCl3,2.297,1.9184,2.24125
primary,gkf,23,4,gpr_sigma,Mg3PI3,0.377,0.29896,0.69705
primary,gkf,23,4,gpr_sigma,Sr3PBr3,1.55,1.44882,1.70147
primary,gkf,23,4,gpr_sigma,Ba3SbBr3,1.0819,0.80751,1.04871
primary,gkf,23,4,gpr_sigma,Ca3SbF3,2.19,2.00773,2.40747
primary,gkf,24,4,gpr_sigma,Ca3AsBr3,1.634,1.72063,1.94102
primary,gkf,24,4,gpr_sigma,Mg3AsBr3,1.2907,1.24149,1.47415
primary,gkf,24,4,gpr_sigma,Ca3BiI3,1.36,1.24162,1.60145
primary,gkf,24,4,gpr_sigma,Ba3PBr3,0.944,0.80534,1.03999
primary,gkf,24,4,gpr_sigma,Sr3PCl3,1.677,1.59206,1.82237
primary,gkf,24,4,gpr_sigma,Mg3SbBr3,0.9418,0.99136,1.21796
primary,gkf,24,4,gpr_sigma,Mg3SbI3,0.1057,0.1142,0.35378
primary,gkf,25,5,gpr_sigma,Ca3AsBr3,1.634,1.7748,1.99876
primary,gkf,25,5,gpr_sigma,Mg3AsBr3,1.2907,1.28892,1.56847
primary,gkf,25,5,gpr_sigma,Ba3PI3,0.764,0.68691,0.87566
primary,gkf,25,5,gpr_sigma,Ca3PBr3,1.8846,1.77161,1.99454
primary,gkf,25,5,gpr_sigma,Ca3PF3,2.518,2.16825,2.36809
primary,gkf,25,5,gpr_sigma,Mg3PBr3,1.506,1.3328,1.61726
primary,gkf,25,5,gpr_sigma,Sr3PCl3,1.677,1.58061,1.7538
primary,gkf,25,5,gpr_sigma,Sr3SbCl3,1.712,1.43869,1.66873
primary,gkf,26,5,gpr_sigma,Ca3AsF3,2.27,2.27203,2.51837
primary,gkf,26,5,gpr_sigma,Ba3BiBr3,0.912,0.76698,1.06686
primary,gkf,26,5,gpr_sigma,Ba3BiI3,0.786,0.66329,0.96689
primary,gkf,26,5,gpr_sigma,Ba3PBr3,0.944,0.77084,1.04404
primary,gkf,26,5,gpr_sigma,Ba3PCl3,0.964,0.83325,1.14572
primary,gkf,26,5,gpr_sigma,Ba3SbBr3,1.0819,0.77715,1.04423
primary,gkf,26,5,gpr_sigma,Ba3SbCl3,1.002,0.85567,1.09069
primary,gkf,26,5,gpr_sigma,Ca3SbBr3,1.782,1.50474,1.76473
primary,gkf,27,5,gpr_sigma,Ba3AsBr3,0.92,0.79768,1.05022
primary,gkf,27,5,gpr_sigma,Sr3AsI3,1.265,1.09329,1.36174
primary,gkf,27,5,gpr_sigma,Mg3BiI3,0.224,-0.12947,0.19887
primary,gkf,27,5,gpr_sigma,Ca3PI3,1.4909,1.21094,1.55793
primary,gkf,27,5,gpr_sigma,Mg3PI3,0.377,0.26091,0.7565
primary,gkf,27,5,gpr_sigma,Ca3SbCl3,1.814,1.80721,2.10253
primary,gkf,27,5,gpr_sigma,Ca3SbF3,2.19,1.8001,2.38367
primary,gkf,27,5,gpr_sigma,Mg3SbCl3,1.7283,1.49845,1.82176
primary,gkf,28,5,gpr_sigma,Ba3AsI3,0.802,0.58887,0.88094
primary,gkf,28,5,gpr_sigma,Sr3AsCl3,1.7,1.4864,1.77379
primary,gkf,28,5,gpr_sigma,Ba3BiCl3,0.957,0.8547,1.15743
primary,gkf,28,5,gpr_sigma,Ca3PCl3,2.035,1.85185,2.15009
primary,gkf,28,5,gpr_sigma,Mg3PCl3,2.297,1.84514,2.19798
primary,gkf,28,5,gpr_sigma,Sr3PBr3,1.55,1.43283,1.71341
primary,gkf,28,5,gpr_sigma,Mg3SbBr3,0.9418,0.99277,1.26895
primary,gkf,28,5,gpr_sigma,Mg3SbF3,3.184,2.38063,3.9896
primary,gkf,29,5,gpr_sigma,Ba3AsCl3,0.969,0.82615,1.12067
primary,gkf,29,5,gpr_sigma,Ca3BiI3,1.36,1.1159,1.63477
primary,gkf,29,5,gpr_sigma,Mg3BiBr3,0.9648,0.76745,1.08846
primary,gkf,29,5,gpr_sigma,Sr3PI3,1.258,1.14395,1.45569
primary,gkf,29,5,gpr_sigma,Ba3SbI3,0.78,0.66282,0.96137
primary,gkf,29,5,gpr_sigma,Mg3SbI3,0.1057,0.05888,0.36977
primary,gkf,29,5,gpr_sigma,Sr3SbI3,1.31,1.09512,1.47756
primary,gkf,30,6,gpr_sigma,Ca3AsF3,2.27,2.26197,2.5193
primary,gkf,30,6,gpr_sigma,Ba3BiCl3,0.957,0.85297,1.13322
primary,gkf,30,6,gpr_sigma,Ca3BiI3,1.36,1.20905,1.59846
primary,gkf,30,6,gpr_sigma,Mg3BiI3,0.224,-0.143,0.16553
primary,gkf,30,6,gpr_sigma,Ca3PCl3,2.035,1.8526,2.14703
primary,gkf,30,6,gpr_sigma,Sr3PBr3,1.55,1.42596,1.69063
primary,gkf,30,6,gpr_sigma,Ba3SbBr3,1.0819,0.80385,1.046
primary,gkf,30,6,gpr_sigma,Mg3SbCl3,1.7283,1.56258,1.87669
primary,gkf,31,6,gpr_sigma,Ba3AsCl3,0.969,0.89768,1.10533
primary,gkf,31,6,gpr_sigma,Ca3AsBr3,1.634,1.76006,1.9702
primary,gkf,31,6,gpr_sigma,Sr3AsI3,1.265,1.16235,1.39181
primary,gkf,31,6,gpr_sigma,Mg3BiBr3,0.9648,0.7912,1.04048
primary,gkf,31,6,gpr_sigma,Ca3PF3,2.518,2.11772,2.45539
primary,gkf,31,6,gpr_sigma,Ba3SbI3,0.78,0.70758,0.91625
primary,gkf,31,6,gpr_sigma,Ca3SbCl3,1.814,1.87202,2.12441
primary,gkf,31,6,gpr_sigma,Sr3SbI3,1.31,1.13044,1.37907
primary,gkf,32,6,gpr_sigma,Ba3AsBr3,0.92,0.78202,1.09617
primary,gkf,32,6,gpr_sigma,Mg3AsBr3,1.2907,1.14368,1.46028
primary,gkf,32,6,gpr_sigma,Ba3PBr3,0.944,0.79679,1.15112
primary,gkf,32,6,gpr_sigma,Ba3PCl3,0.964,0.86118,1.23718
primary,gkf,32,6,gpr_sigma,Sr3PCl3,1.677,1.59133,1.89397
primary,gkf,32,6,gpr_sigma,Sr3PI3,1.258,1.15901,1.4628
primary,gkf,32,6,gpr_sigma,Ca3SbF3,2.19,1.79847,2.39136
primary,gkf,32,6,gpr_sigma,Mg3SbF3,3.184,2.45148,4.10913
primary,gkf,33,6,gpr_sigma,Ba3AsI3,0.802,0.6254,0.89864
primary,gkf,33,6,gpr_sigma,Ba3BiBr3,0.912,0.84538,1.12038
primary,gkf,33,6,gpr_sigma,Ca3PI3,1.4909,1.23941,1.59278
primary,gkf,33,6,gpr_sigma,Mg3PBr3,1.506,1.18686,1.55803
primary,gkf,33,6,gpr_sigma,Mg3PCl3,2.297,1.7761,2.1834
primary,gkf,33,6,gpr_sigma,Mg3PI3,0.377,0.29835,0.83074
primary,gkf,33,6,gpr_sigma,Ca3SbBr3,1.782,1.53955,1.82234
primary,gkf,33,6,gpr_sigma,Mg3SbI3,0.1057,0.12354,0.44724
primary,gkf,34,6,gpr_sigma,Sr3AsCl3,1.7,1.44571,1.72395
primary,gkf,34,6,gpr_sigma,Ba3BiI3,0.786,0.68536,0.99407
primary,gkf,34,6,gpr_sigma,Ba3PI3,0.764,0.65413,0.97023
primary,gkf,34,6,gpr_sigma,Ca3PBr3,1.8846,1.69023,1.95943
primary,gkf,34,6,gpr_sigma,Ba3SbCl3,1.002,0.85678,1.12528
primary,gkf,34,6,gpr_sigma,Mg3SbBr3,0.9418,0.96714,1.23025
primary,gkf,34,6,gpr_sigma,Sr3SbCl3,1.712,1.41765,1.71169
primary,gkf,35,7,gpr_sigma,Ca3AsBr3,1.634,1.82329,1.92791
primary,gkf,35,7,gpr_sigma,Ca3AsF3,2.27,2.31483,2.51099
primary,gkf,35,7,gpr_sigma,Sr3AsI3,1.265,1.27744,1.41215
primary,gkf,35,7,gpr_sigma,Ca3BiI3,1.36,1.27036,1.53164
primary,gkf,35,7,gpr_sigma,Ba3PBr3,0.944,0.84436,0.93012
primary,gkf,35,7,gpr_sigma,Sr3PI3,1.258,1.25183,1.37385
primary,gkf,35,7,gpr_sigma,Ba3SbBr3,1.0819,0.9073,0.96776
primary,gkf,35,7,gpr_sigma,Ca3SbCl3,1.814,1.92999,2.05223
primary,gkf,36,7,gpr_sigma,Sr3AsCl3,1.7,1.51778,1.76638
primary,gkf,36,7,gpr_sigma,Ba3BiBr3,0.912,0.87086,1.12436
primary,gkf,36,7,gpr_sigma,Ba3BiI3,0.786,0.69288,0.9787
primary,gkf,36,7,gpr_sigma,Mg3BiBr3,0.9648,0.82311,1.1316
primary,gkf,36,7,gpr_sigma,Mg3BiI3,0.224,-0.15331,0.1593
primary,gkf,36,7,gpr_sigma,Ca3PF3,2.518,2.19918,2.53903
primary,gkf,36,7,gpr_sigma,Sr3PBr3,1.55,1.45643,1.70792
primary,gkf,36,7,gpr_sigma,Mg3SbBr3,0.9418,0.9562,1.23222
primary,gkf,37,7,gpr_sigma,Ba3PCl3,0.964,0.86088,1.19445
primary,gkf,37,7,gpr_sigma,Ca3PCl3,2.035,1.87331,2.23305
primary,gkf,37,7,gpr_sigma,Mg3PI3,0.377,0.25116,0.77441
primary,gkf,37,7,gpr_sigma,Sr3PCl3,1.677,1.59382,1.90796
primary,gkf,37,7,gpr_sigma,Ba3SbCl3,1.002,0.86665,1.14351
primary,gkf,37,7,gpr_sigma,Ca3SbBr3,1.782,1.50846,1.81135
primary,gkf,37,7,gpr_sigma,Ca3SbF3,2.19,1.75224,2.35886
primary,gkf,37,7,gpr_sigma,Mg3SbF3,3.184,2.33444,4.42624
primary,gkf,38,7,gpr_sigma,Ba3AsI3,0.802,0.6139,0.95903
primary,gkf,38,7,gpr_sigma,Mg3AsBr3,1.2907,1.0862,1.40761
primary,gkf,38,7,gpr_sigma,Ba3PI3,0.764,0.58379,0.9697
primary,gkf,38,7,gpr_sigma,Ca3PI3,1.4909,1.23875,1.6069
primary,gkf,38,7,gpr_sigma,Mg3PCl3,2.297,1.7427,2.15603
primary,gkf,38,7,gpr_sigma,Mg3SbCl3,1.7283,1.41181,1.78088
primary,gkf,38,7,gpr_sigma,Sr3SbCl3,1.712,1.43285,1.75743
primary,gkf,38,7,gpr_sigma,Sr3SbI3,1.31,1.07352,1.39372
primary,gkf,39,7,gpr_sigma,Ba3AsBr3,0.92,0.81249,1.09426
primary,gkf,39,7,gpr_sigma,Ba3AsCl3,0.969,0.86189,1.15273
primary,gkf,39,7,gpr_sigma,Ba3BiCl3,0.957,0.85971,1.18801
primary,gkf,39,7,gpr_sigma,Ca3PBr3,1.8846,1.62044,1.92012
primary,gkf,39,7,gpr_sigma,Mg3PBr3,1.506,1.27664,1.59488
primary,gkf,39,7,gpr_sigma,Ba3SbI3,0.78,0.65894,0.95089
primary,gkf,39,7,gpr_sigma,Mg3SbI3,0.1057,0.06862,0.37689
primary,gkf,40,8,gpr_sigma,Ca3BiI3,1.36,1.19781,1.62214
primary,gkf,40,8,gpr_sigma,Ba3PI3,0.764,0.64278,0.96473
primary,gkf,40,8,gpr_sigma,Mg3PBr3,1.506,1.3597,1.69163
primary,gkf,40,8,gpr_sigma,Mg3PI3,0.377,0.19294,0.83441
primary,gkf,40,8,gpr_sigma,Sr3PBr3,1.55,1.41312,1.67395
primary,gkf,40,8,gpr_sigma,Ba3SbBr3,1.0819,0.78934,1.03707
primary,gkf,40,8,gpr_sigma,Ca3SbF3,2.19,1.72331,2.2967
primary,gkf,40,8,gpr_sigma,Sr3SbCl3,1.712,1.43473,1.71931
primary,gkf,41,8,gpr_sigma,Ba3AsCl3,0.969,0.87301,1.16051
primary,gkf,41,8,gpr_sigma,Mg3AsBr3,1.2907,1.12301,1.4038
primary,gkf,41,8,gpr_sigma,Ba3BiCl3,0.957,0.87785,1.21171
primary,gkf,41,8,gpr_sigma,Mg3BiI3,0.224,-0.15781,0.17125
primary,gkf,41,8,gpr_sigma,Ca3PF3,2.518,2.11913,2.48687
primary,gkf,41,8,gpr_sigma,Mg3PCl3,2.297,1.79914,2.17161
primary,gkf,41,8,gpr_sigma,Ba3SbCl3,1.002,0.88151,1.19252
primary,gkf,41,8,gpr_sigma,Mg3SbCl3,1.7283,1.45168,1.77884
primary,gkf,42,8,gpr_sigma,Ca3AsBr3,1.634,1.69538,1.92197
primary,gkf,42,8,gpr_sigma,Sr3AsI3,1.265,1.15127,1.38175
primary,gkf,42,8,gpr_sigma,Ba3BiI3,0.786,0.72332,1.06689
primary,gkf,42,8,gpr_sigma,Ca3PI3,1.4909,1.24414,1.54994
primary,gkf,42,8,gpr_sigma,Ba3SbI3,0.78,0.74982,1.0392
primary,gkf,42,8,gpr_sigma,Mg3SbBr3,0.9418,0.98661,1.20589
primary,gkf,42,8,gpr_sigma,Mg3SbF3,3.184,2.57006,4.15334
primary,gkf,42,8,gpr_sigma,Mg3SbI3,0.1057,0.11398,0.35469
primary,gkf,43,8,gpr_sigma,Ba3AsBr3,0.92,0.78607,1.11675
primary,gkf,43,8,gpr_sigma,Ba3AsI3,0.802,0.61737,0.92472
primary,gkf,43,8,gpr_sigma,Mg3BiBr3,0.9648,0.75204,1.08457
primary,gkf,43,8,gpr_sigma,Ba3PBr3,0.944,0.76498,1.13791
primary,gkf,43,8,gpr_sigma,Ba3PCl3,0.964,0.82637,1.202
primary,gkf,43,8,gpr_sigma,Ca3PCl3,2.035,1.83965,2.19649
primary,gkf,43,8,gpr_sigma,Ca3SbBr3,1.782,1.49438,1.82452
primary,gkf,43,8,gpr_sigma,Sr3SbI3,1.31,1.08651,1.41578
primary,gkf,44,8,gpr_sigma,Ca3AsF3,2.27,2.27994,2.549
primary,gkf,44,8,gpr_sigma,Sr3AsCl3,1.7,1.51879,1.74878
primary,gkf,44,8,gpr_sigma,Ba3BiBr3,0.912,0.96066,1.12305
primary,gkf,44,8,gpr_sigma,Ca3PBr3,1.8846,1.67682,1.84033
primary,gkf,44,8,gpr_sigma,Sr3PCl3,1.677,1.60722,1.80482
primary,gkf,44,8,gpr_sigma,Sr3PI3,1.258,1.24552,1.4118
primary,gkf,44,8,gpr_sigma,Ca3SbCl3,1.814,1.85328,2.08989
primary,gkf,45,9,gpr_sigma,Ca3AsBr3,1.634,1.71243,1.94693
primary,gkf,45,9,gpr_sigma,Ba3BiBr3,0.912,0.91441,1.18125
primary,gkf,45,9,gpr_sigma,Ba3BiCl3,0.957,0.92452,1.21739
primary,gkf,45,9,gpr_sigma,Ba3PBr3,0.944,0.77721,1.04067
primary,gkf,45,9,gpr_sigma,Ba3PI3,0.764,0.61269,0.93144
primary,gkf,45,9,gpr_sigma,Mg3PI3,0.377,0.20055,0.72244
primary,gkf,45,9,gpr_sigma,Ba3SbI3,0.78,0.68701,0.9241
primary,gkf,45,9,gpr_sigma,Sr3SbI3,1.31,1.12326,1.39181
primary,gkf,46,9,gpr_sigma,Ca3PBr3,1.8846,1.54993,1.85226
primary,gkf,46,9,gpr_sigma,Ca3PCl3,2.035,1.75131,2.0833
primary,gkf,46,9,gpr_sigma,Ca3PI3,1.4909,1.10716,1.47542
primary,gkf,46,9,gpr_sigma,Mg3PCl3,2.297,1.87156,2.23914
primary,gkf,46,9,gpr_sigma,Sr3PCl3,1.677,1.55225,1.83004
primary,gkf,46,9,gpr_sigma,Ba3SbCl3,1.002,0.85839,1.11343
primary,gkf,46,9,gpr_sigma,Mg3SbCl3,1.7283,1.44476,1.76196
primary,gkf,46,9,gpr_sigma,Mg3SbI3,0.1057,0.08825,0.36448
primary,gkf,47,9,gpr_sigma,Ba3AsCl3,0.969,0.88392,1.16808
primary,gkf,47,9,gpr_sigma,Ca3AsF3,2.27,2.26666,2.61319
primary,gkf,47,9,gpr_sigma,Ca3BiI3,1.36,1.22052,1.60125
primary,gkf,47,9,gpr_sigma,Mg3BiI3,0.224,-0.14296,0.16639
primary,gkf,47,9,gpr_sigma,Ba3PCl3,0.964,0.87933,1.21106
primary,gkf,47,9,gpr_sigma,Mg3PBr3,1.506,1.34002,1.61075
primary,gkf,47,9,gpr_sigma,Ba3SbBr3,1.0819,0.79328,1.03407
primary,gkf,47,9,gpr_sigma,Ca3SbF3,2.19,2.01712,2.59701
primary,gkf,48,9,gpr_sigma,Ba3AsBr3,0.92,0.82084,1.0899
primary,gkf,48,9,gpr_sigma,Ba3AsI3,0.802,0.63912,0.9174
primary,gkf,48,9,gpr_sigma,Mg3AsBr3,1.2907,1.16665,1.43954
primary,gkf,48,9,gpr_sigma,Sr3AsI3,1.265,1.15019,1.42328
primary,gkf,48,9,gpr_sigma,Ca3PF3,2.518,2.13741,2.53883
primary,gkf,48,9,gpr_sigma,Ca3SbBr3,1.782,1.46233,1.82164
primary,gkf,48,9,gpr_sigma,Ca3SbCl3,1.814,1.61208,2.0355
primary,gkf,48,9,gpr_sigma,Sr3SbCl3,1.712,1.40501,1.75924
primary,gkf,49,9,gpr_sigma,Sr3AsCl3,1.7,1.48694,1.76376
primary,gkf,49,9,gpr_sigma,Ba3BiI3,0.786,0.66894,0.98273
primary,gkf,49,9,gpr_sigma,Mg3BiBr3,0.9648,0.876,1.20282
primary,gkf,49,9,gpr_sigma,Sr3PBr3,1.55,1.44119,1.71802
primary,gkf,49,9,gpr_sigma,Sr3PI3,1.258,1.17136,1.4572
primary,gkf,49,9,gpr_sigma,Mg3SbBr3,0.9418,0.98348,1.28194
primary,gkf,49,9,gpr_sigma,Mg3SbF3,3.184,2.68686,4.3391
primary,gkf,0,0,gpr_sigma_scaled,Ca3AsF3,2.27,2.20315,2.5679
primary,gkf,0,0,gpr_sigma_scaled,Sr3AsI3,1.265,1.12727,1.48402
primary,gkf,0,0,gpr_sigma_scaled,Ba3BiCl3,0.957,0.82607,1.2007
primary,gkf,0,0,gpr_sigma_scaled,Ba3PBr3,0.944,0.74321,1.09102
primary,gkf,0,0,gpr_sigma_scaled,Mg3PCl3,2.297,1.81171,2.2588
primary,gkf,0,0,gpr_sigma_scaled,Mg3PI3,0.377,0.30321,0.81454
primary,gkf,0,0,gpr_sigma_scaled,Sr3PI3,1.258,1.12956,1.50545
primary,gkf,0,0,gpr_sigma_scaled,Mg3SbF3,3.184,2.39588,4.19519
primary,gkf,1,0,gpr_sigma_scaled,Ca3AsBr3,1.634,0.80603,2.66647
primary,gkf,1,0,gpr_sigma_scaled,Mg3BiI3,0.224,-0.67298,0.78451
primary,gkf,1,0,gpr_sigma_scaled,Ba3PI3,0.764,0.03385,1.57069
primary,gkf,1,0,gpr_sigma_scaled,Ca3PBr3,1.8846,0.72531,2.81237
primary,gkf,1,0,gpr_sigma_scaled,Ca3PCl3,2.035,0.79072,3.06482
primary,gkf,1,0,gpr_sigma_scaled,Ca3PF3,2.518,1.4314,3.18695
primary,gkf,1,0,gpr_sigma_scaled,Ba3SbBr3,1.0819,0.37397,1.46452
primary,gkf,1,0,gpr_sigma_scaled,Ca3SbBr3,1.782,0.82015,2.5251
primary,gkf,2,0,gpr_sigma_scaled,Ba3AsBr3,0.92,0.5059,1.26709
primary,gkf,2,0,gpr_sigma_scaled,Ba3AsCl3,0.969,0.51259,1.3334
primary,gkf,2,0,gpr_sigma_scaled,Sr3AsCl3,1.7,1.15493,1.94378
primary,gkf,2,0,gpr_sigma_scaled,Ba3BiI3,0.786,0.39394,1.50085
primary,gkf,2,0,gpr_sigma_scaled,Mg3PBr3,1.506,1.10263,1.87835
primary,gkf,2,0,gpr_sigma_scaled,Ba3SbI3,0.78,0.4741,1.41867
primary,gkf,2,0,gpr_sigma_scaled,Ca3SbF3,2.19,1.0501,3.01779
primary,gkf,2,0,gpr_sigma_scaled,Sr3SbCl3,1.712,1.16045,1.92978
primary,gkf,3,0,gpr_sigma_scaled,Ba3AsI3,0.802,0.51364,0.92943
primary,gkf,3,0,gpr_sigma_scaled,Ba3BiBr3,0.912,0.80316,1.21147
primary,gkf,3,0,gpr_sigma_scaled,Mg3BiBr3,0.9648,0.62659,1.11457
primary,gkf,3,0,gpr_sigma_scaled,Sr3PBr3,1.55,1.41165,1.84207
primary,gkf,3,0,gpr_sigma_scaled,Sr3PCl3,1.677,1.54889,1.96597
primary,gkf,3,0,gpr_sigma_scaled,Ba3SbCl3,1.002,0.82549,1.21365
primary,gkf,3,0,gpr_sigma_scaled,Mg3SbCl3,1.7283,1.31418,1.90177
primary,gkf,3,0,gpr_sigma_scaled,Mg3SbI3,0.1057,0.01393,0.43206
primary,gkf,4,0,gpr_sigma_scaled,Mg3AsBr3,1.2907,1.16475,1.52088
primary,gkf,4,0,gpr_sigma_scaled,Ca3BiI3,1.36,0.97341,1.55527
primary,gkf,4,0,gpr_sigma_scaled,Ba3PCl3,0.964,0.81807,1.20275
primary,gkf,4,0,gpr_sigma_scaled,Ca3PI3,1.4909,1.14771,1.58865
primary,gkf,4,0,gpr_sigma_scaled,Ca3SbCl3,1.814,1.76297,2.13714
primary,gkf,4,0,gpr_sigma_scaled,Mg3SbBr3,0.9418,0.93741,1.26964
primary,gkf,4,0,gpr_sigma_scaled,Sr3SbI3,1.31,1.02503,1.43408
primary,gkf,5,1,gpr_sigma_scaled,Ba3AsBr3,0.92,0.70453,1.20786
primary,gkf,5,1,gpr_sigma_scaled,Ca3AsBr3,1.634,1.57903,2.08873
primary,gkf,5,1,gpr_sigma_scaled,Ba3BiCl3,0.957,0.66632,1.31335
primary,gkf,5,1,gpr_sigma_scaled,Mg3BiBr3,0.9648,0.85519,1.68356
primary,gkf,5,1,gpr_sigma_scaled,Mg3PI3,0.377,-0.14845,0.70541
primary,gkf,5,1,gpr_sigma_scaled,Ba3SbCl3,1.002,0.69645,1.28894
primary,gkf,5,1,gpr_sigma_scaled,Mg3SbBr3,0.9418,0.95636,1.66154
primary,gkf,5,1,gpr_sigma_scaled,Mg3SbCl3,1.7283,1.62028,2.49939
primary,gkf,6,1,gpr_sigma_scaled,Mg3AsBr3,1.2907,0.96424,1.61121
primary,gkf,6,1,gpr_sigma_scaled,Ba3BiI3,0.786,0.41777,1.18856
primary,gkf,6,1,gpr_sigma_scaled,Ca3PBr3,1.8846,1.38722,2.06946
primary,gkf,6,1,gpr_sigma_scaled,Ca3PI3,1.4909,0.82115,1.77331
primary,gkf,6,1,gpr_sigma_scaled,Mg3PCl3,2.297,1.68169,2.67824
primary,gkf,6,1,gpr_sigma_scaled,Ba3SbBr3,1.0819,0.61968,1.23248
primary,gkf,6,1,gpr_sigma_scaled,Ca3SbF3,2.19,1.44206,2.69137
primary,gkf,6,1,gpr_sigma_scaled,Mg3SbI3,0.1057,-0.12601,0.55613
primary,gkf,7,1,gpr_sigma_scaled,Ba3AsI3,0.802,0.4567,0.98669
primary,gkf,7,1,gpr_sigma_scaled,Sr3AsCl3,1.7,1.35855,1.8485
primary,gkf,7,1,gpr_sigma_scaled,Sr3AsI3,1.265,0.94372,1.47833
primary,gkf,7,1,gpr_sigma_scaled,Ba3PCl3,0.964,0.77426,1.31599
primary,gkf,7,1,gpr_sigma_scaled,Ca3PCl3,2.035,1.74658,2.28546
primary,gkf,7,1,gpr_sigma_scaled,Sr3PBr3,1.55,1.32838,1.81051
primary,gkf,7,1,gpr_sigma_scaled,Ba3SbI3,0.78,0.56012,1.06025
primary,gkf,7,1,gpr_sigma_scaled,Sr3SbI3,1.31,1.00323,1.54865
primary,gkf,8,1,gpr_sigma_scaled,Ba3AsCl3,0.969,0.85636,1.13383
primary,gkf,8,1,gpr_sigma_scaled,Ca3BiI3,1.36,1.10506,1.54787
primary,gkf,8,1,gpr_sigma_scaled,Mg3PBr3,1.506,1.287,1.59817
primary,gkf,8,1,gpr_sigma_scaled,Sr3PCl3,1.677,1.5671,1.86281
primary,gkf,8,1,gpr_sigma_scaled,Sr3PI3,1.258,1.16208,1.46346
primary,gkf,8,1,gpr_sigma_scaled,Ca3SbBr3,1.782,1.45833,1.78772
primary,gkf,8,1,gpr_sigma_scaled,Mg3SbF3,3.184,2.41494,4.1114
primary,gkf,8,1,gpr_sigma_scaled,Sr3SbCl3,1.712,1.42115,1.73273
primary,gkf,9,1,gpr_sigma_scaled,Ca3AsF3,2.27,1.90284,2.56051
primary,gkf,9,1,gpr_sigma_scaled,Ba3BiBr3,0.912,0.83289,1.14707
primary,gkf,9,1,gpr_sigma_scaled,Mg3BiI3,0.224,-0.17544,0.19872
primary,gkf,9,1,gpr_sigma_scaled,Ba3PBr3,0.944,0.78197,1.10985
primary,gkf,9,1,gpr_sigma_scaled,Ba3PI3,0.764,0.60992,0.98729
primary,gkf,9,1,gpr_sigma_scaled,Ca3PF3,2.518,1.82788,2.72063
primary,gkf,9,1,gpr_sigma_scaled,Ca3SbCl3,1.814,1.78824,2.14852
primary,gkf,10,2,gpr_sigma_scaled,Ba3AsCl3,0.969,0.78888,1.21326
primary,gkf,10,2,gpr_sigma_scaled,Ba3BiBr3,0.912,0.68611,1.19988
primary,gkf,10,2,gpr_sigma_scaled,Ba3BiCl3,0.957,0.70235,1.3014
primary,gkf,10,2,gpr_sigma_scaled,Ba3BiI3,0.786,0.58581,1.04266
primary,gkf,10,2,gpr_sigma_scaled,Ca3PCl3,2.035,1.79292,2.20528
primary,gkf,10,2,gpr_sigma_scaled,Mg3PCl3,2.297,1.79561,2.26496
primary,gkf,10,2,gpr_sigma_scaled,Ba3SbBr3,1.0819,0.70982,1.16476
primary,gkf,10,2,gpr_sigma_scaled,Ba3SbCl3,1.002,0.73685,1.26567
primary,gkf,11,2,gpr_sigma_scaled,Ba3AsI3,0.802,0.55666,0.91964
primary,gkf,11,2,gpr_sigma_scaled,Sr3AsCl3,1.7,1.45024,1.78186
primary,gkf,11,2,gpr_sigma_scaled,Sr3AsI3,1.265,1.00466,1.42943
primary,gkf,11,2,gpr_sigma_scaled,Ca3PI3,1.4909,1.11651,1.66533
primary,gkf,11,2,gpr_sigma_scaled,Sr3PI3,1.258,1.03593,1.49659
primary,gkf,11,2,gpr_sigma_scaled,Ba3SbI3,0.78,0.6587,0.99603
primary,gkf,11,2,gpr_sigma_scaled,Ca3SbBr3,1.782,1.52877,1.86968
primary,gkf,11,2,gpr_sigma_scaled,Mg3SbBr3,0.9418,0.93664,1.25075
primary,gkf,12,2,gpr_sigma_scaled,Ba3AsBr3,0.92,0.18894,1.71068
primary,gkf,12,2,gpr_sigma_scaled,Mg3BiBr3,0.9648,0.13422,1.69955
primary,gkf,12,2,gpr_sigma_scaled,Ba3PBr3,0.944,0.10567,1.79274
primary,gkf,12,2,gpr_sigma_scaled,Ba3PI3,0.764,-0.09764,1.69711
primary,gkf,12,2,gpr_sigma_scaled,Mg3PBr3,1.506,0.66748,2.22247
primary,gkf,12,2,gpr_sigma_scaled,Ca3SbF3,2.19,0.79321,3.41918
primary,gkf,12,2,gpr_sigma_scaled,Mg3SbI3,0.1057,-0.52913,0.97124
primary,gkf,12,2,gpr_sigma_scaled,Sr3SbI3,1.31,0.49057,2.02388
primary,gkf,13,2,gpr_sigma_scaled,Ca3AsBr3,1.634,1.57831,2.10642
primary,gkf,13,2,gpr_sigma_scaled,Mg3BiI3,0.224,-0.28985,0.30779
primary,gkf,13,2,gpr_sigma_scaled,Ca3PBr3,1.8846,1.57068,2.14871
primary,gkf,13,2,gpr_sigma_scaled,Ca3PF3,2.518,1.94328,2.65242
primary,gkf,13,2,gpr_sigma_scaled,Mg3PI3,0.377,0.0267,0.96584
primary,gkf,13,2,gpr_sigma_scaled,Sr3PBr3,1.55,1.2898,1.84236
primary,gkf,13,2,gpr_sigma_scaled,Ca3SbCl3,1.814,1.69654,2.28806
primary,gkf,13,2,gpr_sigma_scaled,Mg3SbCl3,1.7283,1.42431,2.11515
primary,gkf,14,2,gpr_sigma_scaled,Ca3AsF3,2.27,2.21921,2.56277
primary,gkf,14,2,gpr_sigma_scaled,Mg3AsBr3,1.2907,1.14486,1.47395
primary,gkf,14,2,gpr_sigma_scaled,Ca3BiI3,1.36,1.18046,1.65369
primary,gkf,14,2,gpr_sigma_scaled,Ba3PCl3,0.964,0.84745,1.21875
primary,gkf,14,2,gpr_sigma_scaled,Sr3PCl3,1.677,1.53669,1.87018
primary,gkf,14,2,gpr_sigma_scaled,Mg3SbF3,3.184,2.42318,4.28998
primary,gkf,14,2,gpr_sigma_scaled,Sr3SbCl3,1.712,1.41707,1.76157
primary,gkf,15,3,gpr_sigma_scaled,Ba3AsCl3,0.969,0.74113,1.22284
primary,gkf,15,3,gpr_sigma_scaled,Ba3BiBr3,0.912,0.74658,1.25622
primary,gkf,15,3,gpr_sigma_scaled,Ba3BiI3,0.786,0.55942,1.13308
primary,gkf,15,3,gpr_sigma_scaled,Mg3BiI3,0.224,-0.56869,0.35153
primary,gkf,15,3,gpr_sigma_scaled,Ca3PF3,2.518,2.00746,2.67883
primary,gkf,15,3,gpr_sigma_scaled,Ca3PI3,1.4909,1.07128,1.72052
primary,gkf,15,3,gpr_sigma_scaled,Mg3PBr3,1.506,1.23103,1.76491
primary,gkf,15,3,gpr_sigma_scaled,Mg3SbI3,0.1057,-0.40895,0.38562
primary,gkf,16,3,gpr_sigma_scaled,Ca3AsBr3,1.634,1.6641,1.93251
primary,gkf,16,3,gpr_sigma_scaled,Ca3PCl3,2.035,1.8944,2.22822
primary,gkf,16,3,gpr_sigma_scaled,Sr3PCl3,1.677,1.59196,1.8742
primary,gkf,16,3,gpr_sigma_scaled,Sr3PI3,1.258,1.15865,1.43703
primary,gkf,16,3,gpr_sigma_scaled,Ba3SbBr3,1.0819,0.79283,1.03678
primary,gkf,16,3,gpr_sigma_scaled,Ba3SbCl3,1.002,0.84293,1.09101
primary,gkf,16,3,gpr_sigma_scaled,Ca3SbBr3,1.782,1.54744,1.84969
primary,gkf,16,3,gpr_sigma_scaled,Mg3SbBr3,0.9418,0.94615,1.18912
primary,gkf,17,3,gpr_sigma_scaled,Ba3AsBr3,0.92,0.71724,1.15395
primary,gkf,17,3,gpr_sigma_scaled,Ca3AsF3,2.27,2.16338,2.77945
primary,gkf,17,3,gpr_sigma_scaled,Ca3BiI3,1.36,1.05059,1.63637
primary,gkf,17,3,gpr_sigma_scaled,Mg3PCl3,2.297,1.65396,2.24537
primary,gkf,17,3,gpr_sigma_scaled,Ca3SbCl3,1.814,1.6593,2.19324
primary,gkf,17,3,gpr_sigma_scaled,Ca3SbF3,2.19,1.94905,2.85073
primary,gkf,17,3,gpr_sigma_scaled,Mg3SbCl3,1.7283,1.34322,1.88534
primary,gkf,17,3,gpr_sigma_scaled,Sr3SbCl3,1.712,1.38715,1.89522
primary,gkf,18,3,gpr_sigma_scaled,Ba3AsI3,0.802,0.37797,1.129
primary,gkf,18,3,gpr_sigma_scaled,Mg3AsBr3,1.2907,0.92152,1.68101
primary,gkf,18,3,gpr_sigma_scaled,Sr3AsI3,1.265,0.89888,1.63751
primary,gkf,18,3,gpr_sigma_scaled,Ba3BiCl3,0.957,0.61664,1.42127
primary,gkf,18,3,gpr_sigma_scaled,Mg3BiBr3,0.9648,0.51921,1.31933
primary,gkf,18,3,gpr_sigma_scaled,Ca3PBr3,1.8846,1.40417,2.16303
primary,gkf,18,3,gpr_sigma_scaled,Sr3PBr3,1.55,1.17118,1.94657
primary,gkf,18,3,gpr_sigma_scaled,Mg3SbF3,3.184,1.16634,5.39449
primary,gkf,19,3,gpr_sigma_scaled,Sr3AsCl3,1.7,1.41106,1.78593
primary,gkf,19,3,gpr_sigma_scaled,Ba3PBr3,0.944,0.7812,1.21309
primary,gkf,19,3,gpr_sigma_scaled,Ba3PCl3,0.964,0.83704,1.2999
primary,gkf,19,3,gpr_sigma_scaled,Ba3PI3,0.764,0.62227,1.09417
primary,gkf,19,3,gpr_sigma_scaled,Mg3PI3,0.377,0.17879,0.85411
primary,gkf,19,3,gpr_sigma_scaled,Ba3SbI3,0.78,0.65317,1.0369
primary,gkf,19,3,gpr_sigma_scaled,Sr3SbI3,1.31,1.07592,1.46709
primary,gkf,20,4,gpr_sigma_scaled,Ca3AsF3,2.27,2.12848,2.66269
primary,gkf,20,4,gpr_sigma_scaled,Sr3AsI3,1.265,0.98253,1.63762
primary,gkf,20,4,gpr_sigma_scaled,Ba3BiCl3,0.957,0.72997,1.31396
primary,gkf,20,4,gpr_sigma_scaled,Mg3BiBr3,0.9648,0.63081,1.20291
primary,gkf,20,4,gpr_sigma_scaled,Ba3PCl3,0.964,0.69429,1.29327
primary,gkf,20,4,gpr_sigma_scaled,Ca3PBr3,1.8846,1.50329,2.03838
primary,gkf,20,4,gpr_sigma_scaled,Sr3PI3,1.258,0.98506,1.64675
primary,gkf,20,4,gpr_sigma_scaled,Sr3SbI3,1.31,0.96039,1.62909
primary,gkf,21,4,gpr_sigma_scaled,Ba3AsI3,0.802,0.12472,1.39795
primary,gkf,21,4,gpr_sigma_scaled,Ba3BiBr3,0.912,0.44706,1.54849
primary,gkf,21,4,gpr_sigma_scaled,Ba3PI3,0.764,-0.02142,1.51166
primary,gkf,21,4,gpr_sigma_scaled,Ca3PCl3,2.035,1.38325,2.61796
primary,gkf,21,4,gpr_sigma_scaled,Ca3PF3,2.518,1.563,3.06261
primary,gkf,21,4,gpr_sigma_scaled,Mg3PBr3,1.506,0.86273,2.01125
primary,gkf,21,4,gpr_sigma_scaled,Mg3SbF3,3.184,-0.55348,6.90819
primary,gkf,21,4,gpr_sigma_scaled,Sr3SbCl3,1.712,1.03288,2.17231
primary,gkf,22,4,gpr_sigma_scaled,Ba3AsBr3,0.92,0.82518,1.06261
primary,gkf,22,4,gpr_sigma_scaled,Sr3AsCl3,1.7,1.42561,1.70376
primary,gkf,22,4,gpr_sigma_scaled,Ba3BiI3,0.786,0.48519,1.04469
primary,gkf,22,4,gpr_sigma_scaled,Ba3SbCl3,1.002,0.97273,1.25285
primary,gkf,22,4,gpr_sigma_scaled,Ba3SbI3,0.78,0.68636,1.11372
primary,gkf,22,4,gpr_sigma_scaled,Ca3SbBr3,1.782,1.51308,1.95594
primary,gkf,22,4,gpr_sigma_scaled,Ca3SbCl3,1.814,1.66274,2.13225
primary,gkf,22,4,gpr_sigma_scaled,Mg3SbCl3,1.7283,1.36554,1.67227
primary,gkf,23,4,gpr_sigma_scaled,Ba3AsCl3,0.969,0.77977,1.17577
primary,gkf,23,4,gpr_sigma_scaled,Mg3BiI3,0.224,-0.23316,0.24923
primary,gkf,23,4,gpr_sigma_scaled,Ca3PI3,1.4909,1.16932,1.68074
primary,gkf,23,4,gpr_sigma_scaled,Mg3PCl3,2.297,1.82698,2.33267
primary,gkf,23,4,gpr_sigma_scaled,Mg3PI3,0.377,0.18623,0.80977
primary,gkf,23,4,gpr_sigma_scaled,Sr3PBr3,1.55,1.37728,1.77301
primary,gkf,23,4,gpr_sigma_scaled,Ba3SbBr3,1.0819,0.73921,1.117
primary,gkf,23,4,gpr_sigma_scaled,Ca3SbF3,2.19,1.89455,2.52066
primary,gkf,24,4,gpr_sigma_scaled,Ca3AsBr3,1.634,1.69067,1.97098
primary,gkf,24,4,gpr_sigma_scaled,Mg3AsBr3,1.2907,1.20985,1.50578
primary,gkf,24,4,gpr_sigma_scaled,Ca3BiI3,1.36,1.1927,1.65037
primary,gkf,24,4,gpr_sigma_scaled,Ba3PBr3,0.944,0.77344,1.07189
primary,gkf,24,4,gpr_sigma_scaled,Sr3PCl3,1.677,1.56075,1.85369
primary,gkf,24,4,gpr_sigma_scaled,Mg3SbBr3,0.9418,0.96055,1.24877
primary,gkf,24,4,gpr_sigma_scaled,Mg3SbI3,0.1057,0.08163,0.38635
primary,gkf,25,5,gpr_sigma_scaled,Ca3AsBr3,1.634,1.68799,2.08558
primary,gkf,25,5,gpr_sigma_scaled,Mg3AsBr3,1.2907,1.18056,1.67683
primary,gkf,25,5,gpr_sigma_scaled,Ba3PI3,0.764,0.61374,0.94882
primary,gkf,25,5,gpr_sigma_scaled,Ca3PBr3,1.8846,1.6852,2.08095
primary,gkf,25,5,gpr_sigma_scaled,Ca3PF3,2.518,2.09078,2.44556
primary,gkf,25,5,gpr_sigma_scaled,Mg3PBr3,1.506,1.22253,1.72753
primary,gkf,25,5,gpr_sigma_scaled,Sr3PCl3,1.677,1.51348,1.82094
primary,gkf,25,5,gpr_sigma_scaled,Sr3SbCl3,1.712,1.34952,1.7579
primary,gkf,26,5,gpr_sigma_scaled,Ca3AsF3,2.27,2.06284,2.72756
primary,gkf,26,5,gpr_sigma_scaled,Ba3BiBr3,0.912,0.51233,1.32151
primary,gkf,26,5,gpr_sigma_scaled,Ba3BiI3,0.786,0.40549,1.2247
primary,gkf,26,5,gpr_sigma_scaled,Ba3PBr3,0.944,0.53885,1.27603
primary,gkf,26,5,gpr_sigma_scaled,Ba3PCl3,0.964,0.5679,1.41107
primary,gkf,26,5,gpr_sigma_scaled,Ba3SbBr3,1.0819,0.55034,1.27104
primary,gkf,26,5,gpr_sigma_scaled,Ba3SbCl3,1.002,0.65611,1.29026
primary,gkf,26,5,gpr_sigma_scaled,Ca3SbBr3,1.782,1.28395,1.98552
primary,gkf,27,5,gpr_sigma_scaled,Ba3AsBr3,0.92,0.74919,1.09871
primary,gkf,27,5,gpr_sigma_scaled,Sr3AsI3,1.265,1.04174,1.41329
primary,gkf,27,5,gpr_sigma_scaled,Mg3BiI3,0.224,-0.19252,0.26193
primary,gkf,27,5,gpr_sigma_scaled,Ca3PI3,1.4909,1.14431,1.62457
primary,gkf,27,5,gpr_sigma_scaled,Mg3PI3,0.377,0.16575,0.85166
primary,gkf,27,5,gpr_sigma_scaled,Ca3SbCl3,1.814,1.75051,2.15924
primary,gkf,27,5,gpr_sigma_scaled,Ca3SbF3,2.19,1.68804,2.49573
primary,gkf,27,5,gpr_sigma_scaled,Mg3SbCl3,1.7283,1.43636,1.88384
primary,gkf,28,5,gpr_sigma_scaled,Ba3AsI3,0.802,0.58131,0.88849
primary,gkf,28,5,gpr_sigma_scaled,Sr3AsCl3,1.7,1.47896,1.78122
primary,gkf,28,5,gpr_sigma_scaled,Ba3BiCl3,0.957,0.84687,1.16526
primary,gkf,28,5,gpr_sigma_scaled,Ca3PCl3,2.035,1.84414,2.1578
primary,gkf,28,5,gpr_sigma_scaled,Mg3PCl3,2.297,1.83602,2.2071
primary,gkf,28,5,gpr_sigma_scaled,Sr3PBr3,1.55,1.42558,1.72067
primary,gkf,28,5,gpr_sigma_scaled,Mg3SbBr3,0.9418,0.98563,1.2761
primary,gkf,28,5,gpr_sigma_scaled,Mg3SbF3,3.184,2.33901,4.03121
primary,gkf,29,5,gpr_sigma_scaled,Ba3AsCl3,0.969,0.78076,1.16606
primary,gkf,29,5,gpr_sigma_scaled,Ca3BiI3,1.36,1.03594,1.71473
primary,gkf,29,5,gpr_sigma_scaled,Mg3BiBr3,0.9648,0.71799,1.13793
primary,gkf,29,5,gpr_sigma_scaled,Sr3PI3,1.258,1.09591,1.50373
primary,gkf,29,5,gpr_sigma_scaled,Ba3SbI3,0.78,0.61681,1.00738
primary,gkf,29,5,gpr_sigma_scaled,Mg3SbI3,0.1057,0.01097,0.41767
primary,gkf,29,5,gpr_sigma_scaled,Sr3SbI3,1.31,1.03618,1.5365
primary,gkf,30,6,gpr_sigma_scaled,Ca3AsF3,2.27,2.05758,2.72369
primary,gkf,30,6,gpr_sigma_scaled,Ba3BiCl3,0.957,0.63037,1.35583
primary,gkf,30,6,gpr_sigma_scaled,Ca3BiI3,1.36,0.89974,1.90777
primary,gkf,30,6,gpr_sigma_scaled,Mg3BiI3,0.224,-0.38806,0.41059
primary,gkf,30,6,gpr_sigma_scaled,Ca3PCl3,2.035,1.61875,2.38088
primary,gkf,30,6,gpr_sigma_scaled,Sr3PBr3,1.55,1.21575,1.90084
primary,gkf,30,6,gpr_sigma_scaled,Ba3SbBr3,1.0819,0.61152,1.23833
primary,gkf,30,6,gpr_sigma_scaled,Mg3SbCl3,1.7283,1.31309,2.12619
primary,gkf,31,6,gpr_sigma_scaled,Ba3AsCl3,0.969,0.75223,1.25077
primary,gkf,31,6,gpr_sigma_scaled,Ca3AsBr3,1.634,1.61287,2.11739
primary,gkf,31,6,gpr_sigma_scaled,Sr3AsI3,1.265,1.00162,1.55254
primary,gkf,31,6,gpr_sigma_scaled,Mg3BiBr3,0.9648,0.6166,1.21508
primary,gkf,31,6,gpr_sigma_scaled,Ca3PF3,2.518,1.8812,2.69191
primary,gkf,31,6,gpr_sigma_scaled,Ba3SbI3,0.78,0.56142,1.06241
primary,gkf,31,6,gpr_sigma_scaled,Ca3SbCl3,1.814,1.69524,2.30119
primary,gkf,31,6,gpr_sigma_scaled,Sr3SbI3,1.31,0.95629,1.55322
primary,gkf,32,6,gpr_sigma_scaled,Ba3AsBr3,0.92,0.76799,1.1102
primary,gkf,32,6,gpr_sigma_scaled,Mg3AsBr3,1.2907,1.12954,1.47442
primary,gkf,32,6,gpr_sigma_scaled,Ba3PBr3,0.944,0.78096,1.16695
primary,gkf,32,6,gpr_sigma_scaled,Ba3PCl3,0.964,0.84439,1.25398
primary,gkf,32,6,gpr_sigma_scaled,Sr3PCl3,1.677,1.57781,1.90749
primary,gkf,32,6,gpr_sigma_scaled,Sr3PI3,1.258,1.14544,1.47636
primary,gkf,32,6,gpr_sigma_scaled,Ca3SbF3,2.19,1.77198,2.41784
primary,gkf,32,6,gpr_sigma_scaled,Mg3SbF3,3.184,2.37744,4.18317
primary,gkf,33,6,gpr_sigma_scaled,Ba3AsI3,0.802,0.3327,1.19134
primary,gkf,33,6,gpr_sigma_scaled,Ba3BiBr3,0.912,0.55079,1.41497
primary,gkf,33,6,gpr_sigma_scaled,Ca3PI3,1.4909,0.86087,1.97132
primary,gkf,33,6,gpr_sigma_scaled,Mg3PBr3,1.506,0.78924,1.95565
primary,gkf,33,6,gpr_sigma_scaled,Mg3PCl3,2.297,1.33977,2.61972
primary,gkf,33,6,gpr_sigma_scaled,Mg3PI3,0.377,-0.27197,1.40106
primary,gkf,33,6,gpr_sigma_scaled,Ca3SbBr3,1.782,1.2366,2.12528
primary,gkf,33,6,gpr_sigma_scaled,Mg3SbI3,0.1057,-0.22324,0.79402
primary,gkf,34,6,gpr_sigma_scaled,Sr3AsCl3,1.7,1.37263,1.79703
primary,gkf,34,6,gpr_sigma_scaled,Ba3BiI3,0.786,0.60428,1.07515
primary,gkf,34,6,gpr_sigma_scaled,Ba3PI3,0.764,0.57111,1.05326
primary,gkf,34,6,gpr_sigma_scaled,Ca3PBr3,1.8846,1.61953,2.03014
primary,gkf,34,6,gpr_sigma_scaled,Ba3SbCl3,1.002,0.78626,1.19581
primary,gkf,34,6,gpr_sigma_scaled,Mg3SbBr3,0.9418,0.89804,1.29936
primary,gkf,34,6,gpr_sigma_scaled,Sr3SbCl3,1.712,1.34042,1.78892
primary,gkf,35,7,gpr_sigma_scaled,Ca3AsBr3,1.634,1.78235,1.96886
primary,gkf,35,7,gpr_sigma_scaled,Ca3AsF3,2.27,2.23806,2.58775
primary,gkf,35,7,gpr_sigma_scaled,Sr3AsI3,1.265,1.22472,1.46487
primary,gkf,35,7,gpr_sigma_scaled,Ca3BiI3,1.36,1.1681,1.6339
primary,gkf,35,7,gpr_sigma_scaled,Ba3PBr3,0.944,0.8108,0.96368
primary,gkf,35,7,gpr_sigma_scaled,Sr3PI3,1.258,1.20408,1.4216
primary,gkf,35,7,gpr_sigma_scaled,Ba3SbBr3,1.0819,0.88364,0.99142
primary,gkf,35,7,gpr_sigma_scaled,Ca3SbCl3,1.814,1.88215,2.10007
primary,gkf,36,7,gpr_sigma_scaled,Sr3AsCl3,1.7,1.47703,1.80713
primary,gkf,36,7,gpr_sigma_scaled,Ba3BiBr3,0.912,0.8293,1.16592
primary,gkf,36,7,gpr_sigma_scaled,Ba3BiI3,0.786,0.64603,1.02555
primary,gkf,36,7,gpr_sigma_scaled,Mg3BiBr3,0.9648,0.77254,1.18217
primary,gkf,36,7,gpr_sigma_scaled,Mg3BiI3,0.224,-0.20455,0.21054
primary,gkf,36,7,gpr_sigma_scaled,Ca3PF3,2.518,2.14346,2.59474
primary,gkf,36,7,gpr_sigma_scaled,Sr3PBr3,1.55,1.4152,1.74915
primary,gkf,36,7,gpr_sigma_scaled,Mg3SbBr3,0.9418,0.91095,1.27746
primary,gkf,37,7,gpr_sigma_scaled,Ba3PCl3,0.964,0.78587,1.26946
primary,gkf,37,7,gpr_sigma_scaled,Ca3PCl3,2.035,1.79242,2.31394
primary,gkf,37,7,gpr_sigma_scaled,Mg3PI3,0.377,0.13349,0.89208
primary,gkf,37,7,gpr_sigma_scaled,Sr3PCl3,1.677,1.52318,1.9786
primary,gkf,37,7,gpr_sigma_scaled,Ba3SbCl3,1.002,0.80439,1.20577
primary,gkf,37,7,gpr_sigma_scaled,Ca3SbBr3,1.782,1.44035,1.87946
primary,gkf,37,7,gpr_sigma_scaled,Ca3SbF3,2.19,1.61582,2.49528
primary,gkf,37,7,gpr_sigma_scaled,Mg3SbF3,3.184,1.86404,4.89664
primary,gkf,38,7,gpr_sigma_scaled,Ba3AsI3,0.802,0.531,1.04192
primary,gkf,38,7,gpr_sigma_scaled,Mg3AsBr3,1.2907,1.009,1.4848
primary,gkf,38,7,gpr_sigma_scaled,Ba3PI3,0.764,0.49111,1.06239
primary,gkf,38,7,gpr_sigma_scaled,Ca3PI3,1.4909,1.15033,1.69532
primary,gkf,38,7,gpr_sigma_scaled,Mg3PCl3,2.297,1.64343,2.2553
primary,gkf,38,7,gpr_sigma_scaled,Mg3SbCl3,1.7283,1.32316,1.86952
primary,gkf,38,7,gpr_sigma_scaled,Sr3SbCl3,1.712,1.35489,1.83539
primary,gkf,38,7,gpr_sigma_scaled,Sr3SbI3,1.31,0.99662,1.47062
primary,gkf,39,7,gpr_sigma_scaled,Ba3AsBr3,0.92,0.73798,1.16877
primary,gkf,39,7,gpr_sigma_scaled,Ba3AsCl3,0.969,0.78498,1.22964
primary,gkf,39,7,gpr_sigma_scaled,Ba3BiCl3,0.957,0.77289,1.27483
primary,gkf,39,7,gpr_sigma_scaled,Ca3PBr3,1.8846,1.5412,1.99936
primary,gkf,39,7,gpr_sigma_scaled,Mg3PBr3,1.506,1.19248,1.67904
primary,gkf,39,7,gpr_sigma_scaled,Ba3SbI3,0.78,0.58173,1.02809
primary,gkf,39,7,gpr_sigma_scaled,Mg3SbI3,0.1057,-0.0129,0.45841
primary,gkf,40,8,gpr_sigma_scaled,Ca3BiI3,1.36,1.0575,1.76246
primary,gkf,40,8,gpr_sigma_scaled,Ba3PI3,0.764,0.53632,1.07119
primary,gkf,40,8,gpr_sigma_scaled,Mg3PBr3,1.506,1.24994,1.8014
primary,gkf,40,8,gpr_sigma_scaled,Mg3PI3,0.377,-0.01917,1.04653
primary,gkf,40,8,gpr_sigma_scaled,Sr3PBr3,1.55,1.32687,1.7602
primary,gkf,40,8,gpr_sigma_scaled,Ba3SbBr3,1.0819,0.70742,1.11899
primary,gkf,40,8,gpr_sigma_scaled,Ca3SbF3,2.19,1.53371,2.4863
primary,gkf,40,8,gpr_sigma_scaled,Sr3SbCl3,1.712,1.34062,1.81342
primary,gkf,41,8,gpr_sigma_scaled,Ba3AsCl3,0.969,0.85786,1.17566
primary,gkf,41,8,gpr_sigma_scaled,Mg3AsBr3,1.2907,1.10822,1.41859
primary,gkf,41,8,gpr_sigma_scaled,Ba3BiCl3,0.957,0.86026,1.2293
primary,gkf,41,8,gpr_sigma_scaled,Mg3BiI3,0.224,-0.17514,0.18859
primary,gkf,41,8,gpr_sigma_scaled,Ca3PF3,2.518,2.09976,2.50624
primary,gkf,41,8,gpr_sigma_scaled,Mg3PCl3,2.297,1.77951,2.19123
primary,gkf,41,8,gpr_sigma_scaled,Ba3SbCl3,1.002,0.86513,1.2089
primary,gkf,41,8,gpr_sigma_scaled,Mg3SbCl3,1.7283,1.43445,1.79608
primary,gkf,42,8,gpr_sigma_scaled,Ca3AsBr3,1.634,1.65474,1.96262
primary,gkf,42,8,gpr_sigma_scaled,Sr3AsI3,1.265,1.10993,1.42309
primary,gkf,42,8,gpr_sigma_scaled,Ba3BiI3,0.786,0.6617,1.12852
primary,gkf,42,8,gpr_sigma_scaled,Ca3PI3,1.4909,1.18928,1.6048
primary,gkf,42,8,gpr_sigma_scaled,Ba3SbI3,0.78,0.69791,1.09111
primary,gkf,42,8,gpr_sigma_scaled,Mg3SbBr3,0.9418,0.94727,1.24523
primary,gkf,42,8,gpr_sigma_scaled,Mg3SbF3,3.184,2.28605,4.43735
primary,gkf,42,8,gpr_sigma_scaled,Mg3SbI3,0.1057,0.0708,0.39787
primary,gkf,43,8,gpr_sigma_scaled,Ba3AsBr3,0.92,0.76335,1.13947
primary,gkf,43,8,gpr_sigma_scaled,Ba3AsI3,0.802,0.59625,0.94585
primary,gkf,43,8,gpr_sigma_scaled,Mg3BiBr3,0.9648,0.72918,1.10743
primary,gkf,43,8,gpr_sigma_scaled,Ba3PBr3,0.944,0.73935,1.16354
primary,gkf,43,8,gpr_sigma_scaled,Ba3PCl3,0.964,0.80055,1.22782
primary,gkf,43,8,gpr_sigma_scaled,Ca3PCl3,2.035,1.81513,2.22101
primary,gkf,43,8,gpr_sigma_scaled,Ca3SbBr3,1.782,1.47169,1.84721
primary,gkf,43,8,gpr_sigma_scaled,Sr3SbI3,1.31,1.06388,1.43841
primary,gkf,44,8,gpr_sigma_scaled,Ca3AsF3,2.27,2.25736,2.57158
primary,gkf,44,8,gpr_sigma_scaled,Sr3AsCl3,1.7,1.49948,1.76808
primary,gkf,44,8,gpr_sigma_scaled,Ba3BiBr3,0.912,0.94703,1.13668
primary,gkf,44,8,gpr_sigma_scaled,Ca3PBr3,1.8846,1.6631,1.85405
primary,gkf,44,8,gpr_sigma_scaled,Sr3PCl3,1.677,1.59064,1.82141
primary,gkf,44,8,gpr_sigma_scaled,Sr3PI3,1.258,1.23156,1.42576
primary,gkf,44,8,gpr_sigma_scaled,Ca3SbCl3,1.814,1.83342,2.10975
primary,gkf,45,9,gpr_sigma_scaled,Ca3AsBr3,1.634,1.33776,2.3216
primary,gkf,45,9,gpr_sigma_scaled,Ba3BiBr3,0.912,0.48807,1.60759
primary,gkf,45,9,gpr_sigma_scaled,Ba3BiCl3,0.957,0.45658,1.68533
primary,gkf,45,9,gpr_sigma_scaled,Ba3PBr3,0.944,0.35627,1.46161
primary,gkf,45,9,gpr_sigma_scaled,Ba3PI3,0.764,0.10341,1.44072
primary,gkf,45,9,gpr_sigma_scaled,Mg3PI3,0.377,-0.63329,1.55629
primary,gkf,45,9,gpr_sigma_scaled,Ba3SbI3,0.78,0.30821,1.3029
primary,gkf,45,9,gpr_sigma_scaled,Sr3SbI3,1.31,0.6942,1.82087
primary,gkf,46,9,gpr_sigma_scaled,Ca3PBr3,1.8846,1.2047,2.1975
primary,gkf,46,9,gpr_sigma_scaled,Ca3PCl3,2.035,1.37219,2.46242
primary,gkf,46,9,gpr_sigma_scaled,Ca3PI3,1.4909,0.68662,1.89595
primary,gkf,46,9,gpr_sigma_scaled,Mg3PCl3,2.297,1.45179,2.6589
primary,gkf,46,9,gpr_sigma_scaled,Sr3PCl3,1.677,1.23503,2.14726
primary,gkf,46,9,gpr_sigma_scaled,Ba3SbCl3,1.002,0.56715,1.40467
primary,gkf,46,9,gpr_sigma_scaled,Mg3SbCl3,1.7283,1.08254,2.12418
primary,gkf,46,9,gpr_sigma_scaled,Mg3SbI3,0.1057,-0.22721,0.67994
primary,gkf,47,9,gpr_sigma_scaled,Ba3AsCl3,0.969,0.78071,1.27129
primary,gkf,47,9,gpr_sigma_scaled,Ca3AsF3,2.27,2.14079,2.73906
primary,gkf,47,9,gpr_sigma_scaled,Ca3BiI3,1.36,1.08223,1.73954
primary,gkf,47,9,gpr_sigma_scaled,Mg3BiI3,0.224,-0.25532,0.27875
primary,gkf,47,9,gpr_sigma_scaled,Ba3PCl3,0.964,0.75884,1.33155
primary,gkf,47,9,gpr_sigma_scaled,Mg3PBr3,1.506,1.24168,1.70909
primary,gkf,47,9,gpr_sigma_scaled,Ba3SbBr3,1.0819,0.70582,1.12153
primary,gkf,47,9,gpr_sigma_scaled,Ca3SbF3,2.19,1.8065,2.80763
primary,gkf,48,9,gpr_sigma_scaled,Ba3AsBr3,0.92,0.71329,1.19745
primary,gkf,48,9,gpr_sigma_scaled,Ba3AsI3,0.802,0.52788,1.02864
primary,gkf,48,9,gpr_sigma_scaled,Mg3AsBr3,1.2907,1.05758,1.54861
primary,gkf,48,9,gpr_sigma_scaled,Sr3AsI3,1.265,1.04104,1.53244
primary,gkf,48,9,gpr_sigma_scaled,Ca3PF3,2.518,1.97696,2.69928
primary,gkf,48,9,gpr_sigma_scaled,Ca3SbBr3,1.782,1.31872,1.96525
primary,gkf,48,9,gpr_sigma_scaled,Ca3SbCl3,1.814,1.44284,2.20475
primary,gkf,48,9,gpr_sigma_scaled,Sr3SbCl3,1.712,1.26342,1.90083
primary,gkf,49,9,gpr_sigma_scaled,Sr3AsCl3,1.7,1.4188,1.83189
primary,gkf,49,9,gpr_sigma_scaled,Ba3BiI3,0.786,0.5917,1.05997
primary,gkf,49,9,gpr_sigma_scaled,Mg3BiBr3,0.9648,0.79556,1.28327
primary,gkf,49,9,gpr_sigma_scaled,Sr3PBr3,1.55,1.37305,1.78617
primary,gkf,49,9,gpr_sigma_scaled,Sr3PI3,1.258,1.10101,1.52756
primary,gkf,49,9,gpr_sigma_scaled,Mg3SbBr3,0.9418,0.91002,1.3554
primary,gkf,49,9,gpr_sigma_scaled,Mg3SbF3,3.184,2.28016,4.74579
primary,gkf,0,0,gpr_physics9_cvplus,Ca3AsF3,2.27,2.14118,2.61537
primary,gkf,0,0,gpr_physics9_cvplus,Sr3AsI3,1.265,1.08589,1.53692
primary,gkf,0,0,gpr_physics9_cvplus,Ba3BiCl3,0.957,0.80365,1.25468
primary,gkf,0,0,gpr_physics9_cvplus,Ba3PBr3,0.944,0.69365,1.14064
primary,gkf,0,0,gpr_physics9_cvplus,Mg3PCl3,2.297,1.73592,2.28698
primary,gkf,0,0,gpr_physics9_cvplus,Mg3PI3,0.377,0.34908,0.77373
primary,gkf,0,0,gpr_physics9_cvplus,Sr3PI3,1.258,1.09593,1.54511
primary,gkf,0,0,gpr_physics9_cvplus,Mg3SbF3,3.184,2.5398,3.50451
primary,gkf,1,0,gpr_physics9_cvplus,Ca3AsBr3,1.634,0.70383,2.80865
primary,gkf,1,0,gpr_physics9_cvplus,Mg3BiI3,0.224,-0.13242,2.38235
primary,gkf,1,0,gpr_physics9_cvplus,Ba3PI3,0.764,-0.24658,1.85824
primary,gkf,1,0,gpr_physics9_cvplus,Ca3PBr3,1.8846,0.69966,2.80449
primary,gkf,1,0,gpr_physics9_cvplus,Ca3PCl3,2.035,0.76877,2.87359
primary,gkf,1,0,gpr_physics9_cvplus,Ca3PF3,2.518,1.20939,3.31422
primary,gkf,1,0,gpr_physics9_cvplus,Ba3SbBr3,1.0819,-0.18027,1.92455
primary,gkf,1,0,gpr_physics9_cvplus,Ca3SbBr3,1.782,0.72307,2.82789
primary,gkf,2,0,gpr_physics9_cvplus,Ba3AsBr3,0.92,0.66806,1.20689
primary,gkf,2,0,gpr_physics9_cvplus,Ba3AsCl3,0.969,0.66903,1.24756
primary,gkf,2,0,gpr_physics9_cvplus,Sr3AsCl3,1.7,1.28047,1.87977
primary,gkf,2,0,gpr_physics9_cvplus,Ba3BiI3,0.786,0.55946,1.15985
primary,gkf,2,0,gpr_physics9_cvplus,Mg3PBr3,1.506,0.8903,1.77883
primary,gkf,2,0,gpr_physics9_cvplus,Ba3SbI3,0.78,0.58852,1.20369
primary,gkf,2,0,gpr_physics9_cvplus,Ca3SbF3,2.19,1.82363,2.45769
primary,gkf,2,0,gpr_physics9_cvplus,Sr3SbCl3,1.712,1.33295,1.87178
primary,gkf,3,0,gpr_physics9_cvplus,Ba3AsI3,0.802,0.43713,1.03431
primary,gkf,3,0,gpr_physics9_cvplus,Ba3BiBr3,0.912,0.71527,1.3679
primary,gkf,3,0,gpr_physics9_cvplus,Mg3BiBr3,0.9648,0.55831,1.4513
primary,gkf,3,0,gpr_physics9_cvplus,Sr3PBr3,1.55,1.17402,1.82665
primary,gkf,3,0,gpr_physics9_cvplus,Sr3PCl3,1.677,1.41923,2.01641
primary,gkf,3,0,gpr_physics9_cvplus,Ba3SbCl3,1.002,0.73256,1.33887
primary,gkf,3,0,gpr_physics9_cvplus,Mg3SbCl3,1.7283,1.47512,2.11856
primary,gkf,3,0,gpr_physics9_cvplus,Mg3SbI3,0.1057,-0.03237,0.6015
primary,gkf,4,0,gpr_physics9_cvplus,Mg3AsBr3,1.2907,1.09448,1.58126
primary,gkf,4,0,gpr_physics9_cvplus,Ca3BiI3,1.36,1.02183,1.49892
primary,gkf,4,0,gpr_physics9_cvplus,Ba3PCl3,0.964,0.80609,1.266
primary,gkf,4,0,gpr_physics9_cvplus,Ca3PI3,1.4909,1.13616,1.62199
primary,gkf,4,0,gpr_physics9_cvplus,Ca3SbCl3,1.814,1.70637,2.18081
primary,gkf,4,0,gpr_physics9_cvplus,Mg3SbBr3,0.9418,0.88342,1.34326
primary,gkf,4,0,gpr_physics9_cvplus,Sr3SbI3,1.31,0.96757,1.44473
primary,gkf,5,1,gpr_physics9_cvplus,Ba3AsBr3,0.92,0.71393,1.19568
primary,gkf,5,1,gpr_physics9_cvplus,Ca3AsBr3,1.634,1.60333,2.07728
primary,gkf,5,1,gpr_physics9_cvplus,Ba3BiCl3,0.957,0.76697,1.29169
primary,gkf,5,1,gpr_physics9_cvplus,Mg3BiBr3,0.9648,0.72294,1.58561
primary,gkf,5,1,gpr_physics9_cvplus,Mg3PI3,0.377,0.02126,0.98354
primary,gkf,5,1,gpr_physics9_cvplus,Ba3SbCl3,1.002,0.76859,1.26294
primary,gkf,5,1,gpr_physics9_cvplus,Mg3SbBr3,0.9418,0.83547,1.58775
primary,gkf,5,1,gpr_physics9_cvplus,Mg3SbCl3,1.7283,1.32213,2.32183
primary,gkf,6,1,gpr_physics9_cvplus,Mg3AsBr3,1.2907,0.62584,1.70345
primary,gkf,6,1,gpr_physics9_cvplus,Ba3BiI3,0.786,0.54593,1.12166
primary,gkf,6,1,gpr_physics9_cvplus,Ca3PBr3,1.8846,1.40633,2.0906
primary,gkf,6,1,gpr_physics9_cvplus,Ca3PI3,1.4909,0.99482,1.64582
primary,gkf,6,1,gpr_physics9_cvplus,Mg3PCl3,2.297,1.30619,2.42886
primary,gkf,6,1,gpr_physics9_cvplus,Ba3SbBr3,1.0819,0.66476,1.24871
primary,gkf,6,1,gpr_physics9_cvplus,Ca3SbF3,2.19,1.71998,2.66221
primary,gkf,6,1,gpr_physics9_cvplus,Mg3SbI3,0.1057,-0.11298,0.53012
primary,gkf,7,1,gpr_physics9_cvplus,Ba3AsI3,0.802,0.41732,1.00791
primary,gkf,7,1,gpr_physics9_cvplus,Sr3AsCl3,1.7,1.22017,1.95497
primary,gkf,7,1,gpr_physics9_cvplus,Sr3AsI3,1.265,0.84929,1.49827
primary,gkf,7,1,gpr_physics9_cvplus,Ba3PCl3,0.964,0.77142,1.38602
primary,gkf,7,1,gpr_physics9_cvplus,Ca3PCl3,2.035,1.70989,2.38469
primary,gkf,7,1,gpr_physics9_cvplus,Sr3PBr3,1.55,1.26331,1.84071
primary,gkf,7,1,gpr_physics9_cvplus,Ba3SbI3,0.78,0.56513,1.27354
primary,gkf,7,1,gpr_physics9_cvplus,Sr3SbI3,1.31,0.96557,1.53817
primary,gkf,8,1,gpr_physics9_cvplus,Ba3AsCl3,0.969,0.80306,1.19796
primary,gkf,8,1,gpr_physics9_cvplus,Ca3BiI3,1.36,1.03679,1.49419
primary,gkf,8,1,gpr_physics9_cvplus,Mg3PBr3,1.506,1.16284,1.65147
primary,gkf,8,1,gpr_physics9_cvplus,Sr3PCl3,1.677,1.51263,1.91382
primary,gkf,8,1,gpr_physics9_cvplus,Sr3PI3,1.258,1.092,1.49386
primary,gkf,8,1,gpr_physics9_cvplus,Ca3SbBr3,1.782,1.42151,1.81622
primary,gkf,8,1,gpr_physics9_cvplus,Mg3SbF3,3.184,2.99233,3.53503
primary,gkf,8,1,gpr_physics9_cvplus,Sr3SbCl3,1.712,1.37432,1.76902
primary,gkf,9,1,gpr_physics9_cvplus,Ca3AsF3,2.27,1.75652,2.42189
primary,gkf,9,1,gpr_physics9_cvplus,Ba3BiBr3,0.912,0.80663,1.23984
primary,gkf,9,1,gpr_physics9_cvplus,Mg3BiI3,0.224,-0.2333,0.25598
primary,gkf,9,1,gpr_physics9_cvplus,Ba3PBr3,0.944,0.75381,1.20136
primary,gkf,9,1,gpr_physics9_cvplus,Ba3PI3,0.764,0.54802,1.00417
primary,gkf,9,1,gpr_physics9_cvplus,Ca3PF3,2.518,1.7929,2.48685
primary,gkf,9,1,gpr_physics9_cvplus,Ca3SbCl3,1.814,1.7075,2.1912
primary,gkf,10,2,gpr_physics9_cvplus,Ba3AsCl3,0.969,0.72425,1.29108
primary,gkf,10,2,gpr_physics9_cvplus,Ba3BiBr3,0.912,0.61576,1.197
primary,gkf,10,2,gpr_physics9_cvplus,Ba3BiCl3,0.957,0.67828,1.29445
primary,gkf,10,2,gpr_physics9_cvplus,Ba3BiI3,0.786,0.49977,1.06178
primary,gkf,10,2,gpr_physics9_cvplus,Ca3PCl3,2.035,1.71144,2.26568
primary,gkf,10,2,gpr_physics9_cvplus,Mg3PCl3,2.297,1.432,2.22939
primary,gkf,10,2,gpr_physics9_cvplus,Ba3SbBr3,1.0819,0.62612,1.18756
primary,gkf,10,2,gpr_physics9_cvplus,Ba3SbCl3,1.002,0.69256,1.29222
primary,gkf,11,2,gpr_physics9_cvplus,Ba3AsI3,0.802,0.5466,0.95905
primary,gkf,11,2,gpr_physics9_cvplus,Sr3AsCl3,1.7,1.38925,1.82565
primary,gkf,11,2,gpr_physics9_cvplus,Sr3AsI3,1.265,0.97125,1.47862
primary,gkf,11,2,gpr_physics9_cvplus,Ca3PI3,1.4909,1.23686,1.67325
primary,gkf,11,2,gpr_physics9_cvplus,Sr3PI3,1.258,1.10565,1.50966
primary,gkf,11,2,gpr_physics9_cvplus,Ba3SbI3,0.78,0.62754,1.05384
primary,gkf,11,2,gpr_physics9_cvplus,Ca3SbBr3,1.782,1.47522,1.9117
primary,gkf,11,2,gpr_physics9_cvplus,Mg3SbBr3,0.9418,0.88364,1.28095
primary,gkf,12,2,gpr_physics9_cvplus,Ba3AsBr3,0.92,0.52495,1.62754
primary,gkf,12,2,gpr_physics9_cvplus,Mg3BiBr3,0.9648,0.50351,1.48128
primary,gkf,12,2,gpr_physics9_cvplus,Ba3PBr3,0.944,0.51527,1.61943
primary,gkf,12,2,gpr_physics9_cvplus,Ba3PI3,0.764,0.40838,1.18139
primary,gkf,12,2,gpr_physics9_cvplus,Mg3PBr3,1.506,0.99337,1.87153
primary,gkf,12,2,gpr_physics9_cvplus,Ca3SbF3,2.19,1.62024,2.54725
primary,gkf,12,2,gpr_physics9_cvplus,Mg3SbI3,0.1057,-0.08554,0.72383
primary,gkf,12,2,gpr_physics9_cvplus,Sr3SbI3,1.31,0.84575,1.61877
primary,gkf,13,2,gpr_physics9_cvplus,Ca3AsBr3,1.634,1.62944,2.11276
primary,gkf,13,2,gpr_physics9_cvplus,Mg3BiI3,0.224,-0.16373,0.2631
primary,gkf,13,2,gpr_physics9_cvplus,Ca3PBr3,1.8846,1.63249,2.12113
primary,gkf,13,2,gpr_physics9_cvplus,Ca3PF3,2.518,2.05994,2.48677
primary,gkf,13,2,gpr_physics9_cvplus,Mg3PI3,0.377,0.21101,0.63784
primary,gkf,13,2,gpr_physics9_cvplus,Sr3PBr3,1.55,1.35961,1.78764
primary,gkf,13,2,gpr_physics9_cvplus,Ca3SbCl3,1.814,1.7771,2.2314
primary,gkf,13,2,gpr_physics9_cvplus,Mg3SbCl3,1.7283,1.33294,2.01417
primary,gkf,14,2,gpr_physics9_cvplus,Ca3AsF3,2.27,2.08193,2.6032
primary,gkf,14,2,gpr_physics9_cvplus,Mg3AsBr3,1.2907,1.07477,1.5657
primary,gkf,14,2,gpr_physics9_cvplus,Ca3BiI3,1.36,1.09285,1.59496
primary,gkf,14,2,gpr_physics9_cvplus,Ba3PCl3,0.964,0.77163,1.27511
primary,gkf,14,2,gpr_physics9_cvplus,Sr3PCl3,1.677,1.44232,1.90871
primary,gkf,14,2,gpr_physics9_cvplus,Mg3SbF3,3.184,2.89077,3.65072
primary,gkf,14,2,gpr_physics9_cvplus,Sr3SbCl3,1.712,1.32662,1.8259
primary,gkf,15,3,gpr_physics9_cvplus,Ba3AsCl3,0.969,0.62366,1.30502
primary,gkf,15,3,gpr_physics9_cvplus,Ba3BiBr3,0.912,0.70225,1.39881
primary,gkf,15,3,gpr_physics9_cvplus,Ba3BiI3,0.786,0.48984,1.17121
primary,gkf,15,3,gpr_physics9_cvplus,Mg3BiI3,0.224,-0.34444,0.66892
primary,gkf,15,3,gpr_physics9_cvplus,Ca3PF3,2.518,1.66651,2.50739
primary,gkf,15,3,gpr_physics9_cvplus,Ca3PI3,1.4909,1.04205,1.70532
primary,gkf,15,3,gpr_physics9_cvplus,Mg3PBr3,1.506,0.95562,1.68889
primary,gkf,15,3,gpr_physics9_cvplus,Mg3SbI3,0.1057,-0.22331,0.67331
primary,gkf,16,3,gpr_physics9_cvplus,Ca3AsBr3,1.634,1.5988,2.06416
primary,gkf,16,3,gpr_physics9_cvplus,Ca3PCl3,2.035,1.86158,2.32694
primary,gkf,16,3,gpr_physics9_cvplus,Sr3PCl3,1.677,1.52643,1.94122
primary,gkf,16,3,gpr_physics9_cvplus,Sr3PI3,1.258,1.08232,1.51286
primary,gkf,16,3,gpr_physics9_cvplus,Ba3SbBr3,1.0819,0.71062,1.12403
primary,gkf,16,3,gpr_physics9_cvplus,Ba3SbCl3,1.002,0.75483,1.17804
primary,gkf,16,3,gpr_physics9_cvplus,Ca3SbBr3,1.782,1.52632,2.00593
primary,gkf,16,3,gpr_physics9_cvplus,Mg3SbBr3,0.9418,0.82636,1.26393
primary,gkf,17,3,gpr_physics9_cvplus,Ba3AsBr3,0.92,0.63485,1.21718
primary,gkf,17,3,gpr_physics9_cvplus,Ca3AsF3,2.27,2.20554,2.76304
primary,gkf,17,3,gpr_physics9_cvplus,Ca3BiI3,1.36,1.09995,1.64337
primary,gkf,17,3,gpr_physics9_cvplus,Mg3PCl3,2.297,1.64708,2.34514
primary,gkf,17,3,gpr_physics9_cvplus,Ca3SbCl3,1.814,1.66027,2.24822
primary,gkf,17,3,gpr_physics9_cvplus,Ca3SbF3,2.19,2.01097,2.65772
primary,gkf,17,3,gpr_physics9_cvplus,Mg3SbCl3,1.7283,1.30443,2.06764
primary,gkf,17,3,gpr_physics9_cvplus,Sr3SbCl3,1.712,1.36004,1.93516
primary,gkf,18,3,gpr_physics9_cvplus,Ba3AsI3,0.802,0.49847,1.00295
primary,gkf,18,3,gpr_physics9_cvplus,Mg3AsBr3,1.2907,0.9954,1.68914
primary,gkf,18,3,gpr_physics9_cvplus,Sr3AsI3,1.265,0.97406,1.5009
primary,gkf,18,3,gpr_physics9_cvplus,Ba3BiCl3,0.957,0.79167,1.41367
primary,gkf,18,3,gpr_physics9_cvplus,Mg3BiBr3,0.9648,0.67829,1.28313
primary,gkf,18,3,gpr_physics9_cvplus,Ca3PBr3,1.8846,1.41597,2.01404
primary,gkf,18,3,gpr_physics9_cvplus,Sr3PBr3,1.55,1.185,1.79436
primary,gkf,18,3,gpr_physics9_cvplus,Mg3SbF3,3.184,2.29001,3.76507
primary,gkf,19,3,gpr_physics9_cvplus,Sr3AsCl3,1.7,1.38725,1.85198
primary,gkf,19,3,gpr_physics9_cvplus,Ba3PBr3,0.944,0.73534,1.20007
primary,gkf,19,3,gpr_physics9_cvplus,Ba3PCl3,0.964,0.81484,1.27957
primary,gkf,19,3,gpr_physics9_cvplus,Ba3PI3,0.764,0.5949,1.05963
primary,gkf,19,3,gpr_physics9_cvplus,Mg3PI3,0.377,0.23264,0.74899
primary,gkf,19,3,gpr_physics9_cvplus,Ba3SbI3,0.78,0.58312,1.10024
primary,gkf,19,3,gpr_physics9_cvplus,Sr3SbI3,1.31,1.02473,1.57415
primary,gkf,20,4,gpr_physics9_cvplus,Ca3AsF3,2.27,2.02909,2.6431
primary,gkf,20,4,gpr_physics9_cvplus,Sr3AsI3,1.265,0.98435,1.53533
primary,gkf,20,4,gpr_physics9_cvplus,Ba3BiCl3,0.957,0.76648,1.34117
primary,gkf,20,4,gpr_physics9_cvplus,Mg3BiBr3,0.9648,0.62379,1.2643
primary,gkf,20,4,gpr_physics9_cvplus,Ba3PCl3,0.964,0.70783,1.30052
primary,gkf,20,4,gpr_physics9_cvplus,Ca3PBr3,1.8846,1.46118,2.07795
primary,gkf,20,4,gpr_physics9_cvplus,Sr3PI3,1.258,1.01548,1.56503
primary,gkf,20,4,gpr_physics9_cvplus,Sr3SbI3,1.31,0.99236,1.53786
primary,gkf,21,4,gpr_physics9_cvplus,Ba3AsI3,0.802,0.47906,1.01532
primary,gkf,21,4,gpr_physics9_cvplus,Ba3BiBr3,0.912,0.72291,1.32222
primary,gkf,21,4,gpr_physics9_cvplus,Ba3PI3,0.764,0.46553,1.01344
primary,gkf,21,4,gpr_physics9_cvplus,Ca3PCl3,2.035,1.47352,2.2791
primary,gkf,21,4,gpr_physics9_cvplus,Ca3PF3,2.518,1.99442,2.57028
primary,gkf,21,4,gpr_physics9_cvplus,Mg3PBr3,1.506,1.05914,1.67734
primary,gkf,21,4,gpr_physics9_cvplus,Mg3SbF3,3.184,1.45883,4.04123
primary,gkf,21,4,gpr_physics9_cvplus,Sr3SbCl3,1.712,1.34389,1.9697
primary,gkf,22,4,gpr_physics9_cvplus,Ba3AsBr3,0.92,0.25919,1.64571
primary,gkf,22,4,gpr_physics9_cvplus,Sr3AsCl3,1.7,0.93824,2.32476
primary,gkf,22,4,gpr_physics9_cvplus,Ba3BiI3,0.786,0.15011,1.43585
primary,gkf,22,4,gpr_physics9_cvplus,Ba3SbCl3,1.002,0.41547,1.76292
primary,gkf,22,4,gpr_physics9_cvplus,Ba3SbI3,0.78,0.20623,1.59275
primary,gkf,22,4,gpr_physics9_cvplus,Ca3SbBr3,1.782,1.16518,2.49634
primary,gkf,22,4,gpr_physics9_cvplus,Ca3SbCl3,1.814,1.3315,2.65549
primary,gkf,22,4,gpr_physics9_cvplus,Mg3SbCl3,1.7283,0.91943,2.26249
primary,gkf,23,4,gpr_physics9_cvplus,Ba3AsCl3,0.969,0.72533,1.20106
primary,gkf,23,4,gpr_physics9_cvplus,Mg3BiI3,0.224,-0.19648,0.41504
primary,gkf,23,4,gpr_physics9_cvplus,Ca3PI3,1.4909,1.16132,1.67843
primary,gkf,23,4,gpr_physics9_cvplus,Mg3PCl3,2.297,1.85748,2.31667
primary,gkf,23,4,gpr_physics9_cvplus,Mg3PI3,0.377,0.32139,0.80794
primary,gkf,23,4,gpr_physics9_cvplus,Sr3PBr3,1.55,1.28308,1.79265
primary,gkf,23,4,gpr_physics9_cvplus,Ba3SbBr3,1.0819,0.71325,1.17793
primary,gkf,23,4,gpr_physics9_cvplus,Ca3SbF3,2.19,1.77756,2.46624
primary,gkf,24,4,gpr_physics9_cvplus,Ca3AsBr3,1.634,1.55101,2.12915
primary,gkf,24,4,gpr_physics9_cvplus,Mg3AsBr3,1.2907,1.14225,1.7237
primary,gkf,24,4,gpr_physics9_cvplus,Ca3BiI3,1.36,1.0472,1.62865
primary,gkf,24,4,gpr_physics9_cvplus,Ba3PBr3,0.944,0.65171,1.21224
primary,gkf,24,4,gpr_physics9_cvplus,Sr3PCl3,1.677,1.43813,1.99947
primary,gkf,24,4,gpr_physics9_cvplus,Mg3SbBr3,0.9418,0.83471,1.38159
primary,gkf,24,4,gpr_physics9_cvplus,Mg3SbI3,0.1057,-0.00609,0.52307
primary,gkf,25,5,gpr_physics9_cvplus,Ca3AsBr3,1.634,1.14715,2.5896
primary,gkf,25,5,gpr_physics9_cvplus,Mg3AsBr3,1.2907,0.59226,2.10156
primary,gkf,25,5,gpr_physics9_cvplus,Ba3PI3,0.764,0.0768,1.51924
primary,gkf,25,5,gpr_physics9_cvplus,Ca3PBr3,1.8846,1.1512,2.59364
primary,gkf,25,5,gpr_physics9_cvplus,Ca3PF3,2.518,0.76095,2.58522
primary,gkf,25,5,gpr_physics9_cvplus,Mg3PBr3,1.506,0.62217,2.13148
primary,gkf,25,5,gpr_physics9_cvplus,Sr3PCl3,1.677,0.97013,2.41257
primary,gkf,25,5,gpr_physics9_cvplus,Sr3SbCl3,1.712,0.96269,2.40513
primary,gkf,26,5,gpr_physics9_cvplus,Ca3AsF3,2.27,2.01935,2.66622
primary,gkf,26,5,gpr_physics9_cvplus,Ba3BiBr3,0.912,0.68947,1.19545
primary,gkf,26,5,gpr_physics9_cvplus,Ba3BiI3,0.786,0.55285,1.04988
primary,gkf,26,5,gpr_physics9_cvplus,Ba3PBr3,0.944,0.66103,1.13884
primary,gkf,26,5,gpr_physics9_cvplus,Ba3PCl3,0.964,0.72981,1.20124
primary,gkf,26,5,gpr_physics9_cvplus,Ba3SbBr3,1.0819,0.68791,1.19919
primary,gkf,26,5,gpr_physics9_cvplus,Ba3SbCl3,1.002,0.75295,1.34351
primary,gkf,26,5,gpr_physics9_cvplus,Ca3SbBr3,1.782,1.42488,1.93618
primary,gkf,27,5,gpr_physics9_cvplus,Ba3AsBr3,0.92,0.64328,1.21587
primary,gkf,27,5,gpr_physics9_cvplus,Sr3AsI3,1.265,0.92997,1.51473
primary,gkf,27,5,gpr_physics9_cvplus,Mg3BiI3,0.224,-0.19411,0.47484
primary,gkf,27,5,gpr_physics9_cvplus,Ca3PI3,1.4909,1.07291,1.64892
primary,gkf,27,5,gpr_physics9_cvplus,Mg3PI3,0.377,0.29634,1.08999
primary,gkf,27,5,gpr_physics9_cvplus,Ca3SbCl3,1.814,1.65216,2.22475
primary,gkf,27,5,gpr_physics9_cvplus,Ca3SbF3,2.19,1.79082,2.47059
primary,gkf,27,5,gpr_physics9_cvplus,Mg3SbCl3,1.7283,1.24371,1.95989
primary,gkf,28,5,gpr_physics9_cvplus,Ba3AsI3,0.802,0.54017,1.01815
primary,gkf,28,5,gpr_physics9_cvplus,Sr3AsCl3,1.7,1.41941,1.87771
primary,gkf,28,5,gpr_physics9_cvplus,Ba3BiCl3,0.957,0.75353,1.25547
primary,gkf,28,5,gpr_physics9_cvplus,Ca3PCl3,2.035,1.69556,2.18107
primary,gkf,28,5,gpr_physics9_cvplus,Mg3PCl3,2.297,1.60765,2.24504
primary,gkf,28,5,gpr_physics9_cvplus,Sr3PBr3,1.55,1.33368,1.80285
primary,gkf,28,5,gpr_physics9_cvplus,Mg3SbBr3,0.9418,0.93294,1.43231
primary,gkf,28,5,gpr_physics9_cvplus,Mg3SbF3,3.184,2.65471,3.36799
primary,gkf,29,5,gpr_physics9_cvplus,Ba3AsCl3,0.969,0.67502,1.3008
primary,gkf,29,5,gpr_physics9_cvplus,Ca3BiI3,1.36,0.96972,1.53015
primary,gkf,29,5,gpr_physics9_cvplus,Mg3BiBr3,0.9648,0.57688,1.23741
primary,gkf,29,5,gpr_physics9_cvplus,Sr3PI3,1.258,0.94368,1.54003
primary,gkf,29,5,gpr_physics9_cvplus,Ba3SbI3,0.78,0.47758,1.10336
primary,gkf,29,5,gpr_physics9_cvplus,Mg3SbI3,0.1057,-0.2795,0.46606
primary,gkf,29,5,gpr_physics9_cvplus,Sr3SbI3,1.31,0.89835,1.49074
primary,gkf,30,6,gpr_physics9_cvplus,Ca3AsF3,2.27,2.05243,2.69335
primary,gkf,30,6,gpr_physics9_cvplus,Ba3BiCl3,0.957,0.69613,1.30487
primary,gkf,30,6,gpr_physics9_cvplus,Ca3BiI3,1.36,1.04823,1.75696
primary,gkf,30,6,gpr_physics9_cvplus,Mg3BiI3,0.224,-0.28502,0.34046
primary,gkf,30,6,gpr_physics9_cvplus,Ca3PCl3,2.035,1.67066,2.30199
primary,gkf,30,6,gpr_physics9_cvplus,Sr3PBr3,1.55,1.26404,1.87279
primary,gkf,30,6,gpr_physics9_cvplus,Ba3SbBr3,1.0819,0.62098,1.22972
primary,gkf,30,6,gpr_physics9_cvplus,Mg3SbCl3,1.7283,1.46249,2.11714
primary,gkf,31,6,gpr_physics9_cvplus,Ba3AsCl3,0.969,0.80494,1.17407
primary,gkf,31,6,gpr_physics9_cvplus,Ca3AsBr3,1.634,1.67038,2.08347
primary,gkf,31,6,gpr_physics9_cvplus,Sr3AsI3,1.265,1.08303,1.46742
primary,gkf,31,6,gpr_physics9_cvplus,Mg3BiBr3,0.9648,0.70291,1.0817
primary,gkf,31,6,gpr_physics9_cvplus,Ca3PF3,2.518,1.84147,2.43841
primary,gkf,31,6,gpr_physics9_cvplus,Ba3SbI3,0.78,0.61447,1.04861
primary,gkf,31,6,gpr_physics9_cvplus,Ca3SbCl3,1.814,1.79805,2.18346
primary,gkf,31,6,gpr_physics9_cvplus,Sr3SbI3,1.31,1.06936,1.4774
primary,gkf,32,6,gpr_physics9_cvplus,Ba3AsBr3,0.92,0.72492,1.15304
primary,gkf,32,6,gpr_physics9_cvplus,Mg3AsBr3,1.2907,1.08139,1.53421
primary,gkf,32,6,gpr_physics9_cvplus,Ba3PBr3,0.944,0.75167,1.15827
primary,gkf,32,6,gpr_physics9_cvplus,Ba3PCl3,0.964,0.81038,1.24335
primary,gkf,32,6,gpr_physics9_cvplus,Sr3PCl3,1.677,1.51548,1.92479
primary,gkf,32,6,gpr_physics9_cvplus,Sr3PI3,1.258,1.09359,1.5198
primary,gkf,32,6,gpr_physics9_cvplus,Ca3SbF3,2.19,1.93657,2.50374
primary,gkf,32,6,gpr_physics9_cvplus,Mg3SbF3,3.184,2.9098,3.53492
primary,gkf,33,6,gpr_physics9_cvplus,Ba3AsI3,0.802,0.52978,1.06174
primary,gkf,33,6,gpr_physics9_cvplus,Ba3BiBr3,0.912,0.68934,1.25258
primary,gkf,33,6,gpr_physics9_cvplus,Ca3PI3,1.4909,1.09822,1.62744
primary,gkf,33,6,gpr_physics9_cvplus,Mg3PBr3,1.506,0.70397,1.51786
primary,gkf,33,6,gpr_physics9_cvplus,Mg3PCl3,2.297,1.20551,2.07788
primary,gkf,33,6,gpr_physics9_cvplus,Mg3PI3,0.377,-0.0228,1.02595
primary,gkf,33,6,gpr_physics9_cvplus,Ca3SbBr3,1.782,1.47333,2.01238
primary,gkf,33,6,gpr_physics9_cvplus,Mg3SbI3,0.1057,-0.02394,0.50943
primary,gkf,34,6,gpr_physics9_cvplus,Sr3AsCl3,1.7,1.38395,1.86818
primary,gkf,34,6,gpr_physics9_cvplus,Ba3BiI3,0.786,0.57917,1.13721
primary,gkf,34,6,gpr_physics9_cvplus,Ba3PI3,0.764,0.56107,1.07235
primary,gkf,34,6,gpr_physics9_cvplus,Ca3PBr3,1.8846,1.54453,2.08182
primary,gkf,34,6,gpr_physics9_cvplus,Ba3SbCl3,1.002,0.73415,1.22206
primary,gkf,34,6,gpr_physics9_cvplus,Mg3SbBr3,0.9418,0.74212,1.30871
primary,gkf,34,6,gpr_physics9_cvplus,Sr3SbCl3,1.712,1.34448,1.83701
primary,gkf,35,7,gpr_physics9_cvplus,Ca3AsBr3,1.634,1.57952,2.15486
primary,gkf,35,7,gpr_physics9_cvplus,Ca3AsF3,2.27,2.10476,2.6783
primary,gkf,35,7,gpr_physics9_cvplus,Sr3AsI3,1.265,1.04762,1.6
primary,gkf,35,7,gpr_physics9_cvplus,Ca3BiI3,1.36,1.17178,1.68
primary,gkf,35,7,gpr_physics9_cvplus,Ba3PBr3,0.944,0.63653,1.15847
primary,gkf,35,7,gpr_physics9_cvplus,Sr3PI3,1.258,1.02994,1.56264
primary,gkf,35,7,gpr_physics9_cvplus,Ba3SbBr3,1.0819,0.65761,1.20276
primary,gkf,35,7,gpr_physics9_cvplus,Ca3SbCl3,1.814,1.69635,2.28192
primary,gkf,36,7,gpr_physics9_cvplus,Sr3AsCl3,1.7,1.42429,1.84767
primary,gkf,36,7,gpr_physics9_cvplus,Ba3BiBr3,0.912,0.8127,1.19828
primary,gkf,36,7,gpr_physics9_cvplus,Ba3BiI3,0.786,0.64762,1.07462
primary,gkf,36,7,gpr_physics9_cvplus,Mg3BiBr3,0.9648,0.78739,1.19152
primary,gkf,36,7,gpr_physics9_cvplus,Mg3BiI3,0.224,-0.21109,0.21996
primary,gkf,36,7,gpr_physics9_cvplus,Ca3PF3,2.518,2.14987,2.55408
primary,gkf,36,7,gpr_physics9_cvplus,Sr3PBr3,1.55,1.36747,1.74152
primary,gkf,36,7,gpr_physics9_cvplus,Mg3SbBr3,0.9418,0.8809,1.2837
primary,gkf,37,7,gpr_physics9_cvplus,Ba3PCl3,0.964,0.81872,1.26503
primary,gkf,37,7,gpr_physics9_cvplus,Ca3PCl3,2.035,1.8055,2.26305
primary,gkf,37,7,gpr_physics9_cvplus,Mg3PI3,0.377,0.306,0.77502
primary,gkf,37,7,gpr_physics9_cvplus,Sr3PCl3,1.677,1.51126,1.94685
primary,gkf,37,7,gpr_physics9_cvplus,Ba3SbCl3,1.002,0.81156,1.29783
primary,gkf,37,7,gpr_physics9_cvplus,Ca3SbBr3,1.782,1.41359,1.89862
primary,gkf,37,7,gpr_physics9_cvplus,Ca3SbF3,2.19,1.7894,2.45621
primary,gkf,37,7,gpr_physics9_cvplus,Mg3SbF3,3.184,2.83649,3.7357
primary,gkf,38,7,gpr_physics9_cvplus,Ba3AsI3,0.802,0.49384,1.07614
primary,gkf,38,7,gpr_physics9_cvplus,Mg3AsBr3,1.2907,0.87066,1.67823
primary,gkf,38,7,gpr_physics9_cvplus,Ba3PI3,0.764,0.48166,1.08768
primary,gkf,38,7,gpr_physics9_cvplus,Ca3PI3,1.4909,1.15389,1.6748
primary,gkf,38,7,gpr_physics9_cvplus,Mg3PCl3,2.297,1.4563,2.40551
primary,gkf,38,7,gpr_physics9_cvplus,Mg3SbCl3,1.7283,1.27459,1.81941
primary,gkf,38,7,gpr_physics9_cvplus,Sr3SbCl3,1.712,1.31781,1.87913
primary,gkf,38,7,gpr_physics9_cvplus,Sr3SbI3,1.31,0.9166,1.52865
primary,gkf,39,7,gpr_physics9_cvplus,Ba3AsBr3,0.92,0.617,1.307
primary,gkf,39,7,gpr_physics9_cvplus,Ba3AsCl3,0.969,0.68703,1.38714
primary,gkf,39,7,gpr_physics9_cvplus,Ba3BiCl3,0.957,0.68713,1.35716
primary,gkf,39,7,gpr_physics9_cvplus,Ca3PBr3,1.8846,1.40143,2.07954
primary,gkf,39,7,gpr_physics9_cvplus,Mg3PBr3,1.506,1.02535,1.71723
primary,gkf,39,7,gpr_physics9_cvplus,Ba3SbI3,0.78,0.46771,1.14024
primary,gkf,39,7,gpr_physics9_cvplus,Mg3SbI3,0.1057,-0.10414,0.5704
primary,gkf,40,8,gpr_physics9_cvplus,Ca3BiI3,1.36,1.10924,1.6336
primary,gkf,40,8,gpr_physics9_cvplus,Ba3PI3,0.764,0.61801,1.10828
primary,gkf,40,8,gpr_physics9_cvplus,Mg3PBr3,1.506,1.15362,1.87642
primary,gkf,40,8,gpr_physics9_cvplus,Mg3PI3,0.377,0.25451,0.89884
primary,gkf,40,8,gpr_physics9_cvplus,Sr3PBr3,1.55,1.32907,1.82771
primary,gkf,40,8,gpr_physics9_cvplus,Ba3SbBr3,1.0819,0.69052,1.17645
primary,gkf,40,8,gpr_physics9_cvplus,Ca3SbF3,2.19,1.82094,2.57364
primary,gkf,40,8,gpr_physics9_cvplus,Sr3SbCl3,1.712,1.37343,1.86313
primary,gkf,41,8,gpr_physics9_cvplus,Ba3AsCl3,0.969,0.84594,1.2351
primary,gkf,41,8,gpr_physics9_cvplus,Mg3AsBr3,1.2907,0.95855,1.49226
primary,gkf,41,8,gpr_physics9_cvplus,Ba3BiCl3,0.957,0.85421,1.30554
primary,gkf,41,8,gpr_physics9_cvplus,Mg3BiI3,0.224,-0.27483,0.25519
primary,gkf,41,8,gpr_physics9_cvplus,Ca3PF3,2.518,2.1289,2.50829
primary,gkf,41,8,gpr_physics9_cvplus,Mg3PCl3,2.297,1.50706,2.20722
primary,gkf,41,8,gpr_physics9_cvplus,Ba3SbCl3,1.002,0.85514,1.28779
primary,gkf,41,8,gpr_physics9_cvplus,Mg3SbCl3,1.7283,1.39609,1.78524
primary,gkf,42,8,gpr_physics9_cvplus,Ca3AsBr3,1.634,1.18479,2.53873
primary,gkf,42,8,gpr_physics9_cvplus,Sr3AsI3,1.265,0.59533,1.94927
primary,gkf,42,8,gpr_physics9_cvplus,Ba3BiI3,0.786,0.19669,1.55063
primary,gkf,42,8,gpr_physics9_cvplus,Ca3PI3,1.4909,0.72493,2.07888
primary,gkf,42,8,gpr_physics9_cvplus,Ba3SbI3,0.78,0.18148,1.53542
primary,gkf,42,8,gpr_physics9_cvplus,Mg3SbBr3,0.9418,0.37757,1.73151
primary,gkf,42,8,gpr_physics9_cvplus,Mg3SbF3,3.184,1.77582,3.64813
primary,gkf,42,8,gpr_physics9_cvplus,Mg3SbI3,0.1057,-0.43626,0.91768
primary,gkf,43,8,gpr_physics9_cvplus,Ba3AsBr3,0.92,0.68225,1.39881
primary,gkf,43,8,gpr_physics9_cvplus,Ba3AsI3,0.802,0.55045,1.21827
primary,gkf,43,8,gpr_physics9_cvplus,Mg3BiBr3,0.9648,0.69551,1.34172
primary,gkf,43,8,gpr_physics9_cvplus,Ba3PBr3,0.944,0.71503,1.41376
primary,gkf,43,8,gpr_physics9_cvplus,Ba3PCl3,0.964,0.78786,1.48628
primary,gkf,43,8,gpr_physics9_cvplus,Ca3PCl3,2.035,1.72846,2.37204
primary,gkf,43,8,gpr_physics9_cvplus,Ca3SbBr3,1.782,1.26225,2.01909
primary,gkf,43,8,gpr_physics9_cvplus,Sr3SbI3,1.31,0.80373,1.45962
primary,gkf,44,8,gpr_physics9_cvplus,Ca3AsF3,2.27,2.15896,2.70329
primary,gkf,44,8,gpr_physics9_cvplus,Sr3AsCl3,1.7,1.37605,1.88973
primary,gkf,44,8,gpr_physics9_cvplus,Ba3BiBr3,0.912,0.78348,1.27989
primary,gkf,44,8,gpr_physics9_cvplus,Ca3PBr3,1.8846,1.44793,1.97962
primary,gkf,44,8,gpr_physics9_cvplus,Sr3PCl3,1.677,1.36748,1.90856
primary,gkf,44,8,gpr_physics9_cvplus,Sr3PI3,1.258,1.03954,1.5249
primary,gkf,44,8,gpr_physics9_cvplus,Ca3SbCl3,1.814,1.74503,2.20633
primary,gkf,45,9,gpr_physics9_cvplus,Ca3AsBr3,1.634,1.55631,2.19357
primary,gkf,45,9,gpr_physics9_cvplus,Ba3BiBr3,0.912,0.75628,1.38458
primary,gkf,45,9,gpr_physics9_cvplus,Ba3BiCl3,0.957,0.77936,1.3416
primary,gkf,45,9,gpr_physics9_cvplus,Ba3PBr3,0.944,0.59512,1.21911
primary,gkf,45,9,gpr_physics9_cvplus,Ba3PI3,0.764,0.47231,1.09631
primary,gkf,45,9,gpr_physics9_cvplus,Mg3PI3,0.377,0.24557,0.88586
primary,gkf,45,9,gpr_physics9_cvplus,Ba3SbI3,0.78,0.52977,1.23994
primary,gkf,45,9,gpr_physics9_cvplus,Sr3SbI3,1.31,0.96708,1.62528
primary,gkf,46,9,gpr_physics9_cvplus,Ca3PBr3,1.8846,1.37327,1.99766
primary,gkf,46,9,gpr_physics9_cvplus,Ca3PCl3,2.035,1.51142,2.1917
primary,gkf,46,9,gpr_physics9_cvplus,Ca3PI3,1.4909,1.01362,1.5872
primary,gkf,46,9,gpr_physics9_cvplus,Mg3PCl3,2.297,1.673,2.27072
primary,gkf,46,9,gpr_physics9_cvplus,Sr3PCl3,1.677,1.35917,1.91793
primary,gkf,46,9,gpr_physics9_cvplus,Ba3SbCl3,1.002,0.71265,1.20401
primary,gkf,46,9,gpr_physics9_cvplus,Mg3SbCl3,1.7283,1.26099,1.83558
primary,gkf,46,9,gpr_physics9_cvplus,Mg3SbI3,0.1057,-0.06497,0.48841
primary,gkf,47,9,gpr_physics9_cvplus,Ba3AsCl3,0.969,0.66013,1.34915
primary,gkf,47,9,gpr_physics9_cvplus,Ca3AsF3,2.27,2.04493,2.80632
primary,gkf,47,9,gpr_physics9_cvplus,Ca3BiI3,1.36,0.97648,1.74032
primary,gkf,47,9,gpr_physics9_cvplus,Mg3BiI3,0.224,-0.16032,0.59103
primary,gkf,47,9,gpr_physics9_cvplus,Ba3PCl3,0.964,0.67114,1.36016
primary,gkf,47,9,gpr_physics9_cvplus,Mg3PBr3,1.506,0.77039,1.69854
primary,gkf,47,9,gpr_physics9_cvplus,Ba3SbBr3,1.0819,0.57246,1.26148
primary,gkf,47,9,gpr_physics9_cvplus,Ca3SbF3,2.19,1.92037,2.77228
primary,gkf,48,9,gpr_physics9_cvplus,Ba3AsBr3,0.92,0.53061,1.37664
primary,gkf,48,9,gpr_physics9_cvplus,Ba3AsI3,0.802,0.38919,1.20762
primary,gkf,48,9,gpr_physics9_cvplus,Mg3AsBr3,1.2907,0.79638,1.67456
primary,gkf,48,9,gpr_physics9_cvplus,Sr3AsI3,1.265,0.85811,1.53948
primary,gkf,48,9,gpr_physics9_cvplus,Ca3PF3,2.518,1.86749,2.72569
primary,gkf,48,9,gpr_physics9_cvplus,Ca3SbBr3,1.782,1.16031,1.93088
primary,gkf,48,9,gpr_physics9_cvplus,Ca3SbCl3,1.814,1.40265,2.14299
primary,gkf,48,9,gpr_physics9_cvplus,Sr3SbCl3,1.712,1.18555,1.9217
primary,gkf,49,9,gpr_physics9_cvplus,Sr3AsCl3,1.7,1.34309,1.97299
primary,gkf,49,9,gpr_physics9_cvplus,Ba3BiI3,0.786,0.4886,1.11638
primary,gkf,49,9,gpr_physics9_cvplus,Mg3BiBr3,0.9648,0.83106,1.46274
primary,gkf,49,9,gpr_physics9_cvplus,Sr3PBr3,1.55,1.3098,1.91263
primary,gkf,49,9,gpr_physics9_cvplus,Sr3PI3,1.258,1.02992,1.62848
primary,gkf,49,9,gpr_physics9_cvplus,Mg3SbBr3,0.9418,0.88145,1.51308
primary,gkf,49,9,gpr_physics9_cvplus,Mg3SbF3,3.184,2.73691,3.88561
primary,gkf,0,0,ridge_physics9_cvplus,Ca3AsF3,2.27,1.62843,3.02167
primary,gkf,0,0,ridge_physics9_cvplus,Sr3AsI3,1.265,0.60242,1.82121
primary,gkf,0,0,ridge_physics9_cvplus,Ba3BiCl3,0.957,0.4633,1.70213
primary,gkf,0,0,ridge_physics9_cvplus,Ba3PBr3,0.944,0.51104,1.81853
primary,gkf,0,0,ridge_physics9_cvplus,Mg3PCl3,2.297,0.76288,1.98167
primary,gkf,0,0,ridge_physics9_cvplus,Mg3PI3,0.377,0.24419,1.51616
primary,gkf,0,0,ridge_physics9_cvplus,Sr3PI3,1.258,0.73279,1.95158
primary,gkf,0,0,ridge_physics9_cvplus,Mg3SbF3,3.184,1.16284,2.59739
primary,gkf,1,0,ridge_physics9_cvplus,Ca3AsBr3,1.634,0.69031,2.48083
primary,gkf,1,0,ridge_physics9_cvplus,Mg3BiI3,0.224,0.0198,1.85168
primary,gkf,1,0,ridge_physics9_cvplus,Ba3PI3,0.764,-0.15545,1.61111
primary,gkf,1,0,ridge_physics9_cvplus,Ca3PBr3,1.8846,0.70155,2.46812
primary,gkf,1,0,ridge_physics9_cvplus,Ca3PCl3,2.035,0.87948,2.64604
primary,gkf,1,0,ridge_physics9_cvplus,Ca3PF3,2.518,1.59148,3.35804
primary,gkf,1,0,ridge_physics9_cvplus,Ba3SbBr3,1.0819,0.08321,1.91509
primary,gkf,1,0,ridge_physics9_cvplus,Ca3SbBr3,1.782,0.60859,2.47497
primary,gkf,2,0,ridge_physics9_cvplus,Ba3AsBr3,0.92,-0.06512,1.98442
primary,gkf,2,0,ridge_physics9_cvplus,Ba3AsCl3,0.969,0.17402,2.26211
primary,gkf,2,0,ridge_physics9_cvplus,Sr3AsCl3,1.7,0.60325,2.48191
primary,gkf,2,0,ridge_physics9_cvplus,Ba3BiI3,0.786,-0.4315,1.4839
primary,gkf,2,0,ridge_physics9_cvplus,Mg3PBr3,1.506,0.2123,2.42192
primary,gkf,2,0,ridge_physics9_cvplus,Ba3SbI3,0.78,-0.29598,1.58644
primary,gkf,2,0,ridge_physics9_cvplus,Ca3SbF3,2.19,1.66642,4.30155
primary,gkf,2,0,ridge_physics9_cvplus,Sr3SbCl3,1.712,0.628,2.69067
primary,gkf,3,0,ridge_physics9_cvplus,Ba3AsI3,0.802,-0.27989,1.83194
primary,gkf,3,0,ridge_physics9_cvplus,Ba3BiBr3,0.912,0.05415,2.16599
primary,gkf,3,0,ridge_physics9_cvplus,Mg3BiBr3,0.9648,0.50268,2.60712
primary,gkf,3,0,ridge_physics9_cvplus,Sr3PBr3,1.55,0.36284,2.47467
primary,gkf,3,0,ridge_physics9_cvplus,Sr3PCl3,1.677,0.53486,2.64669
primary,gkf,3,0,ridge_physics9_cvplus,Ba3SbCl3,1.002,0.27805,2.38988
primary,gkf,3,0,ridge_physics9_cvplus,Mg3SbCl3,1.7283,0.7575,2.93086
primary,gkf,3,0,ridge_physics9_cvplus,Mg3SbI3,0.1057,0.1974,2.3025
primary,gkf,4,0,ridge_physics9_cvplus,Mg3AsBr3,1.2907,0.65942,2.06603
primary,gkf,4,0,ridge_physics9_cvplus,Ca3BiI3,1.36,0.02731,1.406
primary,gkf,4,0,ridge_physics9_cvplus,Ba3PCl3,0.964,0.91587,2.37894
primary,gkf,4,0,ridge_physics9_cvplus,Ca3PI3,1.4909,0.2785,1.67236
primary,gkf,4,0,ridge_physics9_cvplus,Ca3SbCl3,1.814,0.75612,2.16816
primary,gkf,4,0,ridge_physics9_cvplus,Mg3SbBr3,0.9418,0.50907,1.90466
primary,gkf,4,0,ridge_physics9_cvplus,Sr3SbI3,1.31,0.06948,1.45201
primary,gkf,5,1,ridge_physics9_cvplus,Ba3AsBr3,0.92,0.19164,1.95887
primary,gkf,5,1,ridge_physics9_cvplus,Ca3AsBr3,1.634,0.55612,2.32335
primary,gkf,5,1,ridge_physics9_cvplus,Ba3BiCl3,0.957,0.37453,2.14176
primary,gkf,5,1,ridge_physics9_cvplus,Mg3BiBr3,0.9648,0.48566,2.32557
primary,gkf,5,1,ridge_physics9_cvplus,Mg3PI3,0.377,0.39935,2.21453
primary,gkf,5,1,ridge_physics9_cvplus,Ba3SbCl3,1.002,0.43119,2.19843
primary,gkf,5,1,ridge_physics9_cvplus,Mg3SbBr3,0.9418,0.57643,2.38657
primary,gkf,5,1,ridge_physics9_cvplus,Mg3SbCl3,1.7283,0.78567,2.60861
primary,gkf,6,1,ridge_physics9_cvplus,Mg3AsBr3,1.2907,0.35765,1.91016
primary,gkf,6,1,ridge_physics9_cvplus,Ba3BiI3,0.786,-0.27119,1.16835
primary,gkf,6,1,ridge_physics9_cvplus,Ca3PBr3,1.8846,0.92716,2.3667
primary,gkf,6,1,ridge_physics9_cvplus,Ca3PI3,1.4909,0.73598,2.31126
primary,gkf,6,1,ridge_physics9_cvplus,Mg3PCl3,2.297,0.54349,2.096
primary,gkf,6,1,ridge_physics9_cvplus,Ba3SbBr3,1.0819,0.15641,1.59595
primary,gkf,6,1,ridge_physics9_cvplus,Ca3SbF3,2.19,1.96712,4.19882
primary,gkf,6,1,ridge_physics9_cvplus,Mg3SbI3,0.1057,0.0064,1.55891
primary,gkf,7,1,ridge_physics9_cvplus,Ba3AsI3,0.802,-0.0876,1.55034
primary,gkf,7,1,ridge_physics9_cvplus,Sr3AsCl3,1.7,0.72564,2.27008
primary,gkf,7,1,ridge_physics9_cvplus,Sr3AsI3,1.265,0.03664,1.62758
primary,gkf,7,1,ridge_physics9_cvplus,Ba3PCl3,0.964,0.67313,2.28268
primary,gkf,7,1,ridge_physics9_cvplus,Ca3PCl3,2.035,0.8328,2.53464
primary,gkf,7,1,ridge_physics9_cvplus,Sr3PBr3,1.55,0.52534,2.11183
primary,gkf,7,1,ridge_physics9_cvplus,Ba3SbI3,0.78,-0.14449,1.41035
primary,gkf,7,1,ridge_physics9_cvplus,Sr3SbI3,1.31,-0.02025,1.53649
primary,gkf,8,1,ridge_physics9_cvplus,Ba3AsCl3,0.969,0.69008,2.12265
primary,gkf,8,1,ridge_physics9_cvplus,Ca3BiI3,1.36,0.21076,1.67993
primary,gkf,8,1,ridge_physics9_cvplus,Mg3PBr3,1.506,0.65519,2.06765
primary,gkf,8,1,ridge_physics9_cvplus,Sr3PCl3,1.677,1.31841,2.75098
primary,gkf,8,1,ridge_physics9_cvplus,Sr3PI3,1.258,0.61729,2.04986
primary,gkf,8,1,ridge_physics9_cvplus,Ca3SbBr3,1.782,0.75695,2.18952
primary,gkf,8,1,ridge_physics9_cvplus,Mg3SbF3,3.184,1.06391,2.49648
primary,gkf,8,1,ridge_physics9_cvplus,Sr3SbCl3,1.712,0.91025,2.34282
primary,gkf,9,1,ridge_physics9_cvplus,Ca3AsF3,2.27,1.67101,4.17232
primary,gkf,9,1,ridge_physics9_cvplus,Ba3BiBr3,0.912,-0.09978,2.1957
primary,gkf,9,1,ridge_physics9_cvplus,Mg3BiI3,0.224,-0.20015,2.02435
primary,gkf,9,1,ridge_physics9_cvplus,Ba3PBr3,0.944,0.01357,2.30717
primary,gkf,9,1,ridge_physics9_cvplus,Ba3PI3,0.764,-0.33342,2.00021
primary,gkf,9,1,ridge_physics9_cvplus,Ca3PF3,2.518,1.83215,4.40909
primary,gkf,9,1,ridge_physics9_cvplus,Ca3SbCl3,1.814,0.55322,2.85994
primary,gkf,10,2,ridge_physics9_cvplus,Ba3AsCl3,0.969,0.59716,2.49743
primary,gkf,10,2,ridge_physics9_cvplus,Ba3BiBr3,0.912,0.17841,2.2544
primary,gkf,10,2,ridge_physics9_cvplus,Ba3BiCl3,0.957,0.53858,2.50302
primary,gkf,10,2,ridge_physics9_cvplus,Ba3BiI3,0.786,-0.45934,1.8243
primary,gkf,10,2,ridge_physics9_cvplus,Ca3PCl3,2.035,0.87994,2.6361
primary,gkf,10,2,ridge_physics9_cvplus,Mg3PCl3,2.297,0.5437,2.18767
primary,gkf,10,2,ridge_physics9_cvplus,Ba3SbBr3,1.0819,0.19159,2.25394
primary,gkf,10,2,ridge_physics9_cvplus,Ba3SbCl3,1.002,0.56986,2.5009
primary,gkf,11,2,ridge_physics9_cvplus,Ba3AsI3,0.802,-0.23333,1.4715
primary,gkf,11,2,ridge_physics9_cvplus,Sr3AsCl3,1.7,0.72044,2.29291
primary,gkf,11,2,ridge_physics9_cvplus,Sr3AsI3,1.265,0.06403,1.59732
primary,gkf,11,2,ridge_physics9_cvplus,Ca3PI3,1.4909,0.13308,1.88871
primary,gkf,11,2,ridge_physics9_cvplus,Sr3PI3,1.258,0.11195,1.80916
primary,gkf,11,2,ridge_physics9_cvplus,Ba3SbI3,0.78,-0.21604,1.54219
primary,gkf,11,2,ridge_physics9_cvplus,Ca3SbBr3,1.782,0.44054,2.1097
primary,gkf,11,2,ridge_physics9_cvplus,Mg3SbBr3,0.9418,0.47919,2.03947
primary,gkf,12,2,ridge_physics9_cvplus,Ba3AsBr3,0.92,0.04412,2.06075
primary,gkf,12,2,ridge_physics9_cvplus,Mg3BiBr3,0.9648,0.37214,2.16665
primary,gkf,12,2,ridge_physics9_cvplus,Ba3PBr3,0.944,0.22915,2.13823
primary,gkf,12,2,ridge_physics9_cvplus,Ba3PI3,0.764,0.03966,1.78028
primary,gkf,12,2,ridge_physics9_cvplus,Mg3PBr3,1.506,0.50304,2.19559
primary,gkf,12,2,ridge_physics9_cvplus,Ca3SbF3,2.19,1.8521,3.73229
primary,gkf,12,2,ridge_physics9_cvplus,Mg3SbI3,0.1057,0.08808,1.88259
primary,gkf,12,2,ridge_physics9_cvplus,Sr3SbI3,1.31,0.18318,2.044
primary,gkf,13,2,ridge_physics9_cvplus,Ca3AsBr3,1.634,0.49486,2.26634
primary,gkf,13,2,ridge_physics9_cvplus,Mg3BiI3,0.224,0.04062,1.72122
primary,gkf,13,2,ridge_physics9_cvplus,Ca3PBr3,1.8846,0.55569,2.37206
primary,gkf,13,2,ridge_physics9_cvplus,Ca3PF3,2.518,1.72864,3.50012
primary,gkf,13,2,ridge_physics9_cvplus,Mg3PI3,0.377,0.26536,1.91427
primary,gkf,13,2,ridge_physics9_cvplus,Sr3PBr3,1.55,0.48901,2.26182
primary,gkf,13,2,ridge_physics9_cvplus,Ca3SbCl3,1.814,0.7044,2.47588
primary,gkf,13,2,ridge_physics9_cvplus,Mg3SbCl3,1.7283,0.55842,2.27189
primary,gkf,14,2,ridge_physics9_cvplus,Ca3AsF3,2.27,1.43668,2.82703
primary,gkf,14,2,ridge_physics9_cvplus,Mg3AsBr3,1.2907,0.4704,1.67851
primary,gkf,14,2,ridge_physics9_cvplus,Ca3BiI3,1.36,0.3531,1.675
primary,gkf,14,2,ridge_physics9_cvplus,Ba3PCl3,0.964,0.8769,2.27803
primary,gkf,14,2,ridge_physics9_cvplus,Sr3PCl3,1.677,1.35403,2.56678
primary,gkf,14,2,ridge_physics9_cvplus,Mg3SbF3,3.184,0.99241,2.25783
primary,gkf,14,2,ridge_physics9_cvplus,Sr3SbCl3,1.712,1.01189,2.29924
primary,gkf,15,3,ridge_physics9_cvplus,Ba3AsCl3,0.969,-0.05309,2.65014
primary,gkf,15,3,ridge_physics9_cvplus,Ba3BiBr3,0.912,-0.42319,2.28004
primary,gkf,15,3,ridge_physics9_cvplus,Ba3BiI3,0.786,-0.59628,2.04304
primary,gkf,15,3,ridge_physics9_cvplus,Mg3BiI3,0.224,-0.29106,2.3238
primary,gkf,15,3,ridge_physics9_cvplus,Ca3PF3,2.518,1.92537,5.26735
primary,gkf,15,3,ridge_physics9_cvplus,Ca3PI3,1.4909,-0.07609,2.62714
primary,gkf,15,3,ridge_physics9_cvplus,Mg3PBr3,1.506,0.05716,2.76039
primary,gkf,15,3,ridge_physics9_cvplus,Mg3SbI3,0.1057,-0.31476,2.33279
primary,gkf,16,3,ridge_physics9_cvplus,Ca3AsBr3,1.634,0.44865,2.16643
primary,gkf,16,3,ridge_physics9_cvplus,Ca3PCl3,2.035,0.67125,2.57767
primary,gkf,16,3,ridge_physics9_cvplus,Sr3PCl3,1.677,0.66255,2.50363
primary,gkf,16,3,ridge_physics9_cvplus,Sr3PI3,1.258,0.09332,1.95661
primary,gkf,16,3,ridge_physics9_cvplus,Ba3SbBr3,1.0819,0.26203,2.03796
primary,gkf,16,3,ridge_physics9_cvplus,Ba3SbCl3,1.002,0.48096,2.27269
primary,gkf,16,3,ridge_physics9_cvplus,Ca3SbBr3,1.782,0.45712,2.17282
primary,gkf,16,3,ridge_physics9_cvplus,Mg3SbBr3,0.9418,0.47112,2.22574
primary,gkf,17,3,ridge_physics9_cvplus,Ba3AsBr3,0.92,0.4609,2.02758
primary,gkf,17,3,ridge_physics9_cvplus,Ca3AsF3,2.27,1.93481,4.03102
primary,gkf,17,3,ridge_physics9_cvplus,Ca3BiI3,1.36,0.07942,1.66787
primary,gkf,17,3,ridge_physics9_cvplus,Mg3PCl3,2.297,0.69216,2.23468
primary,gkf,17,3,ridge_physics9_cvplus,Ca3SbCl3,1.814,0.8159,2.27086
primary,gkf,17,3,ridge_physics9_cvplus,Ca3SbF3,2.19,1.79605,3.93335
primary,gkf,17,3,ridge_physics9_cvplus,Mg3SbCl3,1.7283,0.53701,2.12271
primary,gkf,17,3,ridge_physics9_cvplus,Sr3SbCl3,1.712,0.72164,2.26418
primary,gkf,18,3,ridge_physics9_cvplus,Ba3AsI3,0.802,-0.40935,1.5608
primary,gkf,18,3,ridge_physics9_cvplus,Mg3AsBr3,1.2907,0.28422,2.3986
primary,gkf,18,3,ridge_physics9_cvplus,Sr3AsI3,1.265,0.1814,2.15155
primary,gkf,18,3,ridge_physics9_cvplus,Ba3BiCl3,0.957,0.05202,2.02217
primary,gkf,18,3,ridge_physics9_cvplus,Mg3BiBr3,0.9648,0.31521,2.38817
primary,gkf,18,3,ridge_physics9_cvplus,Ca3PBr3,1.8846,0.75753,2.72768
primary,gkf,18,3,ridge_physics9_cvplus,Sr3PBr3,1.55,0.60697,2.57204
primary,gkf,18,3,ridge_physics9_cvplus,Mg3SbF3,3.184,0.85689,2.82704
primary,gkf,19,3,ridge_physics9_cvplus,Sr3AsCl3,1.7,0.69881,2.59975
primary,gkf,19,3,ridge_physics9_cvplus,Ba3PBr3,0.944,0.37118,2.17521
primary,gkf,19,3,ridge_physics9_cvplus,Ba3PCl3,0.964,0.62568,2.43156
primary,gkf,19,3,ridge_physics9_cvplus,Ba3PI3,0.764,0.06312,1.86715
primary,gkf,19,3,ridge_physics9_cvplus,Mg3PI3,0.377,0.43191,2.21404
primary,gkf,19,3,ridge_physics9_cvplus,Ba3SbI3,0.78,-0.68155,1.52767
primary,gkf,19,3,ridge_physics9_cvplus,Sr3SbI3,1.31,-0.29975,1.86131
primary,gkf,20,4,ridge_physics9_cvplus,Ca3AsF3,2.27,1.91943,3.4563
primary,gkf,20,4,ridge_physics9_cvplus,Sr3AsI3,1.265,0.1762,1.59745
primary,gkf,20,4,ridge_physics9_cvplus,Ba3BiCl3,0.957,0.67813,2.18394
primary,gkf,20,4,ridge_physics9_cvplus,Mg3BiBr3,0.9648,0.43982,1.93355
primary,gkf,20,4,ridge_physics9_cvplus,Ba3PCl3,0.964,0.84919,2.37624
primary,gkf,20,4,ridge_physics9_cvplus,Ca3PBr3,1.8846,0.65917,2.07627
primary,gkf,20,4,ridge_physics9_cvplus,Sr3PI3,1.258,0.21899,1.64028
primary,gkf,20,4,ridge_physics9_cvplus,Sr3SbI3,1.31,0.05357,1.47743
primary,gkf,21,4,ridge_physics9_cvplus,Ba3AsI3,0.802,-0.11671,1.15252
primary,gkf,21,4,ridge_physics9_cvplus,Ba3BiBr3,0.912,0.18739,1.61105
primary,gkf,21,4,ridge_physics9_cvplus,Ba3PI3,0.764,-0.10488,1.31878
primary,gkf,21,4,ridge_physics9_cvplus,Ca3PCl3,2.035,1.39536,2.69975
primary,gkf,21,4,ridge_physics9_cvplus,Ca3PF3,2.518,1.59443,3.18668
primary,gkf,21,4,ridge_physics9_cvplus,Mg3PBr3,1.506,0.51886,1.91255
primary,gkf,21,4,ridge_physics9_cvplus,Mg3SbF3,3.184,0.83792,2.18649
primary,gkf,21,4,ridge_physics9_cvplus,Sr3SbCl3,1.712,1.03037,2.45402
primary,gkf,22,4,ridge_physics9_cvplus,Ba3AsBr3,0.92,0.37492,1.95587
primary,gkf,22,4,ridge_physics9_cvplus,Sr3AsCl3,1.7,0.79087,2.38612
primary,gkf,22,4,ridge_physics9_cvplus,Ba3BiI3,0.786,-0.17383,1.40769
primary,gkf,22,4,ridge_physics9_cvplus,Ba3SbCl3,1.002,0.50605,2.1041
primary,gkf,22,4,ridge_physics9_cvplus,Ba3SbI3,0.78,-0.09309,1.46124
primary,gkf,22,4,ridge_physics9_cvplus,Ca3SbBr3,1.782,0.51628,2.10481
primary,gkf,22,4,ridge_physics9_cvplus,Ca3SbCl3,1.814,0.75637,2.39119
primary,gkf,22,4,ridge_physics9_cvplus,Mg3SbCl3,1.7283,0.60292,2.23817
primary,gkf,23,4,ridge_physics9_cvplus,Ba3AsCl3,0.969,0.53798,2.1545
primary,gkf,23,4,ridge_physics9_cvplus,Mg3BiI3,0.224,0.03818,1.74986
primary,gkf,23,4,ridge_physics9_cvplus,Ca3PI3,1.4909,0.54476,2.11799
primary,gkf,23,4,ridge_physics9_cvplus,Mg3PCl3,2.297,0.6288,2.20203
primary,gkf,23,4,ridge_physics9_cvplus,Mg3PI3,0.377,0.26082,1.9725
primary,gkf,23,4,ridge_physics9_cvplus,Sr3PBr3,1.55,0.67194,2.24518
primary,gkf,23,4,ridge_physics9_cvplus,Ba3SbBr3,1.0819,0.21871,1.79194
primary,gkf,23,4,ridge_physics9_cvplus,Ca3SbF3,2.19,1.96573,3.74845
primary,gkf,24,4,ridge_physics9_cvplus,Ca3AsBr3,1.634,0.05812,2.89317
primary,gkf,24,4,ridge_physics9_cvplus,Mg3AsBr3,1.2907,0.1925,2.85155
primary,gkf,24,4,ridge_physics9_cvplus,Ca3BiI3,1.36,-0.11778,2.71727
primary,gkf,24,4,ridge_physics9_cvplus,Ba3PBr3,0.944,-0.36657,2.46848
primary,gkf,24,4,ridge_physics9_cvplus,Sr3PCl3,1.677,0.13452,2.95299
primary,gkf,24,4,ridge_physics9_cvplus,Mg3SbBr3,0.9418,0.23623,2.90115
primary,gkf,24,4,ridge_physics9_cvplus,Mg3SbI3,0.1057,-0.0538,2.70407
primary,gkf,25,5,ridge_physics9_cvplus,Ca3AsBr3,1.634,0.41774,2.37006
primary,gkf,25,5,ridge_physics9_cvplus,Mg3AsBr3,1.2907,0.08189,2.0823
primary,gkf,25,5,ridge_physics9_cvplus,Ba3PI3,0.764,-0.22006,1.77481
primary,gkf,25,5,ridge_physics9_cvplus,Ca3PBr3,1.8846,0.57466,2.67724
primary,gkf,25,5,ridge_physics9_cvplus,Ca3PF3,2.518,1.71061,4.36084
primary,gkf,25,5,ridge_physics9_cvplus,Mg3PBr3,1.506,0.31659,2.34427
primary,gkf,25,5,ridge_physics9_cvplus,Sr3PCl3,1.677,0.72768,2.88015
primary,gkf,25,5,ridge_physics9_cvplus,Sr3SbCl3,1.712,0.49024,2.55918
primary,gkf,26,5,ridge_physics9_cvplus,Ca3AsF3,2.27,1.81816,3.49648
primary,gkf,26,5,ridge_physics9_cvplus,Ba3BiBr3,0.912,0.22702,1.95883
primary,gkf,26,5,ridge_physics9_cvplus,Ba3BiI3,0.786,-0.14937,1.53855
primary,gkf,26,5,ridge_physics9_cvplus,Ba3PBr3,0.944,0.67032,2.18335
primary,gkf,26,5,ridge_physics9_cvplus,Ba3PCl3,0.964,0.91408,2.46542
primary,gkf,26,5,ridge_physics9_cvplus,Ba3SbBr3,1.0819,0.31649,2.00441
primary,gkf,26,5,ridge_physics9_cvplus,Ba3SbCl3,1.002,0.56381,2.27339
primary,gkf,26,5,ridge_physics9_cvplus,Ca3SbBr3,1.782,0.49747,2.04367
primary,gkf,27,5,ridge_physics9_cvplus,Ba3AsBr3,0.92,0.1604,1.88635
primary,gkf,27,5,ridge_physics9_cvplus,Sr3AsI3,1.265,0.33065,1.85203
primary,gkf,27,5,ridge_physics9_cvplus,Mg3BiI3,0.224,0.2266,1.92162
primary,gkf,27,5,ridge_physics9_cvplus,Ca3PI3,1.4909,0.42415,2.12845
primary,gkf,27,5,ridge_physics9_cvplus,Mg3PI3,0.377,0.53977,2.06987
primary,gkf,27,5,ridge_physics9_cvplus,Ca3SbCl3,1.814,0.79983,2.41696
primary,gkf,27,5,ridge_physics9_cvplus,Ca3SbF3,2.19,1.74599,3.57755
primary,gkf,27,5,ridge_physics9_cvplus,Mg3SbCl3,1.7283,0.91546,2.35838
primary,gkf,28,5,ridge_physics9_cvplus,Ba3AsI3,0.802,-0.17676,1.56601
primary,gkf,28,5,ridge_physics9_cvplus,Sr3AsCl3,1.7,0.82069,2.55607
primary,gkf,28,5,ridge_physics9_cvplus,Ba3BiCl3,0.957,0.19818,1.88192
primary,gkf,28,5,ridge_physics9_cvplus,Ca3PCl3,2.035,1.04675,2.72706
primary,gkf,28,5,ridge_physics9_cvplus,Mg3PCl3,2.297,0.54713,2.37664
primary,gkf,28,5,ridge_physics9_cvplus,Sr3PBr3,1.55,0.72238,2.43663
primary,gkf,28,5,ridge_physics9_cvplus,Mg3SbBr3,0.9418,0.31734,2.14685
primary,gkf,28,5,ridge_physics9_cvplus,Mg3SbF3,3.184,0.82486,2.65438
primary,gkf,29,5,ridge_physics9_cvplus,Ba3AsCl3,0.969,0.52644,2.20062
primary,gkf,29,5,ridge_physics9_cvplus,Ca3BiI3,1.36,0.09962,1.65901
primary,gkf,29,5,ridge_physics9_cvplus,Mg3BiBr3,0.9648,0.57391,2.10186
primary,gkf,29,5,ridge_physics9_cvplus,Sr3PI3,1.258,0.28682,1.81478
primary,gkf,29,5,ridge_physics9_cvplus,Ba3SbI3,0.78,-0.06653,1.46142
primary,gkf,29,5,ridge_physics9_cvplus,Mg3SbI3,0.1057,0.25808,1.78603
primary,gkf,29,5,ridge_physics9_cvplus,Sr3SbI3,1.31,0.1288,1.67522
primary,gkf,30,6,ridge_physics9_cvplus,Ca3AsF3,2.27,1.62697,3.5405
primary,gkf,30,6,ridge_physics9_cvplus,Ba3BiCl3,0.957,0.45054,2.21576
primary,gkf,30,6,ridge_physics9_cvplus,Ca3BiI3,1.36,-0.06039,1.81943
primary,gkf,30,6,ridge_physics9_cvplus,Mg3BiI3,0.224,-0.07534,1.65927
primary,gkf,30,6,ridge_physics9_cvplus,Ca3PCl3,2.035,0.88241,2.61703
primary,gkf,30,6,ridge_physics9_cvplus,Sr3PBr3,1.55,0.56448,2.29909
primary,gkf,30,6,ridge_physics9_cvplus,Ba3SbBr3,1.0819,0.24384,2.02234
primary,gkf,30,6,ridge_physics9_cvplus,Mg3SbCl3,1.7283,0.6306,2.4288
primary,gkf,31,6,ridge_physics9_cvplus,Ba3AsCl3,0.969,0.21976,2.53655
primary,gkf,31,6,ridge_physics9_cvplus,Ca3AsBr3,1.634,0.40874,2.74204
primary,gkf,31,6,ridge_physics9_cvplus,Sr3AsI3,1.265,-0.14942,2.16737
primary,gkf,31,6,ridge_physics9_cvplus,Mg3BiBr3,0.9648,0.05405,2.37085
primary,gkf,31,6,ridge_physics9_cvplus,Ca3PF3,2.518,1.83595,4.08392
primary,gkf,31,6,ridge_physics9_cvplus,Ba3SbI3,0.78,-0.6447,1.67209
primary,gkf,31,6,ridge_physics9_cvplus,Ca3SbCl3,1.814,0.59999,2.96828
primary,gkf,31,6,ridge_physics9_cvplus,Sr3SbI3,1.31,-0.23402,2.08709
primary,gkf,32,6,ridge_physics9_cvplus,Ba3AsBr3,0.92,0.49622,1.73829
primary,gkf,32,6,ridge_physics9_cvplus,Mg3AsBr3,1.2907,0.50386,1.77954
primary,gkf,32,6,ridge_physics9_cvplus,Ba3PBr3,0.944,0.77579,2.01576
primary,gkf,32,6,ridge_physics9_cvplus,Ba3PCl3,0.964,1.06438,2.319
primary,gkf,32,6,ridge_physics9_cvplus,Sr3PCl3,1.677,1.39805,2.70837
primary,gkf,32,6,ridge_physics9_cvplus,Sr3PI3,1.258,0.63996,1.91564
primary,gkf,32,6,ridge_physics9_cvplus,Ca3SbF3,2.19,1.24787,2.55806
primary,gkf,32,6,ridge_physics9_cvplus,Mg3SbF3,3.184,0.65597,2.16747
primary,gkf,33,6,ridge_physics9_cvplus,Ba3AsI3,0.802,-0.04084,1.36607
primary,gkf,33,6,ridge_physics9_cvplus,Ba3BiBr3,0.912,0.18409,1.591
primary,gkf,33,6,ridge_physics9_cvplus,Ca3PI3,1.4909,0.6626,2.1848
primary,gkf,33,6,ridge_physics9_cvplus,Mg3PBr3,1.506,0.63717,2.04408
primary,gkf,33,6,ridge_physics9_cvplus,Mg3PCl3,2.297,0.81209,2.219
primary,gkf,33,6,ridge_physics9_cvplus,Mg3PI3,0.377,0.34348,1.75039
primary,gkf,33,6,ridge_physics9_cvplus,Ca3SbBr3,1.782,0.82257,2.35567
primary,gkf,33,6,ridge_physics9_cvplus,Mg3SbI3,0.1057,0.26314,1.67005
primary,gkf,34,6,ridge_physics9_cvplus,Sr3AsCl3,1.7,0.60117,2.59018
primary,gkf,34,6,ridge_physics9_cvplus,Ba3BiI3,0.786,-0.3442,1.64481
primary,gkf,34,6,ridge_physics9_cvplus,Ba3PI3,0.764,-0.0046,1.9844
primary,gkf,34,6,ridge_physics9_cvplus,Ca3PBr3,1.8846,0.60665,2.59566
primary,gkf,34,6,ridge_physics9_cvplus,Ba3SbCl3,1.002,0.26186,2.25087
primary,gkf,34,6,ridge_physics9_cvplus,Mg3SbBr3,0.9418,0.4114,2.40041
primary,gkf,34,6,ridge_physics9_cvplus,Sr3SbCl3,1.712,0.51115,2.50016
primary,gkf,35,7,ridge_physics9_cvplus,Ca3AsBr3,1.634,0.44812,2.40301
primary,gkf,35,7,ridge_physics9_cvplus,Ca3AsF3,2.27,1.58212,3.537
primary,gkf,35,7,ridge_physics9_cvplus,Sr3AsI3,1.265,0.07258,2.02746
primary,gkf,35,7,ridge_physics9_cvplus,Ca3BiI3,1.36,-0.09389,1.86336
primary,gkf,35,7,ridge_physics9_cvplus,Ba3PBr3,0.944,0.35519,2.31008
primary,gkf,35,7,ridge_physics9_cvplus,Sr3PI3,1.258,0.18581,2.31779
primary,gkf,35,7,ridge_physics9_cvplus,Ba3SbBr3,1.0819,-0.02881,1.92919
primary,gkf,35,7,ridge_physics9_cvplus,Ca3SbCl3,1.814,0.5952,2.55009
primary,gkf,36,7,ridge_physics9_cvplus,Sr3AsCl3,1.7,0.5751,2.52387
primary,gkf,36,7,ridge_physics9_cvplus,Ba3BiBr3,0.912,0.01166,2.05798
primary,gkf,36,7,ridge_physics9_cvplus,Ba3BiI3,0.786,-0.32334,1.71416
primary,gkf,36,7,ridge_physics9_cvplus,Mg3BiBr3,0.9648,0.42289,2.37166
primary,gkf,36,7,ridge_physics9_cvplus,Mg3BiI3,0.224,0.08789,2.03666
primary,gkf,36,7,ridge_physics9_cvplus,Ca3PF3,2.518,1.60776,3.70605
primary,gkf,36,7,ridge_physics9_cvplus,Sr3PBr3,1.55,0.50421,2.52371
primary,gkf,36,7,ridge_physics9_cvplus,Mg3SbBr3,0.9418,0.51021,2.45899
primary,gkf,37,7,ridge_physics9_cvplus,Ba3PCl3,0.964,1.01291,2.07908
primary,gkf,37,7,ridge_physics9_cvplus,Ca3PCl3,2.035,1.61312,2.59324
primary,gkf,37,7,ridge_physics9_cvplus,Mg3PI3,0.377,0.44802,1.49658
primary,gkf,37,7,ridge_physics9_cvplus,Sr3PCl3,1.677,1.51319,2.49175
primary,gkf,37,7,ridge_physics9_cvplus,Ba3SbCl3,1.002,0.67765,1.72722
primary,gkf,37,7,ridge_physics9_cvplus,Ca3SbBr3,1.782,1.03138,2.11077
primary,gkf,37,7,ridge_physics9_cvplus,Ca3SbF3,2.19,1.5031,2.67296
primary,gkf,37,7,ridge_physics9_cvplus,Mg3SbF3,3.184,1.09766,2.2788
primary,gkf,38,7,ridge_physics9_cvplus,Ba3AsI3,0.802,0.10891,1.5276
primary,gkf,38,7,ridge_physics9_cvplus,Mg3AsBr3,1.2907,0.41715,2.02653
primary,gkf,38,7,ridge_physics9_cvplus,Ba3PI3,0.764,0.17522,1.62645
primary,gkf,38,7,ridge_physics9_cvplus,Ca3PI3,1.4909,0.28432,1.87021
primary,gkf,38,7,ridge_physics9_cvplus,Mg3PCl3,2.297,0.72875,2.33855
primary,gkf,38,7,ridge_physics9_cvplus,Mg3SbCl3,1.7283,0.66982,2.08498
primary,gkf,38,7,ridge_physics9_cvplus,Sr3SbCl3,1.712,0.63827,2.14945
primary,gkf,38,7,ridge_physics9_cvplus,Sr3SbI3,1.31,-0.00839,1.55745
primary,gkf,39,7,ridge_physics9_cvplus,Ba3AsBr3,0.92,0.24221,2.0
primary,gkf,39,7,ridge_physics9_cvplus,Ba3AsCl3,0.969,0.47872,2.24979
primary,gkf,39,7,ridge_physics9_cvplus,Ba3BiCl3,0.957,0.6462,2.27252
primary,gkf,39,7,ridge_physics9_cvplus,Ca3PBr3,1.8846,0.61998,2.2841
primary,gkf,39,7,ridge_physics9_cvplus,Mg3PBr3,1.506,0.4464,2.12047
primary,gkf,39,7,ridge_physics9_cvplus,Ba3SbI3,0.78,0.02354,1.72648
primary,gkf,39,7,ridge_physics9_cvplus,Mg3SbI3,0.1057,0.07292,1.79872
primary,gkf,40,8,ridge_physics9_cvplus,Ca3BiI3,1.36,0.10691,1.77057
primary,gkf,40,8,ridge_physics9_cvplus,Ba3PI3,0.764,0.13881,1.67048
primary,gkf,40,8,ridge_physics9_cvplus,Mg3PBr3,1.506,0.78453,2.19663
primary,gkf,40,8,ridge_physics9_cvplus,Mg3PI3,0.377,0.45705,1.96756
primary,gkf,40,8,ridge_physics9_cvplus,Sr3PBr3,1.55,0.83181,2.39985
primary,gkf,40,8,ridge_physics9_cvplus,Ba3SbBr3,1.0819,0.10579,1.64969
primary,gkf,40,8,ridge_physics9_cvplus,Ca3SbF3,2.19,1.9086,4.11068
primary,gkf,40,8,ridge_physics9_cvplus,Sr3SbCl3,1.712,0.85691,2.50207
primary,gkf,41,8,ridge_physics9_cvplus,Ba3AsCl3,0.969,0.36272,2.36629
primary,gkf,41,8,ridge_physics9_cvplus,Mg3AsBr3,1.2907,0.13375,1.97471
primary,gkf,41,8,ridge_physics9_cvplus,Ba3BiCl3,0.957,0.4115,2.40598
primary,gkf,41,8,ridge_physics9_cvplus,Mg3BiI3,0.224,-0.11371,1.69754
primary,gkf,41,8,ridge_physics9_cvplus,Ca3PF3,2.518,1.53332,3.5278
primary,gkf,41,8,ridge_physics9_cvplus,Mg3PCl3,2.297,0.37339,2.26694
primary,gkf,41,8,ridge_physics9_cvplus,Ba3SbCl3,1.002,0.40087,2.39534
primary,gkf,41,8,ridge_physics9_cvplus,Mg3SbCl3,1.7283,0.56238,2.37364
primary,gkf,42,8,ridge_physics9_cvplus,Ca3AsBr3,1.634,0.99308,2.34771
primary,gkf,42,8,ridge_physics9_cvplus,Sr3AsI3,1.265,0.41651,1.80396
primary,gkf,42,8,ridge_physics9_cvplus,Ba3BiI3,0.786,-0.19002,1.16461
primary,gkf,42,8,ridge_physics9_cvplus,Ca3PI3,1.4909,0.7132,2.07499
primary,gkf,42,8,ridge_physics9_cvplus,Ba3SbI3,0.78,-0.11972,1.23491
primary,gkf,42,8,ridge_physics9_cvplus,Mg3SbBr3,0.9418,0.61947,1.98125
primary,gkf,42,8,ridge_physics9_cvplus,Mg3SbF3,3.184,1.12388,2.4785
primary,gkf,42,8,ridge_physics9_cvplus,Mg3SbI3,0.1057,0.21941,1.60273
primary,gkf,43,8,ridge_physics9_cvplus,Ba3AsBr3,0.92,0.05393,2.08194
primary,gkf,43,8,ridge_physics9_cvplus,Ba3AsI3,0.802,-0.34957,1.69898
primary,gkf,43,8,ridge_physics9_cvplus,Mg3BiBr3,0.9648,0.313,2.25223
primary,gkf,43,8,ridge_physics9_cvplus,Ba3PBr3,0.944,0.23699,2.14682
primary,gkf,43,8,ridge_physics9_cvplus,Ba3PCl3,0.964,0.50101,2.40042
primary,gkf,43,8,ridge_physics9_cvplus,Ca3PCl3,2.035,1.01054,2.93133
primary,gkf,43,8,ridge_physics9_cvplus,Ca3SbBr3,1.782,0.46304,2.57172
primary,gkf,43,8,ridge_physics9_cvplus,Sr3SbI3,1.31,0.08621,2.119
primary,gkf,44,8,ridge_physics9_cvplus,Ca3AsF3,2.27,1.80089,3.70274
primary,gkf,44,8,ridge_physics9_cvplus,Sr3AsCl3,1.7,0.47507,2.79197
primary,gkf,44,8,ridge_physics9_cvplus,Ba3BiBr3,0.912,-0.12855,2.18835
primary,gkf,44,8,ridge_physics9_cvplus,Ca3PBr3,1.8846,0.32407,2.57667
primary,gkf,44,8,ridge_physics9_cvplus,Sr3PCl3,1.677,0.50439,2.68448
primary,gkf,44,8,ridge_physics9_cvplus,Sr3PI3,1.258,0.00277,2.31968
primary,gkf,44,8,ridge_physics9_cvplus,Ca3SbCl3,1.814,0.56343,2.88034
primary,gkf,45,9,ridge_physics9_cvplus,Ca3AsBr3,1.634,0.58462,2.19541
primary,gkf,45,9,ridge_physics9_cvplus,Ba3BiBr3,0.912,0.20352,1.8916
primary,gkf,45,9,ridge_physics9_cvplus,Ba3BiCl3,0.957,0.47264,2.18847
primary,gkf,45,9,ridge_physics9_cvplus,Ba3PBr3,0.944,0.63943,2.24239
primary,gkf,45,9,ridge_physics9_cvplus,Ba3PI3,0.764,0.29687,1.91253
primary,gkf,45,9,ridge_physics9_cvplus,Mg3PI3,0.377,0.36473,1.97551
primary,gkf,45,9,ridge_physics9_cvplus,Ba3SbI3,0.78,-0.07582,1.60607
primary,gkf,45,9,ridge_physics9_cvplus,Sr3SbI3,1.31,0.11292,1.72371
primary,gkf,46,9,ridge_physics9_cvplus,Ca3PBr3,1.8846,0.7065,2.10908
primary,gkf,46,9,ridge_physics9_cvplus,Ca3PCl3,2.035,0.93574,2.3139
primary,gkf,46,9,ridge_physics9_cvplus,Ca3PI3,1.4909,0.35188,1.82894
primary,gkf,46,9,ridge_physics9_cvplus,Mg3PCl3,2.297,0.86196,2.02982
primary,gkf,46,9,ridge_physics9_cvplus,Sr3PCl3,1.677,0.87801,2.25321
primary,gkf,46,9,ridge_physics9_cvplus,Ba3SbCl3,1.002,0.55704,1.99303
primary,gkf,46,9,ridge_physics9_cvplus,Mg3SbCl3,1.7283,0.74913,2.07177
primary,gkf,46,9,ridge_physics9_cvplus,Mg3SbI3,0.1057,0.19984,1.47469
primary,gkf,47,9,ridge_physics9_cvplus,Ba3AsCl3,0.969,0.49043,2.49206
primary,gkf,47,9,ridge_physics9_cvplus,Ca3AsF3,2.27,1.81166,4.29576
primary,gkf,47,9,ridge_physics9_cvplus,Ca3BiI3,1.36,-0.03569,2.02998
primary,gkf,47,9,ridge_physics9_cvplus,Mg3BiI3,0.224,-0.35878,1.81214
primary,gkf,47,9,ridge_physics9_cvplus,Ba3PCl3,0.964,0.38712,2.53975
primary,gkf,47,9,ridge_physics9_cvplus,Mg3PBr3,1.506,0.191,2.44846
primary,gkf,47,9,ridge_physics9_cvplus,Ba3SbBr3,1.0819,0.10186,2.09118
primary,gkf,47,9,ridge_physics9_cvplus,Ca3SbF3,2.19,1.67306,3.88812
primary,gkf,48,9,ridge_physics9_cvplus,Ba3AsBr3,0.92,0.38182,2.10245
primary,gkf,48,9,ridge_physics9_cvplus,Ba3AsI3,0.802,0.01941,1.68839
primary,gkf,48,9,ridge_physics9_cvplus,Mg3AsBr3,1.2907,0.44341,2.16763
primary,gkf,48,9,ridge_physics9_cvplus,Sr3AsI3,1.265,0.19508,1.77374
primary,gkf,48,9,ridge_physics9_cvplus,Ca3PF3,2.518,1.84549,3.50789
primary,gkf,48,9,ridge_physics9_cvplus,Ca3SbBr3,1.782,0.40016,2.02375
primary,gkf,48,9,ridge_physics9_cvplus,Ca3SbCl3,1.814,0.67028,2.23683
primary,gkf,48,9,ridge_physics9_cvplus,Sr3SbCl3,1.712,0.62253,2.22595
primary,gkf,49,9,ridge_physics9_cvplus,Sr3AsCl3,1.7,0.48726,2.7334
primary,gkf,49,9,ridge_physics9_cvplus,Ba3BiI3,0.786,-0.44637,1.79977
primary,gkf,49,9,ridge_physics9_cvplus,Mg3BiBr3,0.9648,0.36136,2.65771
primary,gkf,49,9,ridge_physics9_cvplus,Sr3PBr3,1.55,0.45069,2.76705
primary,gkf,49,9,ridge_physics9_cvplus,Sr3PI3,1.258,0.15719,2.41381
primary,gkf,49,9,ridge_physics9_cvplus,Mg3SbBr3,0.9418,0.35152,2.70939
primary,gkf,49,9,ridge_physics9_cvplus,Mg3SbF3,3.184,0.82588,3.21826
primary,gkf,0,0,mean_cvplus,Ca3AsF3,2.27,0.224,2.42391
primary,gkf,0,0,mean_cvplus,Sr3AsI3,1.265,0.224,2.42391
primary,gkf,0,0,mean_cvplus,Ba3BiCl3,0.957,0.224,2.42391
primary,gkf,0,0,mean_cvplus,Ba3PBr3,0.944,0.224,2.42391
primary,gkf,0,0,mean_cvplus,Mg3PCl3,2.297,0.224,2.42391
primary,gkf,0,0,mean_cvplus,Mg3PI3,0.377,0.224,2.42391
primary,gkf,0,0,mean_cvplus,Sr3PI3,1.258,0.224,2.42391
primary,gkf,0,0,mean_cvplus,Mg3SbF3,3.184,0.224,2.42391
primary,gkf,1,0,mean_cvplus,Ca3AsBr3,1.634,0.24874,2.32518
primary,gkf,1,0,mean_cvplus,Mg3BiI3,0.224,0.24874,2.32518
primary,gkf,1,0,mean_cvplus,Ba3PI3,0.764,0.24874,2.32518
primary,gkf,1,0,mean_cvplus,Ca3PBr3,1.8846,0.24874,2.32518
primary,gkf,1,0,mean_cvplus,Ca3PCl3,2.035,0.24874,2.32518
primary,gkf,1,0,mean_cvplus,Ca3PF3,2.518,0.24874,2.32518
primary,gkf,1,0,mean_cvplus,Ba3SbBr3,1.0819,0.24874,2.32518
primary,gkf,1,0,mean_cvplus,Ca3SbBr3,1.782,0.24874,2.32518
primary,gkf,2,0,mean_cvplus,Ba3AsBr3,0.92,0.14432,2.56928
primary,gkf,2,0,mean_cvplus,Ba3AsCl3,0.969,0.14432,2.56928
primary,gkf,2,0,mean_cvplus,Sr3AsCl3,1.7,0.14432,2.56928
primary,gkf,2,0,mean_cvplus,Ba3BiI3,0.786,0.14432,2.56928
primary,gkf,2,0,mean_cvplus,Mg3PBr3,1.506,0.14432,2.56928
primary,gkf,2,0,mean_cvplus,Ba3SbI3,0.78,0.14432,2.56928
primary,gkf,2,0,mean_cvplus,Ca3SbF3,2.19,0.14432,2.56928
primary,gkf,2,0,mean_cvplus,Sr3SbCl3,1.712,0.14432,2.56928
primary,gkf,3,0,mean_cvplus,Ba3AsI3,0.802,0.34664,2.56406
primary,gkf,3,0,mean_cvplus,Ba3BiBr3,0.912,0.34664,2.56406
primary,gkf,3,0,mean_cvplus,Mg3BiBr3,0.9648,0.34664,2.56406
primary,gkf,3,0,mean_cvplus,Sr3PBr3,1.55,0.34664,2.56406
primary,gkf,3,0,mean_cvplus,Sr3PCl3,1.677,0.34664,2.56406
primary,gkf,3,0,mean_cvplus,Ba3SbCl3,1.002,0.34664,2.56406
primary,gkf,3,0,mean_cvplus,Mg3SbCl3,1.7283,0.34664,2.56406
primary,gkf,3,0,mean_cvplus,Mg3SbI3,0.1057,0.34664,2.56406
primary,gkf,4,0,mean_cvplus,Mg3AsBr3,1.2907,0.1057,2.518
primary,gkf,4,0,mean_cvplus,Ca3BiI3,1.36,0.1057,2.518
primary,gkf,4,0,mean_cvplus,Ba3PCl3,0.964,0.1057,2.518
primary,gkf,4,0,mean_cvplus,Ca3PI3,1.4909,0.1057,2.518
primary,gkf,4,0,mean_cvplus,Ca3SbCl3,1.814,0.1057,2.518
primary,gkf,4,0,mean_cvplus,Mg3SbBr3,0.9418,0.1057,2.518
primary,gkf,4,0,mean_cvplus,Sr3SbI3,1.31,0.1057,2.518
primary,gkf,5,1,mean_cvplus,Ba3AsBr3,0.92,0.224,2.67303
primary,gkf,5,1,mean_cvplus,Ca3AsBr3,1.634,0.224,2.67303
primary,gkf,5,1,mean_cvplus,Ba3BiCl3,0.957,0.224,2.67303
primary,gkf,5,1,mean_cvplus,Mg3BiBr3,0.9648,0.224,2.67303
primary,gkf,5,1,mean_cvplus,Mg3PI3,0.377,0.224,2.67303
primary,gkf,5,1,mean_cvplus,Ba3SbCl3,1.002,0.224,2.67303
primary,gkf,5,1,mean_cvplus,Mg3SbBr3,0.9418,0.224,2.67303
primary,gkf,5,1,mean_cvplus,Mg3SbCl3,1.7283,0.224,2.67303
primary,gkf,6,1,mean_cvplus,Mg3AsBr3,1.2907,0.224,2.518
primary,gkf,6,1,mean_cvplus,Ba3BiI3,0.786,0.224,2.518
primary,gkf,6,1,mean_cvplus,Ca3PBr3,1.8846,0.224,2.518
primary,gkf,6,1,mean_cvplus,Ca3PI3,1.4909,0.224,2.518
primary,gkf,6,1,mean_cvplus,Mg3PCl3,2.297,0.224,2.518
primary,gkf,6,1,mean_cvplus,Ba3SbBr3,1.0819,0.224,2.518
primary,gkf,6,1,mean_cvplus,Ca3SbF3,2.19,0.224,2.518
primary,gkf,6,1,mean_cvplus,Mg3SbI3,0.1057,0.224,2.518
primary,gkf,7,1,mean_cvplus,Ba3AsI3,0.802,0.1057,2.57354
primary,gkf,7,1,mean_cvplus,Sr3AsCl3,1.7,0.1057,2.57354
primary,gkf,7,1,mean_cvplus,Sr3AsI3,1.265,0.1057,2.57354
primary,gkf,7,1,mean_cvplus,Ba3PCl3,0.964,0.1057,2.57354
primary,gkf,7,1,mean_cvplus,Ca3PCl3,2.035,0.1057,2.57354
primary,gkf,7,1,mean_cvplus,Sr3PBr3,1.55,0.1057,2.57354
primary,gkf,7,1,mean_cvplus,Ba3SbI3,0.78,0.1057,2.57354
primary,gkf,7,1,mean_cvplus,Sr3SbI3,1.31,0.1057,2.57354
primary,gkf,8,1,mean_cvplus,Ba3AsCl3,0.969,0.1057,2.3211
primary,gkf,8,1,mean_cvplus,Ca3BiI3,1.36,0.1057,2.3211
primary,gkf,8,1,mean_cvplus,Mg3PBr3,1.506,0.1057,2.3211
primary,gkf,8,1,mean_cvplus,Sr3PCl3,1.677,0.1057,2.3211
primary,gkf,8,1,mean_cvplus,Sr3PI3,1.258,0.1057,2.3211
primary,gkf,8,1,mean_cvplus,Ca3SbBr3,1.782,0.1057,2.3211
primary,gkf,8,1,mean_cvplus,Mg3SbF3,3.184,0.1057,2.3211
primary,gkf,8,1,mean_cvplus,Sr3SbCl3,1.712,0.1057,2.3211
primary,gkf,9,1,mean_cvplus,Ca3AsF3,2.27,0.33582,2.41525
primary,gkf,9,1,mean_cvplus,Ba3BiBr3,0.912,0.33582,2.41525
primary,gkf,9,1,mean_cvplus,Mg3BiI3,0.224,0.33582,2.41525
primary,gkf,9,1,mean_cvplus,Ba3PBr3,0.944,0.33582,2.41525
primary,gkf,9,1,mean_cvplus,Ba3PI3,0.764,0.33582,2.41525
primary,gkf,9,1,mean_cvplus,Ca3PF3,2.518,0.33582,2.41525
primary,gkf,9,1,mean_cvplus,Ca3SbCl3,1.814,0.33582,2.41525
primary,gkf,10,2,mean_cvplus,Ba3AsCl3,0.969,0.224,2.61877
primary,gkf,10,2,mean_cvplus,Ba3BiBr3,0.912,0.224,2.61877
primary,gkf,10,2,mean_cvplus,Ba3BiCl3,0.957,0.224,2.61877
primary,gkf,10,2,mean_cvplus,Ba3BiI3,0.786,0.224,2.61877
primary,gkf,10,2,mean_cvplus,Ca3PCl3,2.035,0.224,2.61877
primary,gkf,10,2,mean_cvplus,Mg3PCl3,2.297,0.224,2.61877
primary,gkf,10,2,mean_cvplus,Ba3SbBr3,1.0819,0.224,2.61877
primary,gkf,10,2,mean_cvplus,Ba3SbCl3,1.002,0.224,2.61877
primary,gkf,11,2,mean_cvplus,Ba3AsI3,0.802,0.224,2.518
primary,gkf,11,2,mean_cvplus,Sr3AsCl3,1.7,0.224,2.518
primary,gkf,11,2,mean_cvplus,Sr3AsI3,1.265,0.224,2.518
primary,gkf,11,2,mean_cvplus,Ca3PI3,1.4909,0.224,2.518
primary,gkf,11,2,mean_cvplus,Sr3PI3,1.258,0.224,2.518
primary,gkf,11,2,mean_cvplus,Ba3SbI3,0.78,0.224,2.518
primary,gkf,11,2,mean_cvplus,Ca3SbBr3,1.782,0.224,2.518
primary,gkf,11,2,mean_cvplus,Mg3SbBr3,0.9418,0.224,2.518
primary,gkf,12,2,mean_cvplus,Ba3AsBr3,0.92,0.224,2.61254
primary,gkf,12,2,mean_cvplus,Mg3BiBr3,0.9648,0.224,2.61254
primary,gkf,12,2,mean_cvplus,Ba3PBr3,0.944,0.224,2.61254
primary,gkf,12,2,mean_cvplus,Ba3PI3,0.764,0.224,2.61254
primary,gkf,12,2,mean_cvplus,Mg3PBr3,1.506,0.224,2.61254
primary,gkf,12,2,mean_cvplus,Ca3SbF3,2.19,0.224,2.61254
primary,gkf,12,2,mean_cvplus,Mg3SbI3,0.1057,0.224,2.61254
primary,gkf,12,2,mean_cvplus,Sr3SbI3,1.31,0.224,2.61254
primary,gkf,13,2,mean_cvplus,Ca3AsBr3,1.634,0.22699,2.297
primary,gkf,13,2,mean_cvplus,Mg3BiI3,0.224,0.22699,2.297
primary,gkf,13,2,mean_cvplus,Ca3PBr3,1.8846,0.22699,2.297
primary,gkf,13,2,mean_cvplus,Ca3PF3,2.518,0.22699,2.297
primary,gkf,13,2,mean_cvplus,Mg3PI3,0.377,0.22699,2.297
primary,gkf,13,2,mean_cvplus,Sr3PBr3,1.55,0.22699,2.297
primary,gkf,13,2,mean_cvplus,Ca3SbCl3,1.814,0.22699,2.297
primary,gkf,13,2,mean_cvplus,Mg3SbCl3,1.7283,0.22699,2.297
primary,gkf,14,2,mean_cvplus,Ca3AsF3,2.27,0.12546,2.31579
primary,gkf,14,2,mean_cvplus,Mg3AsBr3,1.2907,0.12546,2.31579
primary,gkf,14,2,mean_cvplus,Ca3BiI3,1.36,0.12546,2.31579
primary,gkf,14,2,mean_cvplus,Ba3PCl3,0.964,0.12546,2.31579
primary,gkf,14,2,mean_cvplus,Sr3PCl3,1.677,0.12546,2.31579
primary,gkf,14,2,mean_cvplus,Mg3SbF3,3.184,0.12546,2.31579
primary,gkf,14,2,mean_cvplus,Sr3SbCl3,1.712,0.12546,2.31579
primary,gkf,15,3,mean_cvplus,Ba3AsCl3,0.969,0.48242,2.297
primary,gkf,15,3,mean_cvplus,Ba3BiBr3,0.912,0.48242,2.297
primary,gkf,15,3,mean_cvplus,Ba3BiI3,0.786,0.48242,2.297
primary,gkf,15,3,mean_cvplus,Mg3BiI3,0.224,0.48242,2.297
primary,gkf,15,3,mean_cvplus,Ca3PF3,2.518,0.48242,2.297
primary,gkf,15,3,mean_cvplus,Ca3PI3,1.4909,0.48242,2.297
primary,gkf,15,3,mean_cvplus,Mg3PBr3,1.506,0.48242,2.297
primary,gkf,15,3,mean_cvplus,Mg3SbI3,0.1057,0.48242,2.297
primary,gkf,16,3,mean_cvplus,Ca3AsBr3,1.634,0.1057,2.62119
primary,gkf,16,3,mean_cvplus,Ca3PCl3,2.035,0.1057,2.62119
primary,gkf,16,3,mean_cvplus,Sr3PCl3,1.677,0.1057,2.62119
primary,gkf,16,3,mean_cvplus,Sr3PI3,1.258,0.1057,2.62119
primary,gkf,16,3,mean_cvplus,Ba3SbBr3,1.0819,0.1057,2.62119
primary,gkf,16,3,mean_cvplus,Ba3SbCl3,1.002,0.1057,2.62119
primary,gkf,16,3,mean_cvplus,Ca3SbBr3,1.782,0.1057,2.62119
primary,gkf,16,3,mean_cvplus,Mg3SbBr3,0.9418,0.1057,2.62119
primary,gkf,17,3,mean_cvplus,Ba3AsBr3,0.92,0.1057,2.518
primary,gkf,17,3,mean_cvplus,Ca3AsF3,2.27,0.1057,2.518
primary,gkf,17,3,mean_cvplus,Ca3BiI3,1.36,0.1057,2.518
primary,gkf,17,3,mean_cvplus,Mg3PCl3,2.297,0.1057,2.518
primary,gkf,17,3,mean_cvplus,Ca3SbCl3,1.814,0.1057,2.518
primary,gkf,17,3,mean_cvplus,Ca3SbF3,2.19,0.1057,2.518
primary,gkf,17,3,mean_cvplus,Mg3SbCl3,1.7283,0.1057,2.518
primary,gkf,17,3,mean_cvplus,Sr3SbCl3,1.712,0.1057,2.518
primary,gkf,18,3,mean_cvplus,Ba3AsI3,0.802,0.18906,2.518
primary,gkf,18,3,mean_cvplus,Mg3AsBr3,1.2907,0.18906,2.518
primary,gkf,18,3,mean_cvplus,Sr3AsI3,1.265,0.18906,2.518
primary,gkf,18,3,mean_cvplus,Ba3BiCl3,0.957,0.18906,2.518
primary,gkf,18,3,mean_cvplus,Mg3BiBr3,0.9648,0.18906,2.518
primary,gkf,18,3,mean_cvplus,Ca3PBr3,1.8846,0.18906,2.518
primary,gkf,18,3,mean_cvplus,Sr3PBr3,1.55,0.18906,2.518
primary,gkf,18,3,mean_cvplus,Mg3SbF3,3.184,0.18906,2.518
primary,gkf,19,3,mean_cvplus,Sr3AsCl3,1.7,0.224,2.62837
primary,gkf,19,3,mean_cvplus,Ba3PBr3,0.944,0.224,2.62837
primary,gkf,19,3,mean_cvplus,Ba3PCl3,0.964,0.224,2.62837
primary,gkf,19,3,mean_cvplus,Ba3PI3,0.764,0.224,2.62837
primary,gkf,19,3,mean_cvplus,Mg3PI3,0.377,0.224,2.62837
primary,gkf,19,3,mean_cvplus,Ba3SbI3,0.78,0.224,2.62837
primary,gkf,19,3,mean_cvplus,Sr3SbI3,1.31,0.224,2.62837
primary,gkf,20,4,mean_cvplus,Ca3AsF3,2.27,0.12314,2.53642
primary,gkf,20,4,mean_cvplus,Sr3AsI3,1.265,0.12314,2.53642
primary,gkf,20,4,mean_cvplus,Ba3BiCl3,0.957,0.12314,2.53642
primary,gkf,20,4,mean_cvplus,Mg3BiBr3,0.9648,0.12314,2.53642
primary,gkf,20,4,mean_cvplus,Ba3PCl3,0.964,0.12314,2.53642
primary,gkf,20,4,mean_cvplus,Ca3PBr3,1.8846,0.12314,2.53642
primary,gkf,20,4,mean_cvplus,Sr3PI3,1.258,0.12314,2.53642
primary,gkf,20,4,mean_cvplus,Sr3SbI3,1.31,0.12314,2.53642
primary,gkf,21,4,mean_cvplus,Ba3AsI3,0.802,0.224,2.297
primary,gkf,21,4,mean_cvplus,Ba3BiBr3,0.912,0.224,2.297
primary,gkf,21,4,mean_cvplus,Ba3PI3,0.764,0.224,2.297
primary,gkf,21,4,mean_cvplus,Ca3PCl3,2.035,0.224,2.297
primary,gkf,21,4,mean_cvplus,Ca3PF3,2.518,0.224,2.297
primary,gkf,21,4,mean_cvplus,Mg3PBr3,1.506,0.224,2.297
primary,gkf,21,4,mean_cvplus,Mg3SbF3,3.184,0.224,2.297
primary,gkf,21,4,mean_cvplus,Sr3SbCl3,1.712,0.224,2.297
primary,gkf,22,4,mean_cvplus,Ba3AsBr3,0.92,0.1057,2.61611
primary,gkf,22,4,mean_cvplus,Sr3AsCl3,1.7,0.1057,2.61611
primary,gkf,22,4,mean_cvplus,Ba3BiI3,0.786,0.1057,2.61611
primary,gkf,22,4,mean_cvplus,Ba3SbCl3,1.002,0.1057,2.61611
primary,gkf,22,4,mean_cvplus,Ba3SbI3,0.78,0.1057,2.61611
primary,gkf,22,4,mean_cvplus,Ca3SbBr3,1.782,0.1057,2.61611
primary,gkf,22,4,mean_cvplus,Ca3SbCl3,1.814,0.1057,2.61611
primary,gkf,22,4,mean_cvplus,Mg3SbCl3,1.7283,0.1057,2.61611
primary,gkf,23,4,mean_cvplus,Ba3AsCl3,0.969,0.1057,2.518
primary,gkf,23,4,mean_cvplus,Mg3BiI3,0.224,0.1057,2.518
primary,gkf,23,4,mean_cvplus,Ca3PI3,1.4909,0.1057,2.518
primary,gkf,23,4,mean_cvplus,Mg3PCl3,2.297,0.1057,2.518
primary,gkf,23,4,mean_cvplus,Mg3PI3,0.377,0.1057,2.518
primary,gkf,23,4,mean_cvplus,Sr3PBr3,1.55,0.1057,2.518
primary,gkf,23,4,mean_cvplus,Ba3SbBr3,1.0819,0.1057,2.518
primary,gkf,23,4,mean_cvplus,Ca3SbF3,2.19,0.1057,2.518
primary,gkf,24,4,mean_cvplus,Ca3AsBr3,1.634,0.224,2.55744
primary,gkf,24,4,mean_cvplus,Mg3AsBr3,1.2907,0.224,2.55744
primary,gkf,24,4,mean_cvplus,Ca3BiI3,1.36,0.224,2.55744
primary,gkf,24,4,mean_cvplus,Ba3PBr3,0.944,0.224,2.55744
primary,gkf,24,4,mean_cvplus,Sr3PCl3,1.677,0.224,2.55744
primary,gkf,24,4,mean_cvplus,Mg3SbBr3,0.9418,0.224,2.55744
primary,gkf,24,4,mean_cvplus,Mg3SbI3,0.1057,0.224,2.55744
primary,gkf,25,5,mean_cvplus,Ca3AsBr3,1.634,0.10337,2.50626
primary,gkf,25,5,mean_cvplus,Mg3AsBr3,1.2907,0.10337,2.50626
primary,gkf,25,5,mean_cvplus,Ba3PI3,0.764,0.10337,2.50626
primary,gkf,25,5,mean_cvplus,Ca3PBr3,1.8846,0.10337,2.50626
primary,gkf,25,5,mean_cvplus,Ca3PF3,2.518,0.10337,2.50626
primary,gkf,25,5,mean_cvplus,Mg3PBr3,1.506,0.10337,2.50626
primary,gkf,25,5,mean_cvplus,Sr3PCl3,1.677,0.10337,2.50626
primary,gkf,25,5,mean_cvplus,Sr3SbCl3,1.712,0.10337,2.50626
primary,gkf,26,5,mean_cvplus,Ca3AsF3,2.27,0.22062,2.54976
primary,gkf,26,5,mean_cvplus,Ba3BiBr3,0.912,0.22062,2.54976
primary,gkf,26,5,mean_cvplus,Ba3BiI3,0.786,0.22062,2.54976
primary,gkf,26,5,mean_cvplus,Ba3PBr3,0.944,0.22062,2.54976
primary,gkf,26,5,mean_cvplus,Ba3PCl3,0.964,0.22062,2.54976
primary,gkf,26,5,mean_cvplus,Ba3SbBr3,1.0819,0.22062,2.54976
primary,gkf,26,5,mean_cvplus,Ba3SbCl3,1.002,0.22062,2.54976
primary,gkf,26,5,mean_cvplus,Ca3SbBr3,1.782,0.22062,2.54976
primary,gkf,27,5,mean_cvplus,Ba3AsBr3,0.92,0.31551,2.518
primary,gkf,27,5,mean_cvplus,Sr3AsI3,1.265,0.31551,2.518
primary,gkf,27,5,mean_cvplus,Mg3BiI3,0.224,0.31551,2.518
primary,gkf,27,5,mean_cvplus,Ca3PI3,1.4909,0.31551,2.518
primary,gkf,27,5,mean_cvplus,Mg3PI3,0.377,0.31551,2.518
primary,gkf,27,5,mean_cvplus,Ca3SbCl3,1.814,0.31551,2.518
primary,gkf,27,5,mean_cvplus,Ca3SbF3,2.19,0.31551,2.518
primary,gkf,27,5,mean_cvplus,Mg3SbCl3,1.7283,0.31551,2.518
primary,gkf,28,5,mean_cvplus,Ba3AsI3,0.802,0.1057,2.518
primary,gkf,28,5,mean_cvplus,Sr3AsCl3,1.7,0.1057,2.518
primary,gkf,28,5,mean_cvplus,Ba3BiCl3,0.957,0.1057,2.518
primary,gkf,28,5,mean_cvplus,Ca3PCl3,2.035,0.1057,2.518
primary,gkf,28,5,mean_cvplus,Mg3PCl3,2.297,0.1057,2.518
primary,gkf,28,5,mean_cvplus,Sr3PBr3,1.55,0.1057,2.518
primary,gkf,28,5,mean_cvplus,Mg3SbBr3,0.9418,0.1057,2.518
primary,gkf,28,5,mean_cvplus,Mg3SbF3,3.184,0.1057,2.518
primary,gkf,29,5,mean_cvplus,Ba3AsCl3,0.969,0.377,2.518
primary,gkf,29,5,mean_cvplus,Ca3BiI3,1.36,0.377,2.518
primary,gkf,29,5,mean_cvplus,Mg3BiBr3,0.9648,0.377,2.518
primary,gkf,29,5,mean_cvplus,Sr3PI3,1.258,0.377,2.518
primary,gkf,29,5,mean_cvplus,Ba3SbI3,0.78,0.377,2.518
primary,gkf,29,5,mean_cvplus,Mg3SbI3,0.1057,0.377,2.518
primary,gkf,29,5,mean_cvplus,Sr3SbI3,1.31,0.377,2.518
primary,gkf,30,6,mean_cvplus,Ca3AsF3,2.27,0.15973,2.518
primary,gkf,30,6,mean_cvplus,Ba3BiCl3,0.957,0.15973,2.518
primary,gkf,30,6,mean_cvplus,Ca3BiI3,1.36,0.15973,2.518
primary,gkf,30,6,mean_cvplus,Mg3BiI3,0.224,0.15973,2.518
primary,gkf,30,6,mean_cvplus,Ca3PCl3,2.035,0.15973,2.518
primary,gkf,30,6,mean_cvplus,Sr3PBr3,1.55,0.15973,2.518
primary,gkf,30,6,mean_cvplus,Ba3SbBr3,1.0819,0.15973,2.518
primary,gkf,30,6,mean_cvplus,Mg3SbCl3,1.7283,0.15973,2.518
primary,gkf,31,6,mean_cvplus,Ba3AsCl3,0.969,0.224,2.45586
primary,gkf,31,6,mean_cvplus,Ca3AsBr3,1.634,0.224,2.45586
primary,gkf,31,6,mean_cvplus,Sr3AsI3,1.265,0.224,2.45586
primary,gkf,31,6,mean_cvplus,Mg3BiBr3,0.9648,0.224,2.45586
primary,gkf,31,6,mean_cvplus,Ca3PF3,2.518,0.224,2.45586
primary,gkf,31,6,mean_cvplus,Ba3SbI3,0.78,0.224,2.45586
primary,gkf,31,6,mean_cvplus,Ca3SbCl3,1.814,0.224,2.45586
primary,gkf,31,6,mean_cvplus,Sr3SbI3,1.31,0.224,2.45586
primary,gkf,32,6,mean_cvplus,Ba3AsBr3,0.92,0.21072,2.518
primary,gkf,32,6,mean_cvplus,Mg3AsBr3,1.2907,0.21072,2.518
primary,gkf,32,6,mean_cvplus,Ba3PBr3,0.944,0.21072,2.518
primary,gkf,32,6,mean_cvplus,Ba3PCl3,0.964,0.21072,2.518
primary,gkf,32,6,mean_cvplus,Sr3PCl3,1.677,0.21072,2.518
primary,gkf,32,6,mean_cvplus,Sr3PI3,1.258,0.21072,2.518
primary,gkf,32,6,mean_cvplus,Ca3SbF3,2.19,0.21072,2.518
primary,gkf,32,6,mean_cvplus,Mg3SbF3,3.184,0.21072,2.518
primary,gkf,33,6,mean_cvplus,Ba3AsI3,0.802,0.28682,2.518
primary,gkf,33,6,mean_cvplus,Ba3BiBr3,0.912,0.28682,2.518
primary,gkf,33,6,mean_cvplus,Ca3PI3,1.4909,0.28682,2.518
primary,gkf,33,6,mean_cvplus,Mg3PBr3,1.506,0.28682,2.518
primary,gkf,33,6,mean_cvplus,Mg3PCl3,2.297,0.28682,2.518
primary,gkf,33,6,mean_cvplus,Mg3PI3,0.377,0.28682,2.518
primary,gkf,33,6,mean_cvplus,Ca3SbBr3,1.782,0.28682,2.518
primary,gkf,33,6,mean_cvplus,Mg3SbI3,0.1057,0.28682,2.518
primary,gkf,34,6,mean_cvplus,Sr3AsCl3,1.7,0.19203,2.57975
primary,gkf,34,6,mean_cvplus,Ba3BiI3,0.786,0.19203,2.57975
primary,gkf,34,6,mean_cvplus,Ba3PI3,0.764,0.19203,2.57975
primary,gkf,34,6,mean_cvplus,Ca3PBr3,1.8846,0.19203,2.57975
primary,gkf,34,6,mean_cvplus,Ba3SbCl3,1.002,0.19203,2.57975
primary,gkf,34,6,mean_cvplus,Mg3SbBr3,0.9418,0.19203,2.57975
primary,gkf,34,6,mean_cvplus,Sr3SbCl3,1.712,0.19203,2.57975
primary,gkf,35,7,mean_cvplus,Ca3AsBr3,1.634,0.1057,2.518
primary,gkf,35,7,mean_cvplus,Ca3AsF3,2.27,0.1057,2.518
primary,gkf,35,7,mean_cvplus,Sr3AsI3,1.265,0.1057,2.518
primary,gkf,35,7,mean_cvplus,Ca3BiI3,1.36,0.1057,2.518
primary,gkf,35,7,mean_cvplus,Ba3PBr3,0.944,0.1057,2.518
primary,gkf,35,7,mean_cvplus,Sr3PI3,1.258,0.1057,2.518
primary,gkf,35,7,mean_cvplus,Ba3SbBr3,1.0819,0.1057,2.518
primary,gkf,35,7,mean_cvplus,Ca3SbCl3,1.814,0.1057,2.518
primary,gkf,36,7,mean_cvplus,Sr3AsCl3,1.7,0.377,2.56634
primary,gkf,36,7,mean_cvplus,Ba3BiBr3,0.912,0.377,2.56634
primary,gkf,36,7,mean_cvplus,Ba3BiI3,0.786,0.377,2.56634
primary,gkf,36,7,mean_cvplus,Mg3BiBr3,0.9648,0.377,2.56634
primary,gkf,36,7,mean_cvplus,Mg3BiI3,0.224,0.377,2.56634
primary,gkf,36,7,mean_cvplus,Ca3PF3,2.518,0.377,2.56634
primary,gkf,36,7,mean_cvplus,Sr3PBr3,1.55,0.377,2.56634
primary,gkf,36,7,mean_cvplus,Mg3SbBr3,0.9418,0.377,2.56634
primary,gkf,37,7,mean_cvplus,Ba3PCl3,0.964,0.224,2.3415
primary,gkf,37,7,mean_cvplus,Ca3PCl3,2.035,0.224,2.3415
primary,gkf,37,7,mean_cvplus,Mg3PI3,0.377,0.224,2.3415
primary,gkf,37,7,mean_cvplus,Sr3PCl3,1.677,0.224,2.3415
primary,gkf,37,7,mean_cvplus,Ba3SbCl3,1.002,0.224,2.3415
primary,gkf,37,7,mean_cvplus,Ca3SbBr3,1.782,0.224,2.3415
primary,gkf,37,7,mean_cvplus,Ca3SbF3,2.19,0.224,2.3415
primary,gkf,37,7,mean_cvplus,Mg3SbF3,3.184,0.224,2.3415
primary,gkf,38,7,mean_cvplus,Ba3AsI3,0.802,0.1057,2.518
primary,gkf,38,7,mean_cvplus,Mg3AsBr3,1.2907,0.1057,2.518
primary,gkf,38,7,mean_cvplus,Ba3PI3,0.764,0.1057,2.518
primary,gkf,38,7,mean_cvplus,Ca3PI3,1.4909,0.1057,2.518
primary,gkf,38,7,mean_cvplus,Mg3PCl3,2.297,0.1057,2.518
primary,gkf,38,7,mean_cvplus,Mg3SbCl3,1.7283,0.1057,2.518
primary,gkf,38,7,mean_cvplus,Sr3SbCl3,1.712,0.1057,2.518
primary,gkf,38,7,mean_cvplus,Sr3SbI3,1.31,0.1057,2.518
primary,gkf,39,7,mean_cvplus,Ba3AsBr3,0.92,0.25795,2.55195
primary,gkf,39,7,mean_cvplus,Ba3AsCl3,0.969,0.25795,2.55195
primary,gkf,39,7,mean_cvplus,Ba3BiCl3,0.957,0.25795,2.55195
primary,gkf,39,7,mean_cvplus,Ca3PBr3,1.8846,0.25795,2.55195
primary,gkf,39,7,mean_cvplus,Mg3PBr3,1.506,0.25795,2.55195
primary,gkf,39,7,mean_cvplus,Ba3SbI3,0.78,0.25795,2.55195
primary,gkf,39,7,mean_cvplus,Mg3SbI3,0.1057,0.25795,2.55195
primary,gkf,40,8,mean_cvplus,Ca3BiI3,1.36,0.1057,2.518
primary,gkf,40,8,mean_cvplus,Ba3PI3,0.764,0.1057,2.518
primary,gkf,40,8,mean_cvplus,Mg3PBr3,1.506,0.1057,2.518
primary,gkf,40,8,mean_cvplus,Mg3PI3,0.377,0.1057,2.518
primary,gkf,40,8,mean_cvplus,Sr3PBr3,1.55,0.1057,2.518
primary,gkf,40,8,mean_cvplus,Ba3SbBr3,1.0819,0.1057,2.518
primary,gkf,40,8,mean_cvplus,Ca3SbF3,2.19,0.1057,2.518
primary,gkf,40,8,mean_cvplus,Sr3SbCl3,1.712,0.1057,2.518
primary,gkf,41,8,mean_cvplus,Ba3AsCl3,0.969,0.377,2.37994
primary,gkf,41,8,mean_cvplus,Mg3AsBr3,1.2907,0.377,2.37994
primary,gkf,41,8,mean_cvplus,Ba3BiCl3,0.957,0.377,2.37994
primary,gkf,41,8,mean_cvplus,Mg3BiI3,0.224,0.377,2.37994
primary,gkf,41,8,mean_cvplus,Ca3PF3,2.518,0.377,2.37994
primary,gkf,41,8,mean_cvplus,Mg3PCl3,2.297,0.377,2.37994
primary,gkf,41,8,mean_cvplus,Ba3SbCl3,1.002,0.377,2.37994
primary,gkf,41,8,mean_cvplus,Mg3SbCl3,1.7283,0.377,2.37994
primary,gkf,42,8,mean_cvplus,Ca3AsBr3,1.634,0.224,2.34855
primary,gkf,42,8,mean_cvplus,Sr3AsI3,1.265,0.224,2.34855
primary,gkf,42,8,mean_cvplus,Ba3BiI3,0.786,0.224,2.34855
primary,gkf,42,8,mean_cvplus,Ca3PI3,1.4909,0.224,2.34855
primary,gkf,42,8,mean_cvplus,Ba3SbI3,0.78,0.224,2.34855
primary,gkf,42,8,mean_cvplus,Mg3SbBr3,0.9418,0.224,2.34855
primary,gkf,42,8,mean_cvplus,Mg3SbF3,3.184,0.224,2.34855
primary,gkf,42,8,mean_cvplus,Mg3SbI3,0.1057,0.224,2.34855
primary,gkf,43,8,mean_cvplus,Ba3AsBr3,0.92,0.20091,2.518
primary,gkf,43,8,mean_cvplus,Ba3AsI3,0.802,0.20091,2.518
primary,gkf,43,8,mean_cvplus,Mg3BiBr3,0.9648,0.20091,2.518
primary,gkf,43,8,mean_cvplus,Ba3PBr3,0.944,0.20091,2.518
primary,gkf,43,8,mean_cvplus,Ba3PCl3,0.964,0.20091,2.518
primary,gkf,43,8,mean_cvplus,Ca3PCl3,2.035,0.20091,2.518
primary,gkf,43,8,mean_cvplus,Ca3SbBr3,1.782,0.20091,2.518
primary,gkf,43,8,mean_cvplus,Sr3SbI3,1.31,0.20091,2.518
primary,gkf,44,8,mean_cvplus,Ca3AsF3,2.27,0.1057,2.51663
primary,gkf,44,8,mean_cvplus,Sr3AsCl3,1.7,0.1057,2.51663
primary,gkf,44,8,mean_cvplus,Ba3BiBr3,0.912,0.1057,2.51663
primary,gkf,44,8,mean_cvplus,Ca3PBr3,1.8846,0.1057,2.51663
primary,gkf,44,8,mean_cvplus,Sr3PCl3,1.677,0.1057,2.51663
primary,gkf,44,8,mean_cvplus,Sr3PI3,1.258,0.1057,2.51663
primary,gkf,44,8,mean_cvplus,Ca3SbCl3,1.814,0.1057,2.51663
primary,gkf,45,9,mean_cvplus,Ca3AsBr3,1.634,0.224,2.84626
primary,gkf,45,9,mean_cvplus,Ba3BiBr3,0.912,0.224,2.84626
primary,gkf,45,9,mean_cvplus,Ba3BiCl3,0.957,0.224,2.84626
primary,gkf,45,9,mean_cvplus,Ba3PBr3,0.944,0.224,2.84626
primary,gkf,45,9,mean_cvplus,Ba3PI3,0.764,0.224,2.84626
primary,gkf,45,9,mean_cvplus,Mg3PI3,0.377,0.224,2.84626
primary,gkf,45,9,mean_cvplus,Ba3SbI3,0.78,0.224,2.84626
primary,gkf,45,9,mean_cvplus,Sr3SbI3,1.31,0.224,2.84626
primary,gkf,46,9,mean_cvplus,Ca3PBr3,1.8846,0.224,2.3081
primary,gkf,46,9,mean_cvplus,Ca3PCl3,2.035,0.224,2.3081
primary,gkf,46,9,mean_cvplus,Ca3PI3,1.4909,0.224,2.3081
primary,gkf,46,9,mean_cvplus,Mg3PCl3,2.297,0.224,2.3081
primary,gkf,46,9,mean_cvplus,Sr3PCl3,1.677,0.224,2.3081
primary,gkf,46,9,mean_cvplus,Ba3SbCl3,1.002,0.224,2.3081
primary,gkf,46,9,mean_cvplus,Mg3SbCl3,1.7283,0.224,2.3081
primary,gkf,46,9,mean_cvplus,Mg3SbI3,0.1057,0.224,2.3081
primary,gkf,47,9,mean_cvplus,Ba3AsCl3,0.969,0.1057,2.518
primary,gkf,47,9,mean_cvplus,Ca3AsF3,2.27,0.1057,2.518
primary,gkf,47,9,mean_cvplus,Ca3BiI3,1.36,0.1057,2.518
primary,gkf,47,9,mean_cvplus,Mg3BiI3,0.224,0.1057,2.518
primary,gkf,47,9,mean_cvplus,Ba3PCl3,0.964,0.1057,2.518
primary,gkf,47,9,mean_cvplus,Mg3PBr3,1.506,0.1057,2.518
primary,gkf,47,9,mean_cvplus,Ba3SbBr3,1.0819,0.1057,2.518
primary,gkf,47,9,mean_cvplus,Ca3SbF3,2.19,0.1057,2.518
primary,gkf,48,9,mean_cvplus,Ba3AsBr3,0.92,0.224,2.52758
primary,gkf,48,9,mean_cvplus,Ba3AsI3,0.802,0.224,2.52758
primary,gkf,48,9,mean_cvplus,Mg3AsBr3,1.2907,0.224,2.52758
primary,gkf,48,9,mean_cvplus,Sr3AsI3,1.265,0.224,2.52758
primary,gkf,48,9,mean_cvplus,Ca3PF3,2.518,0.224,2.52758
primary,gkf,48,9,mean_cvplus,Ca3SbBr3,1.782,0.224,2.52758
primary,gkf,48,9,mean_cvplus,Ca3SbCl3,1.814,0.224,2.52758
primary,gkf,48,9,mean_cvplus,Sr3SbCl3,1.712,0.224,2.52758
primary,gkf,49,9,mean_cvplus,Sr3AsCl3,1.7,0.15565,2.55471
primary,gkf,49,9,mean_cvplus,Ba3BiI3,0.786,0.15565,2.55471
primary,gkf,49,9,mean_cvplus,Mg3BiBr3,0.9648,0.15565,2.55471
primary,gkf,49,9,mean_cvplus,Sr3PBr3,1.55,0.15565,2.55471
primary,gkf,49,9,mean_cvplus,Sr3PI3,1.258,0.15565,2.55471
primary,gkf,49,9,mean_cvplus,Mg3SbBr3,0.9418,0.15565,2.55471
primary,gkf,49,9,mean_cvplus,Mg3SbF3,3.184,0.15565,2.55471
primary,loo,0,0,gpr_sigma,Ba3AsBr3,0.92,0.80409,1.06824
primary,loo,1,0,gpr_sigma,Ba3AsCl3,0.969,0.83836,1.11013
primary,loo,2,0,gpr_sigma,Ba3AsI3,0.802,0.61025,0.88311
primary,loo,3,0,gpr_sigma,Ba3BiBr3,0.912,0.86724,1.13561
primary,loo,4,0,gpr_sigma,Ba3BiCl3,0.957,0.87165,1.17116
primary,loo,5,0,gpr_sigma,Ba3BiI3,0.786,0.65783,0.97675
primary,loo,6,0,gpr_sigma,Ba3PBr3,0.944,0.79066,1.07089
primary,loo,7,0,gpr_sigma,Ba3PCl3,0.964,0.86313,1.16985
primary,loo,8,0,gpr_sigma,Ba3PI3,0.764,0.63433,0.96139
primary,loo,9,0,gpr_sigma,Ba3SbBr3,1.0819,0.80762,1.04424
primary,loo,10,0,gpr_sigma,Ba3SbCl3,1.002,0.86734,1.13463
primary,loo,11,0,gpr_sigma,Ba3SbI3,0.78,0.68784,0.95631
primary,loo,12,0,gpr_sigma,Ca3AsBr3,1.634,1.72201,1.9469
primary,loo,13,0,gpr_sigma,Ca3AsF3,2.27,2.24982,2.52799
primary,loo,14,0,gpr_sigma,Ca3BiI3,1.36,1.19541,1.60636
primary,loo,15,0,gpr_sigma,Ca3PBr3,1.8846,1.64855,1.90853
primary,loo,16,0,gpr_sigma,Ca3PCl3,2.035,1.85479,2.16527
primary,loo,17,0,gpr_sigma,Ca3PF3,2.518,2.15401,2.53194
primary,loo,18,0,gpr_sigma,Ca3PI3,1.4909,1.19337,1.54415
primary,loo,19,0,gpr_sigma,Ca3SbBr3,1.782,1.5281,1.79888
primary,loo,20,0,gpr_sigma,Ca3SbCl3,1.814,1.79497,2.08755
primary,loo,21,0,gpr_sigma,Ca3SbF3,2.19,1.77846,2.31933
primary,loo,22,0,gpr_sigma,Mg3AsBr3,1.2907,1.16524,1.44596
primary,loo,23,0,gpr_sigma,Mg3BiBr3,0.9648,0.77593,1.06991
primary,loo,24,0,gpr_sigma,Mg3BiI3,0.224,-0.16041,0.14596
primary,loo,25,0,gpr_sigma,Mg3PBr3,1.506,1.31305,1.60832
primary,loo,26,0,gpr_sigma,Mg3PCl3,2.297,1.85157,2.20096
primary,loo,27,0,gpr_sigma,Mg3PI3,0.377,0.25991,0.7489
primary,loo,28,0,gpr_sigma,Mg3SbBr3,0.9418,0.97354,1.21811
primary,loo,29,0,gpr_sigma,Mg3SbCl3,1.7283,1.4441,1.71322
primary,loo,30,0,gpr_sigma,Mg3SbF3,3.184,2.70616,4.20123
primary,loo,31,0,gpr_sigma,Mg3SbI3,0.1057,0.07921,0.35371
primary,loo,32,0,gpr_sigma,Sr3AsCl3,1.7,1.49311,1.74563
primary,loo,33,0,gpr_sigma,Sr3AsI3,1.265,1.13488,1.40711
primary,loo,34,0,gpr_sigma,Sr3PBr3,1.55,1.44527,1.72021
primary,loo,35,0,gpr_sigma,Sr3PCl3,1.677,1.58766,1.85825
primary,loo,36,0,gpr_sigma,Sr3PI3,1.258,1.17056,1.44887
primary,loo,37,0,gpr_sigma,Sr3SbCl3,1.712,1.45439,1.73749
primary,loo,38,0,gpr_sigma,Sr3SbI3,1.31,1.1223,1.41477
primary,loo,0,0,gpr_sigma_scaled,Ba3AsBr3,0.92,0.77488,1.09745
primary,loo,1,0,gpr_sigma_scaled,Ba3AsCl3,0.969,0.82948,1.119
primary,loo,2,0,gpr_sigma_scaled,Ba3AsI3,0.802,0.57377,0.91959
primary,loo,3,0,gpr_sigma_scaled,Ba3BiBr3,0.912,0.81681,1.18605
primary,loo,4,0,gpr_sigma_scaled,Ba3BiCl3,0.957,0.73886,1.30395
primary,loo,5,0,gpr_sigma_scaled,Ba3BiI3,0.786,0.63587,0.99871
primary,loo,6,0,gpr_sigma_scaled,Ba3PBr3,0.944,0.74098,1.12058
primary,loo,7,0,gpr_sigma_scaled,Ba3PCl3,0.964,0.84416,1.18882
primary,loo,8,0,gpr_sigma_scaled,Ba3PI3,0.764,0.58601,1.00972
primary,loo,9,0,gpr_sigma_scaled,Ba3SbBr3,1.0819,0.68944,1.16242
primary,loo,10,0,gpr_sigma_scaled,Ba3SbCl3,1.002,0.83755,1.16441
primary,loo,11,0,gpr_sigma_scaled,Ba3SbI3,0.78,0.63228,1.01187
primary,loo,12,0,gpr_sigma_scaled,Ca3AsBr3,1.634,1.66384,2.00507
primary,loo,13,0,gpr_sigma_scaled,Ca3AsF3,2.27,2.20492,2.5729
primary,loo,14,0,gpr_sigma_scaled,Ca3BiI3,1.36,1.16937,1.63239
primary,loo,15,0,gpr_sigma_scaled,Ca3PBr3,1.8846,1.61498,1.9421
primary,loo,16,0,gpr_sigma_scaled,Ca3PCl3,2.035,1.7996,2.22046
primary,loo,17,0,gpr_sigma_scaled,Ca3PF3,2.518,2.105,2.58096
primary,loo,18,0,gpr_sigma_scaled,Ca3PI3,1.4909,1.09656,1.64096
primary,loo,19,0,gpr_sigma_scaled,Ca3SbBr3,1.782,1.51094,1.81604
primary,loo,20,0,gpr_sigma_scaled,Ca3SbCl3,1.814,1.73104,2.15148
primary,loo,21,0,gpr_sigma_scaled,Ca3SbF3,2.19,1.60881,2.48899
primary,loo,22,0,gpr_sigma_scaled,Mg3AsBr3,1.2907,1.05976,1.55144
primary,loo,23,0,gpr_sigma_scaled,Mg3BiBr3,0.9648,0.51728,1.32856
primary,loo,24,0,gpr_sigma_scaled,Mg3BiI3,0.224,-0.2224,0.20795
primary,loo,25,0,gpr_sigma_scaled,Mg3PBr3,1.506,1.27638,1.64499
primary,loo,26,0,gpr_sigma_scaled,Mg3PCl3,2.297,1.82846,2.22407
primary,loo,27,0,gpr_sigma_scaled,Mg3PI3,0.377,0.13404,0.87476
primary,loo,28,0,gpr_sigma_scaled,Mg3SbBr3,0.9418,0.93744,1.25421
primary,loo,29,0,gpr_sigma_scaled,Mg3SbCl3,1.7283,1.4243,1.73302
primary,loo,30,0,gpr_sigma_scaled,Mg3SbF3,3.184,2.65876,4.24863
primary,loo,31,0,gpr_sigma_scaled,Mg3SbI3,0.1057,0.00825,0.42467
primary,loo,32,0,gpr_sigma_scaled,Sr3AsCl3,1.7,1.44795,1.7908
primary,loo,33,0,gpr_sigma_scaled,Sr3AsI3,1.265,1.06409,1.4779
primary,loo,34,0,gpr_sigma_scaled,Sr3PBr3,1.55,1.3964,1.76909
primary,loo,35,0,gpr_sigma_scaled,Sr3PCl3,1.677,1.5726,1.8733
primary,loo,36,0,gpr_sigma_scaled,Sr3PI3,1.258,1.14541,1.47402
primary,loo,37,0,gpr_sigma_scaled,Sr3SbCl3,1.712,1.42954,1.76234
primary,loo,38,0,gpr_sigma_scaled,Sr3SbI3,1.31,0.94326,1.59381
primary,loo,0,0,gpr_physics9_cvplus,Ba3AsBr3,0.92,0.65557,1.17868
primary,loo,1,0,gpr_physics9_cvplus,Ba3AsCl3,0.969,0.78248,1.21422
primary,loo,2,0,gpr_physics9_cvplus,Ba3AsI3,0.802,0.52864,0.94792
primary,loo,3,0,gpr_physics9_cvplus,Ba3BiBr3,0.912,0.69068,1.24236
primary,loo,4,0,gpr_physics9_cvplus,Ba3BiCl3,0.957,0.70951,1.33978
primary,loo,5,0,gpr_physics9_cvplus,Ba3BiI3,0.786,0.61211,1.18573
primary,loo,6,0,gpr_physics9_cvplus,Ba3PBr3,0.944,0.70876,1.14571
primary,loo,7,0,gpr_physics9_cvplus,Ba3PCl3,0.964,0.77414,1.22073
primary,loo,8,0,gpr_physics9_cvplus,Ba3PI3,0.764,0.58188,0.98682
primary,loo,9,0,gpr_physics9_cvplus,Ba3SbBr3,1.0819,0.70308,1.14811
primary,loo,10,0,gpr_physics9_cvplus,Ba3SbCl3,1.002,0.78856,1.18669
primary,loo,11,0,gpr_physics9_cvplus,Ba3SbI3,0.78,0.59334,1.22541
primary,loo,12,0,gpr_physics9_cvplus,Ca3AsBr3,1.634,1.60626,2.10287
primary,loo,13,0,gpr_physics9_cvplus,Ca3AsF3,2.27,2.16075,2.74803
primary,loo,14,0,gpr_physics9_cvplus,Ca3BiI3,1.36,1.06916,1.56912
primary,loo,15,0,gpr_physics9_cvplus,Ca3PBr3,1.8846,1.505,1.97502
primary,loo,16,0,gpr_physics9_cvplus,Ca3PCl3,2.035,1.82181,2.31567
primary,loo,17,0,gpr_physics9_cvplus,Ca3PF3,2.518,2.02085,2.58202
primary,loo,18,0,gpr_physics9_cvplus,Ca3PI3,1.4909,1.09857,1.69395
primary,loo,19,0,gpr_physics9_cvplus,Ca3SbBr3,1.782,1.47078,2.01507
primary,loo,20,0,gpr_physics9_cvplus,Ca3SbCl3,1.814,1.73317,2.23795
primary,loo,21,0,gpr_physics9_cvplus,Ca3SbF3,2.19,1.85904,2.49394
primary,loo,22,0,gpr_physics9_cvplus,Mg3AsBr3,1.2907,1.0438,1.64225
primary,loo,23,0,gpr_physics9_cvplus,Mg3BiBr3,0.9648,0.59946,1.16074
primary,loo,24,0,gpr_physics9_cvplus,Mg3BiI3,0.224,-0.47195,0.19812
primary,loo,25,0,gpr_physics9_cvplus,Mg3PBr3,1.506,1.14729,1.65925
primary,loo,26,0,gpr_physics9_cvplus,Mg3PCl3,2.297,1.69718,2.23266
primary,loo,27,0,gpr_physics9_cvplus,Mg3PI3,0.377,0.27,1.21369
primary,loo,28,0,gpr_physics9_cvplus,Mg3SbBr3,0.9418,0.89683,1.29328
primary,loo,29,0,gpr_physics9_cvplus,Mg3SbCl3,1.7283,1.3757,2.13291
primary,loo,30,0,gpr_physics9_cvplus,Mg3SbF3,3.184,3.11545,3.82018
primary,loo,31,0,gpr_physics9_cvplus,Mg3SbI3,0.1057,-0.12319,0.62925
primary,loo,32,0,gpr_physics9_cvplus,Sr3AsCl3,1.7,1.34758,2.02923
primary,loo,33,0,gpr_physics9_cvplus,Sr3AsI3,1.265,1.02258,1.55854
primary,loo,34,0,gpr_physics9_cvplus,Sr3PBr3,1.55,1.30268,1.83688
primary,loo,35,0,gpr_physics9_cvplus,Sr3PCl3,1.677,1.50116,1.92424
primary,loo,36,0,gpr_physics9_cvplus,Sr3PI3,1.258,1.06813,1.53189
primary,loo,37,0,gpr_physics9_cvplus,Sr3SbCl3,1.712,1.40145,1.80332
primary,loo,38,0,gpr_physics9_cvplus,Sr3SbI3,1.31,0.97124,1.51011
primary,loo,0,0,ridge_physics9_cvplus,Ba3AsBr3,0.92,0.11122,2.05192
primary,loo,1,0,ridge_physics9_cvplus,Ba3AsCl3,0.969,0.61819,2.17331
primary,loo,2,0,ridge_physics9_cvplus,Ba3AsI3,0.802,-0.12716,1.46046
primary,loo,3,0,ridge_physics9_cvplus,Ba3BiBr3,0.912,0.11485,1.9042
primary,loo,4,0,ridge_physics9_cvplus,Ba3BiCl3,0.957,0.31931,2.29048
primary,loo,5,0,ridge_physics9_cvplus,Ba3BiI3,0.786,-0.41053,1.56523
primary,loo,6,0,ridge_physics9_cvplus,Ba3PBr3,0.944,0.36615,2.11738
primary,loo,7,0,ridge_physics9_cvplus,Ba3PCl3,0.964,0.40842,2.41778
primary,loo,8,0,ridge_physics9_cvplus,Ba3PI3,0.764,0.07912,1.67295
primary,loo,9,0,ridge_physics9_cvplus,Ba3SbBr3,1.0819,0.25028,1.84426
primary,loo,10,0,ridge_physics9_cvplus,Ba3SbCl3,1.002,0.44607,2.18269
primary,loo,11,0,ridge_physics9_cvplus,Ba3SbI3,0.78,-0.33643,1.60257
primary,loo,12,0,ridge_physics9_cvplus,Ca3AsBr3,1.634,0.60065,2.28343
primary,loo,13,0,ridge_physics9_cvplus,Ca3AsF3,2.27,1.46424,3.55652
primary,loo,14,0,ridge_physics9_cvplus,Ca3BiI3,1.36,0.08589,1.67922
primary,loo,15,0,ridge_physics9_cvplus,Ca3PBr3,1.8846,0.5465,2.31469
primary,loo,16,0,ridge_physics9_cvplus,Ca3PCl3,2.035,1.02175,2.7921
primary,loo,17,0,ridge_physics9_cvplus,Ca3PF3,2.518,1.89577,3.50947
primary,loo,18,0,ridge_physics9_cvplus,Ca3PI3,1.4909,0.33163,2.30656
primary,loo,19,0,ridge_physics9_cvplus,Ca3SbBr3,1.782,0.48714,2.16455
primary,loo,20,0,ridge_physics9_cvplus,Ca3SbCl3,1.814,0.72079,3.27976
primary,loo,21,0,ridge_physics9_cvplus,Ca3SbF3,2.19,1.92116,3.62283
primary,loo,22,0,ridge_physics9_cvplus,Mg3AsBr3,1.2907,0.50217,2.39942
primary,loo,23,0,ridge_physics9_cvplus,Mg3BiBr3,0.9648,0.38982,2.2007
primary,loo,24,0,ridge_physics9_cvplus,Mg3BiI3,0.224,0.05481,1.76616
primary,loo,25,0,ridge_physics9_cvplus,Mg3PBr3,1.506,0.61882,2.22172
primary,loo,26,0,ridge_physics9_cvplus,Mg3PCl3,2.297,0.68288,2.26539
primary,loo,27,0,ridge_physics9_cvplus,Mg3PI3,0.377,0.51919,1.94483
primary,loo,28,0,ridge_physics9_cvplus,Mg3SbBr3,0.9418,0.45834,2.17457
primary,loo,29,0,ridge_physics9_cvplus,Mg3SbCl3,1.7283,0.60701,2.30939
primary,loo,30,0,ridge_physics9_cvplus,Mg3SbF3,3.184,0.87148,2.43356
primary,loo,31,0,ridge_physics9_cvplus,Mg3SbI3,0.1057,0.1699,2.02232
primary,loo,32,0,ridge_physics9_cvplus,Sr3AsCl3,1.7,0.76992,2.40895
primary,loo,33,0,ridge_physics9_cvplus,Sr3AsI3,1.265,-0.04761,2.29497
primary,loo,34,0,ridge_physics9_cvplus,Sr3PBr3,1.55,0.49496,2.38706
primary,loo,35,0,ridge_physics9_cvplus,Sr3PCl3,1.677,0.66822,2.56835
primary,loo,36,0,ridge_physics9_cvplus,Sr3PI3,1.258,0.27885,2.19372
primary,loo,37,0,ridge_physics9_cvplus,Sr3SbCl3,1.712,0.71256,2.3134
primary,loo,38,0,ridge_physics9_cvplus,Sr3SbI3,1.31,0.12,1.90532
primary,loo,0,0,mean_cvplus,Ba3AsBr3,0.92,0.1057,2.57201
primary,loo,1,0,mean_cvplus,Ba3AsCl3,0.969,0.224,2.54936
primary,loo,2,0,mean_cvplus,Ba3AsI3,0.802,0.14061,2.54843
primary,loo,3,0,mean_cvplus,Ba3BiBr3,0.912,0.18084,2.518
primary,loo,4,0,mean_cvplus,Ba3BiCl3,0.957,0.1057,2.5659
primary,loo,5,0,mean_cvplus,Ba3BiI3,0.786,0.224,2.59063
primary,loo,6,0,mean_cvplus,Ba3PBr3,0.944,0.1057,2.59171
primary,loo,7,0,mean_cvplus,Ba3PCl3,0.964,0.1057,2.65549
primary,loo,8,0,mean_cvplus,Ba3PI3,0.764,0.1057,2.518
primary,loo,9,0,mean_cvplus,Ba3SbBr3,1.0819,0.224,2.518
primary,loo,10,0,mean_cvplus,Ba3SbCl3,1.002,0.1057,2.55352
primary,loo,11,0,mean_cvplus,Ba3SbI3,0.78,0.224,2.54525
primary,loo,12,0,mean_cvplus,Ca3AsBr3,1.634,0.1057,2.518
primary,loo,13,0,mean_cvplus,Ca3AsF3,2.27,0.10879,2.55645
primary,loo,14,0,mean_cvplus,Ca3BiI3,1.36,0.22098,2.518
primary,loo,15,0,mean_cvplus,Ca3PBr3,1.8846,0.1057,2.5208
primary,loo,16,0,mean_cvplus,Ca3PCl3,2.035,0.1057,2.518
primary,loo,17,0,mean_cvplus,Ca3PF3,2.518,0.15421,2.41123
primary,loo,18,0,mean_cvplus,Ca3PI3,1.4909,0.16773,2.57547
primary,loo,19,0,mean_cvplus,Ca3SbBr3,1.782,0.1057,2.518
primary,loo,20,0,mean_cvplus,Ca3SbCl3,1.814,0.16238,2.518
primary,loo,21,0,mean_cvplus,Ca3SbF3,2.19,0.20483,2.518
primary,loo,22,0,mean_cvplus,Mg3AsBr3,1.2907,0.1057,2.64073
primary,loo,23,0,mean_cvplus,Mg3BiBr3,0.9648,0.224,2.55821
primary,loo,24,0,mean_cvplus,Mg3BiI3,0.224,0.17631,2.518
primary,loo,25,0,mean_cvplus,Mg3PBr3,1.506,0.15637,2.518
primary,loo,26,0,mean_cvplus,Mg3PCl3,2.297,0.12979,2.518
primary,loo,27,0,mean_cvplus,Mg3PI3,0.377,0.19411,2.57439
primary,loo,28,0,mean_cvplus,Mg3SbBr3,0.9418,0.1057,2.56614
primary,loo,29,0,mean_cvplus,Mg3SbCl3,1.7283,0.1057,2.518
primary,loo,30,0,mean_cvplus,Mg3SbF3,3.184,0.22327,2.46545
primary,loo,31,0,mean_cvplus,Mg3SbI3,0.1057,0.224,2.518
primary,loo,32,0,mean_cvplus,Sr3AsCl3,1.7,0.11465,2.518
primary,loo,33,0,mean_cvplus,Sr3AsI3,1.265,0.16972,2.77785
primary,loo,34,0,mean_cvplus,Sr3PBr3,1.55,0.1057,2.70788
primary,loo,35,0,mean_cvplus,Sr3PCl3,1.677,0.1057,2.63253
primary,loo,36,0,mean_cvplus,Sr3PI3,1.258,0.1057,2.62617
primary,loo,37,0,mean_cvplus,Sr3SbCl3,1.712,0.1057,2.518
primary,loo,38,0,mean_cvplus,Sr3SbI3,1.31,0.14572,2.518
verified_only,lobo,0,0,gpr_sigma,Ba3AsCl3,0.959,0.90743,1.46456
verified_only,lobo,0,0,gpr_sigma,Ba3AsI3,0.834,0.43952,0.93127
verified_only,lobo,0,0,gpr_sigma,Ca3AsBr3,1.634,1.73444,2.0003
verified_only,lobo,0,0,gpr_sigma,Ca3AsF3,2.27,2.28316,2.55704
verified_only,lobo,0,0,gpr_sigma,Mg3AsBr3,1.2907,1.13633,1.38221
verified_only,lobo,0,0,gpr_sigma,Sr3AsCl3,1.7,1.5585,1.82855
verified_only,lobo,0,0,gpr_sigma,Sr3AsI3,1.265,1.15743,1.42171
verified_only,lobo,1,0,gpr_sigma,Ca3BiI3,1.36,1.13255,1.59005
verified_only,lobo,1,0,gpr_sigma,Mg3BiBr3,0.9648,0.71382,1.0504
verified_only,lobo,1,0,gpr_sigma,Mg3BiI3,0.224,-0.1821,0.19822
verified_only,lobo,2,0,gpr_sigma,Ca3PBr3,1.8846,1.50657,1.87665
verified_only,lobo,2,0,gpr_sigma,Ca3PCl3,2.035,1.65835,2.05554
verified_only,lobo,2,0,gpr_sigma,Ca3PF3,2.518,2.04679,2.43978
verified_only,lobo,2,0,gpr_sigma,Ca3PI3,1.4909,1.10964,1.55372
verified_only,lobo,2,0,gpr_sigma,Mg3PBr3,1.506,1.01623,1.41115
verified_only,lobo,2,0,gpr_sigma,Mg3PCl3,2.297,1.62255,2.0679
verified_only,lobo,2,0,gpr_sigma,Mg3PI3,0.377,0.09854,0.58477
verified_only,lobo,2,0,gpr_sigma,Sr3PBr3,1.55,1.36491,1.74837
verified_only,lobo,2,0,gpr_sigma,Sr3PCl3,1.677,1.47228,1.83656
verified_only,lobo,2,0,gpr_sigma,Sr3PI3,1.258,1.07323,1.44616
verified_only,lobo,3,0,gpr_sigma,Ba3SbBr3,1.1908,0.58817,1.13154
verified_only,lobo,3,0,gpr_sigma,Ba3SbI3,0.78,0.61042,1.09888
verified_only,lobo,3,0,gpr_sigma,Ca3SbBr3,1.782,1.39275,1.78394
verified_only,lobo,3,0,gpr_sigma,Ca3SbCl3,1.814,1.50599,2.00567
verified_only,lobo,3,0,gpr_sigma,Ca3SbF3,2.19,1.69803,2.31584
verified_only,lobo,3,0,gpr_sigma,Mg3SbBr3,0.9418,0.93624,1.2145
verified_only,lobo,3,0,gpr_sigma,Mg3SbCl3,1.7283,1.50784,1.94525
verified_only,lobo,3,0,gpr_sigma,Mg3SbF3,3.184,2.02473,4.13542
verified_only,lobo,3,0,gpr_sigma,Mg3SbI3,0.1057,0.07905,0.37328
verified_only,lobo,3,0,gpr_sigma,Sr3SbCl3,1.712,1.2386,1.72541
verified_only,lobo,3,0,gpr_sigma,Sr3SbI3,1.31,1.07332,1.40291
verified_only,lobo,0,0,gpr_sigma_scaled,Ba3AsCl3,0.959,0.85984,1.51215
verified_only,lobo,0,0,gpr_sigma_scaled,Ba3AsI3,0.834,0.39751,0.97327
verified_only,lobo,0,0,gpr_sigma_scaled,Ca3AsBr3,1.634,1.71173,2.02301
verified_only,lobo,0,0,gpr_sigma_scaled,Ca3AsF3,2.27,2.25977,2.58043
verified_only,lobo,0,0,gpr_sigma_scaled,Mg3AsBr3,1.2907,1.11533,1.40321
verified_only,lobo,0,0,gpr_sigma_scaled,Sr3AsCl3,1.7,1.53543,1.85162
verified_only,lobo,0,0,gpr_sigma_scaled,Sr3AsI3,1.265,1.13485,1.44428
verified_only,lobo,1,0,gpr_sigma_scaled,Ca3BiI3,1.36,0.93927,1.78332
verified_only,lobo,1,0,gpr_sigma_scaled,Mg3BiBr3,0.9648,0.57163,1.19259
verified_only,lobo,1,0,gpr_sigma_scaled,Mg3BiI3,0.224,-0.34276,0.35888
verified_only,lobo,2,0,gpr_sigma_scaled,Ca3PBr3,1.8846,1.25948,2.12375
verified_only,lobo,2,0,gpr_sigma_scaled,Ca3PCl3,2.035,1.39317,2.32072
verified_only,lobo,2,0,gpr_sigma_scaled,Ca3PF3,2.518,1.7844,2.70217
verified_only,lobo,2,0,gpr_sigma_scaled,Ca3PI3,1.4909,0.81314,1.85022
verified_only,lobo,2,0,gpr_sigma_scaled,Mg3PBr3,1.506,0.75256,1.67483
verified_only,lobo,2,0,gpr_sigma_scaled,Mg3PCl3,2.297,1.3252,2.36525
verified_only,lobo,2,0,gpr_sigma_scaled,Mg3PI3,0.377,-0.22609,0.90941
verified_only,lobo,2,0,gpr_sigma_scaled,Sr3PBr3,1.55,1.10888,2.00439
verified_only,lobo,2,0,gpr_sigma_scaled,Sr3PCl3,1.677,1.22906,2.07979
verified_only,lobo,2,0,gpr_sigma_scaled,Sr3PI3,1.258,0.82423,1.69516
verified_only,lobo,3,0,gpr_sigma_scaled,Ba3SbBr3,1.1908,0.35402,1.3657
verified_only,lobo,3,0,gpr_sigma_scaled,Ba3SbI3,0.78,0.39992,1.30938
verified_only,lobo,3,0,gpr_sigma_scaled,Ca3SbBr3,1.782,1.22417,1.95251
verified_only,lobo,3,0,gpr_sigma_scaled,Ca3SbCl3,1.814,1.29066,2.221
verified_only,lobo,3,0,gpr_sigma_scaled,Ca3SbF3,2.19,1.43179,2.58208
verified_only,lobo,3,0,gpr_sigma_scaled,Mg3SbBr3,0.9418,0.81633,1.33441
verified_only,lobo,3,0,gpr_sigma_scaled,Mg3SbCl3,1.7283,1.31934,2.13375
verified_only,lobo,3,0,gpr_sigma_scaled,Mg3SbF3,3.184,1.11515,5.04499
verified_only,lobo,3,0,gpr_sigma_scaled,Mg3SbI3,0.1057,-0.04774,0.50008
verified_only,lobo,3,0,gpr_sigma_scaled,Sr3SbCl3,1.712,1.02881,1.9352
verified_only,lobo,3,0,gpr_sigma_scaled,Sr3SbI3,1.31,0.93129,1.54494
verified_only,lobo,0,0,gpr_physics9_cvplus,Ba3AsCl3,0.959,0.90588,1.58543
verified_only,lobo,0,0,gpr_physics9_cvplus,Ba3AsI3,0.834,0.51557,1.3285
verified_only,lobo,0,0,gpr_physics9_cvplus,Ca3AsBr3,1.634,1.59007,2.09887
verified_only,lobo,0,0,gpr_physics9_cvplus,Ca3AsF3,2.27,2.01727,2.67488
verified_only,lobo,0,0,gpr_physics9_cvplus,Mg3AsBr3,1.2907,1.09592,1.64466
verified_only,lobo,0,0,gpr_physics9_cvplus,Sr3AsCl3,1.7,1.45051,1.94877
verified_only,lobo,0,0,gpr_physics9_cvplus,Sr3AsI3,1.265,1.04639,1.61723
verified_only,lobo,1,0,gpr_physics9_cvplus,Ca3BiI3,1.36,0.86611,1.82903
verified_only,lobo,1,0,gpr_physics9_cvplus,Mg3BiBr3,0.9648,0.47972,1.21894
verified_only,lobo,1,0,gpr_physics9_cvplus,Mg3BiI3,0.224,-0.4082,0.35609
verified_only,lobo,2,0,gpr_physics9_cvplus,Ca3PBr3,1.8846,0.83139,2.49313
verified_only,lobo,2,0,gpr_physics9_cvplus,Ca3PCl3,2.035,0.94606,2.6078
verified_only,lobo,2,0,gpr_physics9_cvplus,Ca3PF3,2.518,0.60794,2.69661
verified_only,lobo,2,0,gpr_physics9_cvplus,Ca3PI3,1.4909,0.48431,2.14605
verified_only,lobo,2,0,gpr_physics9_cvplus,Mg3PBr3,1.506,0.40743,2.06917
verified_only,lobo,2,0,gpr_physics9_cvplus,Mg3PCl3,2.297,0.72983,2.39157
verified_only,lobo,2,0,gpr_physics9_cvplus,Mg3PI3,0.377,-0.48325,1.17849
verified_only,lobo,2,0,gpr_physics9_cvplus,Sr3PBr3,1.55,0.72796,2.3897
verified_only,lobo,2,0,gpr_physics9_cvplus,Sr3PCl3,1.677,0.83997,2.50171
verified_only,lobo,2,0,gpr_physics9_cvplus,Sr3PI3,1.258,0.43298,2.09472
verified_only,lobo,3,0,gpr_physics9_cvplus,Ba3SbBr3,1.1908,0.42588,1.76999
verified_only,lobo,3,0,gpr_physics9_cvplus,Ba3SbI3,0.78,0.43652,1.73473
verified_only,lobo,3,0,gpr_physics9_cvplus,Ca3SbBr3,1.782,0.85768,1.99341
verified_only,lobo,3,0,gpr_physics9_cvplus,Ca3SbCl3,1.814,0.93371,2.13974
verified_only,lobo,3,0,gpr_physics9_cvplus,Ca3SbF3,2.19,1.26046,2.48106
verified_only,lobo,3,0,gpr_physics9_cvplus,Mg3SbBr3,0.9418,0.41136,1.46907
verified_only,lobo,3,0,gpr_physics9_cvplus,Mg3SbCl3,1.7283,0.568,2.02338
verified_only,lobo,3,0,gpr_physics9_cvplus,Mg3SbF3,3.184,1.18704,3.1759
verified_only,lobo,3,0,gpr_physics9_cvplus,Mg3SbI3,0.1057,-0.06486,1.14658
verified_only,lobo,3,0,gpr_physics9_cvplus,Sr3SbCl3,1.712,0.82255,1.95731
verified_only,lobo,3,0,gpr_physics9_cvplus,Sr3SbI3,1.31,0.65017,1.68911
verified_only,lobo,0,0,ridge_physics9_cvplus,Ba3AsCl3,0.959,0.67336,3.43709
verified_only,lobo,0,0,ridge_physics9_cvplus,Ba3AsI3,0.834,-0.30985,2.6271
verified_only,lobo,0,0,ridge_physics9_cvplus,Ca3AsBr3,1.634,0.52571,3.43204
verified_only,lobo,0,0,ridge_physics9_cvplus,Ca3AsF3,2.27,1.72682,4.92676
verified_only,lobo,0,0,ridge_physics9_cvplus,Mg3AsBr3,1.2907,0.05675,2.80568
verified_only,lobo,0,0,ridge_physics9_cvplus,Sr3AsCl3,1.7,0.85513,3.736
verified_only,lobo,0,0,ridge_physics9_cvplus,Sr3AsI3,1.265,-0.12809,2.80886
verified_only,lobo,1,0,ridge_physics9_cvplus,Ca3BiI3,1.36,0.08318,2.22474
verified_only,lobo,1,0,ridge_physics9_cvplus,Mg3BiBr3,0.9648,0.41479,2.53346
verified_only,lobo,1,0,ridge_physics9_cvplus,Mg3BiI3,0.224,0.06941,2.09933
verified_only,lobo,2,0,ridge_physics9_cvplus,Ca3PBr3,1.8846,-3.9343,7.40253
verified_only,lobo,2,0,ridge_physics9_cvplus,Ca3PCl3,2.035,-4.03835,7.29848
verified_only,lobo,2,0,ridge_physics9_cvplus,Ca3PF3,2.518,-9.41557,3.27779
verified_only,lobo,2,0,ridge_physics9_cvplus,Ca3PI3,1.4909,-4.27998,7.05685
verified_only,lobo,2,0,ridge_physics9_cvplus,Mg3PBr3,1.506,-4.81483,6.522
verified_only,lobo,2,0,ridge_physics9_cvplus,Mg3PCl3,2.297,-4.91888,6.41795
verified_only,lobo,2,0,ridge_physics9_cvplus,Mg3PI3,0.377,-5.16051,6.17632
verified_only,lobo,2,0,ridge_physics9_cvplus,Sr3PBr3,1.55,-4.02119,7.31564
verified_only,lobo,2,0,ridge_physics9_cvplus,Sr3PCl3,1.677,-4.12524,7.21159
verified_only,lobo,2,0,ridge_physics9_cvplus,Sr3PI3,1.258,-4.36687,6.96996
verified_only,lobo,3,0,ridge_physics9_cvplus,Ba3SbBr3,1.1908,0.05041,1.80384
verified_only,lobo,3,0,ridge_physics9_cvplus,Ba3SbI3,0.78,-0.16938,1.53361
verified_only,lobo,3,0,ridge_physics9_cvplus,Ca3SbBr3,1.782,0.54379,2.13631
verified_only,lobo,3,0,ridge_physics9_cvplus,Ca3SbCl3,1.814,0.6798,2.21941
verified_only,lobo,3,0,ridge_physics9_cvplus,Ca3SbF3,2.19,-0.03612,2.70321
verified_only,lobo,3,0,ridge_physics9_cvplus,Mg3SbBr3,0.9418,0.24747,1.76562
verified_only,lobo,3,0,ridge_physics9_cvplus,Mg3SbCl3,1.7283,0.38348,1.87587
verified_only,lobo,3,0,ridge_physics9_cvplus,Mg3SbF3,3.184,-0.41955,2.40689
verified_only,lobo,3,0,ridge_physics9_cvplus,Mg3SbI3,0.1057,0.00116,1.54583
verified_only,lobo,3,0,ridge_physics9_cvplus,Sr3SbCl3,1.712,0.58364,2.15831
verified_only,lobo,3,0,ridge_physics9_cvplus,Sr3SbI3,1.31,0.20999,1.80265
verified_only,lobo,0,0,mean_cvplus,Ba3AsCl3,0.959,0.1057,3.13831
verified_only,lobo,0,0,mean_cvplus,Ba3AsI3,0.834,0.1057,3.13831
verified_only,lobo,0,0,mean_cvplus,Ca3AsBr3,1.634,0.1057,3.13831
verified_only,lobo,0,0,mean_cvplus,Ca3AsF3,2.27,0.1057,3.13831
verified_only,lobo,0,0,mean_cvplus,Mg3AsBr3,1.2907,0.1057,3.13831
verified_only,lobo,0,0,mean_cvplus,Sr3AsCl3,1.7,0.1057,3.13831
verified_only,lobo,0,0,mean_cvplus,Sr3AsI3,1.265,0.1057,3.13831
verified_only,lobo,1,0,mean_cvplus,Ca3BiI3,1.36,0.1057,3.184
verified_only,lobo,1,0,mean_cvplus,Mg3BiBr3,0.9648,0.1057,3.184
verified_only,lobo,1,0,mean_cvplus,Mg3BiI3,0.224,0.1057,3.184
verified_only,lobo,2,0,mean_cvplus,Ca3PBr3,1.8846,0.06462,2.81541
verified_only,lobo,2,0,mean_cvplus,Ca3PCl3,2.035,0.06462,2.81541
verified_only,lobo,2,0,mean_cvplus,Ca3PF3,2.518,0.06462,2.81541
verified_only,lobo,2,0,mean_cvplus,Ca3PI3,1.4909,0.06462,2.81541
verified_only,lobo,2,0,mean_cvplus,Mg3PBr3,1.506,0.06462,2.81541
verified_only,lobo,2,0,mean_cvplus,Mg3PCl3,2.297,0.06462,2.81541
verified_only,lobo,2,0,mean_cvplus,Mg3PI3,0.377,0.06462,2.81541
verified_only,lobo,2,0,mean_cvplus,Sr3PBr3,1.55,0.06462,2.81541
verified_only,lobo,2,0,mean_cvplus,Sr3PCl3,1.677,0.06462,2.81541
verified_only,lobo,2,0,mean_cvplus,Sr3PI3,1.258,0.06462,2.81541
verified_only,lobo,3,0,mean_cvplus,Ba3SbBr3,1.1908,0.27728,2.518
verified_only,lobo,3,0,mean_cvplus,Ba3SbI3,0.78,0.27728,2.518
verified_only,lobo,3,0,mean_cvplus,Ca3SbBr3,1.782,0.27728,2.518
verified_only,lobo,3,0,mean_cvplus,Ca3SbCl3,1.814,0.27728,2.518
verified_only,lobo,3,0,mean_cvplus,Ca3SbF3,2.19,0.27728,2.518
verified_only,lobo,3,0,mean_cvplus,Mg3SbBr3,0.9418,0.27728,2.518
verified_only,lobo,3,0,mean_cvplus,Mg3SbCl3,1.7283,0.27728,2.518
verified_only,lobo,3,0,mean_cvplus,Mg3SbF3,3.184,0.27728,2.518
verified_only,lobo,3,0,mean_cvplus,Mg3SbI3,0.1057,0.27728,2.518
verified_only,lobo,3,0,mean_cvplus,Sr3SbCl3,1.712,0.27728,2.518
verified_only,lobo,3,0,mean_cvplus,Sr3SbI3,1.31,0.27728,2.518
verified_only,loao,0,0,gpr_sigma,Ba3AsCl3,0.959,1.01552,1.66879
verified_only,loao,0,0,gpr_sigma,Ba3AsI3,0.834,0.71443,1.32093
verified_only,loao,0,0,gpr_sigma,Ba3SbBr3,1.1908,0.99211,1.65894
verified_only,loao,0,0,gpr_sigma,Ba3SbI3,0.78,0.80577,1.47765
verified_only,loao,1,0,gpr_sigma,Ca3AsBr3,1.634,1.44613,2.13776
verified_only,loao,1,0,gpr_sigma,Ca3AsF3,2.27,1.23373,3.12346
verified_only,loao,1,0,gpr_sigma,Ca3BiI3,1.36,1.04982,1.79544
verified_only,loao,1,0,gpr_sigma,Ca3PBr3,1.8846,1.44387,2.13896
verified_only,loao,1,0,gpr_sigma,Ca3PCl3,2.035,1.67741,2.37749
verified_only,loao,1,0,gpr_sigma,Ca3PF3,2.518,1.24447,3.14589
verified_only,loao,1,0,gpr_sigma,Ca3PI3,1.4909,1.00619,1.70624
verified_only,loao,1,0,gpr_sigma,Ca3SbBr3,1.782,1.40217,2.12745
verified_only,loao,1,0,gpr_sigma,Ca3SbCl3,1.814,1.58033,2.28101
verified_only,loao,1,0,gpr_sigma,Ca3SbF3,2.19,1.13146,3.07038
verified_only,loao,2,0,gpr_sigma,Mg3AsBr3,1.2907,0.71227,2.91507
verified_only,loao,2,0,gpr_sigma,Mg3BiBr3,0.9648,0.62266,2.83854
verified_only,loao,2,0,gpr_sigma,Mg3BiI3,0.224,0.51796,2.74324
verified_only,loao,2,0,gpr_sigma,Mg3PBr3,1.506,0.76045,2.96929
verified_only,loao,2,0,gpr_sigma,Mg3PCl3,2.297,0.83351,3.03995
verified_only,loao,2,0,gpr_sigma,Mg3PI3,0.377,0.63635,2.86543
verified_only,loao,2,0,gpr_sigma,Mg3SbBr3,0.9418,0.6607,2.86751
verified_only,loao,2,0,gpr_sigma,Mg3SbCl3,1.7283,0.72349,2.93347
verified_only,loao,2,0,gpr_sigma,Mg3SbF3,3.184,0.8685,3.16121
verified_only,loao,2,0,gpr_sigma,Mg3SbI3,0.1057,0.5516,2.76969
verified_only,loao,3,0,gpr_sigma,Sr3AsCl3,1.7,1.27265,1.50583
verified_only,loao,3,0,gpr_sigma,Sr3AsI3,1.265,0.99046,1.24718
verified_only,loao,3,0,gpr_sigma,Sr3PBr3,1.55,1.43838,1.72617
verified_only,loao,3,0,gpr_sigma,Sr3PCl3,1.677,1.51974,1.77621
verified_only,loao,3,0,gpr_sigma,Sr3PI3,1.258,1.19785,1.45967
verified_only,loao,3,0,gpr_sigma,Sr3SbCl3,1.712,1.43552,1.70242
verified_only,loao,3,0,gpr_sigma,Sr3SbI3,1.31,1.00584,1.26878
verified_only,loao,0,0,gpr_sigma_scaled,Ba3AsCl3,0.959,0.85877,1.82554
verified_only,loao,0,0,gpr_sigma_scaled,Ba3AsI3,0.834,0.5689,1.46646
verified_only,loao,0,0,gpr_sigma_scaled,Ba3SbBr3,1.1908,0.83211,1.81894
verified_only,loao,0,0,gpr_sigma_scaled,Ba3SbI3,0.78,0.64456,1.63887
verified_only,loao,1,0,gpr_sigma_scaled,Ca3AsBr3,1.634,0.44466,3.13923
verified_only,loao,1,0,gpr_sigma_scaled,Ca3AsF3,2.27,-1.50254,5.85973
verified_only,loao,1,0,gpr_sigma_scaled,Ca3BiI3,1.36,-0.02983,2.87508
verified_only,loao,1,0,gpr_sigma_scaled,Ca3PBr3,1.8846,0.4374,3.14544
verified_only,loao,1,0,gpr_sigma_scaled,Ca3PCl3,2.035,0.66371,3.39119
verified_only,loao,1,0,gpr_sigma_scaled,Ca3PF3,2.518,-1.50873,5.89909
verified_only,loao,1,0,gpr_sigma_scaled,Ca3PI3,1.4909,-0.00747,2.7199
verified_only,loao,1,0,gpr_sigma_scaled,Ca3SbBr3,1.782,0.352,3.17762
verified_only,loao,1,0,gpr_sigma_scaled,Ca3SbCl3,1.814,0.56577,3.29557
verified_only,loao,1,0,gpr_sigma_scaled,Ca3SbF3,2.19,-1.67604,5.87788
verified_only,loao,2,0,gpr_sigma_scaled,Mg3AsBr3,1.2907,0.11072,3.51663
verified_only,loao,2,0,gpr_sigma_scaled,Mg3BiBr3,0.9648,0.01753,3.44367
verified_only,loao,2,0,gpr_sigma_scaled,Mg3BiI3,0.224,-0.08974,3.35093
verified_only,loao,2,0,gpr_sigma_scaled,Mg3PBr3,1.506,0.15725,3.57249
verified_only,loao,2,0,gpr_sigma_scaled,Mg3PCl3,2.297,0.23096,3.64249
verified_only,loao,2,0,gpr_sigma_scaled,Mg3PI3,0.377,0.02763,3.47416
verified_only,loao,2,0,gpr_sigma_scaled,Mg3SbBr3,0.9418,0.05805,3.47016
verified_only,loao,2,0,gpr_sigma_scaled,Mg3SbCl3,1.7283,0.11998,3.53698
verified_only,loao,2,0,gpr_sigma_scaled,Mg3SbF3,3.184,0.24239,3.78732
verified_only,loao,2,0,gpr_sigma_scaled,Mg3SbI3,0.1057,-0.05413,3.37542
verified_only,loao,3,0,gpr_sigma_scaled,Sr3AsCl3,1.7,1.18997,1.58851
verified_only,loao,3,0,gpr_sigma_scaled,Sr3AsI3,1.265,0.89943,1.33821
verified_only,loao,3,0,gpr_sigma_scaled,Sr3PBr3,1.55,1.33634,1.82822
verified_only,loao,3,0,gpr_sigma_scaled,Sr3PCl3,1.677,1.4288,1.86715
verified_only,loao,3,0,gpr_sigma_scaled,Sr3PI3,1.258,1.10501,1.5525
verified_only,loao,3,0,gpr_sigma_scaled,Sr3SbCl3,1.712,1.34088,1.79705
verified_only,loao,3,0,gpr_sigma_scaled,Sr3SbI3,1.31,0.91261,1.36201
verified_only,loao,0,0,gpr_physics9_cvplus,Ba3AsCl3,0.959,1.01364,1.61117
verified_only,loao,0,0,gpr_physics9_cvplus,Ba3AsI3,0.834,0.68438,1.31393
verified_only,loao,0,0,gpr_physics9_cvplus,Ba3SbBr3,1.1908,0.98691,1.54436
verified_only,loao,0,0,gpr_physics9_cvplus,Ba3SbI3,0.78,0.84306,1.35969
verified_only,loao,1,0,gpr_physics9_cvplus,Ca3AsBr3,1.634,0.98786,2.22382
verified_only,loao,1,0,gpr_physics9_cvplus,Ca3AsF3,2.27,0.98786,2.60656
verified_only,loao,1,0,gpr_physics9_cvplus,Ca3BiI3,1.36,0.98786,2.01899
verified_only,loao,1,0,gpr_physics9_cvplus,Ca3PBr3,1.8846,0.98786,2.21665
verified_only,loao,1,0,gpr_physics9_cvplus,Ca3PCl3,2.035,0.98786,2.39968
verified_only,loao,1,0,gpr_physics9_cvplus,Ca3PF3,2.518,0.98786,2.60277
verified_only,loao,1,0,gpr_physics9_cvplus,Ca3PI3,1.4909,0.98786,1.92869
verified_only,loao,1,0,gpr_physics9_cvplus,Ca3SbBr3,1.782,0.98786,2.26116
verified_only,loao,1,0,gpr_physics9_cvplus,Ca3SbCl3,1.814,0.98786,2.40068
verified_only,loao,1,0,gpr_physics9_cvplus,Ca3SbF3,2.19,0.98786,2.58239
verified_only,loao,2,0,gpr_physics9_cvplus,Mg3AsBr3,1.2907,1.39385,2.76697
verified_only,loao,2,0,gpr_physics9_cvplus,Mg3BiBr3,0.9648,1.37364,2.66821
verified_only,loao,2,0,gpr_physics9_cvplus,Mg3BiI3,0.224,1.28613,2.44403
verified_only,loao,2,0,gpr_physics9_cvplus,Mg3PBr3,1.506,1.39897,2.81329
verified_only,loao,2,0,gpr_physics9_cvplus,Mg3PCl3,2.297,1.4506,2.95876
verified_only,loao,2,0,gpr_physics9_cvplus,Mg3PI3,0.377,1.30348,2.5533
verified_only,loao,2,0,gpr_physics9_cvplus,Mg3SbBr3,0.9418,1.38515,2.70319
verified_only,loao,2,0,gpr_physics9_cvplus,Mg3SbCl3,1.7283,1.43687,2.82673
verified_only,loao,2,0,gpr_physics9_cvplus,Mg3SbF3,3.184,1.56051,3.04976
verified_only,loao,2,0,gpr_physics9_cvplus,Mg3SbI3,0.1057,1.2975,2.47071
verified_only,loao,3,0,gpr_physics9_cvplus,Sr3AsCl3,1.7,1.09076,1.93843
verified_only,loao,3,0,gpr_physics9_cvplus,Sr3AsI3,1.265,0.83267,1.6127
verified_only,loao,3,0,gpr_physics9_cvplus,Sr3PBr3,1.55,0.98924,1.94372
verified_only,loao,3,0,gpr_physics9_cvplus,Sr3PCl3,1.677,1.01266,2.06525
verified_only,loao,3,0,gpr_physics9_cvplus,Sr3PI3,1.258,0.90148,1.68151
verified_only,loao,3,0,gpr_physics9_cvplus,Sr3SbCl3,1.712,1.13448,1.94316
verified_only,loao,3,0,gpr_physics9_cvplus,Sr3SbI3,1.31,0.80241,1.58244
verified_only,loao,0,0,ridge_physics9_cvplus,Ba3AsCl3,0.959,1.01691,2.71312
verified_only,loao,0,0,ridge_physics9_cvplus,Ba3AsI3,0.834,0.47008,2.13044
verified_only,loao,0,0,ridge_physics9_cvplus,Ba3SbBr3,1.1908,0.70815,2.43148
verified_only,loao,0,0,ridge_physics9_cvplus,Ba3SbI3,0.78,0.34531,2.09779
verified_only,loao,1,0,ridge_physics9_cvplus,Ca3AsBr3,1.634,0.49379,2.28272
verified_only,loao,1,0,ridge_physics9_cvplus,Ca3AsF3,2.27,1.81039,4.05708
verified_only,loao,1,0,ridge_physics9_cvplus,Ca3BiI3,1.36,-0.16736,1.55667
verified_only,loao,1,0,ridge_physics9_cvplus,Ca3PBr3,1.8846,0.54606,2.63136
verified_only,loao,1,0,ridge_physics9_cvplus,Ca3PCl3,2.035,0.81468,2.88763
verified_only,loao,1,0,ridge_physics9_cvplus,Ca3PF3,2.518,1.85223,4.2119
verified_only,loao,1,0,ridge_physics9_cvplus,Ca3PI3,1.4909,0.12994,2.16645
verified_only,loao,1,0,ridge_physics9_cvplus,Ca3SbBr3,1.782,0.38574,2.17492
verified_only,loao,1,0,ridge_physics9_cvplus,Ca3SbCl3,1.814,0.65606,2.52161
verified_only,loao,1,0,ridge_physics9_cvplus,Ca3SbF3,2.19,1.70844,4.27232
verified_only,loao,2,0,ridge_physics9_cvplus,Mg3AsBr3,1.2907,1.88376,3.0226
verified_only,loao,2,0,ridge_physics9_cvplus,Mg3BiBr3,0.9648,1.9625,3.0401
verified_only,loao,2,0,ridge_physics9_cvplus,Mg3BiI3,0.224,1.76387,2.82275
verified_only,loao,2,0,ridge_physics9_cvplus,Mg3PBr3,1.506,2.01368,3.17284
verified_only,loao,2,0,ridge_physics9_cvplus,Mg3PCl3,2.297,2.18048,3.31962
verified_only,loao,2,0,ridge_physics9_cvplus,Mg3PI3,0.377,1.72722,2.92779
verified_only,loao,2,0,ridge_physics9_cvplus,Mg3SbBr3,0.9418,1.99489,3.08889
verified_only,loao,2,0,ridge_physics9_cvplus,Mg3SbCl3,1.7283,2.1096,3.22417
verified_only,loao,2,0,ridge_physics9_cvplus,Mg3SbF3,3.184,2.40209,3.62667
verified_only,loao,2,0,ridge_physics9_cvplus,Mg3SbI3,0.1057,1.77698,2.86836
verified_only,loao,3,0,ridge_physics9_cvplus,Sr3AsCl3,1.7,0.69241,2.92802
verified_only,loao,3,0,ridge_physics9_cvplus,Sr3AsI3,1.265,0.16504,1.88515
verified_only,loao,3,0,ridge_physics9_cvplus,Sr3PBr3,1.55,0.67854,2.74743
verified_only,loao,3,0,ridge_physics9_cvplus,Sr3PCl3,1.677,0.9422,3.11539
verified_only,loao,3,0,ridge_physics9_cvplus,Sr3PI3,1.258,0.27996,2.20126
verified_only,loao,3,0,ridge_physics9_cvplus,Sr3SbCl3,1.712,0.73523,2.77542
verified_only,loao,3,0,ridge_physics9_cvplus,Sr3SbI3,1.31,0.07021,1.89746
verified_only,loao,0,0,mean_cvplus,Ba3AsCl3,0.959,0.1057,3.08553
verified_only,loao,0,0,mean_cvplus,Ba3AsI3,0.834,0.1057,3.08553
verified_only,loao,0,0,mean_cvplus,Ba3SbBr3,1.1908,0.1057,3.08553
verified_only,loao,0,0,mean_cvplus,Ba3SbI3,0.78,0.1057,3.08553
verified_only,loao,1,0,mean_cvplus,Ca3AsBr3,1.634,0.06241,2.62904
verified_only,loao,1,0,mean_cvplus,Ca3AsF3,2.27,0.06241,2.62904
verified_only,loao,1,0,mean_cvplus,Ca3BiI3,1.36,0.06241,2.62904
verified_only,loao,1,0,mean_cvplus,Ca3PBr3,1.8846,0.06241,2.62904
verified_only,loao,1,0,mean_cvplus,Ca3PCl3,2.035,0.06241,2.62904
verified_only,loao,1,0,mean_cvplus,Ca3PF3,2.518,0.06241,2.62904
verified_only,loao,1,0,mean_cvplus,Ca3PI3,1.4909,0.06241,2.62904
verified_only,loao,1,0,mean_cvplus,Ca3SbBr3,1.782,0.06241,2.62904
verified_only,loao,1,0,mean_cvplus,Ca3SbCl3,1.814,0.06241,2.62904
verified_only,loao,1,0,mean_cvplus,Ca3SbF3,2.19,0.06241,2.62904
verified_only,loao,2,0,mean_cvplus,Mg3AsBr3,1.2907,0.76381,2.4578
verified_only,loao,2,0,mean_cvplus,Mg3BiBr3,0.9648,0.76381,2.4578
verified_only,loao,2,0,mean_cvplus,Mg3BiI3,0.224,0.76381,2.4578
verified_only,loao,2,0,mean_cvplus,Mg3PBr3,1.506,0.76381,2.4578
verified_only,loao,2,0,mean_cvplus,Mg3PCl3,2.297,0.76381,2.4578
verified_only,loao,2,0,mean_cvplus,Mg3PI3,0.377,0.76381,2.4578
verified_only,loao,2,0,mean_cvplus,Mg3SbBr3,0.9418,0.76381,2.4578
verified_only,loao,2,0,mean_cvplus,Mg3SbCl3,1.7283,0.76381,2.4578
verified_only,loao,2,0,mean_cvplus,Mg3SbF3,3.184,0.76381,2.4578
verified_only,loao,2,0,mean_cvplus,Mg3SbI3,0.1057,0.76381,2.4578
verified_only,loao,3,0,mean_cvplus,Sr3AsCl3,1.7,0.1057,3.0167
verified_only,loao,3,0,mean_cvplus,Sr3AsI3,1.265,0.1057,3.0167
verified_only,loao,3,0,mean_cvplus,Sr3PBr3,1.55,0.1057,3.0167
verified_only,loao,3,0,mean_cvplus,Sr3PCl3,1.677,0.1057,3.0167
verified_only,loao,3,0,mean_cvplus,Sr3PI3,1.258,0.1057,3.0167
verified_only,loao,3,0,mean_cvplus,Sr3SbCl3,1.712,0.1057,3.0167
verified_only,loao,3,0,mean_cvplus,Sr3SbI3,1.31,0.1057,3.0167
verified_only,gkf,0,0,gpr_sigma,Mg3BiBr3,0.9648,0.72398,1.11487
verified_only,gkf,0,0,gpr_sigma,Ca3PCl3,2.035,1.73597,2.19044
verified_only,gkf,0,0,gpr_sigma,Ca3PF3,2.518,2.06008,2.55683
verified_only,gkf,0,0,gpr_sigma,Mg3PBr3,1.506,1.23346,1.6242
verified_only,gkf,0,0,gpr_sigma,Sr3PCl3,1.677,1.4533,1.85104
verified_only,gkf,0,0,gpr_sigma,Mg3SbI3,0.1057,0.03722,0.41141
verified_only,gkf,0,0,gpr_sigma,Sr3SbCl3,1.712,1.43083,1.84272
verified_only,gkf,1,0,gpr_sigma,Ba3AsCl3,0.959,1.09787,1.5133
verified_only,gkf,1,0,gpr_sigma,Ca3AsBr3,1.634,1.75163,1.93995
verified_only,gkf,1,0,gpr_sigma,Ca3AsF3,2.27,2.2973,2.49416
verified_only,gkf,1,0,gpr_sigma,Sr3AsCl3,1.7,1.6051,1.79558
verified_only,gkf,1,0,gpr_sigma,Mg3BiI3,0.224,-0.06861,0.17344
verified_only,gkf,1,0,gpr_sigma,Ca3SbCl3,1.814,1.82588,2.06682
verified_only,gkf,2,0,gpr_sigma,Ba3AsI3,0.834,0.40635,0.87993
verified_only,gkf,2,0,gpr_sigma,Sr3AsI3,1.265,1.12154,1.37048
verified_only,gkf,2,0,gpr_sigma,Ba3SbBr3,1.1908,0.76778,1.2023
verified_only,gkf,2,0,gpr_sigma,Ca3SbBr3,1.782,1.48448,1.75315
verified_only,gkf,2,0,gpr_sigma,Ca3SbF3,2.19,1.7574,2.32789
verified_only,gkf,2,0,gpr_sigma,Mg3SbF3,3.184,2.33109,3.9428
verified_only,gkf,3,0,gpr_sigma,Mg3PCl3,2.297,1.87281,2.27419
verified_only,gkf,3,0,gpr_sigma,Sr3PBr3,1.55,1.42848,1.72459
verified_only,gkf,3,0,gpr_sigma,Ba3SbI3,0.78,0.85261,1.26294
verified_only,gkf,3,0,gpr_sigma,Mg3SbBr3,0.9418,0.92856,1.24094
verified_only,gkf,3,0,gpr_sigma,Mg3SbCl3,1.7283,1.45869,1.8387
verified_only,gkf,3,0,gpr_sigma,Sr3SbI3,1.31,1.18242,1.51289
verified_only,gkf,4,0,gpr_sigma,Mg3AsBr3,1.2907,1.1085,1.40557
verified_only,gkf,4,0,gpr_sigma,Ca3BiI3,1.36,1.12424,1.63367
verified_only,gkf,4,0,gpr_sigma,Ca3PBr3,1.8846,1.578,1.88973
verified_only,gkf,4,0,gpr_sigma,Ca3PI3,1.4909,1.02277,1.59038
verified_only,gkf,4,0,gpr_sigma,Mg3PI3,0.377,0.12155,0.80535
verified_only,gkf,4,0,gpr_sigma,Sr3PI3,1.258,1.0548,1.45627
verified_only,gkf,5,1,gpr_sigma,Ba3AsCl3,0.959,1.10819,1.65706
verified_only,gkf,5,1,gpr_sigma,Ca3AsF3,2.27,2.27506,2.71277
verified_only,gkf,5,1,gpr_sigma,Ca3PBr3,1.8846,1.61829,1.93534
verified_only,gkf,5,1,gpr_sigma,Sr3PI3,1.258,1.12589,1.4505
verified_only,gkf,5,1,gpr_sigma,Ca3SbF3,2.19,2.06943,2.83087
verified_only,gkf,5,1,gpr_sigma,Mg3SbBr3,0.9418,0.94824,1.2579
verified_only,gkf,5,1,gpr_sigma,Mg3SbCl3,1.7283,1.63499,2.07197
verified_only,gkf,6,1,gpr_sigma,Sr3AsI3,1.265,1.02542,1.36496
verified_only,gkf,6,1,gpr_sigma,Mg3BiI3,0.224,-0.36669,0.27937
verified_only,gkf,6,1,gpr_sigma,Ca3PI3,1.4909,1.17703,1.59217
verified_only,gkf,6,1,gpr_sigma,Ca3SbCl3,1.814,1.79445,2.1497
verified_only,gkf,6,1,gpr_sigma,Mg3SbI3,0.1057,-0.26278,0.29535
verified_only,gkf,6,1,gpr_sigma,Sr3SbI3,1.31,1.06216,1.4067
verified_only,gkf,7,1,gpr_sigma,Ba3AsI3,0.834,0.6129,1.13206
verified_only,gkf,7,1,gpr_sigma,Sr3AsCl3,1.7,1.40635,1.70552
verified_only,gkf,7,1,gpr_sigma,Ca3BiI3,1.36,1.12769,1.58471
verified_only,gkf,7,1,gpr_sigma,Ca3PCl3,2.035,1.86833,2.18589
verified_only,gkf,7,1,gpr_sigma,Mg3PBr3,1.506,1.34985,1.65849
verified_only,gkf,7,1,gpr_sigma,Ba3SbI3,0.78,0.84908,1.33408
verified_only,gkf,8,1,gpr_sigma,Ca3AsBr3,1.634,1.65417,1.95674
verified_only,gkf,8,1,gpr_sigma,Mg3PCl3,2.297,1.85059,2.26333
verified_only,gkf,8,1,gpr_sigma,Mg3PI3,0.377,0.30941,0.79061
verified_only,gkf,8,1,gpr_sigma,Ba3SbBr3,1.1908,0.72943,1.11405
verified_only,gkf,8,1,gpr_sigma,Ca3SbBr3,1.782,1.56347,1.89027
verified_only,gkf,8,1,gpr_sigma,Mg3SbF3,3.184,2.28048,3.98114
verified_only,gkf,9,1,gpr_sigma,Mg3AsBr3,1.2907,1.11868,1.47482
verified_only,gkf,9,1,gpr_sigma,Mg3BiBr3,0.9648,0.72092,1.12006
verified_only,gkf,9,1,gpr_sigma,Ca3PF3,2.518,2.07077,2.57707
verified_only,gkf,9,1,gpr_sigma,Sr3PBr3,1.55,1.37333,1.78627
verified_only,gkf,9,1,gpr_sigma,Sr3PCl3,1.677,1.4844,1.87995
verified_only,gkf,9,1,gpr_sigma,Sr3SbCl3,1.712,1.43482,1.85067
verified_only,gkf,10,2,gpr_sigma,Ba3AsCl3,0.959,1.1459,1.56267
verified_only,gkf,10,2,gpr_sigma,Ca3AsBr3,1.634,1.70552,1.94372
verified_only,gkf,10,2,gpr_sigma,Sr3AsI3,1.265,1.09171,1.35141
verified_only,gkf,10,2,gpr_sigma,Ca3PCl3,2.035,1.8419,2.14598
verified_only,gkf,10,2,gpr_sigma,Ca3PI3,1.4909,1.32059,1.69662
verified_only,gkf,10,2,gpr_sigma,Mg3SbBr3,0.9418,0.94641,1.17423
verified_only,gkf,10,2,gpr_sigma,Sr3SbI3,1.31,1.0258,1.31763
verified_only,gkf,11,2,gpr_sigma,Sr3AsCl3,1.7,1.43843,1.85699
verified_only,gkf,11,2,gpr_sigma,Mg3BiBr3,0.9648,0.82049,1.25827
verified_only,gkf,11,2,gpr_sigma,Mg3PCl3,2.297,1.70862,2.19787
verified_only,gkf,11,2,gpr_sigma,Sr3PBr3,1.55,1.3551,1.7706
verified_only,gkf,11,2,gpr_sigma,Mg3SbI3,0.1057,0.02507,0.47162
verified_only,gkf,11,2,gpr_sigma,Sr3SbCl3,1.712,1.3796,1.82787
verified_only,gkf,12,2,gpr_sigma,Ba3AsI3,0.834,0.49692,0.94056
verified_only,gkf,12,2,gpr_sigma,Ca3AsF3,2.27,1.78543,2.62566
verified_only,gkf,12,2,gpr_sigma,Ca3PF3,2.518,1.61942,2.85175
verified_only,gkf,12,2,gpr_sigma,Mg3PI3,0.377,0.23512,0.86151
verified_only,gkf,12,2,gpr_sigma,Ca3SbCl3,1.814,1.78253,2.12053
verified_only,gkf,12,2,gpr_sigma,Mg3SbCl3,1.7283,1.42651,1.81459
verified_only,gkf,13,2,gpr_sigma,Mg3BiI3,0.224,-0.14853,0.20923
verified_only,gkf,13,2,gpr_sigma,Mg3PBr3,1.506,1.34382,1.65252
verified_only,gkf,13,2,gpr_sigma,Sr3PCl3,1.677,1.5639,1.8619
verified_only,gkf,13,2,gpr_sigma,Ba3SbI3,0.78,0.85904,1.2471
verified_only,gkf,13,2,gpr_sigma,Ca3SbF3,2.19,1.77537,2.46048
verified_only,gkf,13,2,gpr_sigma,Mg3SbF3,3.184,2.45695,4.25035
verified_only,gkf,14,2,gpr_sigma,Mg3AsBr3,1.2907,1.12478,1.35886
verified_only,gkf,14,2,gpr_sigma,Ca3BiI3,1.36,1.11402,1.60318
verified_only,gkf,14,2,gpr_sigma,Ca3PBr3,1.8846,1.65467,1.87944
verified_only,gkf,14,2,gpr_sigma,Sr3PI3,1.258,1.2225,1.48619
verified_only,gkf,14,2,gpr_sigma,Ba3SbBr3,1.1908,0.7256,1.1423
verified_only,gkf,14,2,gpr_sigma,Ca3SbBr3,1.782,1.46363,1.74633
verified_only,gkf,15,3,gpr_sigma,Ba3AsI3,0.834,0.48252,1.0733
verified_only,gkf,15,3,gpr_sigma,Ca3AsBr3,1.634,1.79997,1.9475
verified_only,gkf,15,3,gpr_sigma,Ca3AsF3,2.27,1.93311,2.69749
verified_only,gkf,15,3,gpr_sigma,Sr3AsI3,1.265,1.18036,1.38476
verified_only,gkf,15,3,gpr_sigma,Ca3PF3,2.518,1.82749,2.88188
verified_only,gkf,15,3,gpr_sigma,Mg3PCl3,2.297,2.08474,2.45029
verified_only,gkf,15,3,gpr_sigma,Ba3SbI3,0.78,0.71775,1.237
verified_only,gkf,16,3,gpr_sigma,Mg3BiI3,0.224,-0.14118,0.21084
verified_only,gkf,16,3,gpr_sigma,Ca3PI3,1.4909,1.20184,1.57547
verified_only,gkf,16,3,gpr_sigma,Sr3PCl3,1.677,1.57395,1.87343
verified_only,gkf,16,3,gpr_sigma,Ba3SbBr3,1.1908,0.65612,1.06558
verified_only,gkf,16,3,gpr_sigma,Ca3SbF3,2.19,1.72333,2.30972
verified_only,gkf,16,3,gpr_sigma,Sr3SbCl3,1.712,1.37147,1.71345
verified_only,gkf,17,3,gpr_sigma,Ca3BiI3,1.36,1.07444,1.61707
verified_only,gkf,17,3,gpr_sigma,Ca3PBr3,1.8846,1.62695,1.90399
verified_only,gkf,17,3,gpr_sigma,Mg3PI3,0.377,0.15848,0.82353
verified_only,gkf,17,3,gpr_sigma,Ca3SbBr3,1.782,1.44989,1.79268
verified_only,gkf,17,3,gpr_sigma,Mg3SbCl3,1.7283,1.42565,1.89217
verified_only,gkf,17,3,gpr_sigma,Mg3SbF3,3.184,1.89135,3.87459
verified_only,gkf,18,3,gpr_sigma,Ba3AsCl3,0.959,1.01896,1.56418
verified_only,gkf,18,3,gpr_sigma,Sr3AsCl3,1.7,1.50257,1.82142
verified_only,gkf,18,3,gpr_sigma,Ca3PCl3,2.035,1.76954,2.13811
verified_only,gkf,18,3,gpr_sigma,Sr3PBr3,1.55,1.41997,1.76951
verified_only,gkf,18,3,gpr_sigma,Sr3PI3,1.258,1.1488,1.4883
verified_only,gkf,18,3,gpr_sigma,Mg3SbI3,0.1057,0.05431,0.37683
verified_only,gkf,19,3,gpr_sigma,Mg3AsBr3,1.2907,1.15492,1.57513
verified_only,gkf,19,3,gpr_sigma,Mg3BiBr3,0.9648,0.84024,1.27986
verified_only,gkf,19,3,gpr_sigma,Mg3PBr3,1.506,1.30587,1.7238
verified_only,gkf,19,3,gpr_sigma,Ca3SbCl3,1.814,1.75767,2.14607
verified_only,gkf,19,3,gpr_sigma,Mg3SbBr3,0.9418,0.93954,1.3515
verified_only,gkf,19,3,gpr_sigma,Sr3SbI3,1.31,1.06973,1.43459
verified_only,gkf,20,4,gpr_sigma,Ca3AsF3,2.27,2.18605,2.54195
verified_only,gkf,20,4,gpr_sigma,Sr3AsCl3,1.7,1.43747,1.70558
verified_only,gkf,20,4,gpr_sigma,Ca3PI3,1.4909,1.25292,1.56945
verified_only,gkf,20,4,gpr_sigma,Mg3PCl3,2.297,1.94023,2.3691
verified_only,gkf,20,4,gpr_sigma,Mg3PI3,0.377,0.27192,0.90356
verified_only,gkf,20,4,gpr_sigma,Ba3SbI3,0.78,0.90479,1.26485
verified_only,gkf,20,4,gpr_sigma,Ca3SbCl3,1.814,1.82814,2.09812
verified_only,gkf,21,4,gpr_sigma,Mg3AsBr3,1.2907,1.15838,1.49103
verified_only,gkf,21,4,gpr_sigma,Mg3BiI3,0.224,-0.19511,0.20227
verified_only,gkf,21,4,gpr_sigma,Ca3PF3,2.518,2.10851,2.56033
verified_only,gkf,21,4,gpr_sigma,Sr3PI3,1.258,1.12574,1.4781
verified_only,gkf,21,4,gpr_sigma,Mg3SbF3,3.184,2.38653,4.16672
verified_only,gkf,21,4,gpr_sigma,Sr3SbCl3,1.712,1.45936,1.83138
verified_only,gkf,22,4,gpr_sigma,Mg3PBr3,1.506,1.27472,1.63712
verified_only,gkf,22,4,gpr_sigma,Sr3PBr3,1.55,1.41475,1.77609
verified_only,gkf,22,4,gpr_sigma,Ca3SbF3,2.19,1.82997,2.45937
verified_only,gkf,22,4,gpr_sigma,Mg3SbBr3,0.9418,0.92184,1.25426
verified_only,gkf,22,4,gpr_sigma,Mg3SbCl3,1.7283,1.56293,2.02062
verified_only,gkf,22,4,gpr_sigma,Mg3SbI3,0.1057,0.0626,0.404
verified_only,gkf,23,4,gpr_sigma,Ba3AsCl3,0.959,0.84969,1.5573
verified_only,gkf,23,4,gpr_sigma,Ba3AsI3,0.834,0.51471,0.92697
verified_only,gkf,23,4,gpr_sigma,Ca3AsBr3,1.634,1.71964,1.95673
verified_only,gkf,23,4,gpr_sigma,Sr3AsI3,1.265,1.15726,1.39848
verified_only,gkf,23,4,gpr_sigma,Mg3BiBr3,0.9648,0.77331,1.04984
verified_only,gkf,23,4,gpr_sigma,Ba3SbBr3,1.1908,0.82686,1.34843
verified_only,gkf,24,4,gpr_sigma,Ca3BiI3,1.36,0.79612,1.59718
verified_only,gkf,24,4,gpr_sigma,Ca3PBr3,1.8846,1.58503,1.91519
verified_only,gkf,24,4,gpr_sigma,Ca3PCl3,2.035,1.74927,2.20733
verified_only,gkf,24,4,gpr_sigma,Sr3PCl3,1.677,1.51608,1.84986
verified_only,gkf,24,4,gpr_sigma,Ca3SbBr3,1.782,1.39139,1.78432
verified_only,gkf,24,4,gpr_sigma,Sr3SbI3,1.31,0.9385,1.42254
verified_only,gkf,25,5,gpr_sigma,Ba3AsCl3,0.959,1.07192,1.59792
verified_only,gkf,25,5,gpr_sigma,Sr3AsCl3,1.7,1.56204,1.84367
verified_only,gkf,25,5,gpr_sigma,Sr3AsI3,1.265,1.13329,1.41138
verified_only,gkf,25,5,gpr_sigma,Ca3PBr3,1.8846,1.59384,1.88874
verified_only,gkf,25,5,gpr_sigma,Mg3PBr3,1.506,1.30744,1.621
verified_only,gkf,25,5,gpr_sigma,Ca3SbBr3,1.782,1.46659,1.7893
verified_only,gkf,25,5,gpr_sigma,Ca3SbF3,2.19,1.79756,2.36954
verified_only,gkf,26,5,gpr_sigma,Ba3AsI3,0.834,0.4913,0.96957
verified_only,gkf,26,5,gpr_sigma,Ca3AsF3,2.27,2.23549,2.54978
verified_only,gkf,26,5,gpr_sigma,Ca3PCl3,2.035,1.82826,2.1984
verified_only,gkf,26,5,gpr_sigma,Ba3SbBr3,1.1908,0.69865,1.16947
verified_only,gkf,26,5,gpr_sigma,Mg3SbF3,3.184,2.22366,3.93448
verified_only,gkf,26,5,gpr_sigma,Sr3SbI3,1.31,1.09072,1.44839
verified_only,gkf,27,5,gpr_sigma,Mg3BiBr3,0.9648,1.06139,1.52181
verified_only,gkf,27,5,gpr_sigma,Ca3PI3,1.4909,1.16556,1.58946
verified_only,gkf,27,5,gpr_sigma,Mg3SbBr3,0.9418,1.11577,1.53254
verified_only,gkf,27,5,gpr_sigma,Mg3SbCl3,1.7283,1.85705,2.35236
verified_only,gkf,27,5,gpr_sigma,Mg3SbI3,0.1057,0.08889,0.46234
verified_only,gkf,27,5,gpr_sigma,Sr3SbCl3,1.712,1.40936,1.79275
verified_only,gkf,28,5,gpr_sigma,Ca3AsBr3,1.634,1.72354,1.93389
verified_only,gkf,28,5,gpr_sigma,Mg3AsBr3,1.2907,1.12309,1.33792
verified_only,gkf,28,5,gpr_sigma,Mg3PI3,0.377,0.18874,0.75554
verified_only,gkf,28,5,gpr_sigma,Sr3PBr3,1.55,1.46102,1.71575
verified_only,gkf,28,5,gpr_sigma,Sr3PI3,1.258,1.15999,1.42338
verified_only,gkf,28,5,gpr_sigma,Ba3SbI3,0.78,0.81401,1.2007
verified_only,gkf,29,5,gpr_sigma,Ca3BiI3,1.36,1.09117,1.52563
verified_only,gkf,29,5,gpr_sigma,Mg3BiI3,0.224,-0.19226,0.20537
verified_only,gkf,29,5,gpr_sigma,Ca3PF3,2.518,2.04586,2.50608
verified_only,gkf,29,5,gpr_sigma,Mg3PCl3,2.297,1.83497,2.25329
verified_only,gkf,29,5,gpr_sigma,Sr3PCl3,1.677,1.51727,1.85965
verified_only,gkf,29,5,gpr_sigma,Ca3SbCl3,1.814,1.78052,2.1429
verified_only,gkf,30,6,gpr_sigma,Ba3AsI3,0.834,0.59405,1.06906
verified_only,gkf,30,6,gpr_sigma,Mg3AsBr3,1.2907,1.09822,1.37557
verified_only,gkf,30,6,gpr_sigma,Mg3BiBr3,0.9648,0.77742,1.08798
verified_only,gkf,30,6,gpr_sigma,Mg3PBr3,1.506,1.40379,1.65819
verified_only,gkf,30,6,gpr_sigma,Ba3SbI3,0.78,0.87245,1.3018
verified_only,gkf,30,6,gpr_sigma,Ca3SbBr3,1.782,1.50445,1.73768
verified_only,gkf,30,6,gpr_sigma,Mg3SbCl3,1.7283,1.36607,1.69378
verified_only,gkf,31,6,gpr_sigma,Ca3AsBr3,1.634,1.70438,1.95527
verified_only,gkf,31,6,gpr_sigma,Mg3BiI3,0.224,-0.34051,0.16264
verified_only,gkf,31,6,gpr_sigma,Ca3PF3,2.518,2.12283,2.48807
verified_only,gkf,31,6,gpr_sigma,Mg3PCl3,2.297,1.93848,2.30242
verified_only,gkf,31,6,gpr_sigma,Sr3PI3,1.258,1.14917,1.43136
verified_only,gkf,31,6,gpr_sigma,Mg3SbI3,0.1057,-0.2115,0.22331
verified_only,gkf,32,6,gpr_sigma,Ca3AsF3,2.27,2.21168,2.67961
verified_only,gkf,32,6,gpr_sigma,Ca3PBr3,1.8846,1.61687,1.94773
verified_only,gkf,32,6,gpr_sigma,Ca3SbF3,2.19,1.90238,2.74577
verified_only,gkf,32,6,gpr_sigma,Mg3SbBr3,0.9418,0.91565,1.22692
verified_only,gkf,32,6,gpr_sigma,Sr3SbCl3,1.712,1.4671,1.85082
verified_only,gkf,32,6,gpr_sigma,Sr3SbI3,1.31,1.08272,1.43955
verified_only,gkf,33,6,gpr_sigma,Ba3AsCl3,0.959,0.7749,1.55221
verified_only,gkf,33,6,gpr_sigma,Ca3PCl3,2.035,1.83234,2.22845
verified_only,gkf,33,6,gpr_sigma,Mg3PI3,0.377,0.22442,0.83103
verified_only,gkf,33,6,gpr_sigma,Sr3PBr3,1.55,1.35109,1.69756
verified_only,gkf,33,6,gpr_sigma,Ba3SbBr3,1.1908,0.71217,1.32157
verified_only,gkf,33,6,gpr_sigma,Ca3SbCl3,1.814,1.75387,2.15456
verified_only,gkf,34,6,gpr_sigma,Sr3AsCl3,1.7,1.33332,1.54524
verified_only,gkf,34,6,gpr_sigma,Sr3AsI3,1.265,1.01784,1.24091
verified_only,gkf,34,6,gpr_sigma,Ca3BiI3,1.36,1.27131,1.78316
verified_only,gkf,34,6,gpr_sigma,Ca3PI3,1.4909,1.29419,1.6162
verified_only,gkf,34,6,gpr_sigma,Sr3PCl3,1.677,1.55711,1.74836
verified_only,gkf,34,6,gpr_sigma,Mg3SbF3,3.184,2.47921,4.16912
verified_only,gkf,35,7,gpr_sigma,Ca3PCl3,2.035,1.94538,2.29082
verified_only,gkf,35,7,gpr_sigma,Ca3PI3,1.4909,1.187,1.53881
verified_only,gkf,35,7,gpr_sigma,Sr3PBr3,1.55,1.42727,1.74007
verified_only,gkf,35,7,gpr_sigma,Sr3PCl3,1.677,1.59001,1.93784
verified_only,gkf,35,7,gpr_sigma,Ba3SbI3,0.78,0.89167,1.27711
verified_only,gkf,35,7,gpr_sigma,Ca3SbCl3,1.814,1.81368,2.11611
verified_only,gkf,35,7,gpr_sigma,Ca3SbF3,2.19,1.68671,2.43549
verified_only,gkf,36,7,gpr_sigma,Ca3AsF3,2.27,1.81534,2.9182
verified_only,gkf,36,7,gpr_sigma,Sr3AsCl3,1.7,1.43409,1.63105
verified_only,gkf,36,7,gpr_sigma,Ca3PBr3,1.8846,1.72706,1.86548
verified_only,gkf,36,7,gpr_sigma,Ca3PF3,2.518,1.85549,3.11728
verified_only,gkf,36,7,gpr_sigma,Mg3PBr3,1.506,1.35382,1.59428
verified_only,gkf,36,7,gpr_sigma,Sr3PI3,1.258,1.30228,1.48422
verified_only,gkf,37,7,gpr_sigma,Ba3AsCl3,0.959,1.0604,1.62524
verified_only,gkf,37,7,gpr_sigma,Mg3AsBr3,1.2907,1.08451,1.45175
verified_only,gkf,37,7,gpr_sigma,Mg3BiBr3,0.9648,0.79776,1.19555
verified_only,gkf,37,7,gpr_sigma,Mg3PCl3,2.297,1.75826,2.25583
verified_only,gkf,37,7,gpr_sigma,Mg3SbF3,3.184,1.81929,3.86994
verified_only,gkf,37,7,gpr_sigma,Sr3SbCl3,1.712,1.43331,1.82898
verified_only,gkf,38,7,gpr_sigma,Ca3AsBr3,1.634,1.72425,1.94143
verified_only,gkf,38,7,gpr_sigma,Ba3SbBr3,1.1908,0.73253,1.12439
verified_only,gkf,38,7,gpr_sigma,Mg3SbBr3,0.9418,0.96754,1.19119
verified_only,gkf,38,7,gpr_sigma,Mg3SbCl3,1.7283,1.60039,1.94359
verified_only,gkf,38,7,gpr_sigma,Mg3SbI3,0.1057,0.1134,0.34823
verified_only,gkf,38,7,gpr_sigma,Sr3SbI3,1.31,1.10821,1.37393
verified_only,gkf,39,7,gpr_sigma,Ba3AsI3,0.834,0.35727,0.8302
verified_only,gkf,39,7,gpr_sigma,Sr3AsI3,1.265,1.086,1.36501
verified_only,gkf,39,7,gpr_sigma,Ca3BiI3,1.36,1.04708,1.55032
verified_only,gkf,39,7,gpr_sigma,Mg3BiI3,0.224,-0.10821,0.22113
verified_only,gkf,39,7,gpr_sigma,Mg3PI3,0.377,0.24499,0.7998
verified_only,gkf,39,7,gpr_sigma,Ca3SbBr3,1.782,1.48178,1.78883
verified_only,gkf,40,8,gpr_sigma,Sr3AsI3,1.265,1.09158,1.46092
verified_only,gkf,40,8,gpr_sigma,Mg3BiI3,0.224,-0.15886,0.27735
verified_only,gkf,40,8,gpr_sigma,Ca3PBr3,1.8846,1.60769,1.97889
verified_only,gkf,40,8,gpr_sigma,Mg3PBr3,1.506,1.10662,1.53757
verified_only,gkf,40,8,gpr_sigma,Mg3PCl3,2.297,1.69331,2.19279
verified_only,gkf,40,8,gpr_sigma,Sr3PBr3,1.55,1.383,1.77646
verified_only,gkf,40,8,gpr_sigma,Sr3PCl3,1.677,1.51935,1.90724
verified_only,gkf,41,8,gpr_sigma,Mg3AsBr3,1.2907,1.11465,1.37901
verified_only,gkf,41,8,gpr_sigma,Ca3BiI3,1.36,1.06929,1.62119
verified_only,gkf,41,8,gpr_sigma,Ca3PF3,2.518,2.02533,2.56184
verified_only,gkf,41,8,gpr_sigma,Ca3SbBr3,1.782,1.42233,1.76459
verified_only,gkf,41,8,gpr_sigma,Ca3SbF3,2.19,1.81429,2.62092
verified_only,gkf,41,8,gpr_sigma,Mg3SbF3,3.184,1.97967,3.80496
verified_only,gkf,42,8,gpr_sigma,Sr3AsCl3,1.7,1.44151,1.69402
verified_only,gkf,42,8,gpr_sigma,Ca3PCl3,2.035,1.91532,2.18196
verified_only,gkf,42,8,gpr_sigma,Ba3SbBr3,1.1908,0.90361,1.34216
verified_only,gkf,42,8,gpr_sigma,Ba3SbI3,0.78,0.8151,1.24171
verified_only,gkf,42,8,gpr_sigma,Ca3SbCl3,1.814,1.8189,2.08892
verified_only,gkf,42,8,gpr_sigma,Mg3SbBr3,0.9418,0.94859,1.18093
verified_only,gkf,43,8,gpr_sigma,Ba3AsCl3,0.959,1.0351,1.6131
verified_only,gkf,43,8,gpr_sigma,Mg3BiBr3,0.9648,0.70934,1.11592
verified_only,gkf,43,8,gpr_sigma,Ca3PI3,1.4909,1.17561,1.69631
verified_only,gkf,43,8,gpr_sigma,Sr3PI3,1.258,1.06838,1.47311
verified_only,gkf,43,8,gpr_sigma,Mg3SbCl3,1.7283,1.44809,1.94728
verified_only,gkf,43,8,gpr_sigma,Sr3SbCl3,1.712,1.45038,1.82947
verified_only,gkf,44,8,gpr_sigma,Ba3AsI3,0.834,0.45426,0.83771
verified_only,gkf,44,8,gpr_sigma,Ca3AsBr3,1.634,1.75697,1.92941
verified_only,gkf,44,8,gpr_sigma,Ca3AsF3,2.27,2.3057,2.49074
verified_only,gkf,44,8,gpr_sigma,Mg3PI3,0.377,0.30917,0.90998
verified_only,gkf,44,8,gpr_sigma,Mg3SbI3,0.1057,0.1334,0.36299
verified_only,gkf,44,8,gpr_sigma,Sr3SbI3,1.31,1.168,1.40104
verified_only,gkf,45,9,gpr_sigma,Ca3AsF3,2.27,2.20416,2.53652
verified_only,gkf,45,9,gpr_sigma,Sr3PBr3,1.55,1.42653,1.71977
verified_only,gkf,45,9,gpr_sigma,Sr3PI3,1.258,1.17254,1.4723
verified_only,gkf,45,9,gpr_sigma,Ba3SbI3,0.78,0.86267,1.24178
verified_only,gkf,45,9,gpr_sigma,Mg3SbBr3,0.9418,0.94075,1.23471
verified_only,gkf,45,9,gpr_sigma,Mg3SbCl3,1.7283,1.5043,1.88303
verified_only,gkf,45,9,gpr_sigma,Mg3SbI3,0.1057,0.07536,0.37906
verified_only,gkf,46,9,gpr_sigma,Ca3AsBr3,1.634,1.71537,2.02786
verified_only,gkf,46,9,gpr_sigma,Mg3AsBr3,1.2907,1.13138,1.41343
verified_only,gkf,46,9,gpr_sigma,Ca3PCl3,2.035,1.92345,2.24566
verified_only,gkf,46,9,gpr_sigma,Mg3PI3,0.377,0.18089,0.80155
verified_only,gkf,46,9,gpr_sigma,Ca3SbBr3,1.782,1.64896,2.04074
verified_only,gkf,46,9,gpr_sigma,Ca3SbCl3,1.814,1.83012,2.21328
verified_only,gkf,47,9,gpr_sigma,Ba3AsI3,0.834,0.42695,0.89006
verified_only,gkf,47,9,gpr_sigma,Mg3BiBr3,0.9648,0.75322,1.09355
verified_only,gkf,47,9,gpr_sigma,Mg3BiI3,0.224,-0.19319,0.18923
verified_only,gkf,47,9,gpr_sigma,Mg3PCl3,2.297,1.91128,2.32475
verified_only,gkf,47,9,gpr_sigma,Sr3PCl3,1.677,1.56483,1.88378
verified_only,gkf,47,9,gpr_sigma,Ca3SbF3,2.19,1.91487,2.49608
verified_only,gkf,48,9,gpr_sigma,Sr3AsI3,1.265,1.10003,1.42004
verified_only,gkf,48,9,gpr_sigma,Ca3PF3,2.518,2.08804,2.54765
verified_only,gkf,48,9,gpr_sigma,Ba3SbBr3,1.1908,0.64423,1.10124
verified_only,gkf,48,9,gpr_sigma,Mg3SbF3,3.184,2.12226,4.06987
verified_only,gkf,48,9,gpr_sigma,Sr3SbCl3,1.712,1.36502,1.74147
verified_only,gkf,48,9,gpr_sigma,Sr3SbI3,1.31,1.05328,1.40649
verified_only,gkf,49,9,gpr_sigma,Ba3AsCl3,0.959,1.04078,1.59516
verified_only,gkf,49,9,gpr_sigma,Sr3AsCl3,1.7,1.55241,1.85025
verified_only,gkf,49,9,gpr_sigma,Ca3BiI3,1.36,1.16216,1.67276
verified_only,gkf,49,9,gpr_sigma,Ca3PBr3,1.8846,1.5709,1.89448
verified_only,gkf,49,9,gpr_sigma,Ca3PI3,1.4909,1.13447,1.60446
verified_only,gkf,49,9,gpr_sigma,Mg3PBr3,1.506,1.29568,1.625
verified_only,gkf,0,0,gpr_sigma_scaled,Mg3BiBr3,0.9648,0.02185,1.817
verified_only,gkf,0,0,gpr_sigma_scaled,Ca3PCl3,2.035,0.91965,3.00677
verified_only,gkf,0,0,gpr_sigma_scaled,Ca3PF3,2.518,1.1678,3.44911
verified_only,gkf,0,0,gpr_sigma_scaled,Mg3PBr3,1.506,0.53162,2.32604
verified_only,gkf,0,0,gpr_sigma_scaled,Sr3PCl3,1.677,0.73887,2.56547
verified_only,gkf,0,0,gpr_sigma_scaled,Mg3SbI3,0.1057,-0.63491,1.08354
verified_only,gkf,0,0,gpr_sigma_scaled,Sr3SbCl3,1.712,0.69099,2.58257
verified_only,gkf,1,0,gpr_sigma_scaled,Ba3AsCl3,0.959,1.08093,1.53025
verified_only,gkf,1,0,gpr_sigma_scaled,Ca3AsBr3,1.634,1.74395,1.94763
verified_only,gkf,1,0,gpr_sigma_scaled,Ca3AsF3,2.27,2.28927,2.50219
verified_only,gkf,1,0,gpr_sigma_scaled,Sr3AsCl3,1.7,1.59733,1.80335
verified_only,gkf,1,0,gpr_sigma_scaled,Mg3BiI3,0.224,-0.07849,0.18332
verified_only,gkf,1,0,gpr_sigma_scaled,Ca3SbCl3,1.814,1.81605,2.07665
verified_only,gkf,2,0,gpr_sigma_scaled,Ba3AsI3,0.834,-0.2906,1.57688
verified_only,gkf,2,0,gpr_sigma_scaled,Sr3AsI3,1.265,0.7552,1.73682
verified_only,gkf,2,0,gpr_sigma_scaled,Ba3SbBr3,1.1908,0.12833,1.84175
verified_only,gkf,2,0,gpr_sigma_scaled,Ca3SbBr3,1.782,1.0891,2.14853
verified_only,gkf,2,0,gpr_sigma_scaled,Ca3SbF3,2.19,0.91784,3.16745
verified_only,gkf,2,0,gpr_sigma_scaled,Mg3SbF3,3.184,-0.04076,6.31466
verified_only,gkf,3,0,gpr_sigma_scaled,Mg3PCl3,2.297,1.70656,2.44045
verified_only,gkf,3,0,gpr_sigma_scaled,Sr3PBr3,1.55,1.30584,1.84723
verified_only,gkf,3,0,gpr_sigma_scaled,Ba3SbI3,0.78,0.68266,1.43289
verified_only,gkf,3,0,gpr_sigma_scaled,Mg3SbBr3,0.9418,0.79917,1.37032
verified_only,gkf,3,0,gpr_sigma_scaled,Mg3SbCl3,1.7283,1.30129,1.9961
verified_only,gkf,3,0,gpr_sigma_scaled,Sr3SbI3,1.31,1.04554,1.64977
verified_only,gkf,4,0,gpr_sigma_scaled,Mg3AsBr3,1.2907,0.86331,1.65075
verified_only,gkf,4,0,gpr_sigma_scaled,Ca3BiI3,1.36,0.70378,2.05413
verified_only,gkf,4,0,gpr_sigma_scaled,Ca3PBr3,1.8846,1.32071,2.14702
verified_only,gkf,4,0,gpr_sigma_scaled,Ca3PI3,1.4909,0.55428,2.05887
verified_only,gkf,4,0,gpr_sigma_scaled,Mg3PI3,0.377,-0.44283,1.36973
verified_only,gkf,4,0,gpr_sigma_scaled,Sr3PI3,1.258,0.72345,1.78763
verified_only,gkf,5,1,gpr_sigma_scaled,Ba3AsCl3,0.959,1.02744,1.73781
verified_only,gkf,5,1,gpr_sigma_scaled,Ca3AsF3,2.27,2.21066,2.77716
verified_only,gkf,5,1,gpr_sigma_scaled,Ca3PBr3,1.8846,1.57164,1.98199
verified_only,gkf,5,1,gpr_sigma_scaled,Sr3PI3,1.258,1.07813,1.49825
verified_only,gkf,5,1,gpr_sigma_scaled,Ca3SbF3,2.19,1.95741,2.94289
verified_only,gkf,5,1,gpr_sigma_scaled,Mg3SbBr3,0.9418,0.90268,1.30346
verified_only,gkf,5,1,gpr_sigma_scaled,Mg3SbCl3,1.7283,1.5707,2.13626
verified_only,gkf,6,1,gpr_sigma_scaled,Sr3AsI3,1.265,0.90082,1.48956
verified_only,gkf,6,1,gpr_sigma_scaled,Mg3BiI3,0.224,-0.60377,0.51645
verified_only,gkf,6,1,gpr_sigma_scaled,Ca3PI3,1.4909,1.02469,1.74452
verified_only,gkf,6,1,gpr_sigma_scaled,Ca3SbCl3,1.814,1.66409,2.28006
verified_only,gkf,6,1,gpr_sigma_scaled,Mg3SbI3,0.1057,-0.46759,0.50016
verified_only,gkf,6,1,gpr_sigma_scaled,Sr3SbI3,1.31,0.93573,1.53313
verified_only,gkf,7,1,gpr_sigma_scaled,Ba3AsI3,0.834,0.50865,1.23631
verified_only,gkf,7,1,gpr_sigma_scaled,Sr3AsCl3,1.7,1.34628,1.76559
verified_only,gkf,7,1,gpr_sigma_scaled,Ca3BiI3,1.36,1.03592,1.67649
verified_only,gkf,7,1,gpr_sigma_scaled,Ca3PCl3,2.035,1.80456,2.24965
verified_only,gkf,7,1,gpr_sigma_scaled,Mg3PBr3,1.506,1.28787,1.72046
verified_only,gkf,7,1,gpr_sigma_scaled,Ba3SbI3,0.78,0.7517,1.43147
verified_only,gkf,8,1,gpr_sigma_scaled,Ca3AsBr3,1.634,1.54962,2.06129
verified_only,gkf,8,1,gpr_sigma_scaled,Mg3PCl3,2.297,1.70797,2.40596
verified_only,gkf,8,1,gpr_sigma_scaled,Mg3PI3,0.377,0.14313,0.95689
verified_only,gkf,8,1,gpr_sigma_scaled,Ba3SbBr3,1.1908,0.59653,1.24695
verified_only,gkf,8,1,gpr_sigma_scaled,Ca3SbBr3,1.782,1.45054,2.00319
verified_only,gkf,8,1,gpr_sigma_scaled,Mg3SbF3,3.184,1.69282,4.56881
verified_only,gkf,9,1,gpr_sigma_scaled,Mg3AsBr3,1.2907,0.37057,2.22292
verified_only,gkf,9,1,gpr_sigma_scaled,Mg3BiBr3,0.9648,-0.11751,1.95849
verified_only,gkf,9,1,gpr_sigma_scaled,Ca3PF3,2.518,1.00724,3.64061
verified_only,gkf,9,1,gpr_sigma_scaled,Sr3PBr3,1.55,0.50593,2.65367
verified_only,gkf,9,1,gpr_sigma_scaled,Sr3PCl3,1.677,0.65352,2.71082
verified_only,gkf,9,1,gpr_sigma_scaled,Sr3SbCl3,1.712,0.5613,2.72418
verified_only,gkf,10,2,gpr_sigma_scaled,Ba3AsCl3,0.959,1.09173,1.61684
verified_only,gkf,10,2,gpr_sigma_scaled,Ca3AsBr3,1.634,1.67456,1.97468
verified_only,gkf,10,2,gpr_sigma_scaled,Sr3AsI3,1.265,1.05796,1.38517
verified_only,gkf,10,2,gpr_sigma_scaled,Ca3PCl3,2.035,1.80238,2.18551
verified_only,gkf,10,2,gpr_sigma_scaled,Ca3PI3,1.4909,1.27171,1.7455
verified_only,gkf,10,2,gpr_sigma_scaled,Mg3SbBr3,0.9418,0.9168,1.20384
verified_only,gkf,10,2,gpr_sigma_scaled,Sr3SbI3,1.31,0.98786,1.35556
verified_only,gkf,11,2,gpr_sigma_scaled,Sr3AsCl3,1.7,1.34865,1.94676
verified_only,gkf,11,2,gpr_sigma_scaled,Mg3BiBr3,0.9648,0.72659,1.35217
verified_only,gkf,11,2,gpr_sigma_scaled,Mg3PCl3,2.297,1.60368,2.3028
verified_only,gkf,11,2,gpr_sigma_scaled,Sr3PBr3,1.55,1.26598,1.85971
verified_only,gkf,11,2,gpr_sigma_scaled,Mg3SbI3,0.1057,-0.0707,0.5674
verified_only,gkf,11,2,gpr_sigma_scaled,Sr3SbCl3,1.712,1.28346,1.92402
verified_only,gkf,12,2,gpr_sigma_scaled,Ba3AsI3,0.834,0.24637,1.19112
verified_only,gkf,12,2,gpr_sigma_scaled,Ca3AsF3,2.27,1.31089,3.10021
verified_only,gkf,12,2,gpr_sigma_scaled,Ca3PF3,2.518,0.92342,3.54775
verified_only,gkf,12,2,gpr_sigma_scaled,Mg3PI3,0.377,-0.11864,1.21527
verified_only,gkf,12,2,gpr_sigma_scaled,Ca3SbCl3,1.814,1.59163,2.31143
verified_only,gkf,12,2,gpr_sigma_scaled,Mg3SbCl3,1.7283,1.20732,2.03378
verified_only,gkf,13,2,gpr_sigma_scaled,Mg3BiI3,0.224,-0.50671,0.56741
verified_only,gkf,13,2,gpr_sigma_scaled,Mg3PBr3,1.506,1.03477,1.96157
verified_only,gkf,13,2,gpr_sigma_scaled,Sr3PCl3,1.677,1.26555,2.16025
verified_only,gkf,13,2,gpr_sigma_scaled,Ba3SbI3,0.78,0.47052,1.63562
verified_only,gkf,13,2,gpr_sigma_scaled,Ca3SbF3,2.19,1.08946,3.14638
verified_only,gkf,13,2,gpr_sigma_scaled,Mg3SbF3,3.184,0.66146,6.04584
verified_only,gkf,14,2,gpr_sigma_scaled,Mg3AsBr3,1.2907,1.03286,1.45078
verified_only,gkf,14,2,gpr_sigma_scaled,Ca3BiI3,1.36,0.92193,1.79527
verified_only,gkf,14,2,gpr_sigma_scaled,Ca3PBr3,1.8846,1.56641,1.9677
verified_only,gkf,14,2,gpr_sigma_scaled,Sr3PI3,1.258,1.11896,1.58974
verified_only,gkf,14,2,gpr_sigma_scaled,Ba3SbBr3,1.1908,0.56197,1.30593
verified_only,gkf,14,2,gpr_sigma_scaled,Ca3SbBr3,1.782,1.35262,1.85734
verified_only,gkf,15,3,gpr_sigma_scaled,Ba3AsI3,0.834,0.15411,1.40171
verified_only,gkf,15,3,gpr_sigma_scaled,Ca3AsBr3,1.634,1.71795,2.02952
verified_only,gkf,15,3,gpr_sigma_scaled,Ca3AsF3,2.27,1.50819,3.12241
verified_only,gkf,15,3,gpr_sigma_scaled,Sr3AsI3,1.265,1.06673,1.49839
verified_only,gkf,15,3,gpr_sigma_scaled,Ca3PF3,2.518,1.24134,3.46803
verified_only,gkf,15,3,gpr_sigma_scaled,Mg3PCl3,2.297,1.88153,2.6535
verified_only,gkf,15,3,gpr_sigma_scaled,Ba3SbI3,0.78,0.4291,1.52565
verified_only,gkf,16,3,gpr_sigma_scaled,Mg3BiI3,0.224,-0.16665,0.23631
verified_only,gkf,16,3,gpr_sigma_scaled,Ca3PI3,1.4909,1.17481,1.6025
verified_only,gkf,16,3,gpr_sigma_scaled,Sr3PCl3,1.677,1.55228,1.89509
verified_only,gkf,16,3,gpr_sigma_scaled,Ba3SbBr3,1.1908,0.6265,1.0952
verified_only,gkf,16,3,gpr_sigma_scaled,Ca3SbF3,2.19,1.68091,2.35214
verified_only,gkf,16,3,gpr_sigma_scaled,Sr3SbCl3,1.712,1.34673,1.73818
verified_only,gkf,17,3,gpr_sigma_scaled,Ca3BiI3,1.36,0.7646,1.92692
verified_only,gkf,17,3,gpr_sigma_scaled,Ca3PBr3,1.8846,1.46877,2.06217
verified_only,gkf,17,3,gpr_sigma_scaled,Mg3PI3,0.377,-0.22125,1.20327
verified_only,gkf,17,3,gpr_sigma_scaled,Ca3SbBr3,1.782,1.25416,1.98841
verified_only,gkf,17,3,gpr_sigma_scaled,Mg3SbCl3,1.7283,1.15927,2.15855
verified_only,gkf,17,3,gpr_sigma_scaled,Mg3SbF3,3.184,0.75893,5.007
verified_only,gkf,18,3,gpr_sigma_scaled,Ba3AsCl3,0.959,0.97072,1.61242
verified_only,gkf,18,3,gpr_sigma_scaled,Sr3AsCl3,1.7,1.47436,1.84963
verified_only,gkf,18,3,gpr_sigma_scaled,Ca3PCl3,2.035,1.73693,2.17072
verified_only,gkf,18,3,gpr_sigma_scaled,Sr3PBr3,1.55,1.38904,1.80044
verified_only,gkf,18,3,gpr_sigma_scaled,Sr3PI3,1.258,1.11876,1.51834
verified_only,gkf,18,3,gpr_sigma_scaled,Mg3SbI3,0.1057,0.02578,0.40536
verified_only,gkf,19,3,gpr_sigma_scaled,Mg3AsBr3,1.2907,1.05263,1.67742
verified_only,gkf,19,3,gpr_sigma_scaled,Mg3BiBr3,0.9648,0.73322,1.38687
verified_only,gkf,19,3,gpr_sigma_scaled,Mg3PBr3,1.506,1.20414,1.82554
verified_only,gkf,19,3,gpr_sigma_scaled,Ca3SbCl3,1.814,1.66312,2.24061
verified_only,gkf,19,3,gpr_sigma_scaled,Mg3SbBr3,0.9418,0.83925,1.45179
verified_only,gkf,19,3,gpr_sigma_scaled,Sr3SbI3,1.31,0.98091,1.5234
verified_only,gkf,20,4,gpr_sigma_scaled,Ca3AsF3,2.27,2.15592,2.57208
verified_only,gkf,20,4,gpr_sigma_scaled,Sr3AsCl3,1.7,1.41477,1.72828
verified_only,gkf,20,4,gpr_sigma_scaled,Ca3PI3,1.4909,1.22612,1.59625
verified_only,gkf,20,4,gpr_sigma_scaled,Mg3PCl3,2.297,1.90392,2.40541
verified_only,gkf,20,4,gpr_sigma_scaled,Mg3PI3,0.377,0.21844,0.95704
verified_only,gkf,20,4,gpr_sigma_scaled,Ba3SbI3,0.78,0.8743,1.29533
verified_only,gkf,20,4,gpr_sigma_scaled,Ca3SbCl3,1.814,1.80529,2.12098
verified_only,gkf,21,4,gpr_sigma_scaled,Mg3AsBr3,1.2907,1.10223,1.54718
verified_only,gkf,21,4,gpr_sigma_scaled,Mg3BiI3,0.224,-0.26218,0.26934
verified_only,gkf,21,4,gpr_sigma_scaled,Ca3PF3,2.518,2.03225,2.63659
verified_only,gkf,21,4,gpr_sigma_scaled,Sr3PI3,1.258,1.06627,1.53757
verified_only,gkf,21,4,gpr_sigma_scaled,Mg3SbF3,3.184,2.08606,4.46719
verified_only,gkf,21,4,gpr_sigma_scaled,Sr3SbCl3,1.712,1.39656,1.89418
verified_only,gkf,22,4,gpr_sigma_scaled,Mg3PBr3,1.506,1.14934,1.7625
verified_only,gkf,22,4,gpr_sigma_scaled,Sr3PBr3,1.55,1.28973,1.90111
verified_only,gkf,22,4,gpr_sigma_scaled,Ca3SbF3,2.19,1.61221,2.67713
verified_only,gkf,22,4,gpr_sigma_scaled,Mg3SbBr3,0.9418,0.80683,1.36927
verified_only,gkf,22,4,gpr_sigma_scaled,Mg3SbCl3,1.7283,1.40458,2.17897
verified_only,gkf,22,4,gpr_sigma_scaled,Mg3SbI3,0.1057,-0.05552,0.52212
verified_only,gkf,23,4,gpr_sigma_scaled,Ba3AsCl3,0.959,0.71221,1.69478
verified_only,gkf,23,4,gpr_sigma_scaled,Ba3AsI3,0.834,0.43461,1.00707
verified_only,gkf,23,4,gpr_sigma_scaled,Ca3AsBr3,1.634,1.67357,2.0028
verified_only,gkf,23,4,gpr_sigma_scaled,Sr3AsI3,1.265,1.1104,1.44534
verified_only,gkf,23,4,gpr_sigma_scaled,Mg3BiBr3,0.9648,0.71958,1.10357
verified_only,gkf,23,4,gpr_sigma_scaled,Ba3SbBr3,1.1908,0.72552,1.44977
verified_only,gkf,24,4,gpr_sigma_scaled,Ca3BiI3,1.36,-0.02389,2.41718
verified_only,gkf,24,4,gpr_sigma_scaled,Ca3PBr3,1.8846,1.24706,2.25316
verified_only,gkf,24,4,gpr_sigma_scaled,Ca3PCl3,2.035,1.28038,2.67623
verified_only,gkf,24,4,gpr_sigma_scaled,Sr3PCl3,1.677,1.17442,2.19153
verified_only,gkf,24,4,gpr_sigma_scaled,Ca3SbBr3,1.782,0.98917,2.18654
verified_only,gkf,24,4,gpr_sigma_scaled,Sr3SbI3,1.31,0.44301,1.91803
verified_only,gkf,25,5,gpr_sigma_scaled,Ba3AsCl3,0.959,0.96075,1.70909
verified_only,gkf,25,5,gpr_sigma_scaled,Sr3AsCl3,1.7,1.50252,1.90319
verified_only,gkf,25,5,gpr_sigma_scaled,Sr3AsI3,1.265,1.07452,1.47016
verified_only,gkf,25,5,gpr_sigma_scaled,Ca3PBr3,1.8846,1.53152,1.95107
verified_only,gkf,25,5,gpr_sigma_scaled,Mg3PBr3,1.506,1.24117,1.68727
verified_only,gkf,25,5,gpr_sigma_scaled,Ca3SbBr3,1.782,1.39838,1.85751
verified_only,gkf,25,5,gpr_sigma_scaled,Ca3SbF3,2.19,1.67667,2.49042
verified_only,gkf,26,5,gpr_sigma_scaled,Ba3AsI3,0.834,-0.16803,1.62891
verified_only,gkf,26,5,gpr_sigma_scaled,Ca3AsF3,2.27,1.80222,2.98305
verified_only,gkf,26,5,gpr_sigma_scaled,Ca3PCl3,2.035,1.318,2.70866
verified_only,gkf,26,5,gpr_sigma_scaled,Ba3SbBr3,1.1908,0.04958,1.81853
verified_only,gkf,26,5,gpr_sigma_scaled,Mg3SbF3,3.184,-0.13481,6.29295
verified_only,gkf,26,5,gpr_sigma_scaled,Sr3SbI3,1.31,0.59765,1.94145
verified_only,gkf,27,5,gpr_sigma_scaled,Mg3BiBr3,0.9648,0.98542,1.59778
verified_only,gkf,27,5,gpr_sigma_scaled,Ca3PI3,1.4909,1.09562,1.6594
verified_only,gkf,27,5,gpr_sigma_scaled,Mg3SbBr3,0.9418,1.04701,1.6013
verified_only,gkf,27,5,gpr_sigma_scaled,Mg3SbCl3,1.7283,1.77532,2.43408
verified_only,gkf,27,5,gpr_sigma_scaled,Mg3SbI3,0.1057,0.02727,0.52395
verified_only,gkf,27,5,gpr_sigma_scaled,Sr3SbCl3,1.712,1.3461,1.856
verified_only,gkf,28,5,gpr_sigma_scaled,Ca3AsBr3,1.634,1.56687,2.09056
verified_only,gkf,28,5,gpr_sigma_scaled,Mg3AsBr3,1.2907,0.96307,1.49794
verified_only,gkf,28,5,gpr_sigma_scaled,Mg3PI3,0.377,-0.23344,1.17772
verified_only,gkf,28,5,gpr_sigma_scaled,Sr3PBr3,1.55,1.27129,1.90548
verified_only,gkf,28,5,gpr_sigma_scaled,Sr3PI3,1.258,0.9638,1.61957
verified_only,gkf,28,5,gpr_sigma_scaled,Ba3SbI3,0.78,0.52599,1.48872
verified_only,gkf,29,5,gpr_sigma_scaled,Ca3BiI3,1.36,1.00642,1.61038
verified_only,gkf,29,5,gpr_sigma_scaled,Mg3BiI3,0.224,-0.26982,0.28293
verified_only,gkf,29,5,gpr_sigma_scaled,Ca3PF3,2.518,1.95609,2.59585
verified_only,gkf,29,5,gpr_sigma_scaled,Mg3PCl3,2.297,1.75338,2.33489
verified_only,gkf,29,5,gpr_sigma_scaled,Sr3PCl3,1.677,1.45048,1.92643
verified_only,gkf,29,5,gpr_sigma_scaled,Ca3SbCl3,1.814,1.70983,2.21358
verified_only,gkf,30,6,gpr_sigma_scaled,Ba3AsI3,0.834,0.38567,1.27744
verified_only,gkf,30,6,gpr_sigma_scaled,Mg3AsBr3,1.2907,0.97655,1.49723
verified_only,gkf,30,6,gpr_sigma_scaled,Mg3BiBr3,0.9648,0.64119,1.22422
verified_only,gkf,30,6,gpr_sigma_scaled,Mg3PBr3,1.506,1.29218,1.76979
verified_only,gkf,30,6,gpr_sigma_scaled,Ba3SbI3,0.78,0.6841,1.49014
verified_only,gkf,30,6,gpr_sigma_scaled,Ca3SbBr3,1.782,1.40213,1.84
verified_only,gkf,30,6,gpr_sigma_scaled,Mg3SbCl3,1.7283,1.22231,1.83754
verified_only,gkf,31,6,gpr_sigma_scaled,Ca3AsBr3,1.634,1.56209,2.09757
verified_only,gkf,31,6,gpr_sigma_scaled,Mg3BiI3,0.224,-0.62588,0.44801
verified_only,gkf,31,6,gpr_sigma_scaled,Ca3PF3,2.518,1.91568,2.69522
verified_only,gkf,31,6,gpr_sigma_scaled,Mg3PCl3,2.297,1.73208,2.50883
verified_only,gkf,31,6,gpr_sigma_scaled,Sr3PI3,1.258,0.98912,1.59141
verified_only,gkf,31,6,gpr_sigma_scaled,Mg3SbI3,0.1057,-0.4581,0.46991
verified_only,gkf,32,6,gpr_sigma_scaled,Ca3AsF3,2.27,1.89476,2.99653
verified_only,gkf,32,6,gpr_sigma_scaled,Ca3PBr3,1.8846,1.39279,2.17181
verified_only,gkf,32,6,gpr_sigma_scaled,Ca3SbF3,2.19,1.33116,3.31698
verified_only,gkf,32,6,gpr_sigma_scaled,Mg3SbBr3,0.9418,0.70483,1.43774
verified_only,gkf,32,6,gpr_sigma_scaled,Sr3SbCl3,1.712,1.20721,2.11071
verified_only,gkf,32,6,gpr_sigma_scaled,Sr3SbI3,1.31,0.84104,1.68123
verified_only,gkf,33,6,gpr_sigma_scaled,Ba3AsCl3,0.959,0.59891,1.7282
verified_only,gkf,33,6,gpr_sigma_scaled,Ca3PCl3,2.035,1.74266,2.31813
verified_only,gkf,33,6,gpr_sigma_scaled,Mg3PI3,0.377,0.08708,0.96838
verified_only,gkf,33,6,gpr_sigma_scaled,Sr3PBr3,1.55,1.27264,1.77601
verified_only,gkf,33,6,gpr_sigma_scaled,Ba3SbBr3,1.1908,0.57419,1.45954
verified_only,gkf,33,6,gpr_sigma_scaled,Ca3SbCl3,1.814,1.66315,2.24528
verified_only,gkf,34,6,gpr_sigma_scaled,Sr3AsCl3,1.7,1.19643,1.68213
verified_only,gkf,34,6,gpr_sigma_scaled,Sr3AsI3,1.265,0.87374,1.385
verified_only,gkf,34,6,gpr_sigma_scaled,Ca3BiI3,1.36,0.94069,2.11378
verified_only,gkf,34,6,gpr_sigma_scaled,Ca3PI3,1.4909,1.08618,1.8242
verified_only,gkf,34,6,gpr_sigma_scaled,Sr3PCl3,1.677,1.43358,1.87189
verified_only,gkf,34,6,gpr_sigma_scaled,Mg3SbF3,3.184,1.38763,5.2607
verified_only,gkf,35,7,gpr_sigma_scaled,Ca3PCl3,2.035,1.44253,2.79367
verified_only,gkf,35,7,gpr_sigma_scaled,Ca3PI3,1.4909,0.67487,2.05093
verified_only,gkf,35,7,gpr_sigma_scaled,Sr3PBr3,1.55,0.97195,2.19539
verified_only,gkf,35,7,gpr_sigma_scaled,Sr3PCl3,1.677,1.08369,2.44416
verified_only,gkf,35,7,gpr_sigma_scaled,Ba3SbI3,0.78,0.33059,1.83819
verified_only,gkf,35,7,gpr_sigma_scaled,Ca3SbCl3,1.814,1.37344,2.55636
verified_only,gkf,35,7,gpr_sigma_scaled,Ca3SbF3,2.19,0.59674,3.52546
verified_only,gkf,36,7,gpr_sigma_scaled,Ca3AsF3,2.27,1.62537,3.10817
verified_only,gkf,36,7,gpr_sigma_scaled,Sr3AsCl3,1.7,1.40016,1.66498
verified_only,gkf,36,7,gpr_sigma_scaled,Ca3PBr3,1.8846,1.70322,1.88932
verified_only,gkf,36,7,gpr_sigma_scaled,Ca3PF3,2.518,1.63814,3.33463
verified_only,gkf,36,7,gpr_sigma_scaled,Mg3PBr3,1.506,1.3124,1.6357
verified_only,gkf,36,7,gpr_sigma_scaled,Sr3PI3,1.258,1.27094,1.51556
verified_only,gkf,37,7,gpr_sigma_scaled,Ba3AsCl3,0.959,1.07843,1.60721
verified_only,gkf,37,7,gpr_sigma_scaled,Mg3AsBr3,1.2907,1.09622,1.44003
verified_only,gkf,37,7,gpr_sigma_scaled,Mg3BiBr3,0.9648,0.81046,1.18286
verified_only,gkf,37,7,gpr_sigma_scaled,Mg3PCl3,2.297,1.77414,2.23995
verified_only,gkf,37,7,gpr_sigma_scaled,Mg3SbF3,3.184,1.88472,3.8045
verified_only,gkf,37,7,gpr_sigma_scaled,Sr3SbCl3,1.712,1.44594,1.81635
verified_only,gkf,38,7,gpr_sigma_scaled,Ca3AsBr3,1.634,1.67978,1.9859
verified_only,gkf,38,7,gpr_sigma_scaled,Ba3SbBr3,1.1908,0.6523,1.20462
verified_only,gkf,38,7,gpr_sigma_scaled,Mg3SbBr3,0.9418,0.92175,1.23698
verified_only,gkf,38,7,gpr_sigma_scaled,Mg3SbCl3,1.7283,1.53012,2.01386
verified_only,gkf,38,7,gpr_sigma_scaled,Mg3SbI3,0.1057,0.06532,0.39631
verified_only,gkf,38,7,gpr_sigma_scaled,Sr3SbI3,1.31,1.0538,1.42834
verified_only,gkf,39,7,gpr_sigma_scaled,Ba3AsI3,0.834,0.20035,0.98711
verified_only,gkf,39,7,gpr_sigma_scaled,Sr3AsI3,1.265,0.99342,1.45759
verified_only,gkf,39,7,gpr_sigma_scaled,Ca3BiI3,1.36,0.88011,1.71729
verified_only,gkf,39,7,gpr_sigma_scaled,Mg3BiI3,0.224,-0.21749,0.33041
verified_only,gkf,39,7,gpr_sigma_scaled,Mg3PI3,0.377,0.06091,0.98388
verified_only,gkf,39,7,gpr_sigma_scaled,Ca3SbBr3,1.782,1.3799,1.8907
verified_only,gkf,40,8,gpr_sigma_scaled,Sr3AsI3,1.265,1.03032,1.52218
verified_only,gkf,40,8,gpr_sigma_scaled,Mg3BiI3,0.224,-0.23121,0.3497
verified_only,gkf,40,8,gpr_sigma_scaled,Ca3PBr3,1.8846,1.54612,2.04046
verified_only,gkf,40,8,gpr_sigma_scaled,Mg3PBr3,1.506,1.03514,1.60905
verified_only,gkf,40,8,gpr_sigma_scaled,Mg3PCl3,2.297,1.61047,2.27564
verified_only,gkf,40,8,gpr_sigma_scaled,Sr3PBr3,1.55,1.31773,1.84172
verified_only,gkf,40,8,gpr_sigma_scaled,Sr3PCl3,1.677,1.45502,1.97158
verified_only,gkf,41,8,gpr_sigma_scaled,Mg3AsBr3,1.2907,0.80017,1.69348
verified_only,gkf,41,8,gpr_sigma_scaled,Ca3BiI3,1.36,0.41278,2.27771
verified_only,gkf,41,8,gpr_sigma_scaled,Ca3PF3,2.518,1.38711,3.20005
verified_only,gkf,41,8,gpr_sigma_scaled,Ca3SbBr3,1.782,1.01518,2.17173
verified_only,gkf,41,8,gpr_sigma_scaled,Ca3SbF3,2.19,0.85475,3.58047
verified_only,gkf,41,8,gpr_sigma_scaled,Mg3SbF3,3.184,-0.19165,5.97627
verified_only,gkf,42,8,gpr_sigma_scaled,Sr3AsCl3,1.7,1.22056,1.91497
verified_only,gkf,42,8,gpr_sigma_scaled,Ca3PCl3,2.035,1.682,2.41528
verified_only,gkf,42,8,gpr_sigma_scaled,Ba3SbBr3,1.1908,0.51986,1.72591
verified_only,gkf,42,8,gpr_sigma_scaled,Ba3SbI3,0.78,0.4418,1.61501
verified_only,gkf,42,8,gpr_sigma_scaled,Ca3SbCl3,1.814,1.58261,2.32521
verified_only,gkf,42,8,gpr_sigma_scaled,Mg3SbBr3,0.9418,0.74527,1.38425
verified_only,gkf,43,8,gpr_sigma_scaled,Ba3AsCl3,0.959,0.93269,1.71551
verified_only,gkf,43,8,gpr_sigma_scaled,Mg3BiBr3,0.9648,0.6373,1.18796
verified_only,gkf,43,8,gpr_sigma_scaled,Ca3PI3,1.4909,1.08335,1.78857
verified_only,gkf,43,8,gpr_sigma_scaled,Sr3PI3,1.258,0.99667,1.54483
verified_only,gkf,43,8,gpr_sigma_scaled,Mg3SbCl3,1.7283,1.35963,2.03573
verified_only,gkf,43,8,gpr_sigma_scaled,Sr3SbCl3,1.712,1.3832,1.89664
verified_only,gkf,44,8,gpr_sigma_scaled,Ba3AsI3,0.834,-0.05239,1.34437
verified_only,gkf,44,8,gpr_sigma_scaled,Ca3AsBr3,1.634,1.52911,2.15727
verified_only,gkf,44,8,gpr_sigma_scaled,Ca3AsF3,2.27,2.0612,2.73524
verified_only,gkf,44,8,gpr_sigma_scaled,Mg3PI3,0.377,-0.48469,1.70384
verified_only,gkf,44,8,gpr_sigma_scaled,Mg3SbI3,0.1057,-0.16995,0.66634
verified_only,gkf,44,8,gpr_sigma_scaled,Sr3SbI3,1.31,0.86007,1.70897
verified_only,gkf,45,9,gpr_sigma_scaled,Ca3AsF3,2.27,1.92909,2.81158
verified_only,gkf,45,9,gpr_sigma_scaled,Sr3PBr3,1.55,1.18384,1.96246
verified_only,gkf,45,9,gpr_sigma_scaled,Sr3PI3,1.258,0.92445,1.72039
verified_only,gkf,45,9,gpr_sigma_scaled,Ba3SbI3,0.78,0.54892,1.55553
verified_only,gkf,45,9,gpr_sigma_scaled,Mg3SbBr3,0.9418,0.69746,1.47801
verified_only,gkf,45,9,gpr_sigma_scaled,Mg3SbCl3,1.7283,1.19086,2.19647
verified_only,gkf,45,9,gpr_sigma_scaled,Mg3SbI3,0.1057,-0.17599,0.63041
verified_only,gkf,46,9,gpr_sigma_scaled,Ca3AsBr3,1.634,1.3763,2.36693
verified_only,gkf,46,9,gpr_sigma_scaled,Mg3AsBr3,1.2907,0.82534,1.71946
verified_only,gkf,46,9,gpr_sigma_scaled,Ca3PCl3,2.035,1.57384,2.59527
verified_only,gkf,46,9,gpr_sigma_scaled,Mg3PI3,0.377,-0.49256,1.475
verified_only,gkf,46,9,gpr_sigma_scaled,Ca3SbBr3,1.782,1.22386,2.46584
verified_only,gkf,46,9,gpr_sigma_scaled,Ca3SbCl3,1.814,1.41438,2.62902
verified_only,gkf,47,9,gpr_sigma_scaled,Ba3AsI3,0.834,0.16741,1.1496
verified_only,gkf,47,9,gpr_sigma_scaled,Mg3BiBr3,0.9648,0.56248,1.28428
verified_only,gkf,47,9,gpr_sigma_scaled,Mg3BiI3,0.224,-0.40751,0.40355
verified_only,gkf,47,9,gpr_sigma_scaled,Mg3PCl3,2.297,1.67955,2.55648
verified_only,gkf,47,9,gpr_sigma_scaled,Sr3PCl3,1.677,1.38608,2.06253
verified_only,gkf,47,9,gpr_sigma_scaled,Ca3SbF3,2.19,1.58913,2.82182
verified_only,gkf,48,9,gpr_sigma_scaled,Sr3AsI3,1.265,1.00253,1.51754
verified_only,gkf,48,9,gpr_sigma_scaled,Ca3PF3,2.518,1.948,2.68768
verified_only,gkf,48,9,gpr_sigma_scaled,Ba3SbBr3,1.1908,0.50499,1.24048
verified_only,gkf,48,9,gpr_sigma_scaled,Mg3SbF3,3.184,1.52885,4.66328
verified_only,gkf,48,9,gpr_sigma_scaled,Sr3SbCl3,1.712,1.25032,1.85617
verified_only,gkf,48,9,gpr_sigma_scaled,Sr3SbI3,1.31,0.94566,1.51411
verified_only,gkf,49,9,gpr_sigma_scaled,Ba3AsCl3,0.959,0.93268,1.70326
verified_only,gkf,49,9,gpr_sigma_scaled,Sr3AsCl3,1.7,1.49434,1.90833
verified_only,gkf,49,9,gpr_sigma_scaled,Ca3BiI3,1.36,1.0626,1.77233
verified_only,gkf,49,9,gpr_sigma_scaled,Ca3PBr3,1.8846,1.50781,1.95757
verified_only,gkf,49,9,gpr_sigma_scaled,Ca3PI3,1.4909,1.04283,1.69611
verified_only,gkf,49,9,gpr_sigma_scaled,Mg3PBr3,1.506,1.23147,1.68921
verified_only,gkf,0,0,gpr_physics9_cvplus,Mg3BiBr3,0.9648,0.42184,1.72903
verified_only,gkf,0,0,gpr_physics9_cvplus,Ca3PCl3,2.035,1.34228,2.55526
verified_only,gkf,0,0,gpr_physics9_cvplus,Ca3PF3,2.518,1.62436,2.83734
verified_only,gkf,0,0,gpr_physics9_cvplus,Mg3PBr3,1.506,0.52974,1.95729
verified_only,gkf,0,0,gpr_physics9_cvplus,Sr3PCl3,1.677,1.04992,2.2629
verified_only,gkf,0,0,gpr_physics9_cvplus,Mg3SbI3,0.1057,-0.34697,0.92678
verified_only,gkf,0,0,gpr_physics9_cvplus,Sr3SbCl3,1.712,1.04529,2.25827
verified_only,gkf,1,0,gpr_physics9_cvplus,Ba3AsCl3,0.959,0.98891,1.65452
verified_only,gkf,1,0,gpr_physics9_cvplus,Ca3AsBr3,1.634,1.52753,2.13403
verified_only,gkf,1,0,gpr_physics9_cvplus,Ca3AsF3,2.27,2.0318,2.70147
verified_only,gkf,1,0,gpr_physics9_cvplus,Sr3AsCl3,1.7,1.43084,2.03639
verified_only,gkf,1,0,gpr_physics9_cvplus,Mg3BiI3,0.224,-0.27402,0.35461
verified_only,gkf,1,0,gpr_physics9_cvplus,Ca3SbCl3,1.814,1.63548,2.23506
verified_only,gkf,2,0,gpr_physics9_cvplus,Ba3AsI3,0.834,0.47055,1.08491
verified_only,gkf,2,0,gpr_physics9_cvplus,Sr3AsI3,1.265,0.88381,1.52461
verified_only,gkf,2,0,gpr_physics9_cvplus,Ba3SbBr3,1.1908,0.60776,1.48985
verified_only,gkf,2,0,gpr_physics9_cvplus,Ca3SbBr3,1.782,1.30612,1.9641
verified_only,gkf,2,0,gpr_physics9_cvplus,Ca3SbF3,2.19,1.70048,2.55714
verified_only,gkf,2,0,gpr_physics9_cvplus,Mg3SbF3,3.184,2.2174,3.2718
verified_only,gkf,3,0,gpr_physics9_cvplus,Mg3PCl3,2.297,0.12685,2.27118
verified_only,gkf,3,0,gpr_physics9_cvplus,Sr3PBr3,1.55,0.71616,2.35645
verified_only,gkf,3,0,gpr_physics9_cvplus,Ba3SbI3,0.78,0.30491,1.9452
verified_only,gkf,3,0,gpr_physics9_cvplus,Mg3SbBr3,0.9418,0.03045,1.67074
verified_only,gkf,3,0,gpr_physics9_cvplus,Mg3SbCl3,1.7283,0.52943,2.16972
verified_only,gkf,3,0,gpr_physics9_cvplus,Sr3SbI3,1.31,0.61126,2.25155
verified_only,gkf,4,0,gpr_physics9_cvplus,Mg3AsBr3,1.2907,0.271,1.7094
verified_only,gkf,4,0,gpr_physics9_cvplus,Ca3BiI3,1.36,0.70815,1.96468
verified_only,gkf,4,0,gpr_physics9_cvplus,Ca3PBr3,1.8846,0.92258,2.17491
verified_only,gkf,4,0,gpr_physics9_cvplus,Ca3PI3,1.4909,0.53289,1.78942
verified_only,gkf,4,0,gpr_physics9_cvplus,Mg3PI3,0.377,-0.55384,0.8342
verified_only,gkf,4,0,gpr_physics9_cvplus,Sr3PI3,1.258,0.61124,1.86357
verified_only,gkf,5,1,gpr_physics9_cvplus,Ba3AsCl3,0.959,0.952,1.66694
verified_only,gkf,5,1,gpr_physics9_cvplus,Ca3AsF3,2.27,2.03417,2.90393
verified_only,gkf,5,1,gpr_physics9_cvplus,Ca3PBr3,1.8846,1.36896,2.23871
verified_only,gkf,5,1,gpr_physics9_cvplus,Sr3PI3,1.258,0.86143,1.73119
verified_only,gkf,5,1,gpr_physics9_cvplus,Ca3SbF3,2.19,1.96167,2.83142
verified_only,gkf,5,1,gpr_physics9_cvplus,Mg3SbBr3,0.9418,0.59743,1.46719
verified_only,gkf,5,1,gpr_physics9_cvplus,Mg3SbCl3,1.7283,1.32016,2.07369
verified_only,gkf,6,1,gpr_physics9_cvplus,Sr3AsI3,1.265,0.81509,1.70965
verified_only,gkf,6,1,gpr_physics9_cvplus,Mg3BiI3,0.224,-0.37749,0.7702
verified_only,gkf,6,1,gpr_physics9_cvplus,Ca3PI3,1.4909,0.9089,1.92007
verified_only,gkf,6,1,gpr_physics9_cvplus,Ca3SbCl3,1.814,1.47153,2.3668
verified_only,gkf,6,1,gpr_physics9_cvplus,Mg3SbI3,0.1057,-0.2879,0.77031
verified_only,gkf,6,1,gpr_physics9_cvplus,Sr3SbI3,1.31,0.75658,1.80391
verified_only,gkf,7,1,gpr_physics9_cvplus,Ba3AsI3,0.834,0.56387,1.55148
verified_only,gkf,7,1,gpr_physics9_cvplus,Sr3AsCl3,1.7,1.19215,2.17976
verified_only,gkf,7,1,gpr_physics9_cvplus,Ca3BiI3,1.36,0.97211,1.94139
verified_only,gkf,7,1,gpr_physics9_cvplus,Ca3PCl3,2.035,1.43169,2.4193
verified_only,gkf,7,1,gpr_physics9_cvplus,Mg3PBr3,1.506,0.82354,1.80809
verified_only,gkf,7,1,gpr_physics9_cvplus,Ba3SbI3,0.78,0.62239,1.61
verified_only,gkf,8,1,gpr_physics9_cvplus,Ca3AsBr3,1.634,1.57638,2.08451
verified_only,gkf,8,1,gpr_physics9_cvplus,Mg3PCl3,2.297,1.7007,2.37451
verified_only,gkf,8,1,gpr_physics9_cvplus,Mg3PI3,0.377,0.14913,1.24304
verified_only,gkf,8,1,gpr_physics9_cvplus,Ba3SbBr3,1.1908,0.63234,1.32503
verified_only,gkf,8,1,gpr_physics9_cvplus,Ca3SbBr3,1.782,1.44916,2.05592
verified_only,gkf,8,1,gpr_physics9_cvplus,Mg3SbF3,3.184,2.36384,3.29795
verified_only,gkf,9,1,gpr_physics9_cvplus,Mg3AsBr3,1.2907,0.651,1.74466
verified_only,gkf,9,1,gpr_physics9_cvplus,Mg3BiBr3,0.9648,0.53765,1.37619
verified_only,gkf,9,1,gpr_physics9_cvplus,Ca3PF3,2.518,1.86136,2.70737
verified_only,gkf,9,1,gpr_physics9_cvplus,Sr3PBr3,1.55,1.18129,2.0369
verified_only,gkf,9,1,gpr_physics9_cvplus,Sr3PCl3,1.677,1.20906,2.0476
verified_only,gkf,9,1,gpr_physics9_cvplus,Sr3SbCl3,1.712,1.14364,1.98217
verified_only,gkf,10,2,gpr_physics9_cvplus,Ba3AsCl3,0.959,0.9669,1.59422
verified_only,gkf,10,2,gpr_physics9_cvplus,Ca3AsBr3,1.634,1.5337,2.07586
verified_only,gkf,10,2,gpr_physics9_cvplus,Sr3AsI3,1.265,0.96075,1.52831
verified_only,gkf,10,2,gpr_physics9_cvplus,Ca3PCl3,2.035,1.70572,2.28777
verified_only,gkf,10,2,gpr_physics9_cvplus,Ca3PI3,1.4909,1.15065,1.72623
verified_only,gkf,10,2,gpr_physics9_cvplus,Mg3SbBr3,0.9418,0.74573,1.29957
verified_only,gkf,10,2,gpr_physics9_cvplus,Sr3SbI3,1.31,0.9162,1.55822
verified_only,gkf,11,2,gpr_physics9_cvplus,Sr3AsCl3,1.7,1.29508,1.96374
verified_only,gkf,11,2,gpr_physics9_cvplus,Mg3BiBr3,0.9648,0.58532,1.40042
verified_only,gkf,11,2,gpr_physics9_cvplus,Mg3PCl3,2.297,1.51752,2.47675
verified_only,gkf,11,2,gpr_physics9_cvplus,Sr3PBr3,1.55,1.25258,1.88473
verified_only,gkf,11,2,gpr_physics9_cvplus,Mg3SbI3,0.1057,-0.02739,0.63092
verified_only,gkf,11,2,gpr_physics9_cvplus,Sr3SbCl3,1.712,1.2733,2.01404
verified_only,gkf,12,2,gpr_physics9_cvplus,Ba3AsI3,0.834,0.30112,1.41545
verified_only,gkf,12,2,gpr_physics9_cvplus,Ca3AsF3,2.27,1.63983,2.75417
verified_only,gkf,12,2,gpr_physics9_cvplus,Ca3PF3,2.518,1.63985,2.75418
verified_only,gkf,12,2,gpr_physics9_cvplus,Mg3PI3,0.377,-0.37694,0.99731
verified_only,gkf,12,2,gpr_physics9_cvplus,Ca3SbCl3,1.814,1.42781,2.54215
verified_only,gkf,12,2,gpr_physics9_cvplus,Mg3SbCl3,1.7283,0.92273,2.15192
verified_only,gkf,13,2,gpr_physics9_cvplus,Mg3BiI3,0.224,-0.21932,0.39778
verified_only,gkf,13,2,gpr_physics9_cvplus,Mg3PBr3,1.506,1.23708,1.85685
verified_only,gkf,13,2,gpr_physics9_cvplus,Sr3PCl3,1.677,1.46601,2.01173
verified_only,gkf,13,2,gpr_physics9_cvplus,Ba3SbI3,0.78,0.70557,1.34824
verified_only,gkf,13,2,gpr_physics9_cvplus,Ca3SbF3,2.19,1.68245,2.60352
verified_only,gkf,13,2,gpr_physics9_cvplus,Mg3SbF3,3.184,2.25153,3.67477
verified_only,gkf,14,2,gpr_physics9_cvplus,Mg3AsBr3,1.2907,0.62353,1.52807
verified_only,gkf,14,2,gpr_physics9_cvplus,Ca3BiI3,1.36,0.95606,1.8005
verified_only,gkf,14,2,gpr_physics9_cvplus,Ca3PBr3,1.8846,1.25567,2.10011
verified_only,gkf,14,2,gpr_physics9_cvplus,Sr3PI3,1.258,0.88669,1.73114
verified_only,gkf,14,2,gpr_physics9_cvplus,Ba3SbBr3,1.1908,0.45439,1.4011
verified_only,gkf,14,2,gpr_physics9_cvplus,Ca3SbBr3,1.782,1.20475,2.04919
verified_only,gkf,15,3,gpr_physics9_cvplus,Ba3AsI3,0.834,0.50659,1.21032
verified_only,gkf,15,3,gpr_physics9_cvplus,Ca3AsBr3,1.634,1.63135,2.12447
verified_only,gkf,15,3,gpr_physics9_cvplus,Ca3AsF3,2.27,1.86372,2.52321
verified_only,gkf,15,3,gpr_physics9_cvplus,Sr3AsI3,1.265,1.0154,1.51451
verified_only,gkf,15,3,gpr_physics9_cvplus,Ca3PF3,2.518,1.84249,2.53119
verified_only,gkf,15,3,gpr_physics9_cvplus,Mg3PCl3,2.297,1.7751,2.36917
verified_only,gkf,15,3,gpr_physics9_cvplus,Ba3SbI3,0.78,0.6338,1.34539
verified_only,gkf,16,3,gpr_physics9_cvplus,Mg3BiI3,0.224,-0.18868,0.2085
verified_only,gkf,16,3,gpr_physics9_cvplus,Ca3PI3,1.4909,1.16821,1.6923
verified_only,gkf,16,3,gpr_physics9_cvplus,Sr3PCl3,1.677,1.53113,1.92945
verified_only,gkf,16,3,gpr_physics9_cvplus,Ba3SbBr3,1.1908,0.70728,1.22554
verified_only,gkf,16,3,gpr_physics9_cvplus,Ca3SbF3,2.19,1.87554,2.40206
verified_only,gkf,16,3,gpr_physics9_cvplus,Sr3SbCl3,1.712,1.31242,1.8554
verified_only,gkf,17,3,gpr_physics9_cvplus,Ca3BiI3,1.36,0.62917,2.14763
verified_only,gkf,17,3,gpr_physics9_cvplus,Ca3PBr3,1.8846,1.0212,2.53966
verified_only,gkf,17,3,gpr_physics9_cvplus,Mg3PI3,0.377,-0.03494,2.1499
verified_only,gkf,17,3,gpr_physics9_cvplus,Ca3SbBr3,1.782,0.89905,2.41751
verified_only,gkf,17,3,gpr_physics9_cvplus,Mg3SbCl3,1.7283,0.27482,1.9558
verified_only,gkf,17,3,gpr_physics9_cvplus,Mg3SbF3,3.184,0.55058,3.31378
verified_only,gkf,18,3,gpr_physics9_cvplus,Ba3AsCl3,0.959,1.00463,1.65745
verified_only,gkf,18,3,gpr_physics9_cvplus,Sr3AsCl3,1.7,1.37856,2.02575
verified_only,gkf,18,3,gpr_physics9_cvplus,Ca3PCl3,2.035,1.59954,2.25255
verified_only,gkf,18,3,gpr_physics9_cvplus,Sr3PBr3,1.55,1.26192,1.90911
verified_only,gkf,18,3,gpr_physics9_cvplus,Sr3PI3,1.258,0.97827,1.62546
verified_only,gkf,18,3,gpr_physics9_cvplus,Mg3SbI3,0.1057,-0.0809,0.5663
verified_only,gkf,19,3,gpr_physics9_cvplus,Mg3AsBr3,1.2907,0.81169,1.82939
verified_only,gkf,19,3,gpr_physics9_cvplus,Mg3BiBr3,0.9648,0.53472,1.66863
verified_only,gkf,19,3,gpr_physics9_cvplus,Mg3PBr3,1.506,0.91464,2.12099
verified_only,gkf,19,3,gpr_physics9_cvplus,Ca3SbCl3,1.814,1.3731,2.51517
verified_only,gkf,19,3,gpr_physics9_cvplus,Mg3SbBr3,0.9418,0.54419,1.68625
verified_only,gkf,19,3,gpr_physics9_cvplus,Sr3SbI3,1.31,0.68287,1.82494
verified_only,gkf,20,4,gpr_physics9_cvplus,Ca3AsF3,2.27,1.90364,2.69339
verified_only,gkf,20,4,gpr_physics9_cvplus,Sr3AsCl3,1.7,1.21978,1.91442
verified_only,gkf,20,4,gpr_physics9_cvplus,Ca3PI3,1.4909,1.06335,1.72471
verified_only,gkf,20,4,gpr_physics9_cvplus,Mg3PCl3,2.297,1.70324,2.45621
verified_only,gkf,20,4,gpr_physics9_cvplus,Mg3PI3,0.377,0.2077,0.937
verified_only,gkf,20,4,gpr_physics9_cvplus,Ba3SbI3,0.78,0.82263,1.40358
verified_only,gkf,20,4,gpr_physics9_cvplus,Ca3SbCl3,1.814,1.71306,2.25354
verified_only,gkf,21,4,gpr_physics9_cvplus,Mg3AsBr3,1.2907,0.95804,1.68738
verified_only,gkf,21,4,gpr_physics9_cvplus,Mg3BiI3,0.224,-0.29483,0.36887
verified_only,gkf,21,4,gpr_physics9_cvplus,Ca3PF3,2.518,1.94772,2.61142
verified_only,gkf,21,4,gpr_physics9_cvplus,Sr3PI3,1.258,0.94504,1.62054
verified_only,gkf,21,4,gpr_physics9_cvplus,Mg3SbF3,3.184,2.6443,3.49458
verified_only,gkf,21,4,gpr_physics9_cvplus,Sr3SbCl3,1.712,1.29909,1.96835
verified_only,gkf,22,4,gpr_physics9_cvplus,Mg3PBr3,1.506,0.5603,1.9197
verified_only,gkf,22,4,gpr_physics9_cvplus,Sr3PBr3,1.55,0.85996,2.33409
verified_only,gkf,22,4,gpr_physics9_cvplus,Ca3SbF3,2.19,1.23543,2.86279
verified_only,gkf,22,4,gpr_physics9_cvplus,Mg3SbBr3,0.9418,0.49235,1.8424
verified_only,gkf,22,4,gpr_physics9_cvplus,Mg3SbCl3,1.7283,1.3311,2.83921
verified_only,gkf,22,4,gpr_physics9_cvplus,Mg3SbI3,0.1057,-0.46154,0.99693
verified_only,gkf,23,4,gpr_physics9_cvplus,Ba3AsCl3,0.959,0.8456,1.66878
verified_only,gkf,23,4,gpr_physics9_cvplus,Ba3AsI3,0.834,0.39559,1.33637
verified_only,gkf,23,4,gpr_physics9_cvplus,Ca3AsBr3,1.634,1.40994,2.18925
verified_only,gkf,23,4,gpr_physics9_cvplus,Sr3AsI3,1.265,0.92143,1.66523
verified_only,gkf,23,4,gpr_physics9_cvplus,Mg3BiBr3,0.9648,0.5709,1.34892
verified_only,gkf,23,4,gpr_physics9_cvplus,Ba3SbBr3,1.1908,0.69912,1.58487
verified_only,gkf,24,4,gpr_physics9_cvplus,Ca3BiI3,1.36,0.43625,1.66159
verified_only,gkf,24,4,gpr_physics9_cvplus,Ca3PBr3,1.8846,1.26719,2.19117
verified_only,gkf,24,4,gpr_physics9_cvplus,Ca3PCl3,2.035,1.51472,2.4387
verified_only,gkf,24,4,gpr_physics9_cvplus,Sr3PCl3,1.677,1.35496,2.16209
verified_only,gkf,24,4,gpr_physics9_cvplus,Ca3SbBr3,1.782,1.05217,1.94763
verified_only,gkf,24,4,gpr_physics9_cvplus,Sr3SbI3,1.31,0.56269,1.61656
verified_only,gkf,25,5,gpr_physics9_cvplus,Ba3AsCl3,0.959,0.92355,1.78141
verified_only,gkf,25,5,gpr_physics9_cvplus,Sr3AsCl3,1.7,1.3678,2.09784
verified_only,gkf,25,5,gpr_physics9_cvplus,Sr3AsI3,1.265,0.87225,1.63895
verified_only,gkf,25,5,gpr_physics9_cvplus,Ca3PBr3,1.8846,1.36696,2.097
verified_only,gkf,25,5,gpr_physics9_cvplus,Mg3PBr3,1.506,0.86175,1.74783
verified_only,gkf,25,5,gpr_physics9_cvplus,Ca3SbBr3,1.782,1.25868,2.0323
verified_only,gkf,25,5,gpr_physics9_cvplus,Ca3SbF3,2.19,1.79324,2.62087
verified_only,gkf,26,5,gpr_physics9_cvplus,Ba3AsI3,0.834,0.4634,1.13503
verified_only,gkf,26,5,gpr_physics9_cvplus,Ca3AsF3,2.27,2.00109,2.76414
verified_only,gkf,26,5,gpr_physics9_cvplus,Ca3PCl3,2.035,1.61254,2.33382
verified_only,gkf,26,5,gpr_physics9_cvplus,Ba3SbBr3,1.1908,0.69648,1.3681
verified_only,gkf,26,5,gpr_physics9_cvplus,Mg3SbF3,3.184,2.31061,3.22315
verified_only,gkf,26,5,gpr_physics9_cvplus,Sr3SbI3,1.31,0.93233,1.55149
verified_only,gkf,27,5,gpr_physics9_cvplus,Mg3BiBr3,0.9648,0.9836,1.72192
verified_only,gkf,27,5,gpr_physics9_cvplus,Ca3PI3,1.4909,1.01712,1.72884
verified_only,gkf,27,5,gpr_physics9_cvplus,Mg3SbBr3,0.9418,0.99305,1.73886
verified_only,gkf,27,5,gpr_physics9_cvplus,Mg3SbCl3,1.7283,1.63208,2.50743
verified_only,gkf,27,5,gpr_physics9_cvplus,Mg3SbI3,0.1057,-0.01606,0.6828
verified_only,gkf,27,5,gpr_physics9_cvplus,Sr3SbCl3,1.712,1.25724,1.96896
verified_only,gkf,28,5,gpr_physics9_cvplus,Ca3AsBr3,1.634,1.40018,2.22047
verified_only,gkf,28,5,gpr_physics9_cvplus,Mg3AsBr3,1.2907,0.84774,1.71176
verified_only,gkf,28,5,gpr_physics9_cvplus,Mg3PI3,0.377,0.08438,0.90467
verified_only,gkf,28,5,gpr_physics9_cvplus,Sr3PBr3,1.55,1.20906,2.02934
verified_only,gkf,28,5,gpr_physics9_cvplus,Sr3PI3,1.258,0.90948,1.72976
verified_only,gkf,28,5,gpr_physics9_cvplus,Ba3SbI3,0.78,0.54969,1.43226
verified_only,gkf,29,5,gpr_physics9_cvplus,Ca3BiI3,1.36,0.99653,1.65304
verified_only,gkf,29,5,gpr_physics9_cvplus,Mg3BiI3,0.224,-0.27427,0.37711
verified_only,gkf,29,5,gpr_physics9_cvplus,Ca3PF3,2.518,1.98537,2.63816
verified_only,gkf,29,5,gpr_physics9_cvplus,Mg3PCl3,2.297,1.52875,2.3951
verified_only,gkf,29,5,gpr_physics9_cvplus,Sr3PCl3,1.677,1.40449,2.06706
verified_only,gkf,29,5,gpr_physics9_cvplus,Ca3SbCl3,1.814,1.6005,2.25047
verified_only,gkf,30,6,gpr_physics9_cvplus,Ba3AsI3,0.834,0.13683,1.48571
verified_only,gkf,30,6,gpr_physics9_cvplus,Mg3AsBr3,1.2907,0.58423,1.95703
verified_only,gkf,30,6,gpr_physics9_cvplus,Mg3BiBr3,0.9648,0.19764,1.66378
verified_only,gkf,30,6,gpr_physics9_cvplus,Mg3PBr3,1.506,0.62073,2.45333
verified_only,gkf,30,6,gpr_physics9_cvplus,Ba3SbI3,0.78,0.30257,1.74912
verified_only,gkf,30,6,gpr_physics9_cvplus,Ca3SbBr3,1.782,0.92318,2.37432
verified_only,gkf,30,6,gpr_physics9_cvplus,Mg3SbCl3,1.7283,0.68386,2.19261
verified_only,gkf,31,6,gpr_physics9_cvplus,Ca3AsBr3,1.634,1.52982,2.1133
verified_only,gkf,31,6,gpr_physics9_cvplus,Mg3BiI3,0.224,-0.29411,0.2585
verified_only,gkf,31,6,gpr_physics9_cvplus,Ca3PF3,2.518,1.95954,2.62718
verified_only,gkf,31,6,gpr_physics9_cvplus,Mg3PCl3,2.297,1.78693,2.46082
verified_only,gkf,31,6,gpr_physics9_cvplus,Sr3PI3,1.258,0.93509,1.54915
verified_only,gkf,31,6,gpr_physics9_cvplus,Mg3SbI3,0.1057,-0.21815,0.33319
verified_only,gkf,32,6,gpr_physics9_cvplus,Ca3AsF3,2.27,0.03939,3.05047
verified_only,gkf,32,6,gpr_physics9_cvplus,Ca3PBr3,1.8846,0.31824,2.79685
verified_only,gkf,32,6,gpr_physics9_cvplus,Ca3SbF3,2.19,0.03939,3.03834
verified_only,gkf,32,6,gpr_physics9_cvplus,Mg3SbBr3,0.9418,-0.19858,2.28003
verified_only,gkf,32,6,gpr_physics9_cvplus,Sr3SbCl3,1.712,0.39543,2.87404
verified_only,gkf,32,6,gpr_physics9_cvplus,Sr3SbI3,1.31,-0.01259,2.46602
verified_only,gkf,33,6,gpr_physics9_cvplus,Ba3AsCl3,0.959,0.81518,1.49353
verified_only,gkf,33,6,gpr_physics9_cvplus,Ca3PCl3,2.035,1.68448,2.31583
verified_only,gkf,33,6,gpr_physics9_cvplus,Mg3PI3,0.377,0.16075,1.02451
verified_only,gkf,33,6,gpr_physics9_cvplus,Sr3PBr3,1.55,1.21123,1.84258
verified_only,gkf,33,6,gpr_physics9_cvplus,Ba3SbBr3,1.1908,0.69476,1.36346
verified_only,gkf,33,6,gpr_physics9_cvplus,Ca3SbCl3,1.814,1.65047,2.28181
verified_only,gkf,34,6,gpr_physics9_cvplus,Sr3AsCl3,1.7,1.27375,2.0446
verified_only,gkf,34,6,gpr_physics9_cvplus,Sr3AsI3,1.265,0.81398,1.60101
verified_only,gkf,34,6,gpr_physics9_cvplus,Ca3BiI3,1.36,0.86674,1.64436
verified_only,gkf,34,6,gpr_physics9_cvplus,Ca3PI3,1.4909,0.93267,1.7119
verified_only,gkf,34,6,gpr_physics9_cvplus,Sr3PCl3,1.677,1.38429,2.05378
verified_only,gkf,34,6,gpr_physics9_cvplus,Mg3SbF3,3.184,2.3197,3.15318
verified_only,gkf,35,7,gpr_physics9_cvplus,Ca3PCl3,2.035,1.71777,2.33391
verified_only,gkf,35,7,gpr_physics9_cvplus,Ca3PI3,1.4909,1.00713,1.63029
verified_only,gkf,35,7,gpr_physics9_cvplus,Sr3PBr3,1.55,1.22535,1.8101
verified_only,gkf,35,7,gpr_physics9_cvplus,Sr3PCl3,1.677,1.40038,1.98653
verified_only,gkf,35,7,gpr_physics9_cvplus,Ba3SbI3,0.78,0.71462,1.29789
verified_only,gkf,35,7,gpr_physics9_cvplus,Ca3SbCl3,1.814,1.71903,2.22133
verified_only,gkf,35,7,gpr_physics9_cvplus,Ca3SbF3,2.19,1.93884,2.61657
verified_only,gkf,36,7,gpr_physics9_cvplus,Ca3AsF3,2.27,1.73264,2.60275
verified_only,gkf,36,7,gpr_physics9_cvplus,Sr3AsCl3,1.7,1.21733,2.13828
verified_only,gkf,36,7,gpr_physics9_cvplus,Ca3PBr3,1.8846,1.32941,2.28277
verified_only,gkf,36,7,gpr_physics9_cvplus,Ca3PF3,2.518,1.72905,2.61361
verified_only,gkf,36,7,gpr_physics9_cvplus,Mg3PBr3,1.506,0.93626,1.80087
verified_only,gkf,36,7,gpr_physics9_cvplus,Sr3PI3,1.258,0.83895,1.72423
verified_only,gkf,37,7,gpr_physics9_cvplus,Ba3AsCl3,0.959,1.0254,1.60449
verified_only,gkf,37,7,gpr_physics9_cvplus,Mg3AsBr3,1.2907,1.01119,1.49367
verified_only,gkf,37,7,gpr_physics9_cvplus,Mg3BiBr3,0.9648,0.73657,1.21864
verified_only,gkf,37,7,gpr_physics9_cvplus,Mg3PCl3,2.297,1.68175,2.24063
verified_only,gkf,37,7,gpr_physics9_cvplus,Mg3SbF3,3.184,2.10889,3.01781
verified_only,gkf,37,7,gpr_physics9_cvplus,Sr3SbCl3,1.712,1.40164,1.88553
verified_only,gkf,38,7,gpr_physics9_cvplus,Ca3AsBr3,1.634,1.50269,2.12836
verified_only,gkf,38,7,gpr_physics9_cvplus,Ba3SbBr3,1.1908,0.6775,1.3338
verified_only,gkf,38,7,gpr_physics9_cvplus,Mg3SbBr3,0.9418,0.84086,1.53587
verified_only,gkf,38,7,gpr_physics9_cvplus,Mg3SbCl3,1.7283,1.4697,2.22405
verified_only,gkf,38,7,gpr_physics9_cvplus,Mg3SbI3,0.1057,-0.09485,0.56454
verified_only,gkf,38,7,gpr_physics9_cvplus,Sr3SbI3,1.31,0.98059,1.50092
verified_only,gkf,39,7,gpr_physics9_cvplus,Ba3AsI3,0.834,0.36893,1.1918
verified_only,gkf,39,7,gpr_physics9_cvplus,Sr3AsI3,1.265,0.69106,1.59523
verified_only,gkf,39,7,gpr_physics9_cvplus,Ca3BiI3,1.36,0.47474,1.61933
verified_only,gkf,39,7,gpr_physics9_cvplus,Mg3BiI3,0.224,-0.25195,0.76889
verified_only,gkf,39,7,gpr_physics9_cvplus,Mg3PI3,0.377,0.25324,1.25056
verified_only,gkf,39,7,gpr_physics9_cvplus,Ca3SbBr3,1.782,1.06072,1.9679
verified_only,gkf,40,8,gpr_physics9_cvplus,Sr3AsI3,1.265,0.88126,1.68589
verified_only,gkf,40,8,gpr_physics9_cvplus,Mg3BiI3,0.224,-0.34393,0.67178
verified_only,gkf,40,8,gpr_physics9_cvplus,Ca3PBr3,1.8846,1.42018,2.22481
verified_only,gkf,40,8,gpr_physics9_cvplus,Mg3PBr3,1.506,0.81318,1.69435
verified_only,gkf,40,8,gpr_physics9_cvplus,Mg3PCl3,2.297,1.35527,2.37686
verified_only,gkf,40,8,gpr_physics9_cvplus,Sr3PBr3,1.55,1.21574,2.02037
verified_only,gkf,40,8,gpr_physics9_cvplus,Sr3PCl3,1.677,1.33986,2.14449
verified_only,gkf,41,8,gpr_physics9_cvplus,Mg3AsBr3,1.2907,0.87298,1.97882
verified_only,gkf,41,8,gpr_physics9_cvplus,Ca3BiI3,1.36,0.45572,1.98584
verified_only,gkf,41,8,gpr_physics9_cvplus,Ca3PF3,2.518,0.68183,2.78234
verified_only,gkf,41,8,gpr_physics9_cvplus,Ca3SbBr3,1.782,0.84436,2.06268
verified_only,gkf,41,8,gpr_physics9_cvplus,Ca3SbF3,2.19,0.69661,2.64165
verified_only,gkf,41,8,gpr_physics9_cvplus,Mg3SbF3,3.184,0.83566,4.01272
verified_only,gkf,42,8,gpr_physics9_cvplus,Sr3AsCl3,1.7,1.28616,2.07549
verified_only,gkf,42,8,gpr_physics9_cvplus,Ca3PCl3,2.035,1.67261,2.42189
verified_only,gkf,42,8,gpr_physics9_cvplus,Ba3SbBr3,1.1908,0.51098,1.44767
verified_only,gkf,42,8,gpr_physics9_cvplus,Ba3SbI3,0.78,0.44176,1.37947
verified_only,gkf,42,8,gpr_physics9_cvplus,Ca3SbCl3,1.814,1.60075,2.35003
verified_only,gkf,42,8,gpr_physics9_cvplus,Mg3SbBr3,0.9418,0.66772,1.41699
verified_only,gkf,43,8,gpr_physics9_cvplus,Ba3AsCl3,0.959,0.87147,1.6486
verified_only,gkf,43,8,gpr_physics9_cvplus,Mg3BiBr3,0.9648,0.65483,1.54431
verified_only,gkf,43,8,gpr_physics9_cvplus,Ca3PI3,1.4909,1.10138,1.80283
verified_only,gkf,43,8,gpr_physics9_cvplus,Sr3PI3,1.258,0.92298,1.64998
verified_only,gkf,43,8,gpr_physics9_cvplus,Mg3SbCl3,1.7283,1.35295,2.31728
verified_only,gkf,43,8,gpr_physics9_cvplus,Sr3SbCl3,1.712,1.26552,2.04824
verified_only,gkf,44,8,gpr_physics9_cvplus,Ba3AsI3,0.834,0.42769,1.09846
verified_only,gkf,44,8,gpr_physics9_cvplus,Ca3AsBr3,1.634,1.44233,2.12279
verified_only,gkf,44,8,gpr_physics9_cvplus,Ca3AsF3,2.27,2.06207,2.74254
verified_only,gkf,44,8,gpr_physics9_cvplus,Mg3PI3,0.377,0.33364,1.08358
verified_only,gkf,44,8,gpr_physics9_cvplus,Mg3SbI3,0.1057,-0.13172,0.65723
verified_only,gkf,44,8,gpr_physics9_cvplus,Sr3SbI3,1.31,0.74515,1.50741
verified_only,gkf,45,9,gpr_physics9_cvplus,Ca3AsF3,2.27,1.9064,2.75593
verified_only,gkf,45,9,gpr_physics9_cvplus,Sr3PBr3,1.55,1.16823,1.95212
verified_only,gkf,45,9,gpr_physics9_cvplus,Sr3PI3,1.258,0.93787,1.73997
verified_only,gkf,45,9,gpr_physics9_cvplus,Ba3SbI3,0.78,0.58293,1.44546
verified_only,gkf,45,9,gpr_physics9_cvplus,Mg3SbBr3,0.9418,0.7092,1.47246
verified_only,gkf,45,9,gpr_physics9_cvplus,Mg3SbCl3,1.7283,1.23882,2.30021
verified_only,gkf,45,9,gpr_physics9_cvplus,Mg3SbI3,0.1057,-0.13849,0.67196
verified_only,gkf,46,9,gpr_physics9_cvplus,Ca3AsBr3,1.634,1.49872,2.2389
verified_only,gkf,46,9,gpr_physics9_cvplus,Mg3AsBr3,1.2907,1.01893,1.70044
verified_only,gkf,46,9,gpr_physics9_cvplus,Ca3PCl3,2.035,1.72495,2.44134
verified_only,gkf,46,9,gpr_physics9_cvplus,Mg3PI3,0.377,0.17257,0.9068
verified_only,gkf,46,9,gpr_physics9_cvplus,Ca3SbBr3,1.782,1.42189,2.17032
verified_only,gkf,46,9,gpr_physics9_cvplus,Ca3SbCl3,1.814,1.59572,2.34445
verified_only,gkf,47,9,gpr_physics9_cvplus,Ba3AsI3,0.834,0.43198,1.13454
verified_only,gkf,47,9,gpr_physics9_cvplus,Mg3BiBr3,0.9648,0.63896,1.34294
verified_only,gkf,47,9,gpr_physics9_cvplus,Mg3BiI3,0.224,-0.14947,0.57038
verified_only,gkf,47,9,gpr_physics9_cvplus,Mg3PCl3,2.297,1.61306,2.45831
verified_only,gkf,47,9,gpr_physics9_cvplus,Sr3PCl3,1.677,1.32464,2.03272
verified_only,gkf,47,9,gpr_physics9_cvplus,Ca3SbF3,2.19,1.71269,2.7696
verified_only,gkf,48,9,gpr_physics9_cvplus,Sr3AsI3,1.265,0.90409,1.60817
verified_only,gkf,48,9,gpr_physics9_cvplus,Ca3PF3,2.518,1.96346,2.66754
verified_only,gkf,48,9,gpr_physics9_cvplus,Ba3SbBr3,1.1908,0.5234,1.30762
verified_only,gkf,48,9,gpr_physics9_cvplus,Mg3SbF3,3.184,2.10629,3.53501
verified_only,gkf,48,9,gpr_physics9_cvplus,Sr3SbCl3,1.712,1.25954,1.99687
verified_only,gkf,48,9,gpr_physics9_cvplus,Sr3SbI3,1.31,0.9014,1.60548
verified_only,gkf,49,9,gpr_physics9_cvplus,Ba3AsCl3,0.959,0.94411,1.73487
verified_only,gkf,49,9,gpr_physics9_cvplus,Sr3AsCl3,1.7,1.3166,2.09282
verified_only,gkf,49,9,gpr_physics9_cvplus,Ca3BiI3,1.36,0.94007,1.71964
verified_only,gkf,49,9,gpr_physics9_cvplus,Ca3PBr3,1.8846,1.37159,2.14651
verified_only,gkf,49,9,gpr_physics9_cvplus,Ca3PI3,1.4909,1.01954,1.81203
verified_only,gkf,49,9,gpr_physics9_cvplus,Mg3PBr3,1.506,0.99403,1.82348
verified_only,gkf,0,0,ridge_physics9_cvplus,Mg3BiBr3,0.9648,0.34988,2.35992
verified_only,gkf,0,0,ridge_physics9_cvplus,Ca3PCl3,2.035,0.71532,2.64713
verified_only,gkf,0,0,ridge_physics9_cvplus,Ca3PF3,2.518,1.43411,3.33155
verified_only,gkf,0,0,ridge_physics9_cvplus,Mg3PBr3,1.506,0.45259,2.51202
verified_only,gkf,0,0,ridge_physics9_cvplus,Sr3PCl3,1.677,0.73255,2.63847
verified_only,gkf,0,0,ridge_physics9_cvplus,Mg3SbI3,0.1057,0.10697,2.1259
verified_only,gkf,0,0,ridge_physics9_cvplus,Sr3SbCl3,1.712,0.60903,2.61793
verified_only,gkf,1,0,ridge_physics9_cvplus,Ba3AsCl3,0.959,1.00058,2.61707
verified_only,gkf,1,0,ridge_physics9_cvplus,Ca3AsBr3,1.634,0.69333,2.35969
verified_only,gkf,1,0,ridge_physics9_cvplus,Ca3AsF3,2.27,1.88295,3.68158
verified_only,gkf,1,0,ridge_physics9_cvplus,Sr3AsCl3,1.7,0.98678,2.60302
verified_only,gkf,1,0,ridge_physics9_cvplus,Mg3BiI3,0.224,0.02652,1.71641
verified_only,gkf,1,0,ridge_physics9_cvplus,Ca3SbCl3,1.814,0.84405,2.52784
verified_only,gkf,2,0,ridge_physics9_cvplus,Ba3AsI3,0.834,-0.44029,1.48788
verified_only,gkf,2,0,ridge_physics9_cvplus,Sr3AsI3,1.265,0.18587,1.79734
verified_only,gkf,2,0,ridge_physics9_cvplus,Ba3SbBr3,1.1908,0.10849,1.89473
verified_only,gkf,2,0,ridge_physics9_cvplus,Ca3SbBr3,1.782,0.8046,2.39555
verified_only,gkf,2,0,ridge_physics9_cvplus,Ca3SbF3,2.19,1.10317,3.07367
verified_only,gkf,2,0,ridge_physics9_cvplus,Mg3SbF3,3.184,0.48927,2.63429
verified_only,gkf,3,0,ridge_physics9_cvplus,Mg3PCl3,2.297,0.65565,2.28435
verified_only,gkf,3,0,ridge_physics9_cvplus,Sr3PBr3,1.55,0.70146,2.33017
verified_only,gkf,3,0,ridge_physics9_cvplus,Ba3SbI3,0.78,0.17487,1.90687
verified_only,gkf,3,0,ridge_physics9_cvplus,Mg3SbBr3,0.9418,0.30452,1.93323
verified_only,gkf,3,0,ridge_physics9_cvplus,Mg3SbCl3,1.7283,0.54389,2.1726
verified_only,gkf,3,0,ridge_physics9_cvplus,Sr3SbI3,1.31,0.22278,1.85149
verified_only,gkf,4,0,ridge_physics9_cvplus,Mg3AsBr3,1.2907,-0.3129,2.36219
verified_only,gkf,4,0,ridge_physics9_cvplus,Ca3BiI3,1.36,-0.51103,2.202
verified_only,gkf,4,0,ridge_physics9_cvplus,Ca3PBr3,1.8846,0.56235,3.36294
verified_only,gkf,4,0,ridge_physics9_cvplus,Ca3PI3,1.4909,0.12533,2.80042
verified_only,gkf,4,0,ridge_physics9_cvplus,Mg3PI3,0.377,-0.42341,2.37718
verified_only,gkf,4,0,ridge_physics9_cvplus,Sr3PI3,1.258,0.04034,2.76263
verified_only,gkf,5,1,ridge_physics9_cvplus,Ba3AsCl3,0.959,0.98784,2.95683
verified_only,gkf,5,1,ridge_physics9_cvplus,Ca3AsF3,2.27,1.03966,4.44396
verified_only,gkf,5,1,ridge_physics9_cvplus,Ca3PBr3,1.8846,0.56989,2.82125
verified_only,gkf,5,1,ridge_physics9_cvplus,Sr3PI3,1.258,-0.00064,1.98477
verified_only,gkf,5,1,ridge_physics9_cvplus,Ca3SbF3,2.19,0.00469,3.86875
verified_only,gkf,5,1,ridge_physics9_cvplus,Mg3SbBr3,0.9418,0.14722,2.10075
verified_only,gkf,5,1,ridge_physics9_cvplus,Mg3SbCl3,1.7283,0.44228,2.50434
verified_only,gkf,6,1,ridge_physics9_cvplus,Sr3AsI3,1.265,0.19795,1.95874
verified_only,gkf,6,1,ridge_physics9_cvplus,Mg3BiI3,0.224,0.14809,1.90888
verified_only,gkf,6,1,ridge_physics9_cvplus,Ca3PI3,1.4909,0.29942,2.27725
verified_only,gkf,6,1,ridge_physics9_cvplus,Ca3SbCl3,1.814,0.88926,2.65005
verified_only,gkf,6,1,ridge_physics9_cvplus,Mg3SbI3,0.1057,0.22889,1.98968
verified_only,gkf,6,1,ridge_physics9_cvplus,Sr3SbI3,1.31,0.28285,2.04364
verified_only,gkf,7,1,ridge_physics9_cvplus,Ba3AsI3,0.834,-0.29443,2.05115
verified_only,gkf,7,1,ridge_physics9_cvplus,Sr3AsCl3,1.7,0.5998,2.62635
verified_only,gkf,7,1,ridge_physics9_cvplus,Ca3BiI3,1.36,0.08972,2.17495
verified_only,gkf,7,1,ridge_physics9_cvplus,Ca3PCl3,2.035,0.86062,3.0294
verified_only,gkf,7,1,ridge_physics9_cvplus,Mg3PBr3,1.506,0.41835,2.62724
verified_only,gkf,7,1,ridge_physics9_cvplus,Ba3SbI3,0.78,-0.20016,1.99828
verified_only,gkf,8,1,ridge_physics9_cvplus,Ca3AsBr3,1.634,0.7862,2.20654
verified_only,gkf,8,1,ridge_physics9_cvplus,Mg3PCl3,2.297,0.8818,2.22721
verified_only,gkf,8,1,ridge_physics9_cvplus,Mg3PI3,0.377,0.346,1.6432
verified_only,gkf,8,1,ridge_physics9_cvplus,Ba3SbBr3,1.1908,0.49626,1.69593
verified_only,gkf,8,1,ridge_physics9_cvplus,Ca3SbBr3,1.782,0.7794,2.18775
verified_only,gkf,8,1,ridge_physics9_cvplus,Mg3SbF3,3.184,1.16161,2.625
verified_only,gkf,9,1,ridge_physics9_cvplus,Mg3AsBr3,1.2907,0.34501,2.4037
verified_only,gkf,9,1,ridge_physics9_cvplus,Mg3BiBr3,0.9648,0.22217,2.38653
verified_only,gkf,9,1,ridge_physics9_cvplus,Ca3PF3,2.518,1.39814,3.96463
verified_only,gkf,9,1,ridge_physics9_cvplus,Sr3PBr3,1.55,0.48102,2.60444
verified_only,gkf,9,1,ridge_physics9_cvplus,Sr3PCl3,1.677,0.71288,2.88806
verified_only,gkf,9,1,ridge_physics9_cvplus,Sr3SbCl3,1.712,0.66068,2.62221
verified_only,gkf,10,2,ridge_physics9_cvplus,Ba3AsCl3,0.959,0.94794,2.43868
verified_only,gkf,10,2,ridge_physics9_cvplus,Ca3AsBr3,1.634,0.7004,2.19115
verified_only,gkf,10,2,ridge_physics9_cvplus,Sr3AsI3,1.265,0.13312,1.86726
verified_only,gkf,10,2,ridge_physics9_cvplus,Ca3PCl3,2.035,0.94028,2.71807
verified_only,gkf,10,2,ridge_physics9_cvplus,Ca3PI3,1.4909,0.37224,1.87743
verified_only,gkf,10,2,ridge_physics9_cvplus,Mg3SbBr3,0.9418,0.54431,2.07312
verified_only,gkf,10,2,ridge_physics9_cvplus,Sr3SbI3,1.31,0.1386,1.82685
verified_only,gkf,11,2,ridge_physics9_cvplus,Sr3AsCl3,1.7,0.74395,2.76798
verified_only,gkf,11,2,ridge_physics9_cvplus,Mg3BiBr3,0.9648,0.36606,2.52843
verified_only,gkf,11,2,ridge_physics9_cvplus,Mg3PCl3,2.297,0.66495,2.77194
verified_only,gkf,11,2,ridge_physics9_cvplus,Sr3PBr3,1.55,0.57683,2.60086
verified_only,gkf,11,2,ridge_physics9_cvplus,Mg3SbI3,0.1057,0.04416,2.24335
verified_only,gkf,11,2,ridge_physics9_cvplus,Sr3SbCl3,1.712,0.71203,2.73605
verified_only,gkf,12,2,ridge_physics9_cvplus,Ba3AsI3,0.834,-0.63271,2.06321
verified_only,gkf,12,2,ridge_physics9_cvplus,Ca3AsF3,2.27,1.91093,4.53516
verified_only,gkf,12,2,ridge_physics9_cvplus,Ca3PF3,2.518,2.05842,4.87689
verified_only,gkf,12,2,ridge_physics9_cvplus,Mg3PI3,0.377,-0.36974,2.43513
verified_only,gkf,12,2,ridge_physics9_cvplus,Ca3SbCl3,1.814,0.41035,3.18852
verified_only,gkf,12,2,ridge_physics9_cvplus,Mg3SbCl3,1.7283,-0.00544,2.76608
verified_only,gkf,13,2,ridge_physics9_cvplus,Mg3BiI3,0.224,-0.05646,1.58088
verified_only,gkf,13,2,ridge_physics9_cvplus,Mg3PBr3,1.506,0.45642,2.09862
verified_only,gkf,13,2,ridge_physics9_cvplus,Sr3PCl3,1.677,1.13294,2.77769
verified_only,gkf,13,2,ridge_physics9_cvplus,Ba3SbI3,0.78,-0.03582,1.56789
verified_only,gkf,13,2,ridge_physics9_cvplus,Ca3SbF3,2.19,1.16346,2.99817
verified_only,gkf,13,2,ridge_physics9_cvplus,Mg3SbF3,3.184,0.61641,2.76042
verified_only,gkf,14,2,ridge_physics9_cvplus,Mg3AsBr3,1.2907,0.26171,2.1947
verified_only,gkf,14,2,ridge_physics9_cvplus,Ca3BiI3,1.36,-0.04994,1.73977
verified_only,gkf,14,2,ridge_physics9_cvplus,Ca3PBr3,1.8846,0.67381,2.6593
verified_only,gkf,14,2,ridge_physics9_cvplus,Sr3PI3,1.258,0.30958,2.25019
verified_only,gkf,14,2,ridge_physics9_cvplus,Ba3SbBr3,1.1908,0.19881,2.18628
verified_only,gkf,14,2,ridge_physics9_cvplus,Ca3SbBr3,1.782,0.36747,2.26779
verified_only,gkf,15,3,ridge_physics9_cvplus,Ba3AsI3,0.834,-0.73462,2.09059
verified_only,gkf,15,3,ridge_physics9_cvplus,Ca3AsBr3,1.634,0.03559,2.62635
verified_only,gkf,15,3,ridge_physics9_cvplus,Ca3AsF3,2.27,0.95513,3.80726
verified_only,gkf,15,3,ridge_physics9_cvplus,Sr3AsI3,1.265,-0.48646,2.1043
verified_only,gkf,15,3,ridge_physics9_cvplus,Ca3PF3,2.518,0.91276,4.11102
verified_only,gkf,15,3,ridge_physics9_cvplus,Mg3PCl3,2.297,0.33329,2.92406
verified_only,gkf,15,3,ridge_physics9_cvplus,Ba3SbI3,0.78,-0.56324,2.13507
verified_only,gkf,16,3,ridge_physics9_cvplus,Mg3BiI3,0.224,-0.00459,1.83023
verified_only,gkf,16,3,ridge_physics9_cvplus,Ca3PI3,1.4909,0.21373,2.1503
verified_only,gkf,16,3,ridge_physics9_cvplus,Sr3PCl3,1.677,0.90828,2.89694
verified_only,gkf,16,3,ridge_physics9_cvplus,Ba3SbBr3,1.1908,0.32569,2.35947
verified_only,gkf,16,3,ridge_physics9_cvplus,Ca3SbF3,2.19,1.01453,3.59715
verified_only,gkf,16,3,ridge_physics9_cvplus,Sr3SbCl3,1.712,0.87673,2.62608
verified_only,gkf,17,3,ridge_physics9_cvplus,Ca3BiI3,1.36,0.01763,2.12818
verified_only,gkf,17,3,ridge_physics9_cvplus,Ca3PBr3,1.8846,0.93697,2.55358
verified_only,gkf,17,3,ridge_physics9_cvplus,Mg3PI3,0.377,0.25017,1.86678
verified_only,gkf,17,3,ridge_physics9_cvplus,Ca3SbBr3,1.782,0.51338,2.41475
verified_only,gkf,17,3,ridge_physics9_cvplus,Mg3SbCl3,1.7283,0.51581,2.13242
verified_only,gkf,17,3,ridge_physics9_cvplus,Mg3SbF3,3.184,0.9796,2.63576
verified_only,gkf,18,3,ridge_physics9_cvplus,Ba3AsCl3,0.959,0.90736,2.55934
verified_only,gkf,18,3,ridge_physics9_cvplus,Sr3AsCl3,1.7,0.90384,2.55582
verified_only,gkf,18,3,ridge_physics9_cvplus,Ca3PCl3,2.035,0.9485,2.67477
verified_only,gkf,18,3,ridge_physics9_cvplus,Sr3PBr3,1.55,0.74514,2.39712
verified_only,gkf,18,3,ridge_physics9_cvplus,Sr3PI3,1.258,0.4072,2.08082
verified_only,gkf,18,3,ridge_physics9_cvplus,Mg3SbI3,0.1057,0.16941,1.85859
verified_only,gkf,19,3,ridge_physics9_cvplus,Mg3AsBr3,1.2907,-0.35493,2.82417
verified_only,gkf,19,3,ridge_physics9_cvplus,Mg3BiBr3,0.9648,-0.32351,2.7403
verified_only,gkf,19,3,ridge_physics9_cvplus,Mg3PBr3,1.506,-0.20997,2.84984
verified_only,gkf,19,3,ridge_physics9_cvplus,Ca3SbCl3,1.814,0.36581,2.9893
verified_only,gkf,19,3,ridge_physics9_cvplus,Mg3SbBr3,0.9418,-0.27802,2.76317
verified_only,gkf,19,3,ridge_physics9_cvplus,Sr3SbI3,1.31,-0.0619,2.53542
verified_only,gkf,20,4,ridge_physics9_cvplus,Ca3AsF3,2.27,1.36348,3.61004
verified_only,gkf,20,4,ridge_physics9_cvplus,Sr3AsCl3,1.7,0.44809,2.91821
verified_only,gkf,20,4,ridge_physics9_cvplus,Ca3PI3,1.4909,0.19811,2.4942
verified_only,gkf,20,4,ridge_physics9_cvplus,Mg3PCl3,2.297,0.25909,2.72922
verified_only,gkf,20,4,ridge_physics9_cvplus,Mg3PI3,0.377,-0.19837,2.27176
verified_only,gkf,20,4,ridge_physics9_cvplus,Ba3SbI3,0.78,-0.13225,2.07144
verified_only,gkf,20,4,ridge_physics9_cvplus,Ca3SbCl3,1.814,0.55867,2.70788
verified_only,gkf,21,4,ridge_physics9_cvplus,Mg3AsBr3,1.2907,0.40788,1.89841
verified_only,gkf,21,4,ridge_physics9_cvplus,Mg3BiI3,0.224,-0.11508,1.54027
verified_only,gkf,21,4,ridge_physics9_cvplus,Ca3PF3,2.518,1.96712,3.51433
verified_only,gkf,21,4,ridge_physics9_cvplus,Sr3PI3,1.258,0.42263,2.08197
verified_only,gkf,21,4,ridge_physics9_cvplus,Mg3SbF3,3.184,0.68943,2.62653
verified_only,gkf,21,4,ridge_physics9_cvplus,Sr3SbCl3,1.712,0.89775,2.48562
verified_only,gkf,22,4,ridge_physics9_cvplus,Mg3PBr3,1.506,0.26207,2.77766
verified_only,gkf,22,4,ridge_physics9_cvplus,Sr3PBr3,1.55,0.48131,2.85292
verified_only,gkf,22,4,ridge_physics9_cvplus,Ca3SbF3,2.19,1.62714,4.25235
verified_only,gkf,22,4,ridge_physics9_cvplus,Mg3SbBr3,0.9418,0.30407,2.4415
verified_only,gkf,22,4,ridge_physics9_cvplus,Mg3SbCl3,1.7283,0.60572,2.82715
verified_only,gkf,22,4,ridge_physics9_cvplus,Mg3SbI3,0.1057,-0.20686,1.98219
verified_only,gkf,23,4,ridge_physics9_cvplus,Ba3AsCl3,0.959,0.91586,2.62922
verified_only,gkf,23,4,ridge_physics9_cvplus,Ba3AsI3,0.834,0.38274,2.0961
verified_only,gkf,23,4,ridge_physics9_cvplus,Ca3AsBr3,1.634,0.65166,2.36502
verified_only,gkf,23,4,ridge_physics9_cvplus,Sr3AsI3,1.265,0.35295,2.06632
verified_only,gkf,23,4,ridge_physics9_cvplus,Mg3BiBr3,0.9648,0.34468,2.26486
verified_only,gkf,23,4,ridge_physics9_cvplus,Ba3SbBr3,1.1908,0.55693,2.43701
verified_only,gkf,24,4,ridge_physics9_cvplus,Ca3BiI3,1.36,-0.29224,1.66783
verified_only,gkf,24,4,ridge_physics9_cvplus,Ca3PBr3,1.8846,0.59796,2.58843
verified_only,gkf,24,4,ridge_physics9_cvplus,Ca3PCl3,2.035,0.84649,2.824
verified_only,gkf,24,4,ridge_physics9_cvplus,Sr3PCl3,1.677,0.83478,2.79484
verified_only,gkf,24,4,ridge_physics9_cvplus,Ca3SbBr3,1.782,0.21647,2.17653
verified_only,gkf,24,4,ridge_physics9_cvplus,Sr3SbI3,1.31,-0.18254,1.77752
verified_only,gkf,25,5,ridge_physics9_cvplus,Ba3AsCl3,0.959,0.83628,2.66115
verified_only,gkf,25,5,ridge_physics9_cvplus,Sr3AsCl3,1.7,0.76818,2.59655
verified_only,gkf,25,5,ridge_physics9_cvplus,Sr3AsI3,1.265,0.19275,2.01762
verified_only,gkf,25,5,ridge_physics9_cvplus,Ca3PBr3,1.8846,0.53407,2.35894
verified_only,gkf,25,5,ridge_physics9_cvplus,Mg3PBr3,1.506,0.245,2.17242
verified_only,gkf,25,5,ridge_physics9_cvplus,Ca3SbBr3,1.782,0.36604,2.27306
verified_only,gkf,25,5,ridge_physics9_cvplus,Ca3SbF3,2.19,1.46845,3.46463
verified_only,gkf,26,5,ridge_physics9_cvplus,Ba3AsI3,0.834,-0.13777,1.53929
verified_only,gkf,26,5,ridge_physics9_cvplus,Ca3AsF3,2.27,1.55368,3.06161
verified_only,gkf,26,5,ridge_physics9_cvplus,Ca3PCl3,2.035,1.30592,2.92271
verified_only,gkf,26,5,ridge_physics9_cvplus,Ba3SbBr3,1.1908,0.34432,2.02633
verified_only,gkf,26,5,ridge_physics9_cvplus,Mg3SbF3,3.184,0.82817,2.64797
verified_only,gkf,26,5,ridge_physics9_cvplus,Sr3SbI3,1.31,0.24216,1.79652
verified_only,gkf,27,5,ridge_physics9_cvplus,Mg3BiBr3,0.9648,0.38732,2.2888
verified_only,gkf,27,5,ridge_physics9_cvplus,Ca3PI3,1.4909,0.3351,2.21855
verified_only,gkf,27,5,ridge_physics9_cvplus,Mg3SbBr3,0.9418,0.4037,2.34969
verified_only,gkf,27,5,ridge_physics9_cvplus,Mg3SbCl3,1.7283,0.56401,2.56745
verified_only,gkf,27,5,ridge_physics9_cvplus,Mg3SbI3,0.1057,0.09138,2.02005
verified_only,gkf,27,5,ridge_physics9_cvplus,Sr3SbCl3,1.712,0.63116,2.60198
verified_only,gkf,28,5,ridge_physics9_cvplus,Ca3AsBr3,1.634,0.52467,2.55549
verified_only,gkf,28,5,ridge_physics9_cvplus,Mg3AsBr3,1.2907,0.51813,2.42531
verified_only,gkf,28,5,ridge_physics9_cvplus,Mg3PI3,0.377,0.19018,2.23239
verified_only,gkf,28,5,ridge_physics9_cvplus,Sr3PBr3,1.55,0.56999,2.71629
verified_only,gkf,28,5,ridge_physics9_cvplus,Sr3PI3,1.258,0.27089,2.2253
verified_only,gkf,28,5,ridge_physics9_cvplus,Ba3SbI3,0.78,-0.03613,2.00064
verified_only,gkf,29,5,ridge_physics9_cvplus,Ca3BiI3,1.36,0.10368,1.95232
verified_only,gkf,29,5,ridge_physics9_cvplus,Mg3BiI3,0.224,-0.00064,1.87321
verified_only,gkf,29,5,ridge_physics9_cvplus,Ca3PF3,2.518,1.33292,3.44389
verified_only,gkf,29,5,ridge_physics9_cvplus,Mg3PCl3,2.297,0.6687,2.49769
verified_only,gkf,29,5,ridge_physics9_cvplus,Sr3PCl3,1.677,0.75823,2.61853
verified_only,gkf,29,5,ridge_physics9_cvplus,Ca3SbCl3,1.814,0.71158,2.4955
verified_only,gkf,30,6,ridge_physics9_cvplus,Ba3AsI3,0.834,-0.05045,2.20497
verified_only,gkf,30,6,ridge_physics9_cvplus,Mg3AsBr3,1.2907,0.14662,2.38727
verified_only,gkf,30,6,ridge_physics9_cvplus,Mg3BiBr3,0.9648,0.05477,2.3252
verified_only,gkf,30,6,ridge_physics9_cvplus,Mg3PBr3,1.506,0.16025,2.40082
verified_only,gkf,30,6,ridge_physics9_cvplus,Ba3SbI3,0.78,0.15876,2.15406
verified_only,gkf,30,6,ridge_physics9_cvplus,Ca3SbBr3,1.782,0.42973,2.40855
verified_only,gkf,30,6,ridge_physics9_cvplus,Mg3SbCl3,1.7283,0.31171,2.52404
verified_only,gkf,31,6,ridge_physics9_cvplus,Ca3AsBr3,1.634,0.42589,2.40117
verified_only,gkf,31,6,ridge_physics9_cvplus,Mg3BiI3,0.224,0.09659,2.07187
verified_only,gkf,31,6,ridge_physics9_cvplus,Ca3PF3,2.518,1.72446,3.69974
verified_only,gkf,31,6,ridge_physics9_cvplus,Mg3PCl3,2.297,0.69475,2.67003
verified_only,gkf,31,6,ridge_physics9_cvplus,Sr3PI3,1.258,0.4003,2.42427
verified_only,gkf,31,6,ridge_physics9_cvplus,Mg3SbI3,0.1057,0.20021,2.1755
verified_only,gkf,32,6,ridge_physics9_cvplus,Ca3AsF3,2.27,-8.47048,3.86913
verified_only,gkf,32,6,ridge_physics9_cvplus,Ca3PBr3,1.8846,-3.54005,7.32925
verified_only,gkf,32,6,ridge_physics9_cvplus,Ca3SbF3,2.19,-8.62009,4.2475
verified_only,gkf,32,6,ridge_physics9_cvplus,Mg3SbBr3,0.9418,-4.43066,6.43864
verified_only,gkf,32,6,ridge_physics9_cvplus,Sr3SbCl3,1.712,-3.798,7.0713
verified_only,gkf,32,6,ridge_physics9_cvplus,Sr3SbI3,1.31,-4.25997,6.60933
verified_only,gkf,33,6,ridge_physics9_cvplus,Ba3AsCl3,0.959,0.18938,2.76011
verified_only,gkf,33,6,ridge_physics9_cvplus,Ca3PCl3,2.035,0.65079,3.37758
verified_only,gkf,33,6,ridge_physics9_cvplus,Mg3PI3,0.377,-0.3318,2.46602
verified_only,gkf,33,6,ridge_physics9_cvplus,Sr3PBr3,1.55,0.35397,3.12205
verified_only,gkf,33,6,ridge_physics9_cvplus,Ba3SbBr3,1.1908,-0.29004,2.53879
verified_only,gkf,33,6,ridge_physics9_cvplus,Ca3SbCl3,1.814,0.56289,3.15939
verified_only,gkf,34,6,ridge_physics9_cvplus,Sr3AsCl3,1.7,1.04554,2.49257
verified_only,gkf,34,6,ridge_physics9_cvplus,Sr3AsI3,1.265,0.21363,1.5333
verified_only,gkf,34,6,ridge_physics9_cvplus,Ca3BiI3,1.36,0.25758,1.52181
verified_only,gkf,34,6,ridge_physics9_cvplus,Ca3PI3,1.4909,0.63787,1.91816
verified_only,gkf,34,6,ridge_physics9_cvplus,Sr3PCl3,1.677,1.41866,2.7524
verified_only,gkf,34,6,ridge_physics9_cvplus,Mg3SbF3,3.184,1.18322,2.49523
verified_only,gkf,35,7,ridge_physics9_cvplus,Ca3PCl3,2.035,0.87338,2.94575
verified_only,gkf,35,7,ridge_physics9_cvplus,Ca3PI3,1.4909,0.19851,2.14881
verified_only,gkf,35,7,ridge_physics9_cvplus,Sr3PBr3,1.55,0.61679,2.58531
verified_only,gkf,35,7,ridge_physics9_cvplus,Sr3PCl3,1.677,0.88635,2.86593
verified_only,gkf,35,7,ridge_physics9_cvplus,Ba3SbI3,0.78,-0.11543,1.86986
verified_only,gkf,35,7,ridge_physics9_cvplus,Ca3SbCl3,1.814,0.7767,2.72989
verified_only,gkf,35,7,ridge_physics9_cvplus,Ca3SbF3,2.19,1.35334,3.6788
verified_only,gkf,36,7,ridge_physics9_cvplus,Ca3AsF3,2.27,1.42739,4.60199
verified_only,gkf,36,7,ridge_physics9_cvplus,Sr3AsCl3,1.7,0.68596,3.09387
verified_only,gkf,36,7,ridge_physics9_cvplus,Ca3PBr3,1.8846,0.34385,2.66578
verified_only,gkf,36,7,ridge_physics9_cvplus,Ca3PF3,2.518,1.40444,4.60604
verified_only,gkf,36,7,ridge_physics9_cvplus,Mg3PBr3,1.506,0.11381,2.39561
verified_only,gkf,36,7,ridge_physics9_cvplus,Sr3PI3,1.258,-0.07512,2.24681
verified_only,gkf,37,7,ridge_physics9_cvplus,Ba3AsCl3,0.959,0.76202,2.09254
verified_only,gkf,37,7,ridge_physics9_cvplus,Mg3AsBr3,1.2907,0.20482,1.54958
verified_only,gkf,37,7,ridge_physics9_cvplus,Mg3BiBr3,0.9648,0.11273,1.55247
verified_only,gkf,37,7,ridge_physics9_cvplus,Mg3PCl3,2.297,0.56904,1.9994
verified_only,gkf,37,7,ridge_physics9_cvplus,Mg3SbF3,3.184,1.02096,3.18493
verified_only,gkf,37,7,ridge_physics9_cvplus,Sr3SbCl3,1.712,1.12675,2.47858
verified_only,gkf,38,7,ridge_physics9_cvplus,Ca3AsBr3,1.634,0.55354,2.34596
verified_only,gkf,38,7,ridge_physics9_cvplus,Ba3SbBr3,1.1908,0.4897,2.25845
verified_only,gkf,38,7,ridge_physics9_cvplus,Mg3SbBr3,0.9418,0.47381,2.27434
verified_only,gkf,38,7,ridge_physics9_cvplus,Mg3SbCl3,1.7283,0.71289,2.49525
verified_only,gkf,38,7,ridge_physics9_cvplus,Mg3SbI3,0.1057,0.11166,1.94049
verified_only,gkf,38,7,ridge_physics9_cvplus,Sr3SbI3,1.31,0.17731,1.93047
verified_only,gkf,39,7,ridge_physics9_cvplus,Ba3AsI3,0.834,-0.14727,1.7426
verified_only,gkf,39,7,ridge_physics9_cvplus,Sr3AsI3,1.265,0.16006,1.94884
verified_only,gkf,39,7,ridge_physics9_cvplus,Ca3BiI3,1.36,0.09516,1.76065
verified_only,gkf,39,7,ridge_physics9_cvplus,Mg3BiI3,0.224,-0.03961,1.77824
verified_only,gkf,39,7,ridge_physics9_cvplus,Mg3PI3,0.377,0.45668,2.12217
verified_only,gkf,39,7,ridge_physics9_cvplus,Ca3SbBr3,1.782,0.60631,2.27179
verified_only,gkf,40,8,ridge_physics9_cvplus,Sr3AsI3,1.265,0.11087,1.87576
verified_only,gkf,40,8,ridge_physics9_cvplus,Mg3BiI3,0.224,0.11808,1.86399
verified_only,gkf,40,8,ridge_physics9_cvplus,Ca3PBr3,1.8846,0.43349,2.21742
verified_only,gkf,40,8,ridge_physics9_cvplus,Mg3PBr3,1.506,0.38027,2.12471
verified_only,gkf,40,8,ridge_physics9_cvplus,Mg3PCl3,2.297,0.60312,2.34755
verified_only,gkf,40,8,ridge_physics9_cvplus,Sr3PBr3,1.55,0.43934,2.23965
verified_only,gkf,40,8,ridge_physics9_cvplus,Sr3PCl3,1.677,0.66218,2.46959
verified_only,gkf,41,8,ridge_physics9_cvplus,Mg3AsBr3,1.2907,-0.35187,2.10827
verified_only,gkf,41,8,ridge_physics9_cvplus,Ca3BiI3,1.36,-0.0838,2.35084
verified_only,gkf,41,8,ridge_physics9_cvplus,Ca3PF3,2.518,-3.64815,3.64666
verified_only,gkf,41,8,ridge_physics9_cvplus,Ca3SbBr3,1.782,0.52978,2.96441
verified_only,gkf,41,8,ridge_physics9_cvplus,Ca3SbF3,2.19,-3.62449,3.05323
verified_only,gkf,41,8,ridge_physics9_cvplus,Mg3SbF3,3.184,-4.44214,2.81262
verified_only,gkf,42,8,ridge_physics9_cvplus,Sr3AsCl3,1.7,0.56625,2.84668
verified_only,gkf,42,8,ridge_physics9_cvplus,Ca3PCl3,2.035,0.78452,3.17647
verified_only,gkf,42,8,ridge_physics9_cvplus,Ba3SbBr3,1.1908,-0.13043,2.43676
verified_only,gkf,42,8,ridge_physics9_cvplus,Ba3SbI3,0.78,-0.68527,2.09185
verified_only,gkf,42,8,ridge_physics9_cvplus,Ca3SbCl3,1.814,0.73117,3.06587
verified_only,gkf,42,8,ridge_physics9_cvplus,Mg3SbBr3,0.9418,-0.17363,2.34573
verified_only,gkf,43,8,ridge_physics9_cvplus,Ba3AsCl3,0.959,0.77275,2.73858
verified_only,gkf,43,8,ridge_physics9_cvplus,Mg3BiBr3,0.9648,0.24644,2.40581
verified_only,gkf,43,8,ridge_physics9_cvplus,Ca3PI3,1.4909,0.20934,2.17516
verified_only,gkf,43,8,ridge_physics9_cvplus,Sr3PI3,1.258,0.21382,2.17965
verified_only,gkf,43,8,ridge_physics9_cvplus,Mg3SbCl3,1.7283,0.5441,2.64813
verified_only,gkf,43,8,ridge_physics9_cvplus,Sr3SbCl3,1.712,0.72989,2.69571
verified_only,gkf,44,8,ridge_physics9_cvplus,Ba3AsI3,0.834,0.27321,1.90651
verified_only,gkf,44,8,ridge_physics9_cvplus,Ca3AsBr3,1.634,0.61948,2.44271
verified_only,gkf,44,8,ridge_physics9_cvplus,Ca3AsF3,2.27,1.59693,3.42068
verified_only,gkf,44,8,ridge_physics9_cvplus,Mg3PI3,0.377,0.33368,2.25816
verified_only,gkf,44,8,ridge_physics9_cvplus,Mg3SbI3,0.1057,0.0477,2.08686
verified_only,gkf,44,8,ridge_physics9_cvplus,Sr3SbI3,1.31,0.02874,2.01512
verified_only,gkf,45,9,ridge_physics9_cvplus,Ca3AsF3,2.27,1.67575,3.598
verified_only,gkf,45,9,ridge_physics9_cvplus,Sr3PBr3,1.55,0.51274,2.45165
verified_only,gkf,45,9,ridge_physics9_cvplus,Sr3PI3,1.258,0.1369,1.98936
verified_only,gkf,45,9,ridge_physics9_cvplus,Ba3SbI3,0.78,0.17972,2.01195
verified_only,gkf,45,9,ridge_physics9_cvplus,Mg3SbBr3,0.9418,0.4461,2.42912
verified_only,gkf,45,9,ridge_physics9_cvplus,Mg3SbCl3,1.7283,0.67212,2.68509
verified_only,gkf,45,9,ridge_physics9_cvplus,Mg3SbI3,0.1057,0.02619,2.04433
verified_only,gkf,46,9,ridge_physics9_cvplus,Ca3AsBr3,1.634,0.17468,2.45243
verified_only,gkf,46,9,ridge_physics9_cvplus,Mg3AsBr3,1.2907,0.04923,2.4057
verified_only,gkf,46,9,ridge_physics9_cvplus,Ca3PCl3,2.035,0.79979,3.0633
verified_only,gkf,46,9,ridge_physics9_cvplus,Mg3PI3,0.377,0.06446,2.31432
verified_only,gkf,46,9,ridge_physics9_cvplus,Ca3SbBr3,1.782,0.23278,2.35089
verified_only,gkf,46,9,ridge_physics9_cvplus,Ca3SbCl3,1.814,0.58482,2.58832
verified_only,gkf,47,9,ridge_physics9_cvplus,Ba3AsI3,0.834,-0.24666,1.9518
verified_only,gkf,47,9,ridge_physics9_cvplus,Mg3BiBr3,0.9648,0.27196,2.38682
verified_only,gkf,47,9,ridge_physics9_cvplus,Mg3BiI3,0.224,-0.34795,2.08776
verified_only,gkf,47,9,ridge_physics9_cvplus,Mg3PCl3,2.297,0.34195,2.74668
verified_only,gkf,47,9,ridge_physics9_cvplus,Sr3PCl3,1.677,0.60384,2.79367
verified_only,gkf,47,9,ridge_physics9_cvplus,Ca3SbF3,2.19,1.85125,4.49006
verified_only,gkf,48,9,ridge_physics9_cvplus,Sr3AsI3,1.265,0.16567,2.00026
verified_only,gkf,48,9,ridge_physics9_cvplus,Ca3PF3,2.518,1.49909,3.4649
verified_only,gkf,48,9,ridge_physics9_cvplus,Ba3SbBr3,1.1908,0.30487,2.05489
verified_only,gkf,48,9,ridge_physics9_cvplus,Mg3SbF3,3.184,0.92675,2.73378
verified_only,gkf,48,9,ridge_physics9_cvplus,Sr3SbCl3,1.712,0.77202,2.47922
verified_only,gkf,48,9,ridge_physics9_cvplus,Sr3SbI3,1.31,0.17853,1.8586
verified_only,gkf,49,9,ridge_physics9_cvplus,Ba3AsCl3,0.959,0.81619,2.63111
verified_only,gkf,49,9,ridge_physics9_cvplus,Sr3AsCl3,1.7,0.83424,2.60782
verified_only,gkf,49,9,ridge_physics9_cvplus,Ca3BiI3,1.36,0.00176,1.77535
verified_only,gkf,49,9,ridge_physics9_cvplus,Ca3PBr3,1.8846,0.53372,2.46142
verified_only,gkf,49,9,ridge_physics9_cvplus,Ca3PI3,1.4909,0.09532,2.11923
verified_only,gkf,49,9,ridge_physics9_cvplus,Mg3PBr3,1.506,0.28692,2.49277
verified_only,gkf,0,0,mean_cvplus,Mg3BiBr3,0.9648,0.224,2.79233
verified_only,gkf,0,0,mean_cvplus,Ca3PCl3,2.035,0.224,2.79233
verified_only,gkf,0,0,mean_cvplus,Ca3PF3,2.518,0.224,2.79233
verified_only,gkf,0,0,mean_cvplus,Mg3PBr3,1.506,0.224,2.79233
verified_only,gkf,0,0,mean_cvplus,Sr3PCl3,1.677,0.224,2.79233
verified_only,gkf,0,0,mean_cvplus,Mg3SbI3,0.1057,0.224,2.79233
verified_only,gkf,0,0,mean_cvplus,Sr3SbCl3,1.712,0.224,2.79233
verified_only,gkf,1,0,mean_cvplus,Ba3AsCl3,0.959,0.1057,2.9317
verified_only,gkf,1,0,mean_cvplus,Ca3AsBr3,1.634,0.1057,2.9317
verified_only,gkf,1,0,mean_cvplus,Ca3AsF3,2.27,0.1057,2.9317
verified_only,gkf,1,0,mean_cvplus,Sr3AsCl3,1.7,0.1057,2.9317
verified_only,gkf,1,0,mean_cvplus,Mg3BiI3,0.224,0.1057,2.9317
verified_only,gkf,1,0,mean_cvplus,Ca3SbCl3,1.814,0.1057,2.9317
verified_only,gkf,2,0,mean_cvplus,Ba3AsI3,0.834,0.14381,2.61902
verified_only,gkf,2,0,mean_cvplus,Sr3AsI3,1.265,0.14381,2.61902
verified_only,gkf,2,0,mean_cvplus,Ba3SbBr3,1.1908,0.14381,2.61902
verified_only,gkf,2,0,mean_cvplus,Ca3SbBr3,1.782,0.14381,2.61902
verified_only,gkf,2,0,mean_cvplus,Ca3SbF3,2.19,0.14381,2.61902
verified_only,gkf,2,0,mean_cvplus,Mg3SbF3,3.184,0.14381,2.61902
verified_only,gkf,3,0,mean_cvplus,Mg3PCl3,2.297,0.1057,2.93337
verified_only,gkf,3,0,mean_cvplus,Sr3PBr3,1.55,0.1057,2.93337
verified_only,gkf,3,0,mean_cvplus,Ba3SbI3,0.78,0.1057,2.93337
verified_only,gkf,3,0,mean_cvplus,Mg3SbBr3,0.9418,0.1057,2.93337
verified_only,gkf,3,0,mean_cvplus,Mg3SbCl3,1.7283,0.1057,2.93337
verified_only,gkf,3,0,mean_cvplus,Sr3SbI3,1.31,0.1057,2.93337
verified_only,gkf,4,0,mean_cvplus,Mg3AsBr3,1.2907,0.1057,2.99927
verified_only,gkf,4,0,mean_cvplus,Ca3BiI3,1.36,0.1057,2.99927
verified_only,gkf,4,0,mean_cvplus,Ca3PBr3,1.8846,0.1057,2.99927
verified_only,gkf,4,0,mean_cvplus,Ca3PI3,1.4909,0.1057,2.99927
verified_only,gkf,4,0,mean_cvplus,Mg3PI3,0.377,0.1057,2.99927
verified_only,gkf,4,0,mean_cvplus,Sr3PI3,1.258,0.1057,2.99927
verified_only,gkf,5,1,mean_cvplus,Ba3AsCl3,0.959,0.1057,2.73622
verified_only,gkf,5,1,mean_cvplus,Ca3AsF3,2.27,0.1057,2.73622
verified_only,gkf,5,1,mean_cvplus,Ca3PBr3,1.8846,0.1057,2.73622
verified_only,gkf,5,1,mean_cvplus,Sr3PI3,1.258,0.1057,2.73622
verified_only,gkf,5,1,mean_cvplus,Ca3SbF3,2.19,0.1057,2.73622
verified_only,gkf,5,1,mean_cvplus,Mg3SbBr3,0.9418,0.1057,2.73622
verified_only,gkf,5,1,mean_cvplus,Mg3SbCl3,1.7283,0.1057,2.73622
verified_only,gkf,6,1,mean_cvplus,Sr3AsI3,1.265,0.377,2.87582
verified_only,gkf,6,1,mean_cvplus,Mg3BiI3,0.224,0.377,2.87582
verified_only,gkf,6,1,mean_cvplus,Ca3PI3,1.4909,0.377,2.87582
verified_only,gkf,6,1,mean_cvplus,Ca3SbCl3,1.814,0.377,2.87582
verified_only,gkf,6,1,mean_cvplus,Mg3SbI3,0.1057,0.377,2.87582
verified_only,gkf,6,1,mean_cvplus,Sr3SbI3,1.31,0.377,2.87582
verified_only,gkf,7,1,mean_cvplus,Ba3AsI3,0.834,0.1057,3.01529
verified_only,gkf,7,1,mean_cvplus,Sr3AsCl3,1.7,0.1057,3.01529
verified_only,gkf,7,1,mean_cvplus,Ca3BiI3,1.36,0.1057,3.01529
verified_only,gkf,7,1,mean_cvplus,Ca3PCl3,2.035,0.1057,3.01529
verified_only,gkf,7,1,mean_cvplus,Mg3PBr3,1.506,0.1057,3.01529
verified_only,gkf,7,1,mean_cvplus,Ba3SbI3,0.78,0.1057,3.01529
verified_only,gkf,8,1,mean_cvplus,Ca3AsBr3,1.634,0.224,2.70411
verified_only,gkf,8,1,mean_cvplus,Mg3PCl3,2.297,0.224,2.70411
verified_only,gkf,8,1,mean_cvplus,Mg3PI3,0.377,0.224,2.70411
verified_only,gkf,8,1,mean_cvplus,Ba3SbBr3,1.1908,0.224,2.70411
verified_only,gkf,8,1,mean_cvplus,Ca3SbBr3,1.782,0.224,2.70411
verified_only,gkf,8,1,mean_cvplus,Mg3SbF3,3.184,0.224,2.70411
verified_only,gkf,9,1,mean_cvplus,Mg3AsBr3,1.2907,0.1057,2.80043
verified_only,gkf,9,1,mean_cvplus,Mg3BiBr3,0.9648,0.1057,2.80043
verified_only,gkf,9,1,mean_cvplus,Ca3PF3,2.518,0.1057,2.80043
verified_only,gkf,9,1,mean_cvplus,Sr3PBr3,1.55,0.1057,2.80043
verified_only,gkf,9,1,mean_cvplus,Sr3PCl3,1.677,0.1057,2.80043
verified_only,gkf,9,1,mean_cvplus,Sr3SbCl3,1.712,0.1057,2.80043
verified_only,gkf,10,2,mean_cvplus,Ba3AsCl3,0.959,0.1057,2.97696
verified_only,gkf,10,2,mean_cvplus,Ca3AsBr3,1.634,0.1057,2.97696
verified_only,gkf,10,2,mean_cvplus,Sr3AsI3,1.265,0.1057,2.97696
verified_only,gkf,10,2,mean_cvplus,Ca3PCl3,2.035,0.1057,2.97696
verified_only,gkf,10,2,mean_cvplus,Ca3PI3,1.4909,0.1057,2.97696
verified_only,gkf,10,2,mean_cvplus,Mg3SbBr3,0.9418,0.1057,2.97696
verified_only,gkf,10,2,mean_cvplus,Sr3SbI3,1.31,0.1057,2.97696
verified_only,gkf,11,2,mean_cvplus,Sr3AsCl3,1.7,0.224,3.16793
verified_only,gkf,11,2,mean_cvplus,Mg3BiBr3,0.9648,0.224,3.16793
verified_only,gkf,11,2,mean_cvplus,Mg3PCl3,2.297,0.224,3.16793
verified_only,gkf,11,2,mean_cvplus,Sr3PBr3,1.55,0.224,3.16793
verified_only,gkf,11,2,mean_cvplus,Mg3SbI3,0.1057,0.224,3.16793
verified_only,gkf,11,2,mean_cvplus,Sr3SbCl3,1.712,0.224,3.16793
verified_only,gkf,12,2,mean_cvplus,Ba3AsI3,0.834,0.1057,2.84547
verified_only,gkf,12,2,mean_cvplus,Ca3AsF3,2.27,0.1057,2.84547
verified_only,gkf,12,2,mean_cvplus,Ca3PF3,2.518,0.1057,2.84547
verified_only,gkf,12,2,mean_cvplus,Mg3PI3,0.377,0.1057,2.84547
verified_only,gkf,12,2,mean_cvplus,Ca3SbCl3,1.814,0.1057,2.84547
verified_only,gkf,12,2,mean_cvplus,Mg3SbCl3,1.7283,0.1057,2.84547
verified_only,gkf,13,2,mean_cvplus,Mg3BiI3,0.224,0.26648,2.65549
verified_only,gkf,13,2,mean_cvplus,Mg3PBr3,1.506,0.26648,2.65549
verified_only,gkf,13,2,mean_cvplus,Sr3PCl3,1.677,0.26648,2.65549
verified_only,gkf,13,2,mean_cvplus,Ba3SbI3,0.78,0.26648,2.65549
verified_only,gkf,13,2,mean_cvplus,Ca3SbF3,2.19,0.26648,2.65549
verified_only,gkf,13,2,mean_cvplus,Mg3SbF3,3.184,0.26648,2.65549
verified_only,gkf,14,2,mean_cvplus,Mg3AsBr3,1.2907,0.1057,2.91655
verified_only,gkf,14,2,mean_cvplus,Ca3BiI3,1.36,0.1057,2.91655
verified_only,gkf,14,2,mean_cvplus,Ca3PBr3,1.8846,0.1057,2.91655
verified_only,gkf,14,2,mean_cvplus,Sr3PI3,1.258,0.1057,2.91655
verified_only,gkf,14,2,mean_cvplus,Ba3SbBr3,1.1908,0.1057,2.91655
verified_only,gkf,14,2,mean_cvplus,Ca3SbBr3,1.782,0.1057,2.91655
verified_only,gkf,15,3,mean_cvplus,Ba3AsI3,0.834,0.1057,2.80187
verified_only,gkf,15,3,mean_cvplus,Ca3AsBr3,1.634,0.1057,2.80187
verified_only,gkf,15,3,mean_cvplus,Ca3AsF3,2.27,0.1057,2.80187
verified_only,gkf,15,3,mean_cvplus,Sr3AsI3,1.265,0.1057,2.80187
verified_only,gkf,15,3,mean_cvplus,Ca3PF3,2.518,0.1057,2.80187
verified_only,gkf,15,3,mean_cvplus,Mg3PCl3,2.297,0.1057,2.80187
verified_only,gkf,15,3,mean_cvplus,Ba3SbI3,0.78,0.1057,2.80187
verified_only,gkf,16,3,mean_cvplus,Mg3BiI3,0.224,0.1057,2.82517
verified_only,gkf,16,3,mean_cvplus,Ca3PI3,1.4909,0.1057,2.82517
verified_only,gkf,16,3,mean_cvplus,Sr3PCl3,1.677,0.1057,2.82517
verified_only,gkf,16,3,mean_cvplus,Ba3SbBr3,1.1908,0.1057,2.82517
verified_only,gkf,16,3,mean_cvplus,Ca3SbF3,2.19,0.1057,2.82517
verified_only,gkf,16,3,mean_cvplus,Sr3SbCl3,1.712,0.1057,2.82517
verified_only,gkf,17,3,mean_cvplus,Ca3BiI3,1.36,0.152,2.83955
verified_only,gkf,17,3,mean_cvplus,Ca3PBr3,1.8846,0.152,2.83955
verified_only,gkf,17,3,mean_cvplus,Mg3PI3,0.377,0.152,2.83955
verified_only,gkf,17,3,mean_cvplus,Ca3SbBr3,1.782,0.152,2.83955
verified_only,gkf,17,3,mean_cvplus,Mg3SbCl3,1.7283,0.152,2.83955
verified_only,gkf,17,3,mean_cvplus,Mg3SbF3,3.184,0.152,2.83955
verified_only,gkf,18,3,mean_cvplus,Ba3AsCl3,0.959,0.224,2.8462
verified_only,gkf,18,3,mean_cvplus,Sr3AsCl3,1.7,0.224,2.8462
verified_only,gkf,18,3,mean_cvplus,Ca3PCl3,2.035,0.224,2.8462
verified_only,gkf,18,3,mean_cvplus,Sr3PBr3,1.55,0.224,2.8462
verified_only,gkf,18,3,mean_cvplus,Sr3PI3,1.258,0.224,2.8462
verified_only,gkf,18,3,mean_cvplus,Mg3SbI3,0.1057,0.224,2.8462
verified_only,gkf,19,3,mean_cvplus,Mg3AsBr3,1.2907,0.1057,3.184
verified_only,gkf,19,3,mean_cvplus,Mg3BiBr3,0.9648,0.1057,3.184
verified_only,gkf,19,3,mean_cvplus,Mg3PBr3,1.506,0.1057,3.184
verified_only,gkf,19,3,mean_cvplus,Ca3SbCl3,1.814,0.1057,3.184
verified_only,gkf,19,3,mean_cvplus,Mg3SbBr3,0.9418,0.1057,3.184
verified_only,gkf,19,3,mean_cvplus,Sr3SbI3,1.31,0.1057,3.184
verified_only,gkf,20,4,mean_cvplus,Ca3AsF3,2.27,0.1057,2.8937
verified_only,gkf,20,4,mean_cvplus,Sr3AsCl3,1.7,0.1057,2.8937
verified_only,gkf,20,4,mean_cvplus,Ca3PI3,1.4909,0.1057,2.8937
verified_only,gkf,20,4,mean_cvplus,Mg3PCl3,2.297,0.1057,2.8937
verified_only,gkf,20,4,mean_cvplus,Mg3PI3,0.377,0.1057,2.8937
verified_only,gkf,20,4,mean_cvplus,Ba3SbI3,0.78,0.1057,2.8937
verified_only,gkf,20,4,mean_cvplus,Ca3SbCl3,1.814,0.1057,2.8937
verified_only,gkf,21,4,mean_cvplus,Mg3AsBr3,1.2907,0.377,2.47653
verified_only,gkf,21,4,mean_cvplus,Mg3BiI3,0.224,0.377,2.47653
verified_only,gkf,21,4,mean_cvplus,Ca3PF3,2.518,0.377,2.47653
verified_only,gkf,21,4,mean_cvplus,Sr3PI3,1.258,0.377,2.47653
verified_only,gkf,21,4,mean_cvplus,Mg3SbF3,3.184,0.377,2.47653
verified_only,gkf,21,4,mean_cvplus,Sr3SbCl3,1.712,0.377,2.47653
verified_only,gkf,22,4,mean_cvplus,Mg3PBr3,1.506,0.224,3.09868
verified_only,gkf,22,4,mean_cvplus,Sr3PBr3,1.55,0.224,3.09868
verified_only,gkf,22,4,mean_cvplus,Ca3SbF3,2.19,0.224,3.09868
verified_only,gkf,22,4,mean_cvplus,Mg3SbBr3,0.9418,0.224,3.09868
verified_only,gkf,22,4,mean_cvplus,Mg3SbCl3,1.7283,0.224,3.09868
verified_only,gkf,22,4,mean_cvplus,Mg3SbI3,0.1057,0.224,3.09868
verified_only,gkf,23,4,mean_cvplus,Ba3AsCl3,0.959,0.1057,3.11103
verified_only,gkf,23,4,mean_cvplus,Ba3AsI3,0.834,0.1057,3.11103
verified_only,gkf,23,4,mean_cvplus,Ca3AsBr3,1.634,0.1057,3.11103
verified_only,gkf,23,4,mean_cvplus,Sr3AsI3,1.265,0.1057,3.11103
verified_only,gkf,23,4,mean_cvplus,Mg3BiBr3,0.9648,0.1057,3.11103
verified_only,gkf,23,4,mean_cvplus,Ba3SbBr3,1.1908,0.1057,3.11103
verified_only,gkf,24,4,mean_cvplus,Ca3BiI3,1.36,0.1057,2.97813
verified_only,gkf,24,4,mean_cvplus,Ca3PBr3,1.8846,0.1057,2.97813
verified_only,gkf,24,4,mean_cvplus,Ca3PCl3,2.035,0.1057,2.97813
verified_only,gkf,24,4,mean_cvplus,Sr3PCl3,1.677,0.1057,2.97813
verified_only,gkf,24,4,mean_cvplus,Ca3SbBr3,1.782,0.1057,2.97813
verified_only,gkf,24,4,mean_cvplus,Sr3SbI3,1.31,0.1057,2.97813
verified_only,gkf,25,5,mean_cvplus,Ba3AsCl3,0.959,-0.05232,3.06632
verified_only,gkf,25,5,mean_cvplus,Sr3AsCl3,1.7,-0.05232,3.06632
verified_only,gkf,25,5,mean_cvplus,Sr3AsI3,1.265,-0.05232,3.06632
verified_only,gkf,25,5,mean_cvplus,Ca3PBr3,1.8846,-0.05232,3.06632
verified_only,gkf,25,5,mean_cvplus,Mg3PBr3,1.506,-0.05232,3.06632
verified_only,gkf,25,5,mean_cvplus,Ca3SbBr3,1.782,-0.05232,3.06632
verified_only,gkf,25,5,mean_cvplus,Ca3SbF3,2.19,-0.05232,3.06632
verified_only,gkf,26,5,mean_cvplus,Ba3AsI3,0.834,0.1315,2.74828
verified_only,gkf,26,5,mean_cvplus,Ca3AsF3,2.27,0.1315,2.74828
verified_only,gkf,26,5,mean_cvplus,Ca3PCl3,2.035,0.1315,2.74828
verified_only,gkf,26,5,mean_cvplus,Ba3SbBr3,1.1908,0.1315,2.74828
verified_only,gkf,26,5,mean_cvplus,Mg3SbF3,3.184,0.1315,2.74828
verified_only,gkf,26,5,mean_cvplus,Sr3SbI3,1.31,0.1315,2.74828
verified_only,gkf,27,5,mean_cvplus,Mg3BiBr3,0.9648,0.224,3.02801
verified_only,gkf,27,5,mean_cvplus,Ca3PI3,1.4909,0.224,3.02801
verified_only,gkf,27,5,mean_cvplus,Mg3SbBr3,0.9418,0.224,3.02801
verified_only,gkf,27,5,mean_cvplus,Mg3SbCl3,1.7283,0.224,3.02801
verified_only,gkf,27,5,mean_cvplus,Mg3SbI3,0.1057,0.224,3.02801
verified_only,gkf,27,5,mean_cvplus,Sr3SbCl3,1.712,0.224,3.02801
verified_only,gkf,28,5,mean_cvplus,Ca3AsBr3,1.634,0.1057,3.184
verified_only,gkf,28,5,mean_cvplus,Mg3AsBr3,1.2907,0.1057,3.184
verified_only,gkf,28,5,mean_cvplus,Mg3PI3,0.377,0.1057,3.184
verified_only,gkf,28,5,mean_cvplus,Sr3PBr3,1.55,0.1057,3.184
verified_only,gkf,28,5,mean_cvplus,Sr3PI3,1.258,0.1057,3.184
verified_only,gkf,28,5,mean_cvplus,Ba3SbI3,0.78,0.1057,3.184
verified_only,gkf,29,5,mean_cvplus,Ca3BiI3,1.36,0.1057,2.8634
verified_only,gkf,29,5,mean_cvplus,Mg3BiI3,0.224,0.1057,2.8634
verified_only,gkf,29,5,mean_cvplus,Ca3PF3,2.518,0.1057,2.8634
verified_only,gkf,29,5,mean_cvplus,Mg3PCl3,2.297,0.1057,2.8634
verified_only,gkf,29,5,mean_cvplus,Sr3PCl3,1.677,0.1057,2.8634
verified_only,gkf,29,5,mean_cvplus,Ca3SbCl3,1.814,0.1057,2.8634
verified_only,gkf,30,6,mean_cvplus,Ba3AsI3,0.834,0.1057,3.02095
verified_only,gkf,30,6,mean_cvplus,Mg3AsBr3,1.2907,0.1057,3.02095
verified_only,gkf,30,6,mean_cvplus,Mg3BiBr3,0.9648,0.1057,3.02095
verified_only,gkf,30,6,mean_cvplus,Mg3PBr3,1.506,0.1057,3.02095
verified_only,gkf,30,6,mean_cvplus,Ba3SbI3,0.78,0.1057,3.02095
verified_only,gkf,30,6,mean_cvplus,Ca3SbBr3,1.782,0.1057,3.02095
verified_only,gkf,30,6,mean_cvplus,Mg3SbCl3,1.7283,0.1057,3.02095
verified_only,gkf,31,6,mean_cvplus,Ca3AsBr3,1.634,0.377,2.74924
verified_only,gkf,31,6,mean_cvplus,Mg3BiI3,0.224,0.377,2.74924
verified_only,gkf,31,6,mean_cvplus,Ca3PF3,2.518,0.377,2.74924
verified_only,gkf,31,6,mean_cvplus,Mg3PCl3,2.297,0.377,2.74924
verified_only,gkf,31,6,mean_cvplus,Sr3PI3,1.258,0.377,2.74924
verified_only,gkf,31,6,mean_cvplus,Mg3SbI3,0.1057,0.377,2.74924
verified_only,gkf,32,6,mean_cvplus,Ca3AsF3,2.27,0.03939,2.9016
verified_only,gkf,32,6,mean_cvplus,Ca3PBr3,1.8846,0.03939,2.9016
verified_only,gkf,32,6,mean_cvplus,Ca3SbF3,2.19,0.03939,2.9016
verified_only,gkf,32,6,mean_cvplus,Mg3SbBr3,0.9418,0.03939,2.9016
verified_only,gkf,32,6,mean_cvplus,Sr3SbCl3,1.712,0.03939,2.9016
verified_only,gkf,32,6,mean_cvplus,Sr3SbI3,1.31,0.03939,2.9016
verified_only,gkf,33,6,mean_cvplus,Ba3AsCl3,0.959,0.1057,2.98161
verified_only,gkf,33,6,mean_cvplus,Ca3PCl3,2.035,0.1057,2.98161
verified_only,gkf,33,6,mean_cvplus,Mg3PI3,0.377,0.1057,2.98161
verified_only,gkf,33,6,mean_cvplus,Sr3PBr3,1.55,0.1057,2.98161
verified_only,gkf,33,6,mean_cvplus,Ba3SbBr3,1.1908,0.1057,2.98161
verified_only,gkf,33,6,mean_cvplus,Ca3SbCl3,1.814,0.1057,2.98161
verified_only,gkf,34,6,mean_cvplus,Sr3AsCl3,1.7,0.21612,2.58713
verified_only,gkf,34,6,mean_cvplus,Sr3AsI3,1.265,0.21612,2.58713
verified_only,gkf,34,6,mean_cvplus,Ca3BiI3,1.36,0.21612,2.58713
verified_only,gkf,34,6,mean_cvplus,Ca3PI3,1.4909,0.21612,2.58713
verified_only,gkf,34,6,mean_cvplus,Sr3PCl3,1.677,0.21612,2.58713
verified_only,gkf,34,6,mean_cvplus,Mg3SbF3,3.184,0.21612,2.58713
verified_only,gkf,35,7,mean_cvplus,Ca3PCl3,2.035,0.1057,2.75457
verified_only,gkf,35,7,mean_cvplus,Ca3PI3,1.4909,0.1057,2.75457
verified_only,gkf,35,7,mean_cvplus,Sr3PBr3,1.55,0.1057,2.75457
verified_only,gkf,35,7,mean_cvplus,Sr3PCl3,1.677,0.1057,2.75457
verified_only,gkf,35,7,mean_cvplus,Ba3SbI3,0.78,0.1057,2.75457
verified_only,gkf,35,7,mean_cvplus,Ca3SbCl3,1.814,0.1057,2.75457
verified_only,gkf,35,7,mean_cvplus,Ca3SbF3,2.19,0.1057,2.75457
verified_only,gkf,36,7,mean_cvplus,Ca3AsF3,2.27,0.1057,2.77805
verified_only,gkf,36,7,mean_cvplus,Sr3AsCl3,1.7,0.1057,2.77805
verified_only,gkf,36,7,mean_cvplus,Ca3PBr3,1.8846,0.1057,2.77805
verified_only,gkf,36,7,mean_cvplus,Ca3PF3,2.518,0.1057,2.77805
verified_only,gkf,36,7,mean_cvplus,Mg3PBr3,1.506,0.1057,2.77805
verified_only,gkf,36,7,mean_cvplus,Sr3PI3,1.258,0.1057,2.77805
verified_only,gkf,37,7,mean_cvplus,Ba3AsCl3,0.959,0.1685,2.82434
verified_only,gkf,37,7,mean_cvplus,Mg3AsBr3,1.2907,0.1685,2.82434
verified_only,gkf,37,7,mean_cvplus,Mg3BiBr3,0.9648,0.1685,2.82434
verified_only,gkf,37,7,mean_cvplus,Mg3PCl3,2.297,0.1685,2.82434
verified_only,gkf,37,7,mean_cvplus,Mg3SbF3,3.184,0.1685,2.82434
verified_only,gkf,37,7,mean_cvplus,Sr3SbCl3,1.712,0.1685,2.82434
verified_only,gkf,38,7,mean_cvplus,Ca3AsBr3,1.634,0.224,2.903
verified_only,gkf,38,7,mean_cvplus,Ba3SbBr3,1.1908,0.224,2.903
verified_only,gkf,38,7,mean_cvplus,Mg3SbBr3,0.9418,0.224,2.903
verified_only,gkf,38,7,mean_cvplus,Mg3SbCl3,1.7283,0.224,2.903
verified_only,gkf,38,7,mean_cvplus,Mg3SbI3,0.1057,0.224,2.903
verified_only,gkf,38,7,mean_cvplus,Sr3SbI3,1.31,0.224,2.903
verified_only,gkf,39,7,mean_cvplus,Ba3AsI3,0.834,0.1057,3.04329
verified_only,gkf,39,7,mean_cvplus,Sr3AsI3,1.265,0.1057,3.04329
verified_only,gkf,39,7,mean_cvplus,Ca3BiI3,1.36,0.1057,3.04329
verified_only,gkf,39,7,mean_cvplus,Mg3BiI3,0.224,0.1057,3.04329
verified_only,gkf,39,7,mean_cvplus,Mg3PI3,0.377,0.1057,3.04329
verified_only,gkf,39,7,mean_cvplus,Ca3SbBr3,1.782,0.1057,3.04329
verified_only,gkf,40,8,mean_cvplus,Sr3AsI3,1.265,0.1057,2.85655
verified_only,gkf,40,8,mean_cvplus,Mg3BiI3,0.224,0.1057,2.85655
verified_only,gkf,40,8,mean_cvplus,Ca3PBr3,1.8846,0.1057,2.85655
verified_only,gkf,40,8,mean_cvplus,Mg3PBr3,1.506,0.1057,2.85655
verified_only,gkf,40,8,mean_cvplus,Mg3PCl3,2.297,0.1057,2.85655
verified_only,gkf,40,8,mean_cvplus,Sr3PBr3,1.55,0.1057,2.85655
verified_only,gkf,40,8,mean_cvplus,Sr3PCl3,1.677,0.1057,2.85655
verified_only,gkf,41,8,mean_cvplus,Mg3AsBr3,1.2907,0.1094,2.73494
verified_only,gkf,41,8,mean_cvplus,Ca3BiI3,1.36,0.1094,2.73494
verified_only,gkf,41,8,mean_cvplus,Ca3PF3,2.518,0.1094,2.73494
verified_only,gkf,41,8,mean_cvplus,Ca3SbBr3,1.782,0.1094,2.73494
verified_only,gkf,41,8,mean_cvplus,Ca3SbF3,2.19,0.1094,2.73494
verified_only,gkf,41,8,mean_cvplus,Mg3SbF3,3.184,0.1094,2.73494
verified_only,gkf,42,8,mean_cvplus,Sr3AsCl3,1.7,0.1057,2.92644
verified_only,gkf,42,8,mean_cvplus,Ca3PCl3,2.035,0.1057,2.92644
verified_only,gkf,42,8,mean_cvplus,Ba3SbBr3,1.1908,0.1057,2.92644
verified_only,gkf,42,8,mean_cvplus,Ba3SbI3,0.78,0.1057,2.92644
verified_only,gkf,42,8,mean_cvplus,Ca3SbCl3,1.814,0.1057,2.92644
verified_only,gkf,42,8,mean_cvplus,Mg3SbBr3,0.9418,0.1057,2.92644
verified_only,gkf,43,8,mean_cvplus,Ba3AsCl3,0.959,0.1057,3.14159
verified_only,gkf,43,8,mean_cvplus,Mg3BiBr3,0.9648,0.1057,3.14159
verified_only,gkf,43,8,mean_cvplus,Ca3PI3,1.4909,0.1057,3.14159
verified_only,gkf,43,8,mean_cvplus,Sr3PI3,1.258,0.1057,3.14159
verified_only,gkf,43,8,mean_cvplus,Mg3SbCl3,1.7283,0.1057,3.14159
verified_only,gkf,43,8,mean_cvplus,Sr3SbCl3,1.712,0.1057,3.14159
verified_only,gkf,44,8,mean_cvplus,Ba3AsI3,0.834,0.224,3.04571
verified_only,gkf,44,8,mean_cvplus,Ca3AsBr3,1.634,0.224,3.04571
verified_only,gkf,44,8,mean_cvplus,Ca3AsF3,2.27,0.224,3.04571
verified_only,gkf,44,8,mean_cvplus,Mg3PI3,0.377,0.224,3.04571
verified_only,gkf,44,8,mean_cvplus,Mg3SbI3,0.1057,0.224,3.04571
verified_only,gkf,44,8,mean_cvplus,Sr3SbI3,1.31,0.224,3.04571
verified_only,gkf,45,9,mean_cvplus,Ca3AsF3,2.27,0.224,2.91778
verified_only,gkf,45,9,mean_cvplus,Sr3PBr3,1.55,0.224,2.91778
verified_only,gkf,45,9,mean_cvplus,Sr3PI3,1.258,0.224,2.91778
verified_only,gkf,45,9,mean_cvplus,Ba3SbI3,0.78,0.224,2.91778
verified_only,gkf,45,9,mean_cvplus,Mg3SbBr3,0.9418,0.224,2.91778
verified_only,gkf,45,9,mean_cvplus,Mg3SbCl3,1.7283,0.224,2.91778
verified_only,gkf,45,9,mean_cvplus,Mg3SbI3,0.1057,0.224,2.91778
verified_only,gkf,46,9,mean_cvplus,Ca3AsBr3,1.634,0.1057,3.07761
verified_only,gkf,46,9,mean_cvplus,Mg3AsBr3,1.2907,0.1057,3.07761
verified_only,gkf,46,9,mean_cvplus,Ca3PCl3,2.035,0.1057,3.07761
verified_only,gkf,46,9,mean_cvplus,Mg3PI3,0.377,0.1057,3.07761
verified_only,gkf,46,9,mean_cvplus,Ca3SbBr3,1.782,0.1057,3.07761
verified_only,gkf,46,9,mean_cvplus,Ca3SbCl3,1.814,0.1057,3.07761
verified_only,gkf,47,9,mean_cvplus,Ba3AsI3,0.834,0.1057,3.03633
verified_only,gkf,47,9,mean_cvplus,Mg3BiBr3,0.9648,0.1057,3.03633
verified_only,gkf,47,9,mean_cvplus,Mg3BiI3,0.224,0.1057,3.03633
verified_only,gkf,47,9,mean_cvplus,Mg3PCl3,2.297,0.1057,3.03633
verified_only,gkf,47,9,mean_cvplus,Sr3PCl3,1.677,0.1057,3.03633
verified_only,gkf,47,9,mean_cvplus,Ca3SbF3,2.19,0.1057,3.03633
verified_only,gkf,48,9,mean_cvplus,Sr3AsI3,1.265,0.224,2.79011
verified_only,gkf,48,9,mean_cvplus,Ca3PF3,2.518,0.224,2.79011
verified_only,gkf,48,9,mean_cvplus,Ba3SbBr3,1.1908,0.224,2.79011
verified_only,gkf,48,9,mean_cvplus,Mg3SbF3,3.184,0.224,2.79011
verified_only,gkf,48,9,mean_cvplus,Sr3SbCl3,1.712,0.224,2.79011
verified_only,gkf,48,9,mean_cvplus,Sr3SbI3,1.31,0.224,2.79011
verified_only,gkf,49,9,mean_cvplus,Ba3AsCl3,0.959,0.1057,3.12427
verified_only,gkf,49,9,mean_cvplus,Sr3AsCl3,1.7,0.1057,3.12427
verified_only,gkf,49,9,mean_cvplus,Ca3BiI3,1.36,0.1057,3.12427
verified_only,gkf,49,9,mean_cvplus,Ca3PBr3,1.8846,0.1057,3.12427
verified_only,gkf,49,9,mean_cvplus,Ca3PI3,1.4909,0.1057,3.12427
verified_only,gkf,49,9,mean_cvplus,Mg3PBr3,1.506,0.1057,3.12427
verified_only,loo,0,0,gpr_sigma,Ba3AsCl3,0.959,1.05855,1.53637
verified_only,loo,1,0,gpr_sigma,Ba3AsI3,0.834,0.40885,0.8704
verified_only,loo,2,0,gpr_sigma,Ba3SbBr3,1.1908,0.72536,1.15199
verified_only,loo,3,0,gpr_sigma,Ba3SbI3,0.78,0.86984,1.24489
verified_only,loo,4,0,gpr_sigma,Ca3AsBr3,1.634,1.79437,1.9442
verified_only,loo,5,0,gpr_sigma,Ca3AsF3,2.27,2.23564,2.54066
verified_only,loo,6,0,gpr_sigma,Ca3BiI3,1.36,1.15559,1.64123
verified_only,loo,7,0,gpr_sigma,Ca3PBr3,1.8846,1.63393,1.92503
verified_only,loo,8,0,gpr_sigma,Ca3PCl3,2.035,1.82858,2.18515
verified_only,loo,9,0,gpr_sigma,Ca3PF3,2.518,2.11347,2.54856
verified_only,loo,10,0,gpr_sigma,Ca3PI3,1.4909,1.164,1.56474
verified_only,loo,11,0,gpr_sigma,Ca3SbBr3,1.782,1.49212,1.78515
verified_only,loo,12,0,gpr_sigma,Ca3SbCl3,1.814,1.76371,2.10524
verified_only,loo,13,0,gpr_sigma,Ca3SbF3,2.19,1.74429,2.36803
verified_only,loo,14,0,gpr_sigma,Mg3AsBr3,1.2907,1.12115,1.44379
verified_only,loo,15,0,gpr_sigma,Mg3BiBr3,0.9648,0.75741,1.09849
verified_only,loo,16,0,gpr_sigma,Mg3BiI3,0.224,-0.16087,0.20185
verified_only,loo,17,0,gpr_sigma,Mg3PBr3,1.506,1.31086,1.64452
verified_only,loo,18,0,gpr_sigma,Mg3PCl3,2.297,1.84174,2.27445
verified_only,loo,19,0,gpr_sigma,Mg3PI3,0.377,0.20906,0.82122
verified_only,loo,20,0,gpr_sigma,Mg3SbBr3,0.9418,0.93351,1.21781
verified_only,loo,21,0,gpr_sigma,Mg3SbCl3,1.7283,1.43519,1.78271
verified_only,loo,22,0,gpr_sigma,Mg3SbF3,3.184,2.3298,4.02244
verified_only,loo,23,0,gpr_sigma,Mg3SbI3,0.1057,0.05145,0.36873
verified_only,loo,24,0,gpr_sigma,Sr3AsCl3,1.7,1.35257,1.53671
verified_only,loo,25,0,gpr_sigma,Sr3AsI3,1.265,1.10305,1.41401
verified_only,loo,26,0,gpr_sigma,Sr3PBr3,1.55,1.41462,1.74399
verified_only,loo,27,0,gpr_sigma,Sr3PCl3,1.677,1.54466,1.86287
verified_only,loo,28,0,gpr_sigma,Sr3PI3,1.258,1.17455,1.49305
verified_only,loo,29,0,gpr_sigma,Sr3SbCl3,1.712,1.47814,1.83778
verified_only,loo,30,0,gpr_sigma,Sr3SbI3,1.31,1.09215,1.42655
verified_only,loo,0,0,gpr_sigma_scaled,Ba3AsCl3,0.959,0.95724,1.63768
verified_only,loo,1,0,gpr_sigma_scaled,Ba3AsI3,0.834,-0.24929,1.52853
verified_only,loo,2,0,gpr_sigma_scaled,Ba3SbBr3,1.1908,0.45883,1.41851
verified_only,loo,3,0,gpr_sigma_scaled,Ba3SbI3,0.78,0.72189,1.39284
verified_only,loo,4,0,gpr_sigma_scaled,Ca3AsBr3,1.634,1.76668,1.97189
verified_only,loo,5,0,gpr_sigma_scaled,Ca3AsF3,2.27,2.09928,2.67702
verified_only,loo,6,0,gpr_sigma_scaled,Ca3BiI3,1.36,1.07626,1.72055
verified_only,loo,7,0,gpr_sigma_scaled,Ca3PBr3,1.8846,1.31866,2.2403
verified_only,loo,8,0,gpr_sigma_scaled,Ca3PCl3,2.035,1.71651,2.29722
verified_only,loo,9,0,gpr_sigma_scaled,Ca3PF3,2.518,1.99117,2.67087
verified_only,loo,10,0,gpr_sigma_scaled,Ca3PI3,1.4909,1.02079,1.70795
verified_only,loo,11,0,gpr_sigma_scaled,Ca3SbBr3,1.782,1.41293,1.86435
verified_only,loo,12,0,gpr_sigma_scaled,Ca3SbCl3,1.814,1.7178,2.15115
verified_only,loo,13,0,gpr_sigma_scaled,Ca3SbF3,2.19,1.54758,2.56474
verified_only,loo,14,0,gpr_sigma_scaled,Mg3AsBr3,1.2907,1.06978,1.49516
verified_only,loo,15,0,gpr_sigma_scaled,Mg3BiBr3,0.9648,0.65167,1.20423
verified_only,loo,16,0,gpr_sigma_scaled,Mg3BiI3,0.224,-0.35823,0.39921
verified_only,loo,17,0,gpr_sigma_scaled,Mg3PBr3,1.506,0.87378,2.0816
verified_only,loo,18,0,gpr_sigma_scaled,Mg3PCl3,2.297,1.18297,2.93322
verified_only,loo,19,0,gpr_sigma_scaled,Mg3PI3,0.377,0.14762,0.88265
verified_only,loo,20,0,gpr_sigma_scaled,Mg3SbBr3,0.9418,0.8193,1.33202
verified_only,loo,21,0,gpr_sigma_scaled,Mg3SbCl3,1.7283,1.39627,1.82163
verified_only,loo,22,0,gpr_sigma_scaled,Mg3SbF3,3.184,2.2098,4.14245
verified_only,loo,23,0,gpr_sigma_scaled,Mg3SbI3,0.1057,0.0038,0.41638
verified_only,loo,24,0,gpr_sigma_scaled,Sr3AsCl3,1.7,1.27704,1.61224
verified_only,loo,25,0,gpr_sigma_scaled,Sr3AsI3,1.265,1.03196,1.4851
verified_only,loo,26,0,gpr_sigma_scaled,Sr3PBr3,1.55,1.35343,1.80518
verified_only,loo,27,0,gpr_sigma_scaled,Sr3PCl3,1.677,1.48465,1.92287
verified_only,loo,28,0,gpr_sigma_scaled,Sr3PI3,1.258,1.13785,1.52975
verified_only,loo,29,0,gpr_sigma_scaled,Sr3SbCl3,1.712,1.42136,1.89456
verified_only,loo,30,0,gpr_sigma_scaled,Sr3SbI3,1.31,0.79916,1.71954
verified_only,loo,0,0,gpr_physics9_cvplus,Ba3AsCl3,0.959,1.06907,1.6774
verified_only,loo,1,0,gpr_physics9_cvplus,Ba3AsI3,0.834,0.33836,1.2688
verified_only,loo,2,0,gpr_physics9_cvplus,Ba3SbBr3,1.1908,0.76658,1.58708
verified_only,loo,3,0,gpr_physics9_cvplus,Ba3SbI3,0.78,0.7849,1.25415
verified_only,loo,4,0,gpr_physics9_cvplus,Ca3AsBr3,1.634,1.51606,2.1664
verified_only,loo,5,0,gpr_physics9_cvplus,Ca3AsF3,2.27,1.95305,2.75592
verified_only,loo,6,0,gpr_physics9_cvplus,Ca3BiI3,1.36,1.01744,1.73416
verified_only,loo,7,0,gpr_physics9_cvplus,Ca3PBr3,1.8846,1.38527,2.08946
verified_only,loo,8,0,gpr_physics9_cvplus,Ca3PCl3,2.035,1.72517,2.30067
verified_only,loo,9,0,gpr_physics9_cvplus,Ca3PF3,2.518,1.96513,2.58717
verified_only,loo,10,0,gpr_physics9_cvplus,Ca3PI3,1.4909,1.00109,1.70505
verified_only,loo,11,0,gpr_physics9_cvplus,Ca3SbBr3,1.782,1.3021,1.94669
verified_only,loo,12,0,gpr_physics9_cvplus,Ca3SbCl3,1.814,1.69584,2.24871
verified_only,loo,13,0,gpr_physics9_cvplus,Ca3SbF3,2.19,1.73227,2.6798
verified_only,loo,14,0,gpr_physics9_cvplus,Mg3AsBr3,1.2907,1.00168,1.58092
verified_only,loo,15,0,gpr_physics9_cvplus,Mg3BiBr3,0.9648,0.55042,1.53538
verified_only,loo,16,0,gpr_physics9_cvplus,Mg3BiI3,0.224,-0.24693,0.44884
verified_only,loo,17,0,gpr_physics9_cvplus,Mg3PBr3,1.506,0.85891,1.76843
verified_only,loo,18,0,gpr_physics9_cvplus,Mg3PCl3,2.297,1.67435,2.44856
verified_only,loo,19,0,gpr_physics9_cvplus,Mg3PI3,0.377,0.29283,0.83796
verified_only,loo,20,0,gpr_physics9_cvplus,Mg3SbBr3,0.9418,0.74674,1.41392
verified_only,loo,21,0,gpr_physics9_cvplus,Mg3SbCl3,1.7283,1.34884,2.10418
verified_only,loo,22,0,gpr_physics9_cvplus,Mg3SbF3,3.184,2.0182,3.47547
verified_only,loo,23,0,gpr_physics9_cvplus,Mg3SbI3,0.1057,-0.0811,0.53439
verified_only,loo,24,0,gpr_physics9_cvplus,Sr3AsCl3,1.7,1.18487,1.87227
verified_only,loo,25,0,gpr_physics9_cvplus,Sr3AsI3,1.265,1.01083,1.54654
verified_only,loo,26,0,gpr_physics9_cvplus,Sr3PBr3,1.55,1.26253,1.97142
verified_only,loo,27,0,gpr_physics9_cvplus,Sr3PCl3,1.677,1.41555,1.9548
verified_only,loo,28,0,gpr_physics9_cvplus,Sr3PI3,1.258,0.97471,1.62029
verified_only,loo,29,0,gpr_physics9_cvplus,Sr3SbCl3,1.712,1.40014,1.96798
verified_only,loo,30,0,gpr_physics9_cvplus,Sr3SbI3,1.31,0.92787,1.5726
verified_only,loo,0,0,ridge_physics9_cvplus,Ba3AsCl3,0.959,0.9883,2.66996
verified_only,loo,1,0,ridge_physics9_cvplus,Ba3AsI3,0.834,0.18203,2.04591
verified_only,loo,2,0,ridge_physics9_cvplus,Ba3SbBr3,1.1908,0.53752,2.37565
verified_only,loo,3,0,ridge_physics9_cvplus,Ba3SbI3,0.78,-0.22837,1.79344
verified_only,loo,4,0,ridge_physics9_cvplus,Ca3AsBr3,1.634,0.49124,2.38417
verified_only,loo,5,0,ridge_physics9_cvplus,Ca3AsF3,2.27,1.78586,3.54696
verified_only,loo,6,0,ridge_physics9_cvplus,Ca3BiI3,1.36,0.09523,1.72906
verified_only,loo,7,0,ridge_physics9_cvplus,Ca3PBr3,1.8846,0.65798,2.69559
verified_only,loo,8,0,ridge_physics9_cvplus,Ca3PCl3,2.035,0.92264,2.59325
verified_only,loo,9,0,ridge_physics9_cvplus,Ca3PF3,2.518,1.74156,3.6678
verified_only,loo,10,0,ridge_physics9_cvplus,Ca3PI3,1.4909,0.27993,1.95182
verified_only,loo,11,0,ridge_physics9_cvplus,Ca3SbBr3,1.782,0.57034,2.53987
verified_only,loo,12,0,ridge_physics9_cvplus,Ca3SbCl3,1.814,0.67089,2.52739
verified_only,loo,13,0,ridge_physics9_cvplus,Ca3SbF3,2.19,1.27465,3.60507
verified_only,loo,14,0,ridge_physics9_cvplus,Mg3AsBr3,1.2907,0.51032,2.51291
verified_only,loo,15,0,ridge_physics9_cvplus,Mg3BiBr3,0.9648,0.16904,2.35938
verified_only,loo,16,0,ridge_physics9_cvplus,Mg3BiI3,0.224,-0.00659,2.10497
verified_only,loo,17,0,ridge_physics9_cvplus,Mg3PBr3,1.506,-0.07882,2.38561
verified_only,loo,18,0,ridge_physics9_cvplus,Mg3PCl3,2.297,0.74168,2.36175
verified_only,loo,19,0,ridge_physics9_cvplus,Mg3PI3,0.377,0.35074,2.02114
verified_only,loo,20,0,ridge_physics9_cvplus,Mg3SbBr3,0.9418,0.44366,2.15234
verified_only,loo,21,0,ridge_physics9_cvplus,Mg3SbCl3,1.7283,0.54088,2.50616
verified_only,loo,22,0,ridge_physics9_cvplus,Mg3SbF3,3.184,1.14767,3.69742
verified_only,loo,23,0,ridge_physics9_cvplus,Mg3SbI3,0.1057,0.14166,2.06927
verified_only,loo,24,0,ridge_physics9_cvplus,Sr3AsCl3,1.7,0.60178,2.61709
verified_only,loo,25,0,ridge_physics9_cvplus,Sr3AsI3,1.265,0.27289,1.76712
verified_only,loo,26,0,ridge_physics9_cvplus,Sr3PBr3,1.55,0.7004,2.42583
verified_only,loo,27,0,ridge_physics9_cvplus,Sr3PCl3,1.677,0.9866,2.7121
verified_only,loo,28,0,ridge_physics9_cvplus,Sr3PI3,1.258,0.33735,1.97637
verified_only,loo,29,0,ridge_physics9_cvplus,Sr3SbCl3,1.712,0.77486,2.49448
verified_only,loo,30,0,ridge_physics9_cvplus,Sr3SbI3,1.31,0.13402,1.8222
verified_only,loo,0,0,mean_cvplus,Ba3AsCl3,0.959,0.224,2.72489
verified_only,loo,1,0,mean_cvplus,Ba3AsI3,0.834,0.224,2.96668
verified_only,loo,2,0,mean_cvplus,Ba3SbBr3,1.1908,0.224,2.91234
verified_only,loo,3,0,mean_cvplus,Ba3SbI3,0.78,0.224,2.86829
verified_only,loo,4,0,mean_cvplus,Ca3AsBr3,1.634,0.224,2.9127
verified_only,loo,5,0,mean_cvplus,Ca3AsF3,2.27,0.224,2.74355
verified_only,loo,6,0,mean_cvplus,Ca3BiI3,1.36,0.18717,2.89938
verified_only,loo,7,0,mean_cvplus,Ca3PBr3,1.8846,0.224,2.67266
verified_only,loo,8,0,mean_cvplus,Ca3PCl3,2.035,0.224,2.81685
verified_only,loo,9,0,mean_cvplus,Ca3PF3,2.518,0.224,2.75645
verified_only,loo,10,0,mean_cvplus,Ca3PI3,1.4909,0.224,2.74292
verified_only,loo,11,0,mean_cvplus,Ca3SbBr3,1.782,0.224,2.70327
verified_only,loo,12,0,mean_cvplus,Ca3SbCl3,1.814,0.224,2.8169
verified_only,loo,13,0,mean_cvplus,Ca3SbF3,2.19,0.224,2.75874
verified_only,loo,14,0,mean_cvplus,Mg3AsBr3,1.2907,0.224,2.86378
verified_only,loo,15,0,mean_cvplus,Mg3BiBr3,0.9648,0.224,2.94118
verified_only,loo,16,0,mean_cvplus,Mg3BiI3,0.224,0.377,2.76257
verified_only,loo,17,0,mean_cvplus,Mg3PBr3,1.506,0.224,2.72963
verified_only,loo,18,0,mean_cvplus,Mg3PCl3,2.297,0.224,2.70158
verified_only,loo,19,0,mean_cvplus,Mg3PI3,0.377,0.224,3.0045
verified_only,loo,20,0,mean_cvplus,Mg3SbBr3,0.9418,0.224,2.92162
verified_only,loo,21,0,mean_cvplus,Mg3SbCl3,1.7283,0.224,2.9643
verified_only,loo,22,0,mean_cvplus,Mg3SbF3,3.184,0.224,2.61072
verified_only,loo,23,0,mean_cvplus,Mg3SbI3,0.1057,0.377,2.82784
verified_only,loo,24,0,mean_cvplus,Sr3AsCl3,1.7,0.19413,2.77652
verified_only,loo,25,0,mean_cvplus,Sr3AsI3,1.265,0.224,2.79448
verified_only,loo,26,0,mean_cvplus,Sr3PBr3,1.55,0.224,2.71115
verified_only,loo,27,0,mean_cvplus,Sr3PCl3,1.677,0.224,2.70714
verified_only,loo,28,0,mean_cvplus,Sr3PI3,1.258,0.224,2.89113
verified_only,loo,29,0,mean_cvplus,Sr3SbCl3,1.712,0.224,2.66778
verified_only,loo,30,0,mean_cvplus,Sr3SbI3,1.31,0.224,2.83005
