dataset,split,fold,role,formula
primary,lobo,0,test,Ba3AsBr3
primary,lobo,0,test,Ba3AsCl3
primary,lobo,0,test,Ba3AsI3
primary,lobo,0,test,Ca3AsBr3
primary,lobo,0,test,Ca3AsF3
primary,lobo,0,test,Mg3AsBr3
primary,lobo,0,test,Sr3AsCl3
primary,lobo,0,test,Sr3AsI3
primary,lobo,0,calibration,Ba3BiBr3
primary,lobo,0,calibration,Ba3BiCl3
primary,lobo,0,calibration,Ba3BiI3
primary,lobo,0,calibration,Ba3PBr3
primary,lobo,0,calibration,Ba3PCl3
primary,lobo,0,calibration,Ba3PI3
primary,lobo,0,calibration,Ba3SbBr3
primary,lobo,0,calibration,Ba3SbCl3
primary,lobo,0,calibration,Ba3SbI3
primary,lobo,0,calibration,Ca3BiI3
primary,lobo,0,calibration,Ca3PBr3
primary,lobo,0,calibration,Ca3PCl3
primary,lobo,0,calibration,Ca3PF3
primary,lobo,0,calibration,Ca3PI3
primary,lobo,0,calibration,Ca3SbBr3
primary,lobo,0,calibration,Ca3SbCl3
primary,lobo,0,calibration,Ca3SbF3
primary,lobo,0,calibration,Mg3BiBr3
primary,lobo,0,calibration,Mg3BiI3
primary,lobo,0,calibration,Mg3PBr3
primary,lobo,0,calibration,Mg3PCl3
primary,lobo,0,calibration,Mg3PI3
primary,lobo,0,calibration,Mg3SbBr3
primary,lobo,0,calibration,Mg3SbCl3
primary,lobo,0,calibration,Mg3SbF3
primary,lobo,0,calibration,Mg3SbI3
primary,lobo,0,calibration,Sr3PBr3
primary,lobo,0,calibration,Sr3PCl3
primary,lobo,0,calibration,Sr3PI3
primary,lobo,0,calibration,Sr3SbCl3
primary,lobo,0,calibration,Sr3SbI3
primary,lobo,1,test,Ba3BiBr3
primary,lobo,1,test,Ba3BiCl3
primary,lobo,1,test,Ba3BiI3
primary,lobo,1,test,Ca3BiI3
primary,lobo,1,test,Mg3BiBr3
primary,lobo,1,test,Mg3BiI3
primary,lobo,1,calibration,Ba3AsBr3
primary,lobo,1,calibration,Ba3AsCl3
primary,lobo,1,calibration,Ba3AsI3
primary,lobo,1,calibration,Ba3PBr3
primary,lobo,1,calibration,Ba3PCl3
primary,lobo,1,calibration,Ba3PI3
primary,lobo,1,calibration,Ba3SbBr3
primary,lobo,1,calibration,Ba3SbCl3
primary,lobo,1,calibration,Ba3SbI3
primary,lobo,1,calibration,Ca3AsBr3
primary,lobo,1,calibration,Ca3AsF3
primary,lobo,1,calibration,Ca3PBr3
primary,lobo,1,calibration,Ca3PCl3
primary,lobo,1,calibration,Ca3PF3
primary,lobo,1,calibration,Ca3PI3
primary,lobo,1,calibration,Ca3SbBr3
primary,lobo,1,calibration,Ca3SbCl3
primary,lobo,1,calibration,Ca3SbF3
primary,lobo,1,calibration,Mg3AsBr3
primary,lobo,1,calibration,Mg3PBr3
primary,lobo,1,calibration,Mg3PCl3
primary,lobo,1,calibration,Mg3PI3
primary,lobo,1,calibration,Mg3SbBr3
primary,lobo,1,calibration,Mg3SbCl3
primary,lobo,1,calibration,Mg3SbF3
primary,lobo,1,calibration,Mg3SbI3
primary,lobo,1,calibration,Sr3AsCl3
primary,lobo,1,calibration,Sr3AsI3
primary,lobo,1,calibration,Sr3PBr3
primary,lobo,1,calibration,Sr3PCl3
primary,lobo,1,calibration,Sr3PI3
primary,lobo,1,calibration,Sr3SbCl3
primary,lobo,1,calibration,Sr3SbI3
primary,lobo,2,test,Ba3PBr3
primary,lobo,2,test,Ba3PCl3
primary,lobo,2,test,Ba3PI3
primary,lobo,2,test,Ca3PBr3
primary,lobo,2,test,Ca3PCl3
primary,lobo,2,test,Ca3PF3
primary,lobo,2,test,Ca3PI3
primary,lobo,2,test,Mg3PBr3
primary,lobo,2,test,Mg3PCl3
primary,lobo,2,test,Mg3PI3
primary,lobo,2,test,Sr3PBr3
primary,lobo,2,test,Sr3PCl3
primary,lobo,2,test,Sr3PI3
primary,lobo,2,calibration,Ba3AsBr3
primary,lobo,2,calibration,Ba3AsCl3
primary,lobo,2,calibration,Ba3AsI3
primary,lobo,2,calibration,Ba3BiBr3
primary,lobo,2,calibration,Ba3BiCl3
primary,lobo,2,calibration,Ba3BiI3
primary,lobo,2,calibration,Ba3SbBr3
primary,lobo,2,calibration,Ba3SbCl3
primary,lobo,2,calibration,Ba3SbI3
primary,lobo,2,calibration,Ca3AsBr3
primary,lobo,2,calibration,Ca3AsF3
primary,lobo,2,calibration,Ca3BiI3
primary,lobo,2,calibration,Ca3SbBr3
primary,lobo,2,calibration,Ca3SbCl3
primary,lobo,2,calibration,Ca3SbF3
primary,lobo,2,calibration,Mg3AsBr3
primary,lobo,2,calibration,Mg3BiBr3
primary,lobo,2,calibration,Mg3BiI3
primary,lobo,2,calibration,Mg3SbBr3
primary,lobo,2,calibration,Mg3SbCl3
primary,lobo,2,calibration,Mg3SbF3
primary,lobo,2,calibration,Mg3SbI3
primary,lobo,2,calibration,Sr3AsCl3
primary,lobo,2,calibration,Sr3AsI3
primary,lobo,2,calibration,Sr3SbCl3
primary,lobo,2,calibration,Sr3SbI3
primary,lobo,3,test,Ba3SbBr3
primary,lobo,3,test,Ba3SbCl3
primary,lobo,3,test,Ba3SbI3
primary,lobo,3,test,Ca3SbBr3
primary,lobo,3,test,Ca3SbCl3
primary,lobo,3,test,Ca3SbF3
primary,lobo,3,test,Mg3SbBr3
primary,lobo,3,test,Mg3SbCl3
primary,lobo,3,test,Mg3SbF3
primary,lobo,3,test,Mg3SbI3
primary,lobo,3,test,Sr3SbCl3
primary,lobo,3,test,Sr3SbI3
primary,lobo,3,calibration,Ba3AsBr3
primary,lobo,3,calibration,Ba3AsCl3
primary,lobo,3,calibration,Ba3AsI3
primary,lobo,3,calibration,Ba3BiBr3
primary,lobo,3,calibration,Ba3BiCl3
primary,lobo,3,calibration,Ba3BiI3
primary,lobo,3,calibration,Ba3PBr3
primary,lobo,3,calibration,Ba3PCl3
primary,lobo,3,calibration,Ba3PI3
primary,lobo,3,calibration,Ca3AsBr3
primary,lobo,3,calibration,Ca3AsF3
primary,lobo,3,calibration,Ca3BiI3
primary,lobo,3,calibration,Ca3PBr3
primary,lobo,3,calibration,Ca3PCl3
primary,lobo,3,calibration,Ca3PF3
primary,lobo,3,calibration,Ca3PI3
primary,lobo,3,calibration,Mg3AsBr3
primary,lobo,3,calibration,Mg3BiBr3
primary,lobo,3,calibration,Mg3BiI3
primary,lobo,3,calibration,Mg3PBr3
primary,lobo,3,calibration,Mg3PCl3
primary,lobo,3,calibration,Mg3PI3
primary,lobo,3,calibration,Sr3AsCl3
primary,lobo,3,calibration,Sr3AsI3
primary,lobo,3,calibration,Sr3PBr3
primary,lobo,3,calibration,Sr3PCl3
primary,lobo,3,calibration,Sr3PI3
primary,loao,0,test,Ba3AsBr3
primary,loao,0,test,Ba3AsCl3
primary,loao,0,test,Ba3AsI3
primary,loao,0,test,Ba3BiBr3
primary,loao,0,test,Ba3BiCl3
primary,loao,0,test,Ba3BiI3
primary,loao,0,test,Ba3PBr3
primary,loao,0,test,Ba3PCl3
primary,loao,0,test,Ba3PI3
primary,loao,0,test,Ba3SbBr3
primary,loao,0,test,Ba3SbCl3
primary,loao,0,test,Ba3SbI3
primary,loao,0,calibration,Ca3AsBr3
primary,loao,0,calibration,Ca3AsF3
primary,loao,0,calibration,Ca3BiI3
primary,loao,0,calibration,Ca3PBr3
primary,loao,0,calibration,Ca3PCl3
primary,loao,0,calibration,Ca3PF3
primary,loao,0,calibration,Ca3PI3
primary,loao,0,calibration,Ca3SbBr3
primary,loao,0,calibration,Ca3SbCl3
primary,loao,0,calibration,Ca3SbF3
primary,loao,0,calibration,Mg3AsBr3
primary,loao,0,calibration,Mg3BiBr3
primary,loao,0,calibration,Mg3BiI3
primary,loao,0,calibration,Mg3PBr3
primary,loao,0,calibration,Mg3PCl3
primary,loao,0,calibration,Mg3PI3
primary,loao,0,calibration,Mg3SbBr3
primary,loao,0,calibration,Mg3SbCl3
primary,loao,0,calibration,Mg3SbF3
primary,loao,0,calibration,Mg3SbI3
primary,loao,0,calibration,Sr3AsCl3
primary,loao,0,calibration,Sr3AsI3
primary,loao,0,calibration,Sr3PBr3
primary,loao,0,calibration,Sr3PCl3
primary,loao,0,calibration,Sr3PI3
primary,loao,0,calibration,Sr3SbCl3
primary,loao,0,calibration,Sr3SbI3
primary,loao,1,test,Ca3AsBr3
primary,loao,1,test,Ca3AsF3
primary,loao,1,test,Ca3BiI3
primary,loao,1,test,Ca3PBr3
primary,loao,1,test,Ca3PCl3
primary,loao,1,test,Ca3PF3
primary,loao,1,test,Ca3PI3
primary,loao,1,test,Ca3SbBr3
primary,loao,1,test,Ca3SbCl3
primary,loao,1,test,Ca3SbF3
primary,loao,1,calibration,Ba3AsBr3
primary,loao,1,calibration,Ba3AsCl3
primary,loao,1,calibration,Ba3AsI3
primary,loao,1,calibration,Ba3BiBr3
primary,loao,1,calibration,Ba3BiCl3
primary,loao,1,calibration,Ba3BiI3
primary,loao,1,calibration,Ba3PBr3
primary,loao,1,calibration,Ba3PCl3
primary,loao,1,calibration,Ba3PI3
primary,loao,1,calibration,Ba3SbBr3
primary,loao,1,calibration,Ba3SbCl3
primary,loao,1,calibration,Ba3SbI3
primary,loao,1,calibration,Mg3AsBr3
primary,loao,1,calibration,Mg3BiBr3
primary,loao,1,calibration,Mg3BiI3
primary,loao,1,calibration,Mg3PBr3
primary,loao,1,calibration,Mg3PCl3
primary,loao,1,calibration,Mg3PI3
primary,loao,1,calibration,Mg3SbBr3
primary,loao,1,calibration,Mg3SbCl3
primary,loao,1,calibration,Mg3SbF3
primary,loao,1,calibration,Mg3SbI3
primary,loao,1,calibration,Sr3AsCl3
primary,loao,1,calibration,Sr3AsI3
primary,loao,1,calibration,Sr3PBr3
primary,loao,1,calibration,Sr3PCl3
primary,loao,1,calibration,Sr3PI3
primary,loao,1,calibration,Sr3SbCl3
primary,loao,1,calibration,Sr3SbI3
primary,loao,2,test,Mg3AsBr3
primary,loao,2,test,Mg3BiBr3
primary,loao,2,test,Mg3BiI3
primary,loao,2,test,Mg3PBr3
primary,loao,2,test,Mg3PCl3
primary,loao,2,test,Mg3PI3
primary,loao,2,test,Mg3SbBr3
primary,loao,2,test,Mg3SbCl3
primary,loao,2,test,Mg3SbF3
primary,loao,2,test,Mg3SbI3
primary,loao,2,calibration,Ba3AsBr3
primary,loao,2,calibration,Ba3AsCl3
primary,loao,2,calibration,Ba3AsI3
primary,loao,2,calibration,Ba3BiBr3
primary,loao,2,calibration,Ba3BiCl3
primary,loao,2,calibration,Ba3BiI3
primary,loao,2,calibration,Ba3PBr3
primary,loao,2,calibration,Ba3PCl3
primary,loao,2,calibration,Ba3PI3
primary,loao,2,calibration,Ba3SbBr3
primary,loao,2,calibration,Ba3SbCl3
primary,loao,2,calibration,Ba3SbI3
primary,loao,2,calibration,Ca3AsBr3
primary,loao,2,calibration,Ca3AsF3
primary,loao,2,calibration,Ca3BiI3
primary,loao,2,calibration,Ca3PBr3
primary,loao,2,calibration,Ca3PCl3
primary,loao,2,calibration,Ca3PF3
primary,loao,2,calibration,Ca3PI3
primary,loao,2,calibration,Ca3SbBr3
primary,loao,2,calibration,Ca3SbCl3
primary,loao,2,calibration,Ca3SbF3
primary,loao,2,calibration,Sr3AsCl3
primary,loao,2,calibration,Sr3AsI3
primary,loao,2,calibration,Sr3PBr3
primary,loao,2,calibration,Sr3PCl3
primary,loao,2,calibration,Sr3PI3
primary,loao,2,calibration,Sr3SbCl3
primary,loao,2,calibration,Sr3SbI3
primary,loao,3,test,Sr3AsCl3
primary,loao,3,test,Sr3AsI3
primary,loao,3,test,Sr3PBr3
primary,loao,3,test,Sr3PCl3
primary,loao,3,test,Sr3PI3
primary,loao,3,test,Sr3SbCl3
primary,loao,3,test,Sr3SbI3
primary,loao,3,calibration,Ba3AsBr3
primary,loao,3,calibration,Ba3AsCl3
primary,loao,3,calibration,Ba3AsI3
primary,loao,3,calibration,Ba3BiBr3
primary,loao,3,calibration,Ba3BiCl3
primary,loao,3,calibration,Ba3BiI3
primary,loao,3,calibration,Ba3PBr3
primary,loao,3,calibration,Ba3PCl3
primary,loao,3,calibration,Ba3PI3
primary,loao,3,calibration,Ba3SbBr3
primary,loao,3,calibration,Ba3SbCl3
primary,loao,3,calibration,Ba3SbI3
primary,loao,3,calibration,Ca3AsBr3
primary,loao,3,calibration,Ca3AsF3
primary,loao,3,calibration,Ca3BiI3
primary,loao,3,calibration,Ca3PBr3
primary,loao,3,calibration,Ca3PCl3
primary,loao,3,calibration,Ca3PF3
primary,loao,3,calibration,Ca3PI3
primary,loao,3,calibration,Ca3SbBr3
primary,loao,3,calibration,Ca3SbCl3
primary,loao,3,calibration,Ca3SbF3
primary,loao,3,calibration,Mg3AsBr3
primary,loao,3,calibration,Mg3BiBr3
primary,loao,3,calibration,Mg3BiI3
primary,loao,3,calibration,Mg3PBr3
primary,loao,3,calibration,Mg3PCl3
primary,loao,3,calibration,Mg3PI3
primary,loao,3,calibration,Mg3SbBr3
primary,loao,3,calibration,Mg3SbCl3
primary,loao,3,calibration,Mg3SbF3
primary,loao,3,calibration,Mg3SbI3
primary,gkf,0,test,Ca3AsF3
primary,gkf,0,test,Sr3AsI3
primary,gkf,0,test,Ba3BiCl3
primary,gkf,0,test,Ba3PBr3
primary,gkf,0,test,Mg3PCl3
primary,gkf,0,test,Mg3PI3
primary,gkf,0,test,Sr3PI3
primary,gkf,0,test,Mg3SbF3
primary,gkf,0,calibration,Ba3AsBr3
primary,gkf,0,calibration,Ba3AsCl3
primary,gkf,0,calibration,Ba3AsI3
primary,gkf,0,calibration,Ba3BiBr3
primary,gkf,0,calibration,Ba3BiI3
primary,gkf,0,calibration,Ba3PCl3
primary,gkf,0,calibration,Ba3PI3
primary,gkf,0,calibration,Ba3SbBr3
primary,gkf,0,calibration,Ba3SbCl3
primary,gkf,0,calibration,Ba3SbI3
primary,gkf,0,calibration,Ca3AsBr3
primary,gkf,0,calibration,Ca3BiI3
primary,gkf,0,calibration,Ca3PBr3
primary,gkf,0,calibration,Ca3PCl3
primary,gkf,0,calibration,Ca3PF3
primary,gkf,0,calibration,Ca3PI3
primary,gkf,0,calibration,Ca3SbBr3
primary,gkf,0,calibration,Ca3SbCl3
primary,gkf,0,calibration,Ca3SbF3
primary,gkf,0,calibration,Mg3AsBr3
primary,gkf,0,calibration,Mg3BiBr3
primary,gkf,0,calibration,Mg3BiI3
primary,gkf,0,calibration,Mg3PBr3
primary,gkf,0,calibration,Mg3SbBr3
primary,gkf,0,calibration,Mg3SbCl3
primary,gkf,0,calibration,Mg3SbI3
primary,gkf,0,calibration,Sr3AsCl3
primary,gkf,0,calibration,Sr3PBr3
primary,gkf,0,calibration,Sr3PCl3
primary,gkf,0,calibration,Sr3SbCl3
primary,gkf,0,calibration,Sr3SbI3
primary,gkf,1,test,Ca3AsBr3
primary,gkf,1,test,Mg3BiI3
primary,gkf,1,test,Ba3PI3
primary,gkf,1,test,Ca3PBr3
primary,gkf,1,test,Ca3PCl3
primary,gkf,1,test,Ca3PF3
primary,gkf,1,test,Ba3SbBr3
primary,gkf,1,test,Ca3SbBr3
primary,gkf,1,calibration,Ba3AsBr3
primary,gkf,1,calibration,Ba3AsCl3
primary,gkf,1,calibration,Ba3AsI3
primary,gkf,1,calibration,Ba3BiBr3
primary,gkf,1,calibration,Ba3BiCl3
primary,gkf,1,calibration,Ba3BiI3
primary,gkf,1,calibration,Ba3PBr3
primary,gkf,1,calibration,Ba3PCl3
primary,gkf,1,calibration,Ba3SbCl3
primary,gkf,1,calibration,Ba3SbI3
primary,gkf,1,calibration,Ca3AsF3
primary,gkf,1,calibration,Ca3BiI3
primary,gkf,1,calibration,Ca3PI3
primary,gkf,1,calibration,Ca3SbCl3
primary,gkf,1,calibration,Ca3SbF3
primary,gkf,1,calibration,Mg3AsBr3
primary,gkf,1,calibration,Mg3BiBr3
primary,gkf,1,calibration,Mg3PBr3
primary,gkf,1,calibration,Mg3PCl3
primary,gkf,1,calibration,Mg3PI3
primary,gkf,1,calibration,Mg3SbBr3
primary,gkf,1,calibration,Mg3SbCl3
primary,gkf,1,calibration,Mg3SbF3
primary,gkf,1,calibration,Mg3SbI3
primary,gkf,1,calibration,Sr3AsCl3
primary,gkf,1,calibration,Sr3AsI3
primary,gkf,1,calibration,Sr3PBr3
primary,gkf,1,calibration,Sr3PCl3
primary,gkf,1,calibration,Sr3PI3
primary,gkf,1,calibration,Sr3SbCl3
primary,gkf,1,calibration,Sr3SbI3
primary,gkf,2,test,Ba3AsBr3
primary,gkf,2,test,Ba3AsCl3
primary,gkf,2,test,Sr3AsCl3
primary,gkf,2,test,Ba3BiI3
primary,gkf,2,test,Mg3PBr3
primary,gkf,2,test,Ba3SbI3
primary,gkf,2,test,Ca3SbF3
primary,gkf,2,test,Sr3SbCl3
primary,gkf,2,calibration,Ba3AsI3
primary,gkf,2,calibration,Ba3BiBr3
primary,gkf,2,calibration,Ba3BiCl3
primary,gkf,2,calibration,Ba3PBr3
primary,gkf,2,calibration,Ba3PCl3
primary,gkf,2,calibration,Ba3PI3
primary,gkf,2,calibration,Ba3SbBr3
primary,gkf,2,calibration,Ba3SbCl3
primary,gkf,2,calibration,Ca3AsBr3
primary,gkf,2,calibration,Ca3AsF3
primary,gkf,2,calibration,Ca3BiI3
primary,gkf,2,calibration,Ca3PBr3
primary,gkf,2,calibration,Ca3PCl3
primary,gkf,2,calibration,Ca3PF3
primary,gkf,2,calibration,Ca3PI3
primary,gkf,2,calibration,Ca3SbBr3
primary,gkf,2,calibration,Ca3SbCl3
primary,gkf,2,calibration,Mg3AsBr3
primary,gkf,2,calibration,Mg3BiBr3
primary,gkf,2,calibration,Mg3BiI3
primary,gkf,2,calibration,Mg3PCl3
primary,gkf,2,calibration,Mg3PI3
primary,gkf,2,calibration,Mg3SbBr3
primary,gkf,2,calibration,Mg3SbCl3
primary,gkf,2,calibration,Mg3SbF3
primary,gkf,2,calibration,Mg3SbI3
primary,gkf,2,calibration,Sr3AsI3
primary,gkf,2,calibration,Sr3PBr3
primary,gkf,2,calibration,Sr3PCl3
primary,gkf,2,calibration,Sr3PI3
primary,gkf,2,calibration,Sr3SbI3
primary,gkf,3,test,Ba3AsI3
primary,gkf,3,test,Ba3BiBr3
primary,gkf,3,test,Mg3BiBr3
primary,gkf,3,test,Sr3PBr3
primary,gkf,3,test,Sr3PCl3
primary,gkf,3,test,Ba3SbCl3
primary,gkf,3,test,Mg3SbCl3
primary,gkf,3,test,Mg3SbI3
primary,gkf,3,calibration,Ba3AsBr3
primary,gkf,3,calibration,Ba3AsCl3
primary,gkf,3,calibration,Ba3BiCl3
primary,gkf,3,calibration,Ba3BiI3
primary,gkf,3,calibration,Ba3PBr3
primary,gkf,3,calibration,Ba3PCl3
primary,gkf,3,calibration,Ba3PI3
primary,gkf,3,calibration,Ba3SbBr3
primary,gkf,3,calibration,Ba3SbI3
primary,gkf,3,calibration,Ca3AsBr3
primary,gkf,3,calibration,Ca3AsF3
primary,gkf,3,calibration,Ca3BiI3
primary,gkf,3,calibration,Ca3PBr3
primary,gkf,3,calibration,Ca3PCl3
primary,gkf,3,calibration,Ca3PF3
primary,gkf,3,calibration,Ca3PI3
primary,gkf,3,calibration,Ca3SbBr3
primary,gkf,3,calibration,Ca3SbCl3
primary,gkf,3,calibration,Ca3SbF3
primary,gkf,3,calibration,Mg3AsBr3
primary,gkf,3,calibration,Mg3BiI3
primary,gkf,3,calibration,Mg3PBr3
primary,gkf,3,calibration,Mg3PCl3
primary,gkf,3,calibration,Mg3PI3
primary,gkf,3,calibration,Mg3SbBr3
primary,gkf,3,calibration,Mg3SbF3
primary,gkf,3,calibration,Sr3AsCl3
primary,gkf,3,calibration,Sr3AsI3
primary,gkf,3,calibration,Sr3PI3
primary,gkf,3,calibration,Sr3SbCl3
primary,gkf,3,calibration,Sr3SbI3
primary,gkf,4,test,Mg3AsBr3
primary,gkf,4,test,Ca3BiI3
primary,gkf,4,test,Ba3PCl3
primary,gkf,4,test,Ca3PI3
primary,gkf,4,test,Ca3SbCl3
primary,gkf,4,test,Mg3SbBr3
primary,gkf,4,test,Sr3SbI3
primary,gkf,4,calibration,Ba3AsBr3
primary,gkf,4,calibration,Ba3AsCl3
primary,gkf,4,calibration,Ba3AsI3
primary,gkf,4,calibration,Ba3BiBr3
primary,gkf,4,calibration,Ba3BiCl3
primary,gkf,4,calibration,Ba3BiI3
primary,gkf,4,calibration,Ba3PBr3
primary,gkf,4,calibration,Ba3PI3
primary,gkf,4,calibration,Ba3SbBr3
primary,gkf,4,calibration,Ba3SbCl3
primary,gkf,4,calibration,Ba3SbI3
primary,gkf,4,calibration,Ca3AsBr3
primary,gkf,4,calibration,Ca3AsF3
primary,gkf,4,calibration,Ca3PBr3
primary,gkf,4,calibration,Ca3PCl3
primary,gkf,4,calibration,Ca3PF3
primary,gkf,4,calibration,Ca3SbBr3
primary,gkf,4,calibration,Ca3SbF3
primary,gkf,4,calibration,Mg3BiBr3
primary,gkf,4,calibration,Mg3BiI3
primary,gkf,4,calibration,Mg3PBr3
primary,gkf,4,calibration,Mg3PCl3
primary,gkf,4,calibration,Mg3PI3
primary,gkf,4,calibration,Mg3SbCl3
primary,gkf,4,calibration,Mg3SbF3
primary,gkf,4,calibration,Mg3SbI3
primary,gkf,4,calibration,Sr3AsCl3
primary,gkf,4,calibration,Sr3AsI3
primary,gkf,4,calibration,Sr3PBr3
primary,gkf,4,calibration,Sr3PCl3
primary,gkf,4,calibration,Sr3PI3
primary,gkf,4,calibration,Sr3SbCl3
primary,gkf,5,test,Ba3AsBr3
primary,gkf,5,test,Ca3AsBr3
primary,gkf,5,test,Ba3BiCl3
primary,gkf,5,test,Mg3BiBr3
primary,gkf,5,test,Mg3PI3
primary,gkf,5,test,Ba3SbCl3
primary,gkf,5,test,Mg3SbBr3
primary,gkf,5,test,Mg3SbCl3
primary,gkf,5,calibration,Ba3AsCl3
primary,gkf,5,calibration,Ba3AsI3
primary,gkf,5,calibration,Ba3BiBr3
primary,gkf,5,calibration,Ba3BiI3
primary,gkf,5,calibration,Ba3PBr3
primary,gkf,5,calibration,Ba3PCl3
primary,gkf,5,calibration,Ba3PI3
primary,gkf,5,calibration,Ba3SbBr3
primary,gkf,5,calibration,Ba3SbI3
primary,gkf,5,calibration,Ca3AsF3
primary,gkf,5,calibration,Ca3BiI3
primary,gkf,5,calibration,Ca3PBr3
primary,gkf,5,calibration,Ca3PCl3
primary,gkf,5,calibration,Ca3PF3
primary,gkf,5,calibration,Ca3PI3
primary,gkf,5,calibration,Ca3SbBr3
primary,gkf,5,calibration,Ca3SbCl3
primary,gkf,5,calibration,Ca3SbF3
primary,gkf,5,calibration,Mg3AsBr3
primary,gkf,5,calibration,Mg3BiI3
primary,gkf,5,calibration,Mg3PBr3
primary,gkf,5,calibration,Mg3PCl3
primary,gkf,5,calibration,Mg3SbF3
primary,gkf,5,calibration,Mg3SbI3
primary,gkf,5,calibration,Sr3AsCl3
primary,gkf,5,calibration,Sr3AsI3
primary,gkf,5,calibration,Sr3PBr3
primary,gkf,5,calibration,Sr3PCl3
primary,gkf,5,calibration,Sr3PI3
primary,gkf,5,calibration,Sr3SbCl3
primary,gkf,5,calibration,Sr3SbI3
primary,gkf,6,test,Mg3AsBr3
primary,gkf,6,test,Ba3BiI3
primary,gkf,6,test,Ca3PBr3
primary,gkf,6,test,Ca3PI3
primary,gkf,6,test,Mg3PCl3
primary,gkf,6,test,Ba3SbBr3
primary,gkf,6,test,Ca3SbF3
primary,gkf,6,test,Mg3SbI3
primary,gkf,6,calibration,Ba3AsBr3
primary,gkf,6,calibration,Ba3AsCl3
primary,gkf,6,calibration,Ba3AsI3
primary,gkf,6,calibration,Ba3BiBr3
primary,gkf,6,calibration,Ba3BiCl3
primary,gkf,6,calibration,Ba3PBr3
primary,gkf,6,calibration,Ba3PCl3
primary,gkf,6,calibration,Ba3PI3
primary,gkf,6,calibration,Ba3SbCl3
primary,gkf,6,calibration,Ba3SbI3
primary,gkf,6,calibration,Ca3AsBr3
primary,gkf,6,calibration,Ca3AsF3
primary,gkf,6,calibration,Ca3BiI3
primary,gkf,6,calibration,Ca3PCl3
primary,gkf,6,calibration,Ca3PF3
primary,gkf,6,calibration,Ca3SbBr3
primary,gkf,6,calibration,Ca3SbCl3
primary,gkf,6,calibration,Mg3BiBr3
primary,gkf,6,calibration,Mg3BiI3
primary,gkf,6,calibration,Mg3PBr3
primary,gkf,6,calibration,Mg3PI3
primary,gkf,6,calibration,Mg3SbBr3
primary,gkf,6,calibration,Mg3SbCl3
primary,gkf,6,calibration,Mg3SbF3
primary,gkf,6,calibration,Sr3AsCl3
primary,gkf,6,calibration,Sr3AsI3
primary,gkf,6,calibration,Sr3PBr3
primary,gkf,6,calibration,Sr3PCl3
primary,gkf,6,calibration,Sr3PI3
primary,gkf,6,calibration,Sr3SbCl3
primary,gkf,6,calibration,Sr3SbI3
primary,gkf,7,test,Ba3AsI3
primary,gkf,7,test,Sr3AsCl3
primary,gkf,7,test,Sr3AsI3
primary,gkf,7,test,Ba3PCl3
primary,gkf,7,test,Ca3PCl3
primary,gkf,7,test,Sr3PBr3
primary,gkf,7,test,Ba3SbI3
primary,gkf,7,test,Sr3SbI3
primary,gkf,7,calibration,Ba3AsBr3
primary,gkf,7,calibration,Ba3AsCl3
primary,gkf,7,calibration,Ba3BiBr3
primary,gkf,7,calibration,Ba3BiCl3
primary,gkf,7,calibration,Ba3BiI3
primary,gkf,7,calibration,Ba3PBr3
primary,gkf,7,calibration,Ba3PI3
primary,gkf,7,calibration,Ba3SbBr3
primary,gkf,7,calibration,Ba3SbCl3
primary,gkf,7,calibration,Ca3AsBr3
primary,gkf,7,calibration,Ca3AsF3
primary,gkf,7,calibration,Ca3BiI3
primary,gkf,7,calibration,Ca3PBr3
primary,gkf,7,calibration,Ca3PF3
primary,gkf,7,calibration,Ca3PI3
primary,gkf,7,calibration,Ca3SbBr3
primary,gkf,7,calibration,Ca3SbCl3
primary,gkf,7,calibration,Ca3SbF3
primary,gkf,7,calibration,Mg3AsBr3
primary,gkf,7,calibration,Mg3BiBr3
primary,gkf,7,calibration,Mg3BiI3
primary,gkf,7,calibration,Mg3PBr3
primary,gkf,7,calibration,Mg3PCl3
primary,gkf,7,calibration,Mg3PI3
primary,gkf,7,calibration,Mg3SbBr3
primary,gkf,7,calibration,Mg3SbCl3
primary,gkf,7,calibration,Mg3SbF3
primary,gkf,7,calibration,Mg3SbI3
primary,gkf,7,calibration,Sr3PCl3
primary,gkf,7,calibration,Sr3PI3
primary,gkf,7,calibration,Sr3SbCl3
primary,gkf,8,test,Ba3AsCl3
primary,gkf,8,test,Ca3BiI3
primary,gkf,8,test,Mg3PBr3
primary,gkf,8,test,Sr3PCl3
primary,gkf,8,test,Sr3PI3
primary,gkf,8,test,Ca3SbBr3
primary,gkf,8,test,Mg3SbF3
primary,gkf,8,test,Sr3SbCl3
primary,gkf,8,calibration,Ba3AsBr3
primary,gkf,8,calibration,Ba3AsI3
primary,gkf,8,calibration,Ba3BiBr3
primary,gkf,8,calibration,Ba3BiCl3
primary,gkf,8,calibration,Ba3BiI3
primary,gkf,8,calibration,Ba3PBr3
primary,gkf,8,calibration,Ba3PCl3
primary,gkf,8,calibration,Ba3PI3
primary,gkf,8,calibration,Ba3SbBr3
primary,gkf,8,calibration,Ba3SbCl3
primary,gkf,8,calibration,Ba3SbI3
primary,gkf,8,calibration,Ca3AsBr3
primary,gkf,8,calibration,Ca3AsF3
primary,gkf,8,calibration,Ca3PBr3
primary,gkf,8,calibration,Ca3PCl3
primary,gkf,8,calibration,Ca3PF3
primary,gkf,8,calibration,Ca3PI3
primary,gkf,8,calibration,Ca3SbCl3
primary,gkf,8,calibration,Ca3SbF3
primary,gkf,8,calibration,Mg3AsBr3
primary,gkf,8,calibration,Mg3BiBr3
primary,gkf,8,calibration,Mg3BiI3
primary,gkf,8,calibration,Mg3PCl3
primary,gkf,8,calibration,Mg3PI3
primary,gkf,8,calibration,Mg3SbBr3
primary,gkf,8,calibration,Mg3SbCl3
primary,gkf,8,calibration,Mg3SbI3
primary,gkf,8,calibration,Sr3AsCl3
primary,gkf,8,calibration,Sr3AsI3
primary,gkf,8,calibration,Sr3PBr3
primary,gkf,8,calibration,Sr3SbI3
primary,gkf,9,test,Ca3AsF3
primary,gkf,9,test,Ba3BiBr3
primary,gkf,9,test,Mg3BiI3
primary,gkf,9,test,Ba3PBr3
primary,gkf,9,test,Ba3PI3
primary,gkf,9,test,Ca3PF3
primary,gkf,9,test,Ca3SbCl3
primary,gkf,9,calibration,Ba3AsBr3
primary,gkf,9,calibration,Ba3AsCl3
primary,gkf,9,calibration,Ba3AsI3
primary,gkf,9,calibration,Ba3BiCl3
primary,gkf,9,calibration,Ba3BiI3
primary,gkf,9,calibration,Ba3PCl3
primary,gkf,9,calibration,Ba3SbBr3
primary,gkf,9,calibration,Ba3SbCl3
primary,gkf,9,calibration,Ba3SbI3
primary,gkf,9,calibration,Ca3AsBr3
primary,gkf,9,calibration,Ca3BiI3
primary,gkf,9,calibration,Ca3PBr3
primary,gkf,9,calibration,Ca3PCl3
primary,gkf,9,calibration,Ca3PI3
primary,gkf,9,calibration,Ca3SbBr3
primary,gkf,9,calibration,Ca3SbF3
primary,gkf,9,calibration,Mg3AsBr3
primary,gkf,9,calibration,Mg3BiBr3
primary,gkf,9,calibration,Mg3PBr3
primary,gkf,9,calibration,Mg3PCl3
primary,gkf,9,calibration,Mg3PI3
primary,gkf,9,calibration,Mg3SbBr3
primary,gkf,9,calibration,Mg3SbCl3
primary,gkf,9,calibration,Mg3SbF3
primary,gkf,9,calibration,Mg3SbI3
primary,gkf,9,calibration,Sr3AsCl3
primary,gkf,9,calibration,Sr3AsI3
primary,gkf,9,calibration,Sr3PBr3
primary,gkf,9,calibration,Sr3PCl3
primary,gkf,9,calibration,Sr3PI3
primary,gkf,9,calibration,Sr3SbCl3
primary,gkf,9,calibration,Sr3SbI3
primary,gkf,10,test,Ba3AsCl3
primary,gkf,10,test,Ba3BiBr3
primary,gkf,10,test,Ba3BiCl3
primary,gkf,10,test,Ba3BiI3
primary,gkf,10,test,Ca3PCl3
primary,gkf,10,test,Mg3PCl3
primary,gkf,10,test,Ba3SbBr3
primary,gkf,10,test,Ba3SbCl3
primary,gkf,10,calibration,Ba3AsBr3
primary,gkf,10,calibration,Ba3AsI3
primary,gkf,10,calibration,Ba3PBr3
primary,gkf,10,calibration,Ba3PCl3
primary,gkf,10,calibration,Ba3PI3
primary,gkf,10,calibration,Ba3SbI3
primary,gkf,10,calibration,Ca3AsBr3
primary,gkf,10,calibration,Ca3AsF3
primary,gkf,10,calibration,Ca3BiI3
primary,gkf,10,calibration,Ca3PBr3
primary,gkf,10,calibration,Ca3PF3
primary,gkf,10,calibration,Ca3PI3
primary,gkf,10,calibration,Ca3SbBr3
primary,gkf,10,calibration,Ca3SbCl3
primary,gkf,10,calibration,Ca3SbF3
primary,gkf,10,calibration,Mg3AsBr3
primary,gkf,10,calibration,Mg3BiBr3
primary,gkf,10,calibration,Mg3BiI3
primary,gkf,10,calibration,Mg3PBr3
primary,gkf,10,calibration,Mg3PI3
primary,gkf,10,calibration,Mg3SbBr3
primary,gkf,10,calibration,Mg3SbCl3
primary,gkf,10,calibration,Mg3SbF3
primary,gkf,10,calibration,Mg3SbI3
primary,gkf,10,calibration,Sr3AsCl3
primary,gkf,10,calibration,Sr3AsI3
primary,gkf,10,calibration,Sr3PBr3
primary,gkf,10,calibration,Sr3PCl3
primary,gkf,10,calibration,Sr3PI3
primary,gkf,10,calibration,Sr3SbCl3
primary,gkf,10,calibration,Sr3SbI3
primary,gkf,11,test,Ba3AsI3
primary,gkf,11,test,Sr3AsCl3
primary,gkf,11,test,Sr3AsI3
primary,gkf,11,test,Ca3PI3
primary,gkf,11,test,Sr3PI3
primary,gkf,11,test,Ba3SbI3
primary,gkf,11,test,Ca3SbBr3
primary,gkf,11,test,Mg3SbBr3
primary,gkf,11,calibration,Ba3AsBr3
primary,gkf,11,calibration,Ba3AsCl3
primary,gkf,11,calibration,Ba3BiBr3
primary,gkf,11,calibration,Ba3BiCl3
primary,gkf,11,calibration,Ba3BiI3
primary,gkf,11,calibration,Ba3PBr3
primary,gkf,11,calibration,Ba3PCl3
primary,gkf,11,calibration,Ba3PI3
primary,gkf,11,calibration,Ba3SbBr3
primary,gkf,11,calibration,Ba3SbCl3
primary,gkf,11,calibration,Ca3AsBr3
primary,gkf,11,calibration,Ca3AsF3
primary,gkf,11,calibration,Ca3BiI3
primary,gkf,11,calibration,Ca3PBr3
primary,gkf,11,calibration,Ca3PCl3
primary,gkf,11,calibration,Ca3PF3
primary,gkf,11,calibration,Ca3SbCl3
primary,gkf,11,calibration,Ca3SbF3
primary,gkf,11,calibration,Mg3AsBr3
primary,gkf,11,calibration,Mg3BiBr3
primary,gkf,11,calibration,Mg3BiI3
primary,gkf,11,calibration,Mg3PBr3
primary,gkf,11,calibration,Mg3PCl3
primary,gkf,11,calibration,Mg3PI3
primary,gkf,11,calibration,Mg3SbCl3
primary,gkf,11,calibration,Mg3SbF3
primary,gkf,11,calibration,Mg3SbI3
primary,gkf,11,calibration,Sr3PBr3
primary,gkf,11,calibration,Sr3PCl3
primary,gkf,11,calibration,Sr3SbCl3
primary,gkf,11,calibration,Sr3SbI3
primary,gkf,12,test,Ba3AsBr3
primary,gkf,12,test,Mg3BiBr3
primary,gkf,12,test,Ba3PBr3
primary,gkf,12,test,Ba3PI3
primary,gkf,12,test,Mg3PBr3
primary,gkf,12,test,Ca3SbF3
primary,gkf,12,test,Mg3SbI3
primary,gkf,12,test,Sr3SbI3
primary,gkf,12,calibration,Ba3AsCl3
primary,gkf,12,calibration,Ba3AsI3
primary,gkf,12,calibration,Ba3BiBr3
primary,gkf,12,calibration,Ba3BiCl3
primary,gkf,12,calibration,Ba3BiI3
primary,gkf,12,calibration,Ba3PCl3
primary,gkf,12,calibration,Ba3SbBr3
primary,gkf,12,calibration,Ba3SbCl3
primary,gkf,12,calibration,Ba3SbI3
primary,gkf,12,calibration,Ca3AsBr3
primary,gkf,12,calibration,Ca3AsF3
primary,gkf,12,calibration,Ca3BiI3
primary,gkf,12,calibration,Ca3PBr3
primary,gkf,12,calibration,Ca3PCl3
primary,gkf,12,calibration,Ca3PF3
primary,gkf,12,calibration,Ca3PI3
primary,gkf,12,calibration,Ca3SbBr3
primary,gkf,12,calibration,Ca3SbCl3
primary,gkf,12,calibration,Mg3AsBr3
primary,gkf,12,calibration,Mg3BiI3
primary,gkf,12,calibration,Mg3PCl3
primary,gkf,12,calibration,Mg3PI3
primary,gkf,12,calibration,Mg3SbBr3
primary,gkf,12,calibration,Mg3SbCl3
primary,gkf,12,calibration,Mg3SbF3
primary,gkf,12,calibration,Sr3AsCl3
primary,gkf,12,calibration,Sr3AsI3
primary,gkf,12,calibration,Sr3PBr3
primary,gkf,12,calibration,Sr3PCl3
primary,gkf,12,calibration,Sr3PI3
primary,gkf,12,calibration,Sr3SbCl3
primary,gkf,13,test,Ca3AsBr3
primary,gkf,13,test,Mg3BiI3
primary,gkf,13,test,Ca3PBr3
primary,gkf,13,test,Ca3PF3
primary,gkf,13,test,Mg3PI3
primary,gkf,13,test,Sr3PBr3
primary,gkf,13,test,Ca3SbCl3
primary,gkf,13,test,Mg3SbCl3
primary,gkf,13,calibration,Ba3AsBr3
primary,gkf,13,calibration,Ba3AsCl3
primary,gkf,13,calibration,Ba3AsI3
primary,gkf,13,calibration,Ba3BiBr3
primary,gkf,13,calibration,Ba3BiCl3
primary,gkf,13,calibration,Ba3BiI3
primary,gkf,13,calibration,Ba3PBr3
primary,gkf,13,calibration,Ba3PCl3
primary,gkf,13,calibration,Ba3PI3
primary,gkf,13,calibration,Ba3SbBr3
primary,gkf,13,calibration,Ba3SbCl3
primary,gkf,13,calibration,Ba3SbI3
primary,gkf,13,calibration,Ca3AsF3
primary,gkf,13,calibration,Ca3BiI3
primary,gkf,13,calibration,Ca3PCl3
primary,gkf,13,calibration,Ca3PI3
primary,gkf,13,calibration,Ca3SbBr3
primary,gkf,13,calibration,Ca3SbF3
primary,gkf,13,calibration,Mg3AsBr3
primary,gkf,13,calibration,Mg3BiBr3
primary,gkf,13,calibration,Mg3PBr3
primary,gkf,13,calibration,Mg3PCl3
primary,gkf,13,calibration,Mg3SbBr3
primary,gkf,13,calibration,Mg3SbF3
primary,gkf,13,calibration,Mg3SbI3
primary,gkf,13,calibration,Sr3AsCl3
primary,gkf,13,calibration,Sr3AsI3
primary,gkf,13,calibration,Sr3PCl3
primary,gkf,13,calibration,Sr3PI3
primary,gkf,13,calibration,Sr3SbCl3
primary,gkf,13,calibration,Sr3SbI3
primary,gkf,14,test,Ca3AsF3
primary,gkf,14,test,Mg3AsBr3
primary,gkf,14,test,Ca3BiI3
primary,gkf,14,test,Ba3PCl3
primary,gkf,14,test,Sr3PCl3
primary,gkf,14,test,Mg3SbF3
primary,gkf,14,test,Sr3SbCl3
primary,gkf,14,calibration,Ba3AsBr3
primary,gkf,14,calibration,Ba3AsCl3
primary,gkf,14,calibration,Ba3AsI3
primary,gkf,14,calibration,Ba3BiBr3
primary,gkf,14,calibration,Ba3BiCl3
primary,gkf,14,calibration,Ba3BiI3
primary,gkf,14,calibration,Ba3PBr3
primary,gkf,14,calibration,Ba3PI3
primary,gkf,14,calibration,Ba3SbBr3
primary,gkf,14,calibration,Ba3SbCl3
primary,gkf,14,calibration,Ba3SbI3
primary,gkf,14,calibration,Ca3AsBr3
primary,gkf,14,calibration,Ca3PBr3
primary,gkf,14,calibration,Ca3PCl3
primary,gkf,14,calibration,Ca3PF3
primary,gkf,14,calibration,Ca3PI3
primary,gkf,14,calibration,Ca3SbBr3
primary,gkf,14,calibration,Ca3SbCl3
primary,gkf,14,calibration,Ca3SbF3
primary,gkf,14,calibration,Mg3BiBr3
primary,gkf,14,calibration,Mg3BiI3
primary,gkf,14,calibration,Mg3PBr3
primary,gkf,14,calibration,Mg3PCl3
primary,gkf,14,calibration,Mg3PI3
primary,gkf,14,calibration,Mg3SbBr3
primary,gkf,14,calibration,Mg3SbCl3
primary,gkf,14,calibration,Mg3SbI3
primary,gkf,14,calibration,Sr3AsCl3
primary,gkf,14,calibration,Sr3AsI3
primary,gkf,14,calibration,Sr3PBr3
primary,gkf,14,calibration,Sr3PI3
primary,gkf,14,calibration,Sr3SbI3
primary,gkf,15,test,Ba3AsCl3
primary,gkf,15,test,Ba3BiBr3
primary,gkf,15,test,Ba3BiI3
primary,gkf,15,test,Mg3BiI3
primary,gkf,15,test,Ca3PF3
primary,gkf,15,test,Ca3PI3
primary,gkf,15,test,Mg3PBr3
primary,gkf,15,test,Mg3SbI3
primary,gkf,15,calibration,Ba3AsBr3
primary,gkf,15,calibration,Ba3AsI3
primary,gkf,15,calibration,Ba3BiCl3
primary,gkf,15,calibration,Ba3PBr3
primary,gkf,15,calibration,Ba3PCl3
primary,gkf,15,calibration,Ba3PI3
primary,gkf,15,calibration,Ba3SbBr3
primary,gkf,15,calibration,Ba3SbCl3
primary,gkf,15,calibration,Ba3SbI3
primary,gkf,15,calibration,Ca3AsBr3
primary,gkf,15,calibration,Ca3AsF3
primary,gkf,15,calibration,Ca3BiI3
primary,gkf,15,calibration,Ca3PBr3
primary,gkf,15,calibration,Ca3PCl3
primary,gkf,15,calibration,Ca3SbBr3
primary,gkf,15,calibration,Ca3SbCl3
primary,gkf,15,calibration,Ca3SbF3
primary,gkf,15,calibration,Mg3AsBr3
primary,gkf,15,calibration,Mg3BiBr3
primary,gkf,15,calibration,Mg3PCl3
primary,gkf,15,calibration,Mg3PI3
primary,gkf,15,calibration,Mg3SbBr3
primary,gkf,15,calibration,Mg3SbCl3
primary,gkf,15,calibration,Mg3SbF3
primary,gkf,15,calibration,Sr3AsCl3
primary,gkf,15,calibration,Sr3AsI3
primary,gkf,15,calibration,Sr3PBr3
primary,gkf,15,calibration,Sr3PCl3
primary,gkf,15,calibration,Sr3PI3
primary,gkf,15,calibration,Sr3SbCl3
primary,gkf,15,calibration,Sr3SbI3
primary,gkf,16,test,Ca3AsBr3
primary,gkf,16,test,Ca3PCl3
primary,gkf,16,test,Sr3PCl3
primary,gkf,16,test,Sr3PI3
primary,gkf,16,test,Ba3SbBr3
primary,gkf,16,test,Ba3SbCl3
primary,gkf,16,test,Ca3SbBr3
primary,gkf,16,test,Mg3SbBr3
primary,gkf,16,calibration,Ba3AsBr3
primary,gkf,16,calibration,Ba3AsCl3
primary,gkf,16,calibration,Ba3AsI3
primary,gkf,16,calibration,Ba3BiBr3
primary,gkf,16,calibration,Ba3BiCl3
primary,gkf,16,calibration,Ba3BiI3
primary,gkf,16,calibration,Ba3PBr3
primary,gkf,16,calibration,Ba3PCl3
primary,gkf,16,calibration,Ba3PI3
primary,gkf,16,calibration,Ba3SbI3
primary,gkf,16,calibration,Ca3AsF3
primary,gkf,16,calibration,Ca3BiI3
primary,gkf,16,calibration,Ca3PBr3
primary,gkf,16,calibration,Ca3PF3
primary,gkf,16,calibration,Ca3PI3
primary,gkf,16,calibration,Ca3SbCl3
primary,gkf,16,calibration,Ca3SbF3
primary,gkf,16,calibration,Mg3AsBr3
primary,gkf,16,calibration,Mg3BiBr3
primary,gkf,16,calibration,Mg3BiI3
primary,gkf,16,calibration,Mg3PBr3
primary,gkf,16,calibration,Mg3PCl3
primary,gkf,16,calibration,Mg3PI3
primary,gkf,16,calibration,Mg3SbCl3
primary,gkf,16,calibration,Mg3SbF3
primary,gkf,16,calibration,Mg3SbI3
primary,gkf,16,calibration,Sr3AsCl3
primary,gkf,16,calibration,Sr3AsI3
primary,gkf,16,calibration,Sr3PBr3
primary,gkf,16,calibration,Sr3SbCl3
primary,gkf,16,calibration,Sr3SbI3
primary,gkf,17,test,Ba3AsBr3
primary,gkf,17,test,Ca3AsF3
primary,gkf,17,test,Ca3BiI3
primary,gkf,17,test,Mg3PCl3
primary,gkf,17,test,Ca3SbCl3
primary,gkf,17,test,Ca3SbF3
primary,gkf,17,test,Mg3SbCl3
primary,gkf,17,test,Sr3SbCl3
primary,gkf,17,calibration,Ba3AsCl3
primary,gkf,17,calibration,Ba3AsI3
primary,gkf,17,calibration,Ba3BiBr3
primary,gkf,17,calibration,Ba3BiCl3
primary,gkf,17,calibration,Ba3BiI3
primary,gkf,17,calibration,Ba3PBr3
primary,gkf,17,calibration,Ba3PCl3
primary,gkf,17,calibration,Ba3PI3
primary,gkf,17,calibration,Ba3SbBr3
primary,gkf,17,calibration,Ba3SbCl3
primary,gkf,17,calibration,Ba3SbI3
primary,gkf,17,calibration,Ca3AsBr3
primary,gkf,17,calibration,Ca3PBr3
primary,gkf,17,calibration,Ca3PCl3
primary,gkf,17,calibration,Ca3PF3
primary,gkf,17,calibration,Ca3PI3
primary,gkf,17,calibration,Ca3SbBr3
primary,gkf,17,calibration,Mg3AsBr3
primary,gkf,17,calibration,Mg3BiBr3
primary,gkf,17,calibration,Mg3BiI3
primary,gkf,17,calibration,Mg3PBr3
primary,gkf,17,calibration,Mg3PI3
primary,gkf,17,calibration,Mg3SbBr3
primary,gkf,17,calibration,Mg3SbF3
primary,gkf,17,calibration,Mg3SbI3
primary,gkf,17,calibration,Sr3AsCl3
primary,gkf,17,calibration,Sr3AsI3
primary,gkf,17,calibration,Sr3PBr3
primary,gkf,17,calibration,Sr3PCl3
primary,gkf,17,calibration,Sr3PI3
primary,gkf,17,calibration,Sr3SbI3
primary,gkf,18,test,Ba3AsI3
primary,gkf,18,test,Mg3AsBr3
primary,gkf,18,test,Sr3AsI3
primary,gkf,18,test,Ba3BiCl3
primary,gkf,18,test,Mg3BiBr3
primary,gkf,18,test,Ca3PBr3
primary,gkf,18,test,Sr3PBr3
primary,gkf,18,test,Mg3SbF3
primary,gkf,18,calibration,Ba3AsBr3
primary,gkf,18,calibration,Ba3AsCl3
primary,gkf,18,calibration,Ba3BiBr3
primary,gkf,18,calibration,Ba3BiI3
primary,gkf,18,calibration,Ba3PBr3
primary,gkf,18,calibration,Ba3PCl3
primary,gkf,18,calibration,Ba3PI3
primary,gkf,18,calibration,Ba3SbBr3
primary,gkf,18,calibration,Ba3SbCl3
primary,gkf,18,calibration,Ba3SbI3
primary,gkf,18,calibration,Ca3AsBr3
primary,gkf,18,calibration,Ca3AsF3
primary,gkf,18,calibration,Ca3BiI3
primary,gkf,18,calibration,Ca3PCl3
primary,gkf,18,calibration,Ca3PF3
primary,gkf,18,calibration,Ca3PI3
primary,gkf,18,calibration,Ca3SbBr3
primary,gkf,18,calibration,Ca3SbCl3
primary,gkf,18,calibration,Ca3SbF3
primary,gkf,18,calibration,Mg3BiI3
primary,gkf,18,calibration,Mg3PBr3
primary,gkf,18,calibration,Mg3PCl3
primary,gkf,18,calibration,Mg3PI3
primary,gkf,18,calibration,Mg3SbBr3
primary,gkf,18,calibration,Mg3SbCl3
primary,gkf,18,calibration,Mg3SbI3
primary,gkf,18,calibration,Sr3AsCl3
primary,gkf,18,calibration,Sr3PCl3
primary,gkf,18,calibration,Sr3PI3
primary,gkf,18,calibration,Sr3SbCl3
primary,gkf,18,calibration,Sr3SbI3
primary,gkf,19,test,Sr3AsCl3
primary,gkf,19,test,Ba3PBr3
primary,gkf,19,test,Ba3PCl3
primary,gkf,19,test,Ba3PI3
primary,gkf,19,test,Mg3PI3
primary,gkf,19,test,Ba3SbI3
primary,gkf,19,test,Sr3SbI3
primary,gkf,19,calibration,Ba3AsBr3
primary,gkf,19,calibration,Ba3AsCl3
primary,gkf,19,calibration,Ba3AsI3
primary,gkf,19,calibration,Ba3BiBr3
primary,gkf,19,calibration,Ba3BiCl3
primary,gkf,19,calibration,Ba3BiI3
primary,gkf,19,calibration,Ba3SbBr3
primary,gkf,19,calibration,Ba3SbCl3
primary,gkf,19,calibration,Ca3AsBr3
primary,gkf,19,calibration,Ca3AsF3
primary,gkf,19,calibration,Ca3BiI3
primary,gkf,19,calibration,Ca3PBr3
primary,gkf,19,calibration,Ca3PCl3
primary,gkf,19,calibration,Ca3PF3
primary,gkf,19,calibration,Ca3PI3
primary,gkf,19,calibration,Ca3SbBr3
primary,gkf,19,calibration,Ca3SbCl3
primary,gkf,19,calibration,Ca3SbF3
primary,gkf,19,calibration,Mg3AsBr3
primary,gkf,19,calibration,Mg3BiBr3
primary,gkf,19,calibration,Mg3BiI3
primary,gkf,19,calibration,Mg3PBr3
primary,gkf,19,calibration,Mg3PCl3
primary,gkf,19,calibration,Mg3SbBr3
primary,gkf,19,calibration,Mg3SbCl3
primary,gkf,19,calibration,Mg3SbF3
primary,gkf,19,calibration,Mg3SbI3
primary,gkf,19,calibration,Sr3AsI3
primary,gkf,19,calibration,Sr3PBr3
primary,gkf,19,calibration,Sr3PCl3
primary,gkf,19,calibration,Sr3PI3
primary,gkf,19,calibration,Sr3SbCl3
primary,gkf,20,test,Ca3AsF3
primary,gkf,20,test,Sr3AsI3
primary,gkf,20,test,Ba3BiCl3
primary,gkf,20,test,Mg3BiBr3
primary,gkf,20,test,Ba3PCl3
primary,gkf,20,test,Ca3PBr3
primary,gkf,20,test,Sr3PI3
primary,gkf,20,test,Sr3SbI3
primary,gkf,20,calibration,Ba3AsBr3
primary,gkf,20,calibration,Ba3AsCl3
primary,gkf,20,calibration,Ba3AsI3
primary,gkf,20,calibration,Ba3BiBr3
primary,gkf,20,calibration,Ba3BiI3
primary,gkf,20,calibration,Ba3PBr3
primary,gkf,20,calibration,Ba3PI3
primary,gkf,20,calibration,Ba3SbBr3
primary,gkf,20,calibration,Ba3SbCl3
primary,gkf,20,calibration,Ba3SbI3
primary,gkf,20,calibration,Ca3AsBr3
primary,gkf,20,calibration,Ca3BiI3
primary,gkf,20,calibration,Ca3PCl3
primary,gkf,20,calibration,Ca3PF3
primary,gkf,20,calibration,Ca3PI3
primary,gkf,20,calibration,Ca3SbBr3
primary,gkf,20,calibration,Ca3SbCl3
primary,gkf,20,calibration,Ca3SbF3
primary,gkf,20,calibration,Mg3AsBr3
primary,gkf,20,calibration,Mg3BiI3
primary,gkf,20,calibration,Mg3PBr3
primary,gkf,20,calibration,Mg3PCl3
primary,gkf,20,calibration,Mg3PI3
primary,gkf,20,calibration,Mg3SbBr3
primary,gkf,20,calibration,Mg3SbCl3
primary,gkf,20,calibration,Mg3SbF3
primary,gkf,20,calibration,Mg3SbI3
primary,gkf,20,calibration,Sr3AsCl3
primary,gkf,20,calibration,Sr3PBr3
primary,gkf,20,calibration,Sr3PCl3
primary,gkf,20,calibration,Sr3SbCl3
primary,gkf,21,test,Ba3AsI3
primary,gkf,21,test,Ba3BiBr3
primary,gkf,21,test,Ba3PI3
primary,gkf,21,test,Ca3PCl3
primary,gkf,21,test,Ca3PF3
primary,gkf,21,test,Mg3PBr3
primary,gkf,21,test,Mg3SbF3
primary,gkf,21,test,Sr3SbCl3
primary,gkf,21,calibration,Ba3AsBr3
primary,gkf,21,calibration,Ba3AsCl3
primary,gkf,21,calibration,Ba3BiCl3
primary,gkf,21,calibration,Ba3BiI3
primary,gkf,21,calibration,Ba3PBr3
primary,gkf,21,calibration,Ba3PCl3
primary,gkf,21,calibration,Ba3SbBr3
primary,gkf,21,calibration,Ba3SbCl3
primary,gkf,21,calibration,Ba3SbI3
primary,gkf,21,calibration,Ca3AsBr3
primary,gkf,21,calibration,Ca3AsF3
primary,gkf,21,calibration,Ca3BiI3
primary,gkf,21,calibration,Ca3PBr3
primary,gkf,21,calibration,Ca3PI3
primary,gkf,21,calibration,Ca3SbBr3
primary,gkf,21,calibration,Ca3SbCl3
primary,gkf,21,calibration,Ca3SbF3
primary,gkf,21,calibration,Mg3AsBr3
primary,gkf,21,calibration,Mg3BiBr3
primary,gkf,21,calibration,Mg3BiI3
primary,gkf,21,calibration,Mg3PCl3
primary,gkf,21,calibration,Mg3PI3
primary,gkf,21,calibration,Mg3SbBr3
primary,gkf,21,calibration,Mg3SbCl3
primary,gkf,21,calibration,Mg3SbI3
primary,gkf,21,calibration,Sr3AsCl3
primary,gkf,21,calibration,Sr3AsI3
primary,gkf,21,calibration,Sr3PBr3
primary,gkf,21,calibration,Sr3PCl3
primary,gkf,21,calibration,Sr3PI3
primary,gkf,21,calibration,Sr3SbI3
primary,gkf,22,test,Ba3AsBr3
primary,gkf,22,test,Sr3AsCl3
primary,gkf,22,test,Ba3BiI3
primary,gkf,22,test,Ba3SbCl3
primary,gkf,22,test,Ba3SbI3
primary,gkf,22,test,Ca3SbBr3
primary,gkf,22,test,Ca3SbCl3
primary,gkf,22,test,Mg3SbCl3
primary,gkf,22,calibration,Ba3AsCl3
primary,gkf,22,calibration,Ba3AsI3
primary,gkf,22,calibration,Ba3BiBr3
primary,gkf,22,calibration,Ba3BiCl3
primary,gkf,22,calibration,Ba3PBr3
primary,gkf,22,calibration,Ba3PCl3
primary,gkf,22,calibration,Ba3PI3
primary,gkf,22,calibration,Ba3SbBr3
primary,gkf,22,calibration,Ca3AsBr3
primary,gkf,22,calibration,Ca3AsF3
primary,gkf,22,calibration,Ca3BiI3
primary,gkf,22,calibration,Ca3PBr3
primary,gkf,22,calibration,Ca3PCl3
primary,gkf,22,calibration,Ca3PF3
primary,gkf,22,calibration,Ca3PI3
primary,gkf,22,calibration,Ca3SbF3
primary,gkf,22,calibration,Mg3AsBr3
primary,gkf,22,calibration,Mg3BiBr3
primary,gkf,22,calibration,Mg3BiI3
primary,gkf,22,calibration,Mg3PBr3
primary,gkf,22,calibration,Mg3PCl3
primary,gkf,22,calibration,Mg3PI3
primary,gkf,22,calibration,Mg3SbBr3
primary,gkf,22,calibration,Mg3SbF3
primary,gkf,22,calibration,Mg3SbI3
primary,gkf,22,calibration,Sr3AsI3
primary,gkf,22,calibration,Sr3PBr3
primary,gkf,22,calibration,Sr3PCl3
primary,gkf,22,calibration,Sr3PI3
primary,gkf,22,calibration,Sr3SbCl3
primary,gkf,22,calibration,Sr3SbI3
primary,gkf,23,test,Ba3AsCl3
primary,gkf,23,test,Mg3BiI3
primary,gkf,23,test,Ca3PI3
primary,gkf,23,test,Mg3PCl3
primary,gkf,23,test,Mg3PI3
primary,gkf,23,test,Sr3PBr3
primary,gkf,23,test,Ba3SbBr3
primary,gkf,23,test,Ca3SbF3
primary,gkf,23,calibration,Ba3AsBr3
primary,gkf,23,calibration,Ba3AsI3
primary,gkf,23,calibration,Ba3BiBr3
primary,gkf,23,calibration,Ba3BiCl3
primary,gkf,23,calibration,Ba3BiI3
primary,gkf,23,calibration,Ba3PBr3
primary,gkf,23,calibration,Ba3PCl3
primary,gkf,23,calibration,Ba3PI3
primary,gkf,23,calibration,Ba3SbCl3
primary,gkf,23,calibration,Ba3SbI3
primary,gkf,23,calibration,Ca3AsBr3
primary,gkf,23,calibration,Ca3AsF3
primary,gkf,23,calibration,Ca3BiI3
primary,gkf,23,calibration,Ca3PBr3
primary,gkf,23,calibration,Ca3PCl3
primary,gkf,23,calibration,Ca3PF3
primary,gkf,23,calibration,Ca3SbBr3
primary,gkf,23,calibration,Ca3SbCl3
primary,gkf,23,calibration,Mg3AsBr3
primary,gkf,23,calibration,Mg3BiBr3
primary,gkf,23,calibration,Mg3PBr3
primary,gkf,23,calibration,Mg3SbBr3
primary,gkf,23,calibration,Mg3SbCl3
primary,gkf,23,calibration,Mg3SbF3
primary,gkf,23,calibration,Mg3SbI3
primary,gkf,23,calibration,Sr3AsCl3
primary,gkf,23,calibration,Sr3AsI3
primary,gkf,23,calibration,Sr3PCl3
primary,gkf,23,calibration,Sr3PI3
primary,gkf,23,calibration,Sr3SbCl3
primary,gkf,23,calibration,Sr3SbI3
primary,gkf,24,test,Ca3AsBr3
primary,gkf,24,test,Mg3AsBr3
primary,gkf,24,test,Ca3BiI3
primary,gkf,24,test,Ba3PBr3
primary,gkf,24,test,Sr3PCl3
primary,gkf,24,test,Mg3SbBr3
primary,gkf,24,test,Mg3SbI3
primary,gkf,24,calibration,Ba3AsBr3
primary,gkf,24,calibration,Ba3AsCl3
primary,gkf,24,calibration,Ba3AsI3
primary,gkf,24,calibration,Ba3BiBr3
primary,gkf,24,calibration,Ba3BiCl3
primary,gkf,24,calibration,Ba3BiI3
primary,gkf,24,calibration,Ba3PCl3
primary,gkf,24,calibration,Ba3PI3
primary,gkf,24,calibration,Ba3SbBr3
primary,gkf,24,calibration,Ba3SbCl3
primary,gkf,24,calibration,Ba3SbI3
primary,gkf,24,calibration,Ca3AsF3
primary,gkf,24,calibration,Ca3PBr3
primary,gkf,24,calibration,Ca3PCl3
primary,gkf,24,calibration,Ca3PF3
primary,gkf,24,calibration,Ca3PI3
primary,gkf,24,calibration,Ca3SbBr3
primary,gkf,24,calibration,Ca3SbCl3
primary,gkf,24,calibration,Ca3SbF3
primary,gkf,24,calibration,Mg3BiBr3
primary,gkf,24,calibration,Mg3BiI3
primary,gkf,24,calibration,Mg3PBr3
primary,gkf,24,calibration,Mg3PCl3
primary,gkf,24,calibration,Mg3PI3
primary,gkf,24,calibration,Mg3SbCl3
primary,gkf,24,calibration,Mg3SbF3
primary,gkf,24,calibration,Sr3AsCl3
primary,gkf,24,calibration,Sr3AsI3
primary,gkf,24,calibration,Sr3PBr3
primary,gkf,24,calibration,Sr3PI3
primary,gkf,24,calibration,Sr3SbCl3
primary,gkf,24,calibration,Sr3SbI3
primary,gkf,25,test,Ca3AsBr3
primary,gkf,25,test,Mg3AsBr3
primary,gkf,25,test,Ba3PI3
primary,gkf,25,test,Ca3PBr3
primary,gkf,25,test,Ca3PF3
primary,gkf,25,test,Mg3PBr3
primary,gkf,25,test,Sr3PCl3
primary,gkf,25,test,Sr3SbCl3
primary,gkf,25,calibration,Ba3AsBr3
primary,gkf,25,calibration,Ba3AsCl3
primary,gkf,25,calibration,Ba3AsI3
primary,gkf,25,calibration,Ba3BiBr3
primary,gkf,25,calibration,Ba3BiCl3
primary,gkf,25,calibration,Ba3BiI3
primary,gkf,25,calibration,Ba3PBr3
primary,gkf,25,calibration,Ba3PCl3
primary,gkf,25,calibration,Ba3SbBr3
primary,gkf,25,calibration,Ba3SbCl3
primary,gkf,25,calibration,Ba3SbI3
primary,gkf,25,calibration,Ca3AsF3
primary,gkf,25,calibration,Ca3BiI3
primary,gkf,25,calibration,Ca3PCl3
primary,gkf,25,calibration,Ca3PI3
primary,gkf,25,calibration,Ca3SbBr3
primary,gkf,25,calibration,Ca3SbCl3
primary,gkf,25,calibration,Ca3SbF3
primary,gkf,25,calibration,Mg3BiBr3
primary,gkf,25,calibration,Mg3BiI3
primary,gkf,25,calibration,Mg3PCl3
primary,gkf,25,calibration,Mg3PI3
primary,gkf,25,calibration,Mg3SbBr3
primary,gkf,25,calibration,Mg3SbCl3
primary,gkf,25,calibration,Mg3SbF3
primary,gkf,25,calibration,Mg3SbI3
primary,gkf,25,calibration,Sr3AsCl3
primary,gkf,25,calibration,Sr3AsI3
primary,gkf,25,calibration,Sr3PBr3
primary,gkf,25,calibration,Sr3PI3
primary,gkf,25,calibration,Sr3SbI3
primary,gkf,26,test,Ca3AsF3
primary,gkf,26,test,Ba3BiBr3
primary,gkf,26,test,Ba3BiI3
primary,gkf,26,test,Ba3PBr3
primary,gkf,26,test,Ba3PCl3
primary,gkf,26,test,Ba3SbBr3
primary,gkf,26,test,Ba3SbCl3
primary,gkf,26,test,Ca3SbBr3
primary,gkf,26,calibration,Ba3AsBr3
primary,gkf,26,calibration,Ba3AsCl3
primary,gkf,26,calibration,Ba3AsI3
primary,gkf,26,calibration,Ba3BiCl3
primary,gkf,26,calibration,Ba3PI3
primary,gkf,26,calibration,Ba3SbI3
primary,gkf,26,calibration,Ca3AsBr3
primary,gkf,26,calibration,Ca3BiI3
primary,gkf,26,calibration,Ca3PBr3
primary,gkf,26,calibration,Ca3PCl3
primary,gkf,26,calibration,Ca3PF3
primary,gkf,26,calibration,Ca3PI3
primary,gkf,26,calibration,Ca3SbCl3
primary,gkf,26,calibration,Ca3SbF3
primary,gkf,26,calibration,Mg3AsBr3
primary,gkf,26,calibration,Mg3BiBr3
primary,gkf,26,calibration,Mg3BiI3
primary,gkf,26,calibration,Mg3PBr3
primary,gkf,26,calibration,Mg3PCl3
primary,gkf,26,calibration,Mg3PI3
primary,gkf,26,calibration,Mg3SbBr3
primary,gkf,26,calibration,Mg3SbCl3
primary,gkf,26,calibration,Mg3SbF3
primary,gkf,26,calibration,Mg3SbI3
primary,gkf,26,calibration,Sr3AsCl3
primary,gkf,26,calibration,Sr3AsI3
primary,gkf,26,calibration,Sr3PBr3
primary,gkf,26,calibration,Sr3PCl3
primary,gkf,26,calibration,Sr3PI3
primary,gkf,26,calibration,Sr3SbCl3
primary,gkf,26,calibration,Sr3SbI3
primary,gkf,27,test,Ba3AsBr3
primary,gkf,27,test,Sr3AsI3
primary,gkf,27,test,Mg3BiI3
primary,gkf,27,test,Ca3PI3
primary,gkf,27,test,Mg3PI3
primary,gkf,27,test,Ca3SbCl3
primary,gkf,27,test,Ca3SbF3
primary,gkf,27,test,Mg3SbCl3
primary,gkf,27,calibration,Ba3AsCl3
primary,gkf,27,calibration,Ba3AsI3
primary,gkf,27,calibration,Ba3BiBr3
primary,gkf,27,calibration,Ba3BiCl3
primary,gkf,27,calibration,Ba3BiI3
primary,gkf,27,calibration,Ba3PBr3
primary,gkf,27,calibration,Ba3PCl3
primary,gkf,27,calibration,Ba3PI3
primary,gkf,27,calibration,Ba3SbBr3
primary,gkf,27,calibration,Ba3SbCl3
primary,gkf,27,calibration,Ba3SbI3
primary,gkf,27,calibration,Ca3AsBr3
primary,gkf,27,calibration,Ca3AsF3
primary,gkf,27,calibration,Ca3BiI3
primary,gkf,27,calibration,Ca3PBr3
primary,gkf,27,calibration,Ca3PCl3
primary,gkf,27,calibration,Ca3PF3
primary,gkf,27,calibration,Ca3SbBr3
primary,gkf,27,calibration,Mg3AsBr3
primary,gkf,27,calibration,Mg3BiBr3
primary,gkf,27,calibration,Mg3PBr3
primary,gkf,27,calibration,Mg3PCl3
primary,gkf,27,calibration,Mg3SbBr3
primary,gkf,27,calibration,Mg3SbF3
primary,gkf,27,calibration,Mg3SbI3
primary,gkf,27,calibration,Sr3AsCl3
primary,gkf,27,calibration,Sr3PBr3
primary,gkf,27,calibration,Sr3PCl3
primary,gkf,27,calibration,Sr3PI3
primary,gkf,27,calibration,Sr3SbCl3
primary,gkf,27,calibration,Sr3SbI3
primary,gkf,28,test,Ba3AsI3
primary,gkf,28,test,Sr3AsCl3
primary,gkf,28,test,Ba3BiCl3
primary,gkf,28,test,Ca3PCl3
primary,gkf,28,test,Mg3PCl3
primary,gkf,28,test,Sr3PBr3
primary,gkf,28,test,Mg3SbBr3
primary,gkf,28,test,Mg3SbF3
primary,gkf,28,calibration,Ba3AsBr3
primary,gkf,28,calibration,Ba3AsCl3
primary,gkf,28,calibration,Ba3BiBr3
primary,gkf,28,calibration,Ba3BiI3
primary,gkf,28,calibration,Ba3PBr3
primary,gkf,28,calibration,Ba3PCl3
primary,gkf,28,calibration,Ba3PI3
primary,gkf,28,calibration,Ba3SbBr3
primary,gkf,28,calibration,Ba3SbCl3
primary,gkf,28,calibration,Ba3SbI3
primary,gkf,28,calibration,Ca3AsBr3
primary,gkf,28,calibration,Ca3AsF3
primary,gkf,28,calibration,Ca3BiI3
primary,gkf,28,calibration,Ca3PBr3
primary,gkf,28,calibration,Ca3PF3
primary,gkf,28,calibration,Ca3PI3
primary,gkf,28,calibration,Ca3SbBr3
primary,gkf,28,calibration,Ca3SbCl3
primary,gkf,28,calibration,Ca3SbF3
primary,gkf,28,calibration,Mg3AsBr3
primary,gkf,28,calibration,Mg3BiBr3
primary,gkf,28,calibration,Mg3BiI3
primary,gkf,28,calibration,Mg3PBr3
primary,gkf,28,calibration,Mg3PI3
primary,gkf,28,calibration,Mg3SbCl3
primary,gkf,28,calibration,Mg3SbI3
primary,gkf,28,calibration,Sr3AsI3
primary,gkf,28,calibration,Sr3PCl3
primary,gkf,28,calibration,Sr3PI3
primary,gkf,28,calibration,Sr3SbCl3
primary,gkf,28,calibration,Sr3SbI3
primary,gkf,29,test,Ba3AsCl3
primary,gkf,29,test,Ca3BiI3
primary,gkf,29,test,Mg3BiBr3
primary,gkf,29,test,Sr3PI3
primary,gkf,29,test,Ba3SbI3
primary,gkf,29,test,Mg3SbI3
primary,gkf,29,test,Sr3SbI3
primary,gkf,29,calibration,Ba3AsBr3
primary,gkf,29,calibration,Ba3AsI3
primary,gkf,29,calibration,Ba3BiBr3
primary,gkf,29,calibration,Ba3BiCl3
primary,gkf,29,calibration,Ba3BiI3
primary,gkf,29,calibration,Ba3PBr3
primary,gkf,29,calibration,Ba3PCl3
primary,gkf,29,calibration,Ba3PI3
primary,gkf,29,calibration,Ba3SbBr3
primary,gkf,29,calibration,Ba3SbCl3
primary,gkf,29,calibration,Ca3AsBr3
primary,gkf,29,calibration,Ca3AsF3
primary,gkf,29,calibration,Ca3PBr3
primary,gkf,29,calibration,Ca3PCl3
primary,gkf,29,calibration,Ca3PF3
primary,gkf,29,calibration,Ca3PI3
primary,gkf,29,calibration,Ca3SbBr3
primary,gkf,29,calibration,Ca3SbCl3
primary,gkf,29,calibration,Ca3SbF3
primary,gkf,29,calibration,Mg3AsBr3
primary,gkf,29,calibration,Mg3BiI3
primary,gkf,29,calibration,Mg3PBr3
primary,gkf,29,calibration,Mg3PCl3
primary,gkf,29,calibration,Mg3PI3
primary,gkf,29,calibration,Mg3SbBr3
primary,gkf,29,calibration,Mg3SbCl3
primary,gkf,29,calibration,Mg3SbF3
primary,gkf,29,calibration,Sr3AsCl3
primary,gkf,29,calibration,Sr3AsI3
primary,gkf,29,calibration,Sr3PBr3
primary,gkf,29,calibration,Sr3PCl3
primary,gkf,29,calibration,Sr3SbCl3
primary,gkf,30,test,Ca3AsF3
primary,gkf,30,test,Ba3BiCl3
primary,gkf,30,test,Ca3BiI3
primary,gkf,30,test,Mg3BiI3
primary,gkf,30,test,Ca3PCl3
primary,gkf,30,test,Sr3PBr3
primary,gkf,30,test,Ba3SbBr3
primary,gkf,30,test,Mg3SbCl3
primary,gkf,30,calibration,Ba3AsBr3
primary,gkf,30,calibration,Ba3AsCl3
primary,gkf,30,calibration,Ba3AsI3
primary,gkf,30,calibration,Ba3BiBr3
primary,gkf,30,calibration,Ba3BiI3
primary,gkf,30,calibration,Ba3PBr3
primary,gkf,30,calibration,Ba3PCl3
primary,gkf,30,calibration,Ba3PI3
primary,gkf,30,calibration,Ba3SbCl3
primary,gkf,30,calibration,Ba3SbI3
primary,gkf,30,calibration,Ca3AsBr3
primary,gkf,30,calibration,Ca3PBr3
primary,gkf,30,calibration,Ca3PF3
primary,gkf,30,calibration,Ca3PI3
primary,gkf,30,calibration,Ca3SbBr3
primary,gkf,30,calibration,Ca3SbCl3
primary,gkf,30,calibration,Ca3SbF3
primary,gkf,30,calibration,Mg3AsBr3
primary,gkf,30,calibration,Mg3BiBr3
primary,gkf,30,calibration,Mg3PBr3
primary,gkf,30,calibration,Mg3PCl3
primary,gkf,30,calibration,Mg3PI3
primary,gkf,30,calibration,Mg3SbBr3
primary,gkf,30,calibration,Mg3SbF3
primary,gkf,30,calibration,Mg3SbI3
primary,gkf,30,calibration,Sr3AsCl3
primary,gkf,30,calibration,Sr3AsI3
primary,gkf,30,calibration,Sr3PCl3
primary,gkf,30,calibration,Sr3PI3
primary,gkf,30,calibration,Sr3SbCl3
primary,gkf,30,calibration,Sr3SbI3
primary,gkf,31,test,Ba3AsCl3
primary,gkf,31,test,Ca3AsBr3
primary,gkf,31,test,Sr3AsI3
primary,gkf,31,test,Mg3BiBr3
primary,gkf,31,test,Ca3PF3
primary,gkf,31,test,Ba3SbI3
primary,gkf,31,test,Ca3SbCl3
primary,gkf,31,test,Sr3SbI3
primary,gkf,31,calibration,Ba3AsBr3
primary,gkf,31,calibration,Ba3AsI3
primary,gkf,31,calibration,Ba3BiBr3
primary,gkf,31,calibration,Ba3BiCl3
primary,gkf,31,calibration,Ba3BiI3
primary,gkf,31,calibration,Ba3PBr3
primary,gkf,31,calibration,Ba3PCl3
primary,gkf,31,calibration,Ba3PI3
primary,gkf,31,calibration,Ba3SbBr3
primary,gkf,31,calibration,Ba3SbCl3
primary,gkf,31,calibration,Ca3AsF3
primary,gkf,31,calibration,Ca3BiI3
primary,gkf,31,calibration,Ca3PBr3
primary,gkf,31,calibration,Ca3PCl3
primary,gkf,31,calibration,Ca3PI3
primary,gkf,31,calibration,Ca3SbBr3
primary,gkf,31,calibration,Ca3SbF3
primary,gkf,31,calibration,Mg3AsBr3
primary,gkf,31,calibration,Mg3BiI3
primary,gkf,31,calibration,Mg3PBr3
primary,gkf,31,calibration,Mg3PCl3
primary,gkf,31,calibration,Mg3PI3
primary,gkf,31,calibration,Mg3SbBr3
primary,gkf,31,calibration,Mg3SbCl3
primary,gkf,31,calibration,Mg3SbF3
primary,gkf,31,calibration,Mg3SbI3
primary,gkf,31,calibration,Sr3AsCl3
primary,gkf,31,calibration,Sr3PBr3
primary,gkf,31,calibration,Sr3PCl3
primary,gkf,31,calibration,Sr3PI3
primary,gkf,31,calibration,Sr3SbCl3
primary,gkf,32,test,Ba3AsBr3
primary,gkf,32,test,Mg3AsBr3
primary,gkf,32,test,Ba3PBr3
primary,gkf,32,test,Ba3PCl3
primary,gkf,32,test,Sr3PCl3
primary,gkf,32,test,Sr3PI3
primary,gkf,32,test,Ca3SbF3
primary,gkf,32,test,Mg3SbF3
primary,gkf,32,calibration,Ba3AsCl3
primary,gkf,32,calibration,Ba3AsI3
primary,gkf,32,calibration,Ba3BiBr3
primary,gkf,32,calibration,Ba3BiCl3
primary,gkf,32,calibration,Ba3BiI3
primary,gkf,32,calibration,Ba3PI3
primary,gkf,32,calibration,Ba3SbBr3
primary,gkf,32,calibration,Ba3SbCl3
primary,gkf,32,calibration,Ba3SbI3
primary,gkf,32,calibration,Ca3AsBr3
primary,gkf,32,calibration,Ca3AsF3
primary,gkf,32,calibration,Ca3BiI3
primary,gkf,32,calibration,Ca3PBr3
primary,gkf,32,calibration,Ca3PCl3
primary,gkf,32,calibration,Ca3PF3
primary,gkf,32,calibration,Ca3PI3
primary,gkf,32,calibration,Ca3SbBr3
primary,gkf,32,calibration,Ca3SbCl3
primary,gkf,32,calibration,Mg3BiBr3
primary,gkf,32,calibration,Mg3BiI3
primary,gkf,32,calibration,Mg3PBr3
primary,gkf,32,calibration,Mg3PCl3
primary,gkf,32,calibration,Mg3PI3
primary,gkf,32,calibration,Mg3SbBr3
primary,gkf,32,calibration,Mg3SbCl3
primary,gkf,32,calibration,Mg3SbI3
primary,gkf,32,calibration,Sr3AsCl3
primary,gkf,32,calibration,Sr3AsI3
primary,gkf,32,calibration,Sr3PBr3
primary,gkf,32,calibration,Sr3SbCl3
primary,gkf,32,calibration,Sr3SbI3
primary,gkf,33,test,Ba3AsI3
primary,gkf,33,test,Ba3BiBr3
primary,gkf,33,test,Ca3PI3
primary,gkf,33,test,Mg3PBr3
primary,gkf,33,test,Mg3PCl3
primary,gkf,33,test,Mg3PI3
primary,gkf,33,test,Ca3SbBr3
primary,gkf,33,test,Mg3SbI3
primary,gkf,33,calibration,Ba3AsBr3
primary,gkf,33,calibration,Ba3AsCl3
primary,gkf,33,calibration,Ba3BiCl3
primary,gkf,33,calibration,Ba3BiI3
primary,gkf,33,calibration,Ba3PBr3
primary,gkf,33,calibration,Ba3PCl3
primary,gkf,33,calibration,Ba3PI3
primary,gkf,33,calibration,Ba3SbBr3
primary,gkf,33,calibration,Ba3SbCl3
primary,gkf,33,calibration,Ba3SbI3
primary,gkf,33,calibration,Ca3AsBr3
primary,gkf,33,calibration,Ca3AsF3
primary,gkf,33,calibration,Ca3BiI3
primary,gkf,33,calibration,Ca3PBr3
primary,gkf,33,calibration,Ca3PCl3
primary,gkf,33,calibration,Ca3PF3
primary,gkf,33,calibration,Ca3SbCl3
primary,gkf,33,calibration,Ca3SbF3
primary,gkf,33,calibration,Mg3AsBr3
primary,gkf,33,calibration,Mg3BiBr3
primary,gkf,33,calibration,Mg3BiI3
primary,gkf,33,calibration,Mg3SbBr3
primary,gkf,33,calibration,Mg3SbCl3
primary,gkf,33,calibration,Mg3SbF3
primary,gkf,33,calibration,Sr3AsCl3
primary,gkf,33,calibration,Sr3AsI3
primary,gkf,33,calibration,Sr3PBr3
primary,gkf,33,calibration,Sr3PCl3
primary,gkf,33,calibration,Sr3PI3
primary,gkf,33,calibration,Sr3SbCl3
primary,gkf,33,calibration,Sr3SbI3
primary,gkf,34,test,Sr3AsCl3
primary,gkf,34,test,Ba3BiI3
primary,gkf,34,test,Ba3PI3
primary,gkf,34,test,Ca3PBr3
primary,gkf,34,test,Ba3SbCl3
primary,gkf,34,test,Mg3SbBr3
primary,gkf,34,test,Sr3SbCl3
primary,gkf,34,calibration,Ba3AsBr3
primary,gkf,34,calibration,Ba3AsCl3
primary,gkf,34,calibration,Ba3AsI3
primary,gkf,34,calibration,Ba3BiBr3
primary,gkf,34,calibration,Ba3BiCl3
primary,gkf,34,calibration,Ba3PBr3
primary,gkf,34,calibration,Ba3PCl3
primary,gkf,34,calibration,Ba3SbBr3
primary,gkf,34,calibration,Ba3SbI3
primary,gkf,34,calibration,Ca3AsBr3
primary,gkf,34,calibration,Ca3AsF3
primary,gkf,34,calibration,Ca3BiI3
primary,gkf,34,calibration,Ca3PCl3
primary,gkf,34,calibration,Ca3PF3
primary,gkf,34,calibration,Ca3PI3
primary,gkf,34,calibration,Ca3SbBr3
primary,gkf,34,calibration,Ca3SbCl3
primary,gkf,34,calibration,Ca3SbF3
primary,gkf,34,calibration,Mg3AsBr3
primary,gkf,34,calibration,Mg3BiBr3
primary,gkf,34,calibration,Mg3BiI3
primary,gkf,34,calibration,Mg3PBr3
primary,gkf,34,calibration,Mg3PCl3
primary,gkf,34,calibration,Mg3PI3
primary,gkf,34,calibration,Mg3SbCl3
primary,gkf,34,calibration,Mg3SbF3
primary,gkf,34,calibration,Mg3SbI3
primary,gkf,34,calibration,Sr3AsI3
primary,gkf,34,calibration,Sr3PBr3
primary,gkf,34,calibration,Sr3PCl3
primary,gkf,34,calibration,Sr3PI3
primary,gkf,34,calibration,Sr3SbI3
primary,gkf,35,test,Ca3AsBr3
primary,gkf,35,test,Ca3AsF3
primary,gkf,35,test,Sr3AsI3
primary,gkf,35,test,Ca3BiI3
primary,gkf,35,test,Ba3PBr3
primary,gkf,35,test,Sr3PI3
primary,gkf,35,test,Ba3SbBr3
primary,gkf,35,test,Ca3SbCl3
primary,gkf,35,calibration,Ba3AsBr3
primary,gkf,35,calibration,Ba3AsCl3
primary,gkf,35,calibration,Ba3AsI3
primary,gkf,35,calibration,Ba3BiBr3
primary,gkf,35,calibration,Ba3BiCl3
primary,gkf,35,calibration,Ba3BiI3
primary,gkf,35,calibration,Ba3PCl3
primary,gkf,35,calibration,Ba3PI3
primary,gkf,35,calibration,Ba3SbCl3
primary,gkf,35,calibration,Ba3SbI3
primary,gkf,35,calibration,Ca3PBr3
primary,gkf,35,calibration,Ca3PCl3
primary,gkf,35,calibration,Ca3PF3
primary,gkf,35,calibration,Ca3PI3
primary,gkf,35,calibration,Ca3SbBr3
primary,gkf,35,calibration,Ca3SbF3
primary,gkf,35,calibration,Mg3AsBr3
primary,gkf,35,calibration,Mg3BiBr3
primary,gkf,35,calibration,Mg3BiI3
primary,gkf,35,calibration,Mg3PBr3
primary,gkf,35,calibration,Mg3PCl3
primary,gkf,35,calibration,Mg3PI3
primary,gkf,35,calibration,Mg3SbBr3
primary,gkf,35,calibration,Mg3SbCl3
primary,gkf,35,calibration,Mg3SbF3
primary,gkf,35,calibration,Mg3SbI3
primary,gkf,35,calibration,Sr3AsCl3
primary,gkf,35,calibration,Sr3PBr3
primary,gkf,35,calibration,Sr3PCl3
primary,gkf,35,calibration,Sr3SbCl3
primary,gkf,35,calibration,Sr3SbI3
primary,gkf,36,test,Sr3AsCl3
primary,gkf,36,test,Ba3BiBr3
primary,gkf,36,test,Ba3BiI3
primary,gkf,36,test,Mg3BiBr3
primary,gkf,36,test,Mg3BiI3
primary,gkf,36,test,Ca3PF3
primary,gkf,36,test,Sr3PBr3
primary,gkf,36,test,Mg3SbBr3
primary,gkf,36,calibration,Ba3AsBr3
primary,gkf,36,calibration,Ba3AsCl3
primary,gkf,36,calibration,Ba3AsI3
primary,gkf,36,calibration,Ba3BiCl3
primary,gkf,36,calibration,Ba3PBr3
primary,gkf,36,calibration,Ba3PCl3
primary,gkf,36,calibration,Ba3PI3
primary,gkf,36,calibration,Ba3SbBr3
primary,gkf,36,calibration,Ba3SbCl3
primary,gkf,36,calibration,Ba3SbI3
primary,gkf,36,calibration,Ca3AsBr3
primary,gkf,36,calibration,Ca3AsF3
primary,gkf,36,calibration,Ca3BiI3
primary,gkf,36,calibration,Ca3PBr3
primary,gkf,36,calibration,Ca3PCl3
primary,gkf,36,calibration,Ca3PI3
primary,gkf,36,calibration,Ca3SbBr3
primary,gkf,36,calibration,Ca3SbCl3
primary,gkf,36,calibration,Ca3SbF3
primary,gkf,36,calibration,Mg3AsBr3
primary,gkf,36,calibration,Mg3PBr3
primary,gkf,36,calibration,Mg3PCl3
primary,gkf,36,calibration,Mg3PI3
primary,gkf,36,calibration,Mg3SbCl3
primary,gkf,36,calibration,Mg3SbF3
primary,gkf,36,calibration,Mg3SbI3
primary,gkf,36,calibration,Sr3AsI3
primary,gkf,36,calibration,Sr3PCl3
primary,gkf,36,calibration,Sr3PI3
primary,gkf,36,calibration,Sr3SbCl3
primary,gkf,36,calibration,Sr3SbI3
primary,gkf,37,test,Ba3PCl3
primary,gkf,37,test,Ca3PCl3
primary,gkf,37,test,Mg3PI3
primary,gkf,37,test,Sr3PCl3
primary,gkf,37,test,Ba3SbCl3
primary,gkf,37,test,Ca3SbBr3
primary,gkf,37,test,Ca3SbF3
primary,gkf,37,test,Mg3SbF3
primary,gkf,37,calibration,Ba3AsBr3
primary,gkf,37,calibration,Ba3AsCl3
primary,gkf,37,calibration,Ba3AsI3
primary,gkf,37,calibration,Ba3BiBr3
primary,gkf,37,calibration,Ba3BiCl3
primary,gkf,37,calibration,Ba3BiI3
primary,gkf,37,calibration,Ba3PBr3
primary,gkf,37,calibration,Ba3PI3
primary,gkf,37,calibration,Ba3SbBr3
primary,gkf,37,calibration,Ba3SbI3
primary,gkf,37,calibration,Ca3AsBr3
primary,gkf,37,calibration,Ca3AsF3
primary,gkf,37,calibration,Ca3BiI3
primary,gkf,37,calibration,Ca3PBr3
primary,gkf,37,calibration,Ca3PF3
primary,gkf,37,calibration,Ca3PI3
primary,gkf,37,calibration,Ca3SbCl3
primary,gkf,37,calibration,Mg3AsBr3
primary,gkf,37,calibration,Mg3BiBr3
primary,gkf,37,calibration,Mg3BiI3
primary,gkf,37,calibration,Mg3PBr3
primary,gkf,37,calibration,Mg3PCl3
primary,gkf,37,calibration,Mg3SbBr3
primary,gkf,37,calibration,Mg3SbCl3
primary,gkf,37,calibration,Mg3SbI3
primary,gkf,37,calibration,Sr3AsCl3
primary,gkf,37,calibration,Sr3AsI3
primary,gkf,37,calibration,Sr3PBr3
primary,gkf,37,calibration,Sr3PI3
primary,gkf,37,calibration,Sr3SbCl3
primary,gkf,37,calibration,Sr3SbI3
primary,gkf,38,test,Ba3AsI3
primary,gkf,38,test,Mg3AsBr3
primary,gkf,38,test,Ba3PI3
primary,gkf,38,test,Ca3PI3
primary,gkf,38,test,Mg3PCl3
primary,gkf,38,test,Mg3SbCl3
primary,gkf,38,test,Sr3SbCl3
primary,gkf,38,test,Sr3SbI3
primary,gkf,38,calibration,Ba3AsBr3
primary,gkf,38,calibration,Ba3AsCl3
primary,gkf,38,calibration,Ba3BiBr3
primary,gkf,38,calibration,Ba3BiCl3
primary,gkf,38,calibration,Ba3BiI3
primary,gkf,38,calibration,Ba3PBr3
primary,gkf,38,calibration,Ba3PCl3
primary,gkf,38,calibration,Ba3SbBr3
primary,gkf,38,calibration,Ba3SbCl3
primary,gkf,38,calibration,Ba3SbI3
primary,gkf,38,calibration,Ca3AsBr3
primary,gkf,38,calibration,Ca3AsF3
primary,gkf,38,calibration,Ca3BiI3
primary,gkf,38,calibration,Ca3PBr3
primary,gkf,38,calibration,Ca3PCl3
primary,gkf,38,calibration,Ca3PF3
primary,gkf,38,calibration,Ca3SbBr3
primary,gkf,38,calibration,Ca3SbCl3
primary,gkf,38,calibration,Ca3SbF3
primary,gkf,38,calibration,Mg3BiBr3
primary,gkf,38,calibration,Mg3BiI3
primary,gkf,38,calibration,Mg3PBr3
primary,gkf,38,calibration,Mg3PI3
primary,gkf,38,calibration,Mg3SbBr3
primary,gkf,38,calibration,Mg3SbF3
primary,gkf,38,calibration,Mg3SbI3
primary,gkf,38,calibration,Sr3AsCl3
primary,gkf,38,calibration,Sr3AsI3
primary,gkf,38,calibration,Sr3PBr3
primary,gkf,38,calibration,Sr3PCl3
primary,gkf,38,calibration,Sr3PI3
primary,gkf,39,test,Ba3AsBr3
primary,gkf,39,test,Ba3AsCl3
primary,gkf,39,test,Ba3BiCl3
primary,gkf,39,test,Ca3PBr3
primary,gkf,39,test,Mg3PBr3
primary,gkf,39,test,Ba3SbI3
primary,gkf,39,test,Mg3SbI3
primary,gkf,39,calibration,Ba3AsI3
primary,gkf,39,calibration,Ba3BiBr3
primary,gkf,39,calibration,Ba3BiI3
primary,gkf,39,calibration,Ba3PBr3
primary,gkf,39,calibration,Ba3PCl3
primary,gkf,39,calibration,Ba3PI3
primary,gkf,39,calibration,Ba3SbBr3
primary,gkf,39,calibration,Ba3SbCl3
primary,gkf,39,calibration,Ca3AsBr3
primary,gkf,39,calibration,Ca3AsF3
primary,gkf,39,calibration,Ca3BiI3
primary,gkf,39,calibration,Ca3PCl3
primary,gkf,39,calibration,Ca3PF3
primary,gkf,39,calibration,Ca3PI3
primary,gkf,39,calibration,Ca3SbBr3
primary,gkf,39,calibration,Ca3SbCl3
primary,gkf,39,calibration,Ca3SbF3
primary,gkf,39,calibration,Mg3AsBr3
primary,gkf,39,calibration,Mg3BiBr3
primary,gkf,39,calibration,Mg3BiI3
primary,gkf,39,calibration,Mg3PCl3
primary,gkf,39,calibration,Mg3PI3
primary,gkf,39,calibration,Mg3SbBr3
primary,gkf,39,calibration,Mg3SbCl3
primary,gkf,39,calibration,Mg3SbF3
primary,gkf,39,calibration,Sr3AsCl3
primary,gkf,39,calibration,Sr3AsI3
primary,gkf,39,calibration,Sr3PBr3
primary,gkf,39,calibration,Sr3PCl3
primary,gkf,39,calibration,Sr3PI3
primary,gkf,39,calibration,Sr3SbCl3
primary,gkf,39,calibration,Sr3SbI3
primary,gkf,40,test,Ca3BiI3
primary,gkf,40,test,Ba3PI3
primary,gkf,40,test,Mg3PBr3
primary,gkf,40,test,Mg3PI3
primary,gkf,40,test,Sr3PBr3
primary,gkf,40,test,Ba3SbBr3
primary,gkf,40,test,Ca3SbF3
primary,gkf,40,test,Sr3SbCl3
primary,gkf,40,calibration,Ba3AsBr3
primary,gkf,40,calibration,Ba3AsCl3
primary,gkf,40,calibration,Ba3AsI3
primary,gkf,40,calibration,Ba3BiBr3
primary,gkf,40,calibration,Ba3BiCl3
primary,gkf,40,calibration,Ba3BiI3
primary,gkf,40,calibration,Ba3PBr3
primary,gkf,40,calibration,Ba3PCl3
primary,gkf,40,calibration,Ba3SbCl3
primary,gkf,40,calibration,Ba3SbI3
primary,gkf,40,calibration,Ca3AsBr3
primary,gkf,40,calibration,Ca3AsF3
primary,gkf,40,calibration,Ca3PBr3
primary,gkf,40,calibration,Ca3PCl3
primary,gkf,40,calibration,Ca3PF3
primary,gkf,40,calibration,Ca3PI3
primary,gkf,40,calibration,Ca3SbBr3
primary,gkf,40,calibration,Ca3SbCl3
primary,gkf,40,calibration,Mg3AsBr3
primary,gkf,40,calibration,Mg3BiBr3
primary,gkf,40,calibration,Mg3BiI3
primary,gkf,40,calibration,Mg3PCl3
primary,gkf,40,calibration,Mg3SbBr3
primary,gkf,40,calibration,Mg3SbCl3
primary,gkf,40,calibration,Mg3SbF3
primary,gkf,40,calibration,Mg3SbI3
primary,gkf,40,calibration,Sr3AsCl3
primary,gkf,40,calibration,Sr3AsI3
primary,gkf,40,calibration,Sr3PCl3
primary,gkf,40,calibration,Sr3PI3
primary,gkf,40,calibration,Sr3SbI3
primary,gkf,41,test,Ba3AsCl3
primary,gkf,41,test,Mg3AsBr3
primary,gkf,41,test,Ba3BiCl3
primary,gkf,41,test,Mg3BiI3
primary,gkf,41,test,Ca3PF3
primary,gkf,41,test,Mg3PCl3
primary,gkf,41,test,Ba3SbCl3
primary,gkf,41,test,Mg3SbCl3
primary,gkf,41,calibration,Ba3AsBr3
primary,gkf,41,calibration,Ba3AsI3
primary,gkf,41,calibration,Ba3BiBr3
primary,gkf,41,calibration,Ba3BiI3
primary,gkf,41,calibration,Ba3PBr3
primary,gkf,41,calibration,Ba3PCl3
primary,gkf,41,calibration,Ba3PI3
primary,gkf,41,calibration,Ba3SbBr3
primary,gkf,41,calibration,Ba3SbI3
primary,gkf,41,calibration,Ca3AsBr3
primary,gkf,41,calibration,Ca3AsF3
primary,gkf,41,calibration,Ca3BiI3
primary,gkf,41,calibration,Ca3PBr3
primary,gkf,41,calibration,Ca3PCl3
primary,gkf,41,calibration,Ca3PI3
primary,gkf,41,calibration,Ca3SbBr3
primary,gkf,41,calibration,Ca3SbCl3
primary,gkf,41,calibration,Ca3SbF3
primary,gkf,41,calibration,Mg3BiBr3
primary,gkf,41,calibration,Mg3PBr3
primary,gkf,41,calibration,Mg3PI3
primary,gkf,41,calibration,Mg3SbBr3
primary,gkf,41,calibration,Mg3SbF3
primary,gkf,41,calibration,Mg3SbI3
primary,gkf,41,calibration,Sr3AsCl3
primary,gkf,41,calibration,Sr3AsI3
primary,gkf,41,calibration,Sr3PBr3
primary,gkf,41,calibration,Sr3PCl3
primary,gkf,41,calibration,Sr3PI3
primary,gkf,41,calibration,Sr3SbCl3
primary,gkf,41,calibration,Sr3SbI3
primary,gkf,42,test,Ca3AsBr3
primary,gkf,42,test,Sr3AsI3
primary,gkf,42,test,Ba3BiI3
primary,gkf,42,test,Ca3PI3
primary,gkf,42,test,Ba3SbI3
primary,gkf,42,test,Mg3SbBr3
primary,gkf,42,test,Mg3SbF3
primary,gkf,42,test,Mg3SbI3
primary,gkf,42,calibration,Ba3AsBr3
primary,gkf,42,calibration,Ba3AsCl3
primary,gkf,42,calibration,Ba3AsI3
primary,gkf,42,calibration,Ba3BiBr3
primary,gkf,42,calibration,Ba3BiCl3
primary,gkf,42,calibration,Ba3PBr3
primary,gkf,42,calibration,Ba3PCl3
primary,gkf,42,calibration,Ba3PI3
primary,gkf,42,calibration,Ba3SbBr3
primary,gkf,42,calibration,Ba3SbCl3
primary,gkf,42,calibration,Ca3AsF3
primary,gkf,42,calibration,Ca3BiI3
primary,gkf,42,calibration,Ca3PBr3
primary,gkf,42,calibration,Ca3PCl3
primary,gkf,42,calibration,Ca3PF3
primary,gkf,42,calibration,Ca3SbBr3
primary,gkf,42,calibration,Ca3SbCl3
primary,gkf,42,calibration,Ca3SbF3
primary,gkf,42,calibration,Mg3AsBr3
primary,gkf,42,calibration,Mg3BiBr3
primary,gkf,42,calibration,Mg3BiI3
primary,gkf,42,calibration,Mg3PBr3
primary,gkf,42,calibration,Mg3PCl3
primary,gkf,42,calibration,Mg3PI3
primary,gkf,42,calibration,Mg3SbCl3
primary,gkf,42,calibration,Sr3AsCl3
primary,gkf,42,calibration,Sr3PBr3
primary,gkf,42,calibration,Sr3PCl3
primary,gkf,42,calibration,Sr3PI3
primary,gkf,42,calibration,Sr3SbCl3
primary,gkf,42,calibration,Sr3SbI3
primary,gkf,43,test,Ba3AsBr3
primary,gkf,43,test,Ba3AsI3
primary,gkf,43,test,Mg3BiBr3
primary,gkf,43,test,Ba3PBr3
primary,gkf,43,test,Ba3PCl3
primary,gkf,43,test,Ca3PCl3
primary,gkf,43,test,Ca3SbBr3
primary,gkf,43,test,Sr3SbI3
primary,gkf,43,calibration,Ba3AsCl3
primary,gkf,43,calibration,Ba3BiBr3
primary,gkf,43,calibration,Ba3BiCl3
primary,gkf,43,calibration,Ba3BiI3
primary,gkf,43,calibration,Ba3PI3
primary,gkf,43,calibration,Ba3SbBr3
primary,gkf,43,calibration,Ba3SbCl3
primary,gkf,43,calibration,Ba3SbI3
primary,gkf,43,calibration,Ca3AsBr3
primary,gkf,43,calibration,Ca3AsF3
primary,gkf,43,calibration,Ca3BiI3
primary,gkf,43,calibration,Ca3PBr3
primary,gkf,43,calibration,Ca3PF3
primary,gkf,43,calibration,Ca3PI3
primary,gkf,43,calibration,Ca3SbCl3
primary,gkf,43,calibration,Ca3SbF3
primary,gkf,43,calibration,Mg3AsBr3
primary,gkf,43,calibration,Mg3BiI3
primary,gkf,43,calibration,Mg3PBr3
primary,gkf,43,calibration,Mg3PCl3
primary,gkf,43,calibration,Mg3PI3
primary,gkf,43,calibration,Mg3SbBr3
primary,gkf,43,calibration,Mg3SbCl3
primary,gkf,43,calibration,Mg3SbF3
primary,gkf,43,calibration,Mg3SbI3
primary,gkf,43,calibration,Sr3AsCl3
primary,gkf,43,calibration,Sr3AsI3
primary,gkf,43,calibration,Sr3PBr3
primary,gkf,43,calibration,Sr3PCl3
primary,gkf,43,calibration,Sr3PI3
primary,gkf,43,calibration,Sr3SbCl3
primary,gkf,44,test,Ca3AsF3
primary,gkf,44,test,Sr3AsCl3
primary,gkf,44,test,Ba3BiBr3
primary,gkf,44,test,Ca3PBr3
primary,gkf,44,test,Sr3PCl3
primary,gkf,44,test,Sr3PI3
primary,gkf,44,test,Ca3SbCl3
primary,gkf,44,calibration,Ba3AsBr3
primary,gkf,44,calibration,Ba3AsCl3
primary,gkf,44,calibration,Ba3AsI3
primary,gkf,44,calibration,Ba3BiCl3
primary,gkf,44,calibration,Ba3BiI3
primary,gkf,44,calibration,Ba3PBr3
primary,gkf,44,calibration,Ba3PCl3
primary,gkf,44,calibration,Ba3PI3
primary,gkf,44,calibration,Ba3SbBr3
primary,gkf,44,calibration,Ba3SbCl3
primary,gkf,44,calibration,Ba3SbI3
primary,gkf,44,calibration,Ca3AsBr3
primary,gkf,44,calibration,Ca3BiI3
primary,gkf,44,calibration,Ca3PCl3
primary,gkf,44,calibration,Ca3PF3
primary,gkf,44,calibration,Ca3PI3
primary,gkf,44,calibration,Ca3SbBr3
primary,gkf,44,calibration,Ca3SbF3
primary,gkf,44,calibration,Mg3AsBr3
primary,gkf,44,calibration,Mg3BiBr3
primary,gkf,44,calibration,Mg3BiI3
primary,gkf,44,calibration,Mg3PBr3
primary,gkf,44,calibration,Mg3PCl3
primary,gkf,44,calibration,Mg3PI3
primary,gkf,44,calibration,Mg3SbBr3
primary,gkf,44,calibration,Mg3SbCl3
primary,gkf,44,calibration,Mg3SbF3
primary,gkf,44,calibration,Mg3SbI3
primary,gkf,44,calibration,Sr3AsI3
primary,gkf,44,calibration,Sr3PBr3
primary,gkf,44,calibration,Sr3SbCl3
primary,gkf,44,calibration,Sr3SbI3
primary,gkf,45,test,Ca3AsBr3
primary,gkf,45,test,Ba3BiBr3
primary,gkf,45,test,Ba3BiCl3
primary,gkf,45,test,Ba3PBr3
primary,gkf,45,test,Ba3PI3
primary,gkf,45,test,Mg3PI3
primary,gkf,45,test,Ba3SbI3
primary,gkf,45,test,Sr3SbI3
primary,gkf,45,calibration,Ba3AsBr3
primary,gkf,45,calibration,Ba3AsCl3
primary,gkf,45,calibration,Ba3AsI3
primary,gkf,45,calibration,Ba3BiI3
primary,gkf,45,calibration,Ba3PCl3
primary,gkf,45,calibration,Ba3SbBr3
primary,gkf,45,calibration,Ba3SbCl3
primary,gkf,45,calibration,Ca3AsF3
primary,gkf,45,calibration,Ca3BiI3
primary,gkf,45,calibration,Ca3PBr3
primary,gkf,45,calibration,Ca3PCl3
primary,gkf,45,calibration,Ca3PF3
primary,gkf,45,calibration,Ca3PI3
primary,gkf,45,calibration,Ca3SbBr3
primary,gkf,45,calibration,Ca3SbCl3
primary,gkf,45,calibration,Ca3SbF3
primary,gkf,45,calibration,Mg3AsBr3
primary,gkf,45,calibration,Mg3BiBr3
primary,gkf,45,calibration,Mg3BiI3
primary,gkf,45,calibration,Mg3PBr3
primary,gkf,45,calibration,Mg3PCl3
primary,gkf,45,calibration,Mg3SbBr3
primary,gkf,45,calibration,Mg3SbCl3
primary,gkf,45,calibration,Mg3SbF3
primary,gkf,45,calibration,Mg3SbI3
primary,gkf,45,calibration,Sr3AsCl3
primary,gkf,45,calibration,Sr3AsI3
primary,gkf,45,calibration,Sr3PBr3
primary,gkf,45,calibration,Sr3PCl3
primary,gkf,45,calibration,Sr3PI3
primary,gkf,45,calibration,Sr3SbCl3
primary,gkf,46,test,Ca3PBr3
primary,gkf,46,test,Ca3PCl3
primary,gkf,46,test,Ca3PI3
primary,gkf,46,test,Mg3PCl3
primary,gkf,46,test,Sr3PCl3
primary,gkf,46,test,Ba3SbCl3
primary,gkf,46,test,Mg3SbCl3
primary,gkf,46,test,Mg3SbI3
primary,gkf,46,calibration,Ba3AsBr3
primary,gkf,46,calibration,Ba3AsCl3
primary,gkf,46,calibration,Ba3AsI3
primary,gkf,46,calibration,Ba3BiBr3
primary,gkf,46,calibration,Ba3BiCl3
primary,gkf,46,calibration,Ba3BiI3
primary,gkf,46,calibration,Ba3PBr3
primary,gkf,46,calibration,Ba3PCl3
primary,gkf,46,calibration,Ba3PI3
primary,gkf,46,calibration,Ba3SbBr3
primary,gkf,46,calibration,Ba3SbI3
primary,gkf,46,calibration,Ca3AsBr3
primary,gkf,46,calibration,Ca3AsF3
primary,gkf,46,calibration,Ca3BiI3
primary,gkf,46,calibration,Ca3PF3
primary,gkf,46,calibration,Ca3SbBr3
primary,gkf,46,calibration,Ca3SbCl3
primary,gkf,46,calibration,Ca3SbF3
primary,gkf,46,calibration,Mg3AsBr3
primary,gkf,46,calibration,Mg3BiBr3
primary,gkf,46,calibration,Mg3BiI3
primary,gkf,46,calibration,Mg3PBr3
primary,gkf,46,calibration,Mg3PI3
primary,gkf,46,calibration,Mg3SbBr3
primary,gkf,46,calibration,Mg3SbF3
primary,gkf,46,calibration,Sr3AsCl3
primary,gkf,46,calibration,Sr3AsI3
primary,gkf,46,calibration,Sr3PBr3
primary,gkf,46,calibration,Sr3PI3
primary,gkf,46,calibration,Sr3SbCl3
primary,gkf,46,calibration,Sr3SbI3
primary,gkf,47,test,Ba3AsCl3
primary,gkf,47,test,Ca3AsF3
primary,gkf,47,test,Ca3BiI3
primary,gkf,47,test,Mg3BiI3
primary,gkf,47,test,Ba3PCl3
primary,gkf,47,test,Mg3PBr3
primary,gkf,47,test,Ba3SbBr3
primary,gkf,47,test,Ca3SbF3
primary,gkf,47,calibration,Ba3AsBr3
primary,gkf,47,calibration,Ba3AsI3
primary,gkf,47,calibration,Ba3BiBr3
primary,gkf,47,calibration,Ba3BiCl3
primary,gkf,47,calibration,Ba3BiI3
primary,gkf,47,calibration,Ba3PBr3
primary,gkf,47,calibration,Ba3PI3
primary,gkf,47,calibration,Ba3SbCl3
primary,gkf,47,calibration,Ba3SbI3
primary,gkf,47,calibration,Ca3AsBr3
primary,gkf,47,calibration,Ca3PBr3
primary,gkf,47,calibration,Ca3PCl3
primary,gkf,47,calibration,Ca3PF3
primary,gkf,47,calibration,Ca3PI3
primary,gkf,47,calibration,Ca3SbBr3
primary,gkf,47,calibration,Ca3SbCl3
primary,gkf,47,calibration,Mg3AsBr3
primary,gkf,47,calibration,Mg3BiBr3
primary,gkf,47,calibration,Mg3PCl3
primary,gkf,47,calibration,Mg3PI3
primary,gkf,47,calibration,Mg3SbBr3
primary,gkf,47,calibration,Mg3SbCl3
primary,gkf,47,calibration,Mg3SbF3
primary,gkf,47,calibration,Mg3SbI3
primary,gkf,47,calibration,Sr3AsCl3
primary,gkf,47,calibration,Sr3AsI3
primary,gkf,47,calibration,Sr3PBr3
primary,gkf,47,calibration,Sr3PCl3
primary,gkf,47,calibration,Sr3PI3
primary,gkf,47,calibration,Sr3SbCl3
primary,gkf,47,calibration,Sr3SbI3
primary,gkf,48,test,Ba3AsBr3
primary,gkf,48,test,Ba3AsI3
primary,gkf,48,test,Mg3AsBr3
primary,gkf,48,test,Sr3AsI3
primary,gkf,48,test,Ca3PF3
primary,gkf,48,test,Ca3SbBr3
primary,gkf,48,test,Ca3SbCl3
primary,gkf,48,test,Sr3SbCl3
primary,gkf,48,calibration,Ba3AsCl3
primary,gkf,48,calibration,Ba3BiBr3
primary,gkf,48,calibration,Ba3BiCl3
primary,gkf,48,calibration,Ba3BiI3
primary,gkf,48,calibration,Ba3PBr3
primary,gkf,48,calibration,Ba3PCl3
primary,gkf,48,calibration,Ba3PI3
primary,gkf,48,calibration,Ba3SbBr3
primary,gkf,48,calibration,Ba3SbCl3
primary,gkf,48,calibration,Ba3SbI3
primary,gkf,48,calibration,Ca3AsBr3
primary,gkf,48,calibration,Ca3AsF3
primary,gkf,48,calibration,Ca3BiI3
primary,gkf,48,calibration,Ca3PBr3
primary,gkf,48,calibration,Ca3PCl3
primary,gkf,48,calibration,Ca3PI3
primary,gkf,48,calibration,Ca3SbF3
primary,gkf,48,calibration,Mg3BiBr3
primary,gkf,48,calibration,Mg3BiI3
primary,gkf,48,calibration,Mg3PBr3
primary,gkf,48,calibration,Mg3PCl3
primary,gkf,48,calibration,Mg3PI3
primary,gkf,48,calibration,Mg3SbBr3
primary,gkf,48,calibration,Mg3SbCl3
primary,gkf,48,calibration,Mg3SbF3
primary,gkf,48,calibration,Mg3SbI3
primary,gkf,48,calibration,Sr3AsCl3
primary,gkf,48,calibration,Sr3PBr3
primary,gkf,48,calibration,Sr3PCl3
primary,gkf,48,calibration,Sr3PI3
primary,gkf,48,calibration,Sr3SbI3
primary,gkf,49,test,Sr3AsCl3
primary,gkf,49,test,Ba3BiI3
primary,gkf,49,test,Mg3BiBr3
primary,gkf,49,test,Sr3PBr3
primary,gkf,49,test,Sr3PI3
primary,gkf,49,test,Mg3SbBr3
primary,gkf,49,test,Mg3SbF3
primary,gkf,49,calibration,Ba3AsBr3
primary,gkf,49,calibration,Ba3AsCl3
primary,gkf,49,calibration,Ba3AsI3
primary,gkf,49,calibration,Ba3BiBr3
primary,gkf,49,calibration,Ba3BiCl3
primary,gkf,49,calibration,Ba3PBr3
primary,gkf,49,calibration,Ba3PCl3
primary,gkf,49,calibration,Ba3PI3
primary,gkf,49,calibration,Ba3SbBr3
primary,gkf,49,calibration,Ba3SbCl3
primary,gkf,49,calibration,Ba3SbI3
primary,gkf,49,calibration,Ca3AsBr3
primary,gkf,49,calibration,Ca3AsF3
primary,gkf,49,calibration,Ca3BiI3
primary,gkf,49,calibration,Ca3PBr3
primary,gkf,49,calibration,Ca3PCl3
primary,gkf,49,calibration,Ca3PF3
primary,gkf,49,calibration,Ca3PI3
primary,gkf,49,calibration,Ca3SbBr3
primary,gkf,49,calibration,Ca3SbCl3
primary,gkf,49,calibration,Ca3SbF3
primary,gkf,49,calibration,Mg3AsBr3
primary,gkf,49,calibration,Mg3BiI3
primary,gkf,49,calibration,Mg3PBr3
primary,gkf,49,calibration,Mg3PCl3
primary,gkf,49,calibration,Mg3PI3
primary,gkf,49,calibration,Mg3SbCl3
primary,gkf,49,calibration,Mg3SbI3
primary,gkf,49,calibration,Sr3AsI3
primary,gkf,49,calibration,Sr3PCl3
primary,gkf,49,calibration,Sr3SbCl3
primary,gkf,49,calibration,Sr3SbI3
primary,loo,0,test,Ba3AsBr3
primary,loo,0,calibration,Ba3AsCl3
primary,loo,0,calibration,Ba3AsI3
primary,loo,0,calibration,Ba3BiBr3
primary,loo,0,calibration,Ba3BiCl3
primary,loo,0,calibration,Ba3BiI3
primary,loo,0,calibration,Ba3PBr3
primary,loo,0,calibration,Ba3PCl3
primary,loo,0,calibration,Ba3PI3
primary,loo,0,calibration,Ba3SbBr3
primary,loo,0,calibration,Ba3SbCl3
primary,loo,0,calibration,Ba3SbI3
primary,loo,0,calibration,Ca3AsBr3
primary,loo,0,calibration,Ca3AsF3
primary,loo,0,calibration,Ca3BiI3
primary,loo,0,calibration,Ca3PBr3
primary,loo,0,calibration,Ca3PCl3
primary,loo,0,calibration,Ca3PF3
primary,loo,0,calibration,Ca3PI3
primary,loo,0,calibration,Ca3SbBr3
primary,loo,0,calibration,Ca3SbCl3
primary,loo,0,calibration,Ca3SbF3
primary,loo,0,calibration,Mg3AsBr3
primary,loo,0,calibration,Mg3BiBr3
primary,loo,0,calibration,Mg3BiI3
primary,loo,0,calibration,Mg3PBr3
primary,loo,0,calibration,Mg3PCl3
primary,loo,0,calibration,Mg3PI3
primary,loo,0,calibration,Mg3SbBr3
primary,loo,0,calibration,Mg3SbCl3
primary,loo,0,calibration,Mg3SbF3
primary,loo,0,calibration,Mg3SbI3
primary,loo,0,calibration,Sr3AsCl3
primary,loo,0,calibration,Sr3AsI3
primary,loo,0,calibration,Sr3PBr3
primary,loo,0,calibration,Sr3PCl3
primary,loo,0,calibration,Sr3PI3
primary,loo,0,calibration,Sr3SbCl3
primary,loo,0,calibration,Sr3SbI3
primary,loo,1,test,Ba3AsCl3
primary,loo,1,calibration,Ba3AsBr3
primary,loo,1,calibration,Ba3AsI3
primary,loo,1,calibration,Ba3BiBr3
primary,loo,1,calibration,Ba3BiCl3
primary,loo,1,calibration,Ba3BiI3
primary,loo,1,calibration,Ba3PBr3
primary,loo,1,calibration,Ba3PCl3
primary,loo,1,calibration,Ba3PI3
primary,loo,1,calibration,Ba3SbBr3
primary,loo,1,calibration,Ba3SbCl3
primary,loo,1,calibration,Ba3SbI3
primary,loo,1,calibration,Ca3AsBr3
primary,loo,1,calibration,Ca3AsF3
primary,loo,1,calibration,Ca3BiI3
primary,loo,1,calibration,Ca3PBr3
primary,loo,1,calibration,Ca3PCl3
primary,loo,1,calibration,Ca3PF3
primary,loo,1,calibration,Ca3PI3
primary,loo,1,calibration,Ca3SbBr3
primary,loo,1,calibration,Ca3SbCl3
primary,loo,1,calibration,Ca3SbF3
primary,loo,1,calibration,Mg3AsBr3
primary,loo,1,calibration,Mg3BiBr3
primary,loo,1,calibration,Mg3BiI3
primary,loo,1,calibration,Mg3PBr3
primary,loo,1,calibration,Mg3PCl3
primary,loo,1,calibration,Mg3PI3
primary,loo,1,calibration,Mg3SbBr3
primary,loo,1,calibration,Mg3SbCl3
primary,loo,1,calibration,Mg3SbF3
primary,loo,1,calibration,Mg3SbI3
primary,loo,1,calibration,Sr3AsCl3
primary,loo,1,calibration,Sr3AsI3
primary,loo,1,calibration,Sr3PBr3
primary,loo,1,calibration,Sr3PCl3
primary,loo,1,calibration,Sr3PI3
primary,loo,1,calibration,Sr3SbCl3
primary,loo,1,calibration,Sr3SbI3
primary,loo,2,test,Ba3AsI3
primary,loo,2,calibration,Ba3AsBr3
primary,loo,2,calibration,Ba3AsCl3
primary,loo,2,calibration,Ba3BiBr3
primary,loo,2,calibration,Ba3BiCl3
primary,loo,2,calibration,Ba3BiI3
primary,loo,2,calibration,Ba3PBr3
primary,loo,2,calibration,Ba3PCl3
primary,loo,2,calibration,Ba3PI3
primary,loo,2,calibration,Ba3SbBr3
primary,loo,2,calibration,Ba3SbCl3
primary,loo,2,calibration,Ba3SbI3
primary,loo,2,calibration,Ca3AsBr3
primary,loo,2,calibration,Ca3AsF3
primary,loo,2,calibration,Ca3BiI3
primary,loo,2,calibration,Ca3PBr3
primary,loo,2,calibration,Ca3PCl3
primary,loo,2,calibration,Ca3PF3
primary,loo,2,calibration,Ca3PI3
primary,loo,2,calibration,Ca3SbBr3
primary,loo,2,calibration,Ca3SbCl3
primary,loo,2,calibration,Ca3SbF3
primary,loo,2,calibration,Mg3AsBr3
primary,loo,2,calibration,Mg3BiBr3
primary,loo,2,calibration,Mg3BiI3
primary,loo,2,calibration,Mg3PBr3
primary,loo,2,calibration,Mg3PCl3
primary,loo,2,calibration,Mg3PI3
primary,loo,2,calibration,Mg3SbBr3
primary,loo,2,calibration,Mg3SbCl3
primary,loo,2,calibration,Mg3SbF3
primary,loo,2,calibration,Mg3SbI3
primary,loo,2,calibration,Sr3AsCl3
primary,loo,2,calibration,Sr3AsI3
primary,loo,2,calibration,Sr3PBr3
primary,loo,2,calibration,Sr3PCl3
primary,loo,2,calibration,Sr3PI3
primary,loo,2,calibration,Sr3SbCl3
primary,loo,2,calibration,Sr3SbI3
primary,loo,3,test,Ba3BiBr3
primary,loo,3,calibration,Ba3AsBr3
primary,loo,3,calibration,Ba3AsCl3
primary,loo,3,calibration,Ba3AsI3
primary,loo,3,calibration,Ba3BiCl3
primary,loo,3,calibration,Ba3BiI3
primary,loo,3,calibration,Ba3PBr3
primary,loo,3,calibration,Ba3PCl3
primary,loo,3,calibration,Ba3PI3
primary,loo,3,calibration,Ba3SbBr3
primary,loo,3,calibration,Ba3SbCl3
primary,loo,3,calibration,Ba3SbI3
primary,loo,3,calibration,Ca3AsBr3
primary,loo,3,calibration,Ca3AsF3
primary,loo,3,calibration,Ca3BiI3
primary,loo,3,calibration,Ca3PBr3
primary,loo,3,calibration,Ca3PCl3
primary,loo,3,calibration,Ca3PF3
primary,loo,3,calibration,Ca3PI3
primary,loo,3,calibration,Ca3SbBr3
primary,loo,3,calibration,Ca3SbCl3
primary,loo,3,calibration,Ca3SbF3
primary,loo,3,calibration,Mg3AsBr3
primary,loo,3,calibration,Mg3BiBr3
primary,loo,3,calibration,Mg3BiI3
primary,loo,3,calibration,Mg3PBr3
primary,loo,3,calibration,Mg3PCl3
primary,loo,3,calibration,Mg3PI3
primary,loo,3,calibration,Mg3SbBr3
primary,loo,3,calibration,Mg3SbCl3
primary,loo,3,calibration,Mg3SbF3
primary,loo,3,calibration,Mg3SbI3
primary,loo,3,calibration,Sr3AsCl3
primary,loo,3,calibration,Sr3AsI3
primary,loo,3,calibration,Sr3PBr3
primary,loo,3,calibration,Sr3PCl3
primary,loo,3,calibration,Sr3PI3
primary,loo,3,calibration,Sr3SbCl3
primary,loo,3,calibration,Sr3SbI3
primary,loo,4,test,Ba3BiCl3
primary,loo,4,calibration,Ba3AsBr3
primary,loo,4,calibration,Ba3AsCl3
primary,loo,4,calibration,Ba3AsI3
primary,loo,4,calibration,Ba3BiBr3
primary,loo,4,calibration,Ba3BiI3
primary,loo,4,calibration,Ba3PBr3
primary,loo,4,calibration,Ba3PCl3
primary,loo,4,calibration,Ba3PI3
primary,loo,4,calibration,Ba3SbBr3
primary,loo,4,calibration,Ba3SbCl3
primary,loo,4,calibration,Ba3SbI3
primary,loo,4,calibration,Ca3AsBr3
primary,loo,4,calibration,Ca3AsF3
primary,loo,4,calibration,Ca3BiI3
primary,loo,4,calibration,Ca3PBr3
primary,loo,4,calibration,Ca3PCl3
primary,loo,4,calibration,Ca3PF3
primary,loo,4,calibration,Ca3PI3
primary,loo,4,calibration,Ca3SbBr3
primary,loo,4,calibration,Ca3SbCl3
primary,loo,4,calibration,Ca3SbF3
primary,loo,4,calibration,Mg3AsBr3
primary,loo,4,calibration,Mg3BiBr3
primary,loo,4,calibration,Mg3BiI3
primary,loo,4,calibration,Mg3PBr3
primary,loo,4,calibration,Mg3PCl3
primary,loo,4,calibration,Mg3PI3
primary,loo,4,calibration,Mg3SbBr3
primary,loo,4,calibration,Mg3SbCl3
primary,loo,4,calibration,Mg3SbF3
primary,loo,4,calibration,Mg3SbI3
primary,loo,4,calibration,Sr3AsCl3
primary,loo,4,calibration,Sr3AsI3
primary,loo,4,calibration,Sr3PBr3
primary,loo,4,calibration,Sr3PCl3
primary,loo,4,calibration,Sr3PI3
primary,loo,4,calibration,Sr3SbCl3
primary,loo,4,calibration,Sr3SbI3
primary,loo,5,test,Ba3BiI3
primary,loo,5,calibration,Ba3AsBr3
primary,loo,5,calibration,Ba3AsCl3
primary,loo,5,calibration,Ba3AsI3
primary,loo,5,calibration,Ba3BiBr3
primary,loo,5,calibration,Ba3BiCl3
primary,loo,5,calibration,Ba3PBr3
primary,loo,5,calibration,Ba3PCl3
primary,loo,5,calibration,Ba3PI3
primary,loo,5,calibration,Ba3SbBr3
primary,loo,5,calibration,Ba3SbCl3
primary,loo,5,calibration,Ba3SbI3
primary,loo,5,calibration,Ca3AsBr3
primary,loo,5,calibration,Ca3AsF3
primary,loo,5,calibration,Ca3BiI3
primary,loo,5,calibration,Ca3PBr3
primary,loo,5,calibration,Ca3PCl3
primary,loo,5,calibration,Ca3PF3
primary,loo,5,calibration,Ca3PI3
primary,loo,5,calibration,Ca3SbBr3
primary,loo,5,calibration,Ca3SbCl3
primary,loo,5,calibration,Ca3SbF3
primary,loo,5,calibration,Mg3AsBr3
primary,loo,5,calibration,Mg3BiBr3
primary,loo,5,calibration,Mg3BiI3
primary,loo,5,calibration,Mg3PBr3
primary,loo,5,calibration,Mg3PCl3
primary,loo,5,calibration,Mg3PI3
primary,loo,5,calibration,Mg3SbBr3
primary,loo,5,calibration,Mg3SbCl3
primary,loo,5,calibration,Mg3SbF3
primary,loo,5,calibration,Mg3SbI3
primary,loo,5,calibration,Sr3AsCl3
primary,loo,5,calibration,Sr3AsI3
primary,loo,5,calibration,Sr3PBr3
primary,loo,5,calibration,Sr3PCl3
primary,loo,5,calibration,Sr3PI3
primary,loo,5,calibration,Sr3SbCl3
primary,loo,5,calibration,Sr3SbI3
primary,loo,6,test,Ba3PBr3
primary,loo,6,calibration,Ba3AsBr3
primary,loo,6,calibration,Ba3AsCl3
primary,loo,6,calibration,Ba3AsI3
primary,loo,6,calibration,Ba3BiBr3
primary,loo,6,calibration,Ba3BiCl3
primary,loo,6,calibration,Ba3BiI3
primary,loo,6,calibration,Ba3PCl3
primary,loo,6,calibration,Ba3PI3
primary,loo,6,calibration,Ba3SbBr3
primary,loo,6,calibration,Ba3SbCl3
primary,loo,6,calibration,Ba3SbI3
primary,loo,6,calibration,Ca3AsBr3
primary,loo,6,calibration,Ca3AsF3
primary,loo,6,calibration,Ca3BiI3
primary,loo,6,calibration,Ca3PBr3
primary,loo,6,calibration,Ca3PCl3
primary,loo,6,calibration,Ca3PF3
primary,loo,6,calibration,Ca3PI3
primary,loo,6,calibration,Ca3SbBr3
primary,loo,6,calibration,Ca3SbCl3
primary,loo,6,calibration,Ca3SbF3
primary,loo,6,calibration,Mg3AsBr3
primary,loo,6,calibration,Mg3BiBr3
primary,loo,6,calibration,Mg3BiI3
primary,loo,6,calibration,Mg3PBr3
primary,loo,6,calibration,Mg3PCl3
primary,loo,6,calibration,Mg3PI3
primary,loo,6,calibration,Mg3SbBr3
primary,loo,6,calibration,Mg3SbCl3
primary,loo,6,calibration,Mg3SbF3
primary,loo,6,calibration,Mg3SbI3
primary,loo,6,calibration,Sr3AsCl3
primary,loo,6,calibration,Sr3AsI3
primary,loo,6,calibration,Sr3PBr3
primary,loo,6,calibration,Sr3PCl3
primary,loo,6,calibration,Sr3PI3
primary,loo,6,calibration,Sr3SbCl3
primary,loo,6,calibration,Sr3SbI3
primary,loo,7,test,Ba3PCl3
primary,loo,7,calibration,Ba3AsBr3
primary,loo,7,calibration,Ba3AsCl3
primary,loo,7,calibration,Ba3AsI3
primary,loo,7,calibration,Ba3BiBr3
primary,loo,7,calibration,Ba3BiCl3
primary,loo,7,calibration,Ba3BiI3
primary,loo,7,calibration,Ba3PBr3
primary,loo,7,calibration,Ba3PI3
primary,loo,7,calibration,Ba3SbBr3
primary,loo,7,calibration,Ba3SbCl3
primary,loo,7,calibration,Ba3SbI3
primary,loo,7,calibration,Ca3AsBr3
primary,loo,7,calibration,Ca3AsF3
primary,loo,7,calibration,Ca3BiI3
primary,loo,7,calibration,Ca3PBr3
primary,loo,7,calibration,Ca3PCl3
primary,loo,7,calibration,Ca3PF3
primary,loo,7,calibration,Ca3PI3
primary,loo,7,calibration,Ca3SbBr3
primary,loo,7,calibration,Ca3SbCl3
primary,loo,7,calibration,Ca3SbF3
primary,loo,7,calibration,Mg3AsBr3
primary,loo,7,calibration,Mg3BiBr3
primary,loo,7,calibration,Mg3BiI3
primary,loo,7,calibration,Mg3PBr3
primary,loo,7,calibration,Mg3PCl3
primary,loo,7,calibration,Mg3PI3
primary,loo,7,calibration,Mg3SbBr3
primary,loo,7,calibration,Mg3SbCl3
primary,loo,7,calibration,Mg3SbF3
primary,loo,7,calibration,Mg3SbI3
primary,loo,7,calibration,Sr3AsCl3
primary,loo,7,calibration,Sr3AsI3
primary,loo,7,calibration,Sr3PBr3
primary,loo,7,calibration,Sr3PCl3
primary,loo,7,calibration,Sr3PI3
primary,loo,7,calibration,Sr3SbCl3
primary,loo,7,calibration,Sr3SbI3
primary,loo,8,test,Ba3PI3
primary,loo,8,calibration,Ba3AsBr3
primary,loo,8,calibration,Ba3AsCl3
primary,loo,8,calibration,Ba3AsI3
primary,loo,8,calibration,Ba3BiBr3
primary,loo,8,calibration,Ba3BiCl3
primary,loo,8,calibration,Ba3BiI3
primary,loo,8,calibration,Ba3PBr3
primary,loo,8,calibration,Ba3PCl3
primary,loo,8,calibration,Ba3SbBr3
primary,loo,8,calibration,Ba3SbCl3
primary,loo,8,calibration,Ba3SbI3
primary,loo,8,calibration,Ca3AsBr3
primary,loo,8,calibration,Ca3AsF3
primary,loo,8,calibration,Ca3BiI3
primary,loo,8,calibration,Ca3PBr3
primary,loo,8,calibration,Ca3PCl3
primary,loo,8,calibration,Ca3PF3
primary,loo,8,calibration,Ca3PI3
primary,loo,8,calibration,Ca3SbBr3
primary,loo,8,calibration,Ca3SbCl3
primary,loo,8,calibration,Ca3SbF3
primary,loo,8,calibration,Mg3AsBr3
primary,loo,8,calibration,Mg3BiBr3
primary,loo,8,calibration,Mg3BiI3
primary,loo,8,calibration,Mg3PBr3
primary,loo,8,calibration,Mg3PCl3
primary,loo,8,calibration,Mg3PI3
primary,loo,8,calibration,Mg3SbBr3
primary,loo,8,calibration,Mg3SbCl3
primary,loo,8,calibration,Mg3SbF3
primary,loo,8,calibration,Mg3SbI3
primary,loo,8,calibration,Sr3AsCl3
primary,loo,8,calibration,Sr3AsI3
primary,loo,8,calibration,Sr3PBr3
primary,loo,8,calibration,Sr3PCl3
primary,loo,8,calibration,Sr3PI3
primary,loo,8,calibration,Sr3SbCl3
primary,loo,8,calibration,Sr3SbI3
primary,loo,9,test,Ba3SbBr3
primary,loo,9,calibration,Ba3AsBr3
primary,loo,9,calibration,Ba3AsCl3
primary,loo,9,calibration,Ba3AsI3
primary,loo,9,calibration,Ba3BiBr3
primary,loo,9,calibration,Ba3BiCl3
primary,loo,9,calibration,Ba3BiI3
primary,loo,9,calibration,Ba3PBr3
primary,loo,9,calibration,Ba3PCl3
primary,loo,9,calibration,Ba3PI3
primary,loo,9,calibration,Ba3SbCl3
primary,loo,9,calibration,Ba3SbI3
primary,loo,9,calibration,Ca3AsBr3
primary,loo,9,calibration,Ca3AsF3
primary,loo,9,calibration,Ca3BiI3
primary,loo,9,calibration,Ca3PBr3
primary,loo,9,calibration,Ca3PCl3
primary,loo,9,calibration,Ca3PF3
primary,loo,9,calibration,Ca3PI3
primary,loo,9,calibration,Ca3SbBr3
primary,loo,9,calibration,Ca3SbCl3
primary,loo,9,calibration,Ca3SbF3
primary,loo,9,calibration,Mg3AsBr3
primary,loo,9,calibration,Mg3BiBr3
primary,loo,9,calibration,Mg3BiI3
primary,loo,9,calibration,Mg3PBr3
primary,loo,9,calibration,Mg3PCl3
primary,loo,9,calibration,Mg3PI3
primary,loo,9,calibration,Mg3SbBr3
primary,loo,9,calibration,Mg3SbCl3
primary,loo,9,calibration,Mg3SbF3
primary,loo,9,calibration,Mg3SbI3
primary,loo,9,calibration,Sr3AsCl3
primary,loo,9,calibration,Sr3AsI3
primary,loo,9,calibration,Sr3PBr3
primary,loo,9,calibration,Sr3PCl3
primary,loo,9,calibration,Sr3PI3
primary,loo,9,calibration,Sr3SbCl3
primary,loo,9,calibration,Sr3SbI3
primary,loo,10,test,Ba3SbCl3
primary,loo,10,calibration,Ba3AsBr3
primary,loo,10,calibration,Ba3AsCl3
primary,loo,10,calibration,Ba3AsI3
primary,loo,10,calibration,Ba3BiBr3
primary,loo,10,calibration,Ba3BiCl3
primary,loo,10,calibration,Ba3BiI3
primary,loo,10,calibration,Ba3PBr3
primary,loo,10,calibration,Ba3PCl3
primary,loo,10,calibration,Ba3PI3
primary,loo,10,calibration,Ba3SbBr3
primary,loo,10,calibration,Ba3SbI3
primary,loo,10,calibration,Ca3AsBr3
primary,loo,10,calibration,Ca3AsF3
primary,loo,10,calibration,Ca3BiI3
primary,loo,10,calibration,Ca3PBr3
primary,loo,10,calibration,Ca3PCl3
primary,loo,10,calibration,Ca3PF3
primary,loo,10,calibration,Ca3PI3
primary,loo,10,calibration,Ca3SbBr3
primary,loo,10,calibration,Ca3SbCl3
primary,loo,10,calibration,Ca3SbF3
primary,loo,10,calibration,Mg3AsBr3
primary,loo,10,calibration,Mg3BiBr3
primary,loo,10,calibration,Mg3BiI3
primary,loo,10,calibration,Mg3PBr3
primary,loo,10,calibration,Mg3PCl3
primary,loo,10,calibration,Mg3PI3
primary,loo,10,calibration,Mg3SbBr3
primary,loo,10,calibration,Mg3SbCl3
primary,loo,10,calibration,Mg3SbF3
primary,loo,10,calibration,Mg3SbI3
primary,loo,10,calibration,Sr3AsCl3
primary,loo,10,calibration,Sr3AsI3
primary,loo,10,calibration,Sr3PBr3
primary,loo,10,calibration,Sr3PCl3
primary,loo,10,calibration,Sr3PI3
primary,loo,10,calibration,Sr3SbCl3
primary,loo,10,calibration,Sr3SbI3
primary,loo,11,test,Ba3SbI3
primary,loo,11,calibration,Ba3AsBr3
primary,loo,11,calibration,Ba3AsCl3
primary,loo,11,calibration,Ba3AsI3
primary,loo,11,calibration,Ba3BiBr3
primary,loo,11,calibration,Ba3BiCl3
primary,loo,11,calibration,Ba3BiI3
primary,loo,11,calibration,Ba3PBr3
primary,loo,11,calibration,Ba3PCl3
primary,loo,11,calibration,Ba3PI3
primary,loo,11,calibration,Ba3SbBr3
primary,loo,11,calibration,Ba3SbCl3
primary,loo,11,calibration,Ca3AsBr3
primary,loo,11,calibration,Ca3AsF3
primary,loo,11,calibration,Ca3BiI3
primary,loo,11,calibration,Ca3PBr3
primary,loo,11,calibration,Ca3PCl3
primary,loo,11,calibration,Ca3PF3
primary,loo,11,calibration,Ca3PI3
primary,loo,11,calibration,Ca3SbBr3
primary,loo,11,calibration,Ca3SbCl3
primary,loo,11,calibration,Ca3SbF3
primary,loo,11,calibration,Mg3AsBr3
primary,loo,11,calibration,Mg3BiBr3
primary,loo,11,calibration,Mg3BiI3
primary,loo,11,calibration,Mg3PBr3
primary,loo,11,calibration,Mg3PCl3
primary,loo,11,calibration,Mg3PI3
primary,loo,11,calibration,Mg3SbBr3
primary,loo,11,calibration,Mg3SbCl3
primary,loo,11,calibration,Mg3SbF3
primary,loo,11,calibration,Mg3SbI3
primary,loo,11,calibration,Sr3AsCl3
primary,loo,11,calibration,Sr3AsI3
primary,loo,11,calibration,Sr3PBr3
primary,loo,11,calibration,Sr3PCl3
primary,loo,11,calibration,Sr3PI3
primary,loo,11,calibration,Sr3SbCl3
primary,loo,11,calibration,Sr3SbI3
primary,loo,12,test,Ca3AsBr3
primary,loo,12,calibration,Ba3AsBr3
primary,loo,12,calibration,Ba3AsCl3
primary,loo,12,calibration,Ba3AsI3
primary,loo,12,calibration,Ba3BiBr3
primary,loo,12,calibration,Ba3BiCl3
primary,loo,12,calibration,Ba3BiI3
primary,loo,12,calibration,Ba3PBr3
primary,loo,12,calibration,Ba3PCl3
primary,loo,12,calibration,Ba3PI3
primary,loo,12,calibration,Ba3SbBr3
primary,loo,12,calibration,Ba3SbCl3
primary,loo,12,calibration,Ba3SbI3
primary,loo,12,calibration,Ca3AsF3
primary,loo,12,calibration,Ca3BiI3
primary,loo,12,calibration,Ca3PBr3
primary,loo,12,calibration,Ca3PCl3
primary,loo,12,calibration,Ca3PF3
primary,loo,12,calibration,Ca3PI3
primary,loo,12,calibration,Ca3SbBr3
primary,loo,12,calibration,Ca3SbCl3
primary,loo,12,calibration,Ca3SbF3
primary,loo,12,calibration,Mg3AsBr3
primary,loo,12,calibration,Mg3BiBr3
primary,loo,12,calibration,Mg3BiI3
primary,loo,12,calibration,Mg3PBr3
primary,loo,12,calibration,Mg3PCl3
primary,loo,12,calibration,Mg3PI3
primary,loo,12,calibration,Mg3SbBr3
primary,loo,12,calibration,Mg3SbCl3
primary,loo,12,calibration,Mg3SbF3
primary,loo,12,calibration,Mg3SbI3
primary,loo,12,calibration,Sr3AsCl3
primary,loo,12,calibration,Sr3AsI3
primary,loo,12,calibration,Sr3PBr3
primary,loo,12,calibration,Sr3PCl3
primary,loo,12,calibration,Sr3PI3
primary,loo,12,calibration,Sr3SbCl3
primary,loo,12,calibration,Sr3SbI3
primary,loo,13,test,Ca3AsF3
primary,loo,13,calibration,Ba3AsBr3
primary,loo,13,calibration,Ba3AsCl3
primary,loo,13,calibration,Ba3AsI3
primary,loo,13,calibration,Ba3BiBr3
primary,loo,13,calibration,Ba3BiCl3
primary,loo,13,calibration,Ba3BiI3
primary,loo,13,calibration,Ba3PBr3
primary,loo,13,calibration,Ba3PCl3
primary,loo,13,calibration,Ba3PI3
primary,loo,13,calibration,Ba3SbBr3
primary,loo,13,calibration,Ba3SbCl3
primary,loo,13,calibration,Ba3SbI3
primary,loo,13,calibration,Ca3AsBr3
primary,loo,13,calibration,Ca3BiI3
primary,loo,13,calibration,Ca3PBr3
primary,loo,13,calibration,Ca3PCl3
primary,loo,13,calibration,Ca3PF3
primary,loo,13,calibration,Ca3PI3
primary,loo,13,calibration,Ca3SbBr3
primary,loo,13,calibration,Ca3SbCl3
primary,loo,13,calibration,Ca3SbF3
primary,loo,13,calibration,Mg3AsBr3
primary,loo,13,calibration,Mg3BiBr3
primary,loo,13,calibration,Mg3BiI3
primary,loo,13,calibration,Mg3PBr3
primary,loo,13,calibration,Mg3PCl3
primary,loo,13,calibration,Mg3PI3
primary,loo,13,calibration,Mg3SbBr3
primary,loo,13,calibration,Mg3SbCl3
primary,loo,13,calibration,Mg3SbF3
primary,loo,13,calibration,Mg3SbI3
primary,loo,13,calibration,Sr3AsCl3
primary,loo,13,calibration,Sr3AsI3
primary,loo,13,calibration,Sr3PBr3
primary,loo,13,calibration,Sr3PCl3
primary,loo,13,calibration,Sr3PI3
primary,loo,13,calibration,Sr3SbCl3
primary,loo,13,calibration,Sr3SbI3
primary,loo,14,test,Ca3BiI3
primary,loo,14,calibration,Ba3AsBr3
primary,loo,14,calibration,Ba3AsCl3
primary,loo,14,calibration,Ba3AsI3
primary,loo,14,calibration,Ba3BiBr3
primary,loo,14,calibration,Ba3BiCl3
primary,loo,14,calibration,Ba3BiI3
primary,loo,14,calibration,Ba3PBr3
primary,loo,14,calibration,Ba3PCl3
primary,loo,14,calibration,Ba3PI3
primary,loo,14,calibration,Ba3SbBr3
primary,loo,14,calibration,Ba3SbCl3
primary,loo,14,calibration,Ba3SbI3
primary,loo,14,calibration,Ca3AsBr3
primary,loo,14,calibration,Ca3AsF3
primary,loo,14,calibration,Ca3PBr3
primary,loo,14,calibration,Ca3PCl3
primary,loo,14,calibration,Ca3PF3
primary,loo,14,calibration,Ca3PI3
primary,loo,14,calibration,Ca3SbBr3
primary,loo,14,calibration,Ca3SbCl3
primary,loo,14,calibration,Ca3SbF3
primary,loo,14,calibration,Mg3AsBr3
primary,loo,14,calibration,Mg3BiBr3
primary,loo,14,calibration,Mg3BiI3
primary,loo,14,calibration,Mg3PBr3
primary,loo,14,calibration,Mg3PCl3
primary,loo,14,calibration,Mg3PI3
primary,loo,14,calibration,Mg3SbBr3
primary,loo,14,calibration,Mg3SbCl3
primary,loo,14,calibration,Mg3SbF3
primary,loo,14,calibration,Mg3SbI3
primary,loo,14,calibration,Sr3AsCl3
primary,loo,14,calibration,Sr3AsI3
primary,loo,14,calibration,Sr3PBr3
primary,loo,14,calibration,Sr3PCl3
primary,loo,14,calibration,Sr3PI3
primary,loo,14,calibration,Sr3SbCl3
primary,loo,14,calibration,Sr3SbI3
primary,loo,15,test,Ca3PBr3
primary,loo,15,calibration,Ba3AsBr3
primary,loo,15,calibration,Ba3AsCl3
primary,loo,15,calibration,Ba3AsI3
primary,loo,15,calibration,Ba3BiBr3
primary,loo,15,calibration,Ba3BiCl3
primary,loo,15,calibration,Ba3BiI3
primary,loo,15,calibration,Ba3PBr3
primary,loo,15,calibration,Ba3PCl3
primary,loo,15,calibration,Ba3PI3
primary,loo,15,calibration,Ba3SbBr3
primary,loo,15,calibration,Ba3SbCl3
primary,loo,15,calibration,Ba3SbI3
primary,loo,15,calibration,Ca3AsBr3
primary,loo,15,calibration,Ca3AsF3
primary,loo,15,calibration,Ca3BiI3
primary,loo,15,calibration,Ca3PCl3
primary,loo,15,calibration,Ca3PF3
primary,loo,15,calibration,Ca3PI3
primary,loo,15,calibration,Ca3SbBr3
primary,loo,15,calibration,Ca3SbCl3
primary,loo,15,calibration,Ca3SbF3
primary,loo,15,calibration,Mg3AsBr3
primary,loo,15,calibration,Mg3BiBr3
primary,loo,15,calibration,Mg3BiI3
primary,loo,15,calibration,Mg3PBr3
primary,loo,15,calibration,Mg3PCl3
primary,loo,15,calibration,Mg3PI3
primary,loo,15,calibration,Mg3SbBr3
primary,loo,15,calibration,Mg3SbCl3
primary,loo,15,calibration,Mg3SbF3
primary,loo,15,calibration,Mg3SbI3
primary,loo,15,calibration,Sr3AsCl3
primary,loo,15,calibration,Sr3AsI3
primary,loo,15,calibration,Sr3PBr3
primary,loo,15,calibration,Sr3PCl3
primary,loo,15,calibration,Sr3PI3
primary,loo,15,calibration,Sr3SbCl3
primary,loo,15,calibration,Sr3SbI3
primary,loo,16,test,Ca3PCl3
primary,loo,16,calibration,Ba3AsBr3
primary,loo,16,calibration,Ba3AsCl3
primary,loo,16,calibration,Ba3AsI3
primary,loo,16,calibration,Ba3BiBr3
primary,loo,16,calibration,Ba3BiCl3
primary,loo,16,calibration,Ba3BiI3
primary,loo,16,calibration,Ba3PBr3
primary,loo,16,calibration,Ba3PCl3
primary,loo,16,calibration,Ba3PI3
primary,loo,16,calibration,Ba3SbBr3
primary,loo,16,calibration,Ba3SbCl3
primary,loo,16,calibration,Ba3SbI3
primary,loo,16,calibration,Ca3AsBr3
primary,loo,16,calibration,Ca3AsF3
primary,loo,16,calibration,Ca3BiI3
primary,loo,16,calibration,Ca3PBr3
primary,loo,16,calibration,Ca3PF3
primary,loo,16,calibration,Ca3PI3
primary,loo,16,calibration,Ca3SbBr3
primary,loo,16,calibration,Ca3SbCl3
primary,loo,16,calibration,Ca3SbF3
primary,loo,16,calibration,Mg3AsBr3
primary,loo,16,calibration,Mg3BiBr3
primary,loo,16,calibration,Mg3BiI3
primary,loo,16,calibration,Mg3PBr3
primary,loo,16,calibration,Mg3PCl3
primary,loo,16,calibration,Mg3PI3
primary,loo,16,calibration,Mg3SbBr3
primary,loo,16,calibration,Mg3SbCl3
primary,loo,16,calibration,Mg3SbF3
primary,loo,16,calibration,Mg3SbI3
primary,loo,16,calibration,Sr3AsCl3
primary,loo,16,calibration,Sr3AsI3
primary,loo,16,calibration,Sr3PBr3
primary,loo,16,calibration,Sr3PCl3
primary,loo,16,calibration,Sr3PI3
primary,loo,16,calibration,Sr3SbCl3
primary,loo,16,calibration,Sr3SbI3
primary,loo,17,test,Ca3PF3
primary,loo,17,calibration,Ba3AsBr3
primary,loo,17,calibration,Ba3AsCl3
primary,loo,17,calibration,Ba3AsI3
primary,loo,17,calibration,Ba3BiBr3
primary,loo,17,calibration,Ba3BiCl3
primary,loo,17,calibration,Ba3BiI3
primary,loo,17,calibration,Ba3PBr3
primary,loo,17,calibration,Ba3PCl3
primary,loo,17,calibration,Ba3PI3
primary,loo,17,calibration,Ba3SbBr3
primary,loo,17,calibration,Ba3SbCl3
primary,loo,17,calibration,Ba3SbI3
primary,loo,17,calibration,Ca3AsBr3
primary,loo,17,calibration,Ca3AsF3
primary,loo,17,calibration,Ca3BiI3
primary,loo,17,calibration,Ca3PBr3
primary,loo,17,calibration,Ca3PCl3
primary,loo,17,calibration,Ca3PI3
primary,loo,17,calibration,Ca3SbBr3
primary,loo,17,calibration,Ca3SbCl3
primary,loo,17,calibration,Ca3SbF3
primary,loo,17,calibration,Mg3AsBr3
primary,loo,17,calibration,Mg3BiBr3
primary,loo,17,calibration,Mg3BiI3
primary,loo,17,calibration,Mg3PBr3
primary,loo,17,calibration,Mg3PCl3
primary,loo,17,calibration,Mg3PI3
primary,loo,17,calibration,Mg3SbBr3
primary,loo,17,calibration,Mg3SbCl3
primary,loo,17,calibration,Mg3SbF3
primary,loo,17,calibration,Mg3SbI3
primary,loo,17,calibration,Sr3AsCl3
primary,loo,17,calibration,Sr3AsI3
primary,loo,17,calibration,Sr3PBr3
primary,loo,17,calibration,Sr3PCl3
primary,loo,17,calibration,Sr3PI3
primary,loo,17,calibration,Sr3SbCl3
primary,loo,17,calibration,Sr3SbI3
primary,loo,18,test,Ca3PI3
primary,loo,18,calibration,Ba3AsBr3
primary,loo,18,calibration,Ba3AsCl3
primary,loo,18,calibration,Ba3AsI3
primary,loo,18,calibration,Ba3BiBr3
primary,loo,18,calibration,Ba3BiCl3
primary,loo,18,calibration,Ba3BiI3
primary,loo,18,calibration,Ba3PBr3
primary,loo,18,calibration,Ba3PCl3
primary,loo,18,calibration,Ba3PI3
primary,loo,18,calibration,Ba3SbBr3
primary,loo,18,calibration,Ba3SbCl3
primary,loo,18,calibration,Ba3SbI3
primary,loo,18,calibration,Ca3AsBr3
primary,loo,18,calibration,Ca3AsF3
primary,loo,18,calibration,Ca3BiI3
primary,loo,18,calibration,Ca3PBr3
primary,loo,18,calibration,Ca3PCl3
primary,loo,18,calibration,Ca3PF3
primary,loo,18,calibration,Ca3SbBr3
primary,loo,18,calibration,Ca3SbCl3
primary,loo,18,calibration,Ca3SbF3
primary,loo,18,calibration,Mg3AsBr3
primary,loo,18,calibration,Mg3BiBr3
primary,loo,18,calibration,Mg3BiI3
primary,loo,18,calibration,Mg3PBr3
primary,loo,18,calibration,Mg3PCl3
primary,loo,18,calibration,Mg3PI3
primary,loo,18,calibration,Mg3SbBr3
primary,loo,18,calibration,Mg3SbCl3
primary,loo,18,calibration,Mg3SbF3
primary,loo,18,calibration,Mg3SbI3
primary,loo,18,calibration,Sr3AsCl3
primary,loo,18,calibration,Sr3AsI3
primary,loo,18,calibration,Sr3PBr3
primary,loo,18,calibration,Sr3PCl3
primary,loo,18,calibration,Sr3PI3
primary,loo,18,calibration,Sr3SbCl3
primary,loo,18,calibration,Sr3SbI3
primary,loo,19,test,Ca3SbBr3
primary,loo,19,calibration,Ba3AsBr3
primary,loo,19,calibration,Ba3AsCl3
primary,loo,19,calibration,Ba3AsI3
primary,loo,19,calibration,Ba3BiBr3
primary,loo,19,calibration,Ba3BiCl3
primary,loo,19,calibration,Ba3BiI3
primary,loo,19,calibration,Ba3PBr3
primary,loo,19,calibration,Ba3PCl3
primary,loo,19,calibration,Ba3PI3
primary,loo,19,calibration,Ba3SbBr3
primary,loo,19,calibration,Ba3SbCl3
primary,loo,19,calibration,Ba3SbI3
primary,loo,19,calibration,Ca3AsBr3
primary,loo,19,calibration,Ca3AsF3
primary,loo,19,calibration,Ca3BiI3
primary,loo,19,calibration,Ca3PBr3
primary,loo,19,calibration,Ca3PCl3
primary,loo,19,calibration,Ca3PF3
primary,loo,19,calibration,Ca3PI3
primary,loo,19,calibration,Ca3SbCl3
primary,loo,19,calibration,Ca3SbF3
primary,loo,19,calibration,Mg3AsBr3
primary,loo,19,calibration,Mg3BiBr3
primary,loo,19,calibration,Mg3BiI3
primary,loo,19,calibration,Mg3PBr3
primary,loo,19,calibration,Mg3PCl3
primary,loo,19,calibration,Mg3PI3
primary,loo,19,calibration,Mg3SbBr3
primary,loo,19,calibration,Mg3SbCl3
primary,loo,19,calibration,Mg3SbF3
primary,loo,19,calibration,Mg3SbI3
primary,loo,19,calibration,Sr3AsCl3
primary,loo,19,calibration,Sr3AsI3
primary,loo,19,calibration,Sr3PBr3
primary,loo,19,calibration,Sr3PCl3
primary,loo,19,calibration,Sr3PI3
primary,loo,19,calibration,Sr3SbCl3
primary,loo,19,calibration,Sr3SbI3
primary,loo,20,test,Ca3SbCl3
primary,loo,20,calibration,Ba3AsBr3
primary,loo,20,calibration,Ba3AsCl3
primary,loo,20,calibration,Ba3AsI3
primary,loo,20,calibration,Ba3BiBr3
primary,loo,20,calibration,Ba3BiCl3
primary,loo,20,calibration,Ba3BiI3
primary,loo,20,calibration,Ba3PBr3
primary,loo,20,calibration,Ba3PCl3
primary,loo,20,calibration,Ba3PI3
primary,loo,20,calibration,Ba3SbBr3
primary,loo,20,calibration,Ba3SbCl3
primary,loo,20,calibration,Ba3SbI3
primary,loo,20,calibration,Ca3AsBr3
primary,loo,20,calibration,Ca3AsF3
primary,loo,20,calibration,Ca3BiI3
primary,loo,20,calibration,Ca3PBr3
primary,loo,20,calibration,Ca3PCl3
primary,loo,20,calibration,Ca3PF3
primary,loo,20,calibration,Ca3PI3
primary,loo,20,calibration,Ca3SbBr3
primary,loo,20,calibration,Ca3SbF3
primary,loo,20,calibration,Mg3AsBr3
primary,loo,20,calibration,Mg3BiBr3
primary,loo,20,calibration,Mg3BiI3
primary,loo,20,calibration,Mg3PBr3
primary,loo,20,calibration,Mg3PCl3
primary,loo,20,calibration,Mg3PI3
primary,loo,20,calibration,Mg3SbBr3
primary,loo,20,calibration,Mg3SbCl3
primary,loo,20,calibration,Mg3SbF3
primary,loo,20,calibration,Mg3SbI3
primary,loo,20,calibration,Sr3AsCl3
primary,loo,20,calibration,Sr3AsI3
primary,loo,20,calibration,Sr3PBr3
primary,loo,20,calibration,Sr3PCl3
primary,loo,20,calibration,Sr3PI3
primary,loo,20,calibration,Sr3SbCl3
primary,loo,20,calibration,Sr3SbI3
primary,loo,21,test,Ca3SbF3
primary,loo,21,calibration,Ba3AsBr3
primary,loo,21,calibration,Ba3AsCl3
primary,loo,21,calibration,Ba3AsI3
primary,loo,21,calibration,Ba3BiBr3
primary,loo,21,calibration,Ba3BiCl3
primary,loo,21,calibration,Ba3BiI3
primary,loo,21,calibration,Ba3PBr3
primary,loo,21,calibration,Ba3PCl3
primary,loo,21,calibration,Ba3PI3
primary,loo,21,calibration,Ba3SbBr3
primary,loo,21,calibration,Ba3SbCl3
primary,loo,21,calibration,Ba3SbI3
primary,loo,21,calibration,Ca3AsBr3
primary,loo,21,calibration,Ca3AsF3
primary,loo,21,calibration,Ca3BiI3
primary,loo,21,calibration,Ca3PBr3
primary,loo,21,calibration,Ca3PCl3
primary,loo,21,calibration,Ca3PF3
primary,loo,21,calibration,Ca3PI3
primary,loo,21,calibration,Ca3SbBr3
primary,loo,21,calibration,Ca3SbCl3
primary,loo,21,calibration,Mg3AsBr3
primary,loo,21,calibration,Mg3BiBr3
primary,loo,21,calibration,Mg3BiI3
primary,loo,21,calibration,Mg3PBr3
primary,loo,21,calibration,Mg3PCl3
primary,loo,21,calibration,Mg3PI3
primary,loo,21,calibration,Mg3SbBr3
primary,loo,21,calibration,Mg3SbCl3
primary,loo,21,calibration,Mg3SbF3
primary,loo,21,calibration,Mg3SbI3
primary,loo,21,calibration,Sr3AsCl3
primary,loo,21,calibration,Sr3AsI3
primary,loo,21,calibration,Sr3PBr3
primary,loo,21,calibration,Sr3PCl3
primary,loo,21,calibration,Sr3PI3
primary,loo,21,calibration,Sr3SbCl3
primary,loo,21,calibration,Sr3SbI3
primary,loo,22,test,Mg3AsBr3
primary,loo,22,calibration,Ba3AsBr3
primary,loo,22,calibration,Ba3AsCl3
primary,loo,22,calibration,Ba3AsI3
primary,loo,22,calibration,Ba3BiBr3
primary,loo,22,calibration,Ba3BiCl3
primary,loo,22,calibration,Ba3BiI3
primary,loo,22,calibration,Ba3PBr3
primary,loo,22,calibration,Ba3PCl3
primary,loo,22,calibration,Ba3PI3
primary,loo,22,calibration,Ba3SbBr3
primary,loo,22,calibration,Ba3SbCl3
primary,loo,22,calibration,Ba3SbI3
primary,loo,22,calibration,Ca3AsBr3
primary,loo,22,calibration,Ca3AsF3
primary,loo,22,calibration,Ca3BiI3
primary,loo,22,calibration,Ca3PBr3
primary,loo,22,calibration,Ca3PCl3
primary,loo,22,calibration,Ca3PF3
primary,loo,22,calibration,Ca3PI3
primary,loo,22,calibration,Ca3SbBr3
primary,loo,22,calibration,Ca3SbCl3
primary,loo,22,calibration,Ca3SbF3
primary,loo,22,calibration,Mg3BiBr3
primary,loo,22,calibration,Mg3BiI3
primary,loo,22,calibration,Mg3PBr3
primary,loo,22,calibration,Mg3PCl3
primary,loo,22,calibration,Mg3PI3
primary,loo,22,calibration,Mg3SbBr3
primary,loo,22,calibration,Mg3SbCl3
primary,loo,22,calibration,Mg3SbF3
primary,loo,22,calibration,Mg3SbI3
primary,loo,22,calibration,Sr3AsCl3
primary,loo,22,calibration,Sr3AsI3
primary,loo,22,calibration,Sr3PBr3
primary,loo,22,calibration,Sr3PCl3
primary,loo,22,calibration,Sr3PI3
primary,loo,22,calibration,Sr3SbCl3
primary,loo,22,calibration,Sr3SbI3
primary,loo,23,test,Mg3BiBr3
primary,loo,23,calibration,Ba3AsBr3
primary,loo,23,calibration,Ba3AsCl3
primary,loo,23,calibration,Ba3AsI3
primary,loo,23,calibration,Ba3BiBr3
primary,loo,23,calibration,Ba3BiCl3
primary,loo,23,calibration,Ba3BiI3
primary,loo,23,calibration,Ba3PBr3
primary,loo,23,calibration,Ba3PCl3
primary,loo,23,calibration,Ba3PI3
primary,loo,23,calibration,Ba3SbBr3
primary,loo,23,calibration,Ba3SbCl3
primary,loo,23,calibration,Ba3SbI3
primary,loo,23,calibration,Ca3AsBr3
primary,loo,23,calibration,Ca3AsF3
primary,loo,23,calibration,Ca3BiI3
primary,loo,23,calibration,Ca3PBr3
primary,loo,23,calibration,Ca3PCl3
primary,loo,23,calibration,Ca3PF3
primary,loo,23,calibration,Ca3PI3
primary,loo,23,calibration,Ca3SbBr3
primary,loo,23,calibration,Ca3SbCl3
primary,loo,23,calibration,Ca3SbF3
primary,loo,23,calibration,Mg3AsBr3
primary,loo,23,calibration,Mg3BiI3
primary,loo,23,calibration,Mg3PBr3
primary,loo,23,calibration,Mg3PCl3
primary,loo,23,calibration,Mg3PI3
primary,loo,23,calibration,Mg3SbBr3
primary,loo,23,calibration,Mg3SbCl3
primary,loo,23,calibration,Mg3SbF3
primary,loo,23,calibration,Mg3SbI3
primary,loo,23,calibration,Sr3AsCl3
primary,loo,23,calibration,Sr3AsI3
primary,loo,23,calibration,Sr3PBr3
primary,loo,23,calibration,Sr3PCl3
primary,loo,23,calibration,Sr3PI3
primary,loo,23,calibration,Sr3SbCl3
primary,loo,23,calibration,Sr3SbI3
primary,loo,24,test,Mg3BiI3
primary,loo,24,calibration,Ba3AsBr3
primary,loo,24,calibration,Ba3AsCl3
primary,loo,24,calibration,Ba3AsI3
primary,loo,24,calibration,Ba3BiBr3
primary,loo,24,calibration,Ba3BiCl3
primary,loo,24,calibration,Ba3BiI3
primary,loo,24,calibration,Ba3PBr3
primary,loo,24,calibration,Ba3PCl3
primary,loo,24,calibration,Ba3PI3
primary,loo,24,calibration,Ba3SbBr3
primary,loo,24,calibration,Ba3SbCl3
primary,loo,24,calibration,Ba3SbI3
primary,loo,24,calibration,Ca3AsBr3
primary,loo,24,calibration,Ca3AsF3
primary,loo,24,calibration,Ca3BiI3
primary,loo,24,calibration,Ca3PBr3
primary,loo,24,calibration,Ca3PCl3
primary,loo,24,calibration,Ca3PF3
primary,loo,24,calibration,Ca3PI3
primary,loo,24,calibration,Ca3SbBr3
primary,loo,24,calibration,Ca3SbCl3
primary,loo,24,calibration,Ca3SbF3
primary,loo,24,calibration,Mg3AsBr3
primary,loo,24,calibration,Mg3BiBr3
primary,loo,24,calibration,Mg3PBr3
primary,loo,24,calibration,Mg3PCl3
primary,loo,24,calibration,Mg3PI3
primary,loo,24,calibration,Mg3SbBr3
primary,loo,24,calibration,Mg3SbCl3
primary,loo,24,calibration,Mg3SbF3
primary,loo,24,calibration,Mg3SbI3
primary,loo,24,calibration,Sr3AsCl3
primary,loo,24,calibration,Sr3AsI3
primary,loo,24,calibration,Sr3PBr3
primary,loo,24,calibration,Sr3PCl3
primary,loo,24,calibration,Sr3PI3
primary,loo,24,calibration,Sr3SbCl3
primary,loo,24,calibration,Sr3SbI3
primary,loo,25,test,Mg3PBr3
primary,loo,25,calibration,Ba3AsBr3
primary,loo,25,calibration,Ba3AsCl3
primary,loo,25,calibration,Ba3AsI3
primary,loo,25,calibration,Ba3BiBr3
primary,loo,25,calibration,Ba3BiCl3
primary,loo,25,calibration,Ba3BiI3
primary,loo,25,calibration,Ba3PBr3
primary,loo,25,calibration,Ba3PCl3
primary,loo,25,calibration,Ba3PI3
primary,loo,25,calibration,Ba3SbBr3
primary,loo,25,calibration,Ba3SbCl3
primary,loo,25,calibration,Ba3SbI3
primary,loo,25,calibration,Ca3AsBr3
primary,loo,25,calibration,Ca3AsF3
primary,loo,25,calibration,Ca3BiI3
primary,loo,25,calibration,Ca3PBr3
primary,loo,25,calibration,Ca3PCl3
primary,loo,25,calibration,Ca3PF3
primary,loo,25,calibration,Ca3PI3
primary,loo,25,calibration,Ca3SbBr3
primary,loo,25,calibration,Ca3SbCl3
primary,loo,25,calibration,Ca3SbF3
primary,loo,25,calibration,Mg3AsBr3
primary,loo,25,calibration,Mg3BiBr3
primary,loo,25,calibration,Mg3BiI3
primary,loo,25,calibration,Mg3PCl3
primary,loo,25,calibration,Mg3PI3
primary,loo,25,calibration,Mg3SbBr3
primary,loo,25,calibration,Mg3SbCl3
primary,loo,25,calibration,Mg3SbF3
primary,loo,25,calibration,Mg3SbI3
primary,loo,25,calibration,Sr3AsCl3
primary,loo,25,calibration,Sr3AsI3
primary,loo,25,calibration,Sr3PBr3
primary,loo,25,calibration,Sr3PCl3
primary,loo,25,calibration,Sr3PI3
primary,loo,25,calibration,Sr3SbCl3
primary,loo,25,calibration,Sr3SbI3
primary,loo,26,test,Mg3PCl3
primary,loo,26,calibration,Ba3AsBr3
primary,loo,26,calibration,Ba3AsCl3
primary,loo,26,calibration,Ba3AsI3
primary,loo,26,calibration,Ba3BiBr3
primary,loo,26,calibration,Ba3BiCl3
primary,loo,26,calibration,Ba3BiI3
primary,loo,26,calibration,Ba3PBr3
primary,loo,26,calibration,Ba3PCl3
primary,loo,26,calibration,Ba3PI3
primary,loo,26,calibration,Ba3SbBr3
primary,loo,26,calibration,Ba3SbCl3
primary,loo,26,calibration,Ba3SbI3
primary,loo,26,calibration,Ca3AsBr3
primary,loo,26,calibration,Ca3AsF3
primary,loo,26,calibration,Ca3BiI3
primary,loo,26,calibration,Ca3PBr3
primary,loo,26,calibration,Ca3PCl3
primary,loo,26,calibration,Ca3PF3
primary,loo,26,calibration,Ca3PI3
primary,loo,26,calibration,Ca3SbBr3
primary,loo,26,calibration,Ca3SbCl3
primary,loo,26,calibration,Ca3SbF3
primary,loo,26,calibration,Mg3AsBr3
primary,loo,26,calibration,Mg3BiBr3
primary,loo,26,calibration,Mg3BiI3
primary,loo,26,calibration,Mg3PBr3
primary,loo,26,calibration,Mg3PI3
primary,loo,26,calibration,Mg3SbBr3
primary,loo,26,calibration,Mg3SbCl3
primary,loo,26,calibration,Mg3SbF3
primary,loo,26,calibration,Mg3SbI3
primary,loo,26,calibration,Sr3AsCl3
primary,loo,26,calibration,Sr3AsI3
primary,loo,26,calibration,Sr3PBr3
primary,loo,26,calibration,Sr3PCl3
primary,loo,26,calibration,Sr3PI3
primary,loo,26,calibration,Sr3SbCl3
primary,loo,26,calibration,Sr3SbI3
primary,loo,27,test,Mg3PI3
primary,loo,27,calibration,Ba3AsBr3
primary,loo,27,calibration,Ba3AsCl3
primary,loo,27,calibration,Ba3AsI3
primary,loo,27,calibration,Ba3BiBr3
primary,loo,27,calibration,Ba3BiCl3
primary,loo,27,calibration,Ba3BiI3
primary,loo,27,calibration,Ba3PBr3
primary,loo,27,calibration,Ba3PCl3
primary,loo,27,calibration,Ba3PI3
primary,loo,27,calibration,Ba3SbBr3
primary,loo,27,calibration,Ba3SbCl3
primary,loo,27,calibration,Ba3SbI3
primary,loo,27,calibration,Ca3AsBr3
primary,loo,27,calibration,Ca3AsF3
primary,loo,27,calibration,Ca3BiI3
primary,loo,27,calibration,Ca3PBr3
primary,loo,27,calibration,Ca3PCl3
primary,loo,27,calibration,Ca3PF3
primary,loo,27,calibration,Ca3PI3
primary,loo,27,calibration,Ca3SbBr3
primary,loo,27,calibration,Ca3SbCl3
primary,loo,27,calibration,Ca3SbF3
primary,loo,27,calibration,Mg3AsBr3
primary,loo,27,calibration,Mg3BiBr3
primary,loo,27,calibration,Mg3BiI3
primary,loo,27,calibration,Mg3PBr3
primary,loo,27,calibration,Mg3PCl3
primary,loo,27,calibration,Mg3SbBr3
primary,loo,27,calibration,Mg3SbCl3
primary,loo,27,calibration,Mg3SbF3
primary,loo,27,calibration,Mg3SbI3
primary,loo,27,calibration,Sr3AsCl3
primary,loo,27,calibration,Sr3AsI3
primary,loo,27,calibration,Sr3PBr3
primary,loo,27,calibration,Sr3PCl3
primary,loo,27,calibration,Sr3PI3
primary,loo,27,calibration,Sr3SbCl3
primary,loo,27,calibration,Sr3SbI3
primary,loo,28,test,Mg3SbBr3
primary,loo,28,calibration,Ba3AsBr3
primary,loo,28,calibration,Ba3AsCl3
primary,loo,28,calibration,Ba3AsI3
primary,loo,28,calibration,Ba3BiBr3
primary,loo,28,calibration,Ba3BiCl3
primary,loo,28,calibration,Ba3BiI3
primary,loo,28,calibration,Ba3PBr3
primary,loo,28,calibration,Ba3PCl3
primary,loo,28,calibration,Ba3PI3
primary,loo,28,calibration,Ba3SbBr3
primary,loo,28,calibration,Ba3SbCl3
primary,loo,28,calibration,Ba3SbI3
primary,loo,28,calibration,Ca3AsBr3
primary,loo,28,calibration,Ca3AsF3
primary,loo,28,calibration,Ca3BiI3
primary,loo,28,calibration,Ca3PBr3
primary,loo,28,calibration,Ca3PCl3
primary,loo,28,calibration,Ca3PF3
primary,loo,28,calibration,Ca3PI3
primary,loo,28,calibration,Ca3SbBr3
primary,loo,28,calibration,Ca3SbCl3
primary,loo,28,calibration,Ca3SbF3
primary,loo,28,calibration,Mg3AsBr3
primary,loo,28,calibration,Mg3BiBr3
primary,loo,28,calibration,Mg3BiI3
primary,loo,28,calibration,Mg3PBr3
primary,loo,28,calibration,Mg3PCl3
primary,loo,28,calibration,Mg3PI3
primary,loo,28,calibration,Mg3SbCl3
primary,loo,28,calibration,Mg3SbF3
primary,loo,28,calibration,Mg3SbI3
primary,loo,28,calibration,Sr3AsCl3
primary,loo,28,calibration,Sr3AsI3
primary,loo,28,calibration,Sr3PBr3
primary,loo,28,calibration,Sr3PCl3
primary,loo,28,calibration,Sr3PI3
primary,loo,28,calibration,Sr3SbCl3
primary,loo,28,calibration,Sr3SbI3
primary,loo,29,test,Mg3SbCl3
primary,loo,29,calibration,Ba3AsBr3
primary,loo,29,calibration,Ba3AsCl3
primary,loo,29,calibration,Ba3AsI3
primary,loo,29,calibration,Ba3BiBr3
primary,loo,29,calibration,Ba3BiCl3
primary,loo,29,calibration,Ba3BiI3
primary,loo,29,calibration,Ba3PBr3
primary,loo,29,calibration,Ba3PCl3
primary,loo,29,calibration,Ba3PI3
primary,loo,29,calibration,Ba3SbBr3
primary,loo,29,calibration,Ba3SbCl3
primary,loo,29,calibration,Ba3SbI3
primary,loo,29,calibration,Ca3AsBr3
primary,loo,29,calibration,Ca3AsF3
primary,loo,29,calibration,Ca3BiI3
primary,loo,29,calibration,Ca3PBr3
primary,loo,29,calibration,Ca3PCl3
primary,loo,29,calibration,Ca3PF3
primary,loo,29,calibration,Ca3PI3
primary,loo,29,calibration,Ca3SbBr3
primary,loo,29,calibration,Ca3SbCl3
primary,loo,29,calibration,Ca3SbF3
primary,loo,29,calibration,Mg3AsBr3
primary,loo,29,calibration,Mg3BiBr3
primary,loo,29,calibration,Mg3BiI3
primary,loo,29,calibration,Mg3PBr3
primary,loo,29,calibration,Mg3PCl3
primary,loo,29,calibration,Mg3PI3
primary,loo,29,calibration,Mg3SbBr3
primary,loo,29,calibration,Mg3SbF3
primary,loo,29,calibration,Mg3SbI3
primary,loo,29,calibration,Sr3AsCl3
primary,loo,29,calibration,Sr3AsI3
primary,loo,29,calibration,Sr3PBr3
primary,loo,29,calibration,Sr3PCl3
primary,loo,29,calibration,Sr3PI3
primary,loo,29,calibration,Sr3SbCl3
primary,loo,29,calibration,Sr3SbI3
primary,loo,30,test,Mg3SbF3
primary,loo,30,calibration,Ba3AsBr3
primary,loo,30,calibration,Ba3AsCl3
primary,loo,30,calibration,Ba3AsI3
primary,loo,30,calibration,Ba3BiBr3
primary,loo,30,calibration,Ba3BiCl3
primary,loo,30,calibration,Ba3BiI3
primary,loo,30,calibration,Ba3PBr3
primary,loo,30,calibration,Ba3PCl3
primary,loo,30,calibration,Ba3PI3
primary,loo,30,calibration,Ba3SbBr3
primary,loo,30,calibration,Ba3SbCl3
primary,loo,30,calibration,Ba3SbI3
primary,loo,30,calibration,Ca3AsBr3
primary,loo,30,calibration,Ca3AsF3
primary,loo,30,calibration,Ca3BiI3
primary,loo,30,calibration,Ca3PBr3
primary,loo,30,calibration,Ca3PCl3
primary,loo,30,calibration,Ca3PF3
primary,loo,30,calibration,Ca3PI3
primary,loo,30,calibration,Ca3SbBr3
primary,loo,30,calibration,Ca3SbCl3
primary,loo,30,calibration,Ca3SbF3
primary,loo,30,calibration,Mg3AsBr3
primary,loo,30,calibration,Mg3BiBr3
primary,loo,30,calibration,Mg3BiI3
primary,loo,30,calibration,Mg3PBr3
primary,loo,30,calibration,Mg3PCl3
primary,loo,30,calibration,Mg3PI3
primary,loo,30,calibration,Mg3SbBr3
primary,loo,30,calibration,Mg3SbCl3
primary,loo,30,calibration,Mg3SbI3
primary,loo,30,calibration,Sr3AsCl3
primary,loo,30,calibration,Sr3AsI3
primary,loo,30,calibration,Sr3PBr3
primary,loo,30,calibration,Sr3PCl3
primary,loo,30,calibration,Sr3PI3
primary,loo,30,calibration,Sr3SbCl3
primary,loo,30,calibration,Sr3SbI3
primary,loo,31,test,Mg3SbI3
primary,loo,31,calibration,Ba3AsBr3
primary,loo,31,calibration,Ba3AsCl3
primary,loo,31,calibration,Ba3AsI3
primary,loo,31,calibration,Ba3BiBr3
primary,loo,31,calibration,Ba3BiCl3
primary,loo,31,calibration,Ba3BiI3
primary,loo,31,calibration,Ba3PBr3
primary,loo,31,calibration,Ba3PCl3
primary,loo,31,calibration,Ba3PI3
primary,loo,31,calibration,Ba3SbBr3
primary,loo,31,calibration,Ba3SbCl3
primary,loo,31,calibration,Ba3SbI3
primary,loo,31,calibration,Ca3AsBr3
primary,loo,31,calibration,Ca3AsF3
primary,loo,31,calibration,Ca3BiI3
primary,loo,31,calibration,Ca3PBr3
primary,loo,31,calibration,Ca3PCl3
primary,loo,31,calibration,Ca3PF3
primary,loo,31,calibration,Ca3PI3
primary,loo,31,calibration,Ca3SbBr3
primary,loo,31,calibration,Ca3SbCl3
primary,loo,31,calibration,Ca3SbF3
primary,loo,31,calibration,Mg3AsBr3
primary,loo,31,calibration,Mg3BiBr3
primary,loo,31,calibration,Mg3BiI3
primary,loo,31,calibration,Mg3PBr3
primary,loo,31,calibration,Mg3PCl3
primary,loo,31,calibration,Mg3PI3
primary,loo,31,calibration,Mg3SbBr3
primary,loo,31,calibration,Mg3SbCl3
primary,loo,31,calibration,Mg3SbF3
primary,loo,31,calibration,Sr3AsCl3
primary,loo,31,calibration,Sr3AsI3
primary,loo,31,calibration,Sr3PBr3
primary,loo,31,calibration,Sr3PCl3
primary,loo,31,calibration,Sr3PI3
primary,loo,31,calibration,Sr3SbCl3
primary,loo,31,calibration,Sr3SbI3
primary,loo,32,test,Sr3AsCl3
primary,loo,32,calibration,Ba3AsBr3
primary,loo,32,calibration,Ba3AsCl3
primary,loo,32,calibration,Ba3AsI3
primary,loo,32,calibration,Ba3BiBr3
primary,loo,32,calibration,Ba3BiCl3
primary,loo,32,calibration,Ba3BiI3
primary,loo,32,calibration,Ba3PBr3
primary,loo,32,calibration,Ba3PCl3
primary,loo,32,calibration,Ba3PI3
primary,loo,32,calibration,Ba3SbBr3
primary,loo,32,calibration,Ba3SbCl3
primary,loo,32,calibration,Ba3SbI3
primary,loo,32,calibration,Ca3AsBr3
primary,loo,32,calibration,Ca3AsF3
primary,loo,32,calibration,Ca3BiI3
primary,loo,32,calibration,Ca3PBr3
primary,loo,32,calibration,Ca3PCl3
primary,loo,32,calibration,Ca3PF3
primary,loo,32,calibration,Ca3PI3
primary,loo,32,calibration,Ca3SbBr3
primary,loo,32,calibration,Ca3SbCl3
primary,loo,32,calibration,Ca3SbF3
primary,loo,32,calibration,Mg3AsBr3
primary,loo,32,calibration,Mg3BiBr3
primary,loo,32,calibration,Mg3BiI3
primary,loo,32,calibration,Mg3PBr3
primary,loo,32,calibration,Mg3PCl3
primary,loo,32,calibration,Mg3PI3
primary,loo,32,calibration,Mg3SbBr3
primary,loo,32,calibration,Mg3SbCl3
primary,loo,32,calibration,Mg3SbF3
primary,loo,32,calibration,Mg3SbI3
primary,loo,32,calibration,Sr3AsI3
primary,loo,32,calibration,Sr3PBr3
primary,loo,32,calibration,Sr3PCl3
primary,loo,32,calibration,Sr3PI3
primary,loo,32,calibration,Sr3SbCl3
primary,loo,32,calibration,Sr3SbI3
primary,loo,33,test,Sr3AsI3
primary,loo,33,calibration,Ba3AsBr3
primary,loo,33,calibration,Ba3AsCl3
primary,loo,33,calibration,Ba3AsI3
primary,loo,33,calibration,Ba3BiBr3
primary,loo,33,calibration,Ba3BiCl3
primary,loo,33,calibration,Ba3BiI3
primary,loo,33,calibration,Ba3PBr3
primary,loo,33,calibration,Ba3PCl3
primary,loo,33,calibration,Ba3PI3
primary,loo,33,calibration,Ba3SbBr3
primary,loo,33,calibration,Ba3SbCl3
primary,loo,33,calibration,Ba3SbI3
primary,loo,33,calibration,Ca3AsBr3
primary,loo,33,calibration,Ca3AsF3
primary,loo,33,calibration,Ca3BiI3
primary,loo,33,calibration,Ca3PBr3
primary,loo,33,calibration,Ca3PCl3
primary,loo,33,calibration,Ca3PF3
primary,loo,33,calibration,Ca3PI3
primary,loo,33,calibration,Ca3SbBr3
primary,loo,33,calibration,Ca3SbCl3
primary,loo,33,calibration,Ca3SbF3
primary,loo,33,calibration,Mg3AsBr3
primary,loo,33,calibration,Mg3BiBr3
primary,loo,33,calibration,Mg3BiI3
primary,loo,33,calibration,Mg3PBr3
primary,loo,33,calibration,Mg3PCl3
primary,loo,33,calibration,Mg3PI3
primary,loo,33,calibration,Mg3SbBr3
primary,loo,33,calibration,Mg3SbCl3
primary,loo,33,calibration,Mg3SbF3
primary,loo,33,calibration,Mg3SbI3
primary,loo,33,calibration,Sr3AsCl3
primary,loo,33,calibration,Sr3PBr3
primary,loo,33,calibration,Sr3PCl3
primary,loo,33,calibration,Sr3PI3
primary,loo,33,calibration,Sr3SbCl3
primary,loo,33,calibration,Sr3SbI3
primary,loo,34,test,Sr3PBr3
primary,loo,34,calibration,Ba3AsBr3
primary,loo,34,calibration,Ba3AsCl3
primary,loo,34,calibration,Ba3AsI3
primary,loo,34,calibration,Ba3BiBr3
primary,loo,34,calibration,Ba3BiCl3
primary,loo,34,calibration,Ba3BiI3
primary,loo,34,calibration,Ba3PBr3
primary,loo,34,calibration,Ba3PCl3
primary,loo,34,calibration,Ba3PI3
primary,loo,34,calibration,Ba3SbBr3
primary,loo,34,calibration,Ba3SbCl3
primary,loo,34,calibration,Ba3SbI3
primary,loo,34,calibration,Ca3AsBr3
primary,loo,34,calibration,Ca3AsF3
primary,loo,34,calibration,Ca3BiI3
primary,loo,34,calibration,Ca3PBr3
primary,loo,34,calibration,Ca3PCl3
primary,loo,34,calibration,Ca3PF3
primary,loo,34,calibration,Ca3PI3
primary,loo,34,calibration,Ca3SbBr3
primary,loo,34,calibration,Ca3SbCl3
primary,loo,34,calibration,Ca3SbF3
primary,loo,34,calibration,Mg3AsBr3
primary,loo,34,calibration,Mg3BiBr3
primary,loo,34,calibration,Mg3BiI3
primary,loo,34,calibration,Mg3PBr3
primary,loo,34,calibration,Mg3PCl3
primary,loo,34,calibration,Mg3PI3
primary,loo,34,calibration,Mg3SbBr3
primary,loo,34,calibration,Mg3SbCl3
primary,loo,34,calibration,Mg3SbF3
primary,loo,34,calibration,Mg3SbI3
primary,loo,34,calibration,Sr3AsCl3
primary,loo,34,calibration,Sr3AsI3
primary,loo,34,calibration,Sr3PCl3
primary,loo,34,calibration,Sr3PI3
primary,loo,34,calibration,Sr3SbCl3
primary,loo,34,calibration,Sr3SbI3
primary,loo,35,test,Sr3PCl3
primary,loo,35,calibration,Ba3AsBr3
primary,loo,35,calibration,Ba3AsCl3
primary,loo,35,calibration,Ba3AsI3
primary,loo,35,calibration,Ba3BiBr3
primary,loo,35,calibration,Ba3BiCl3
primary,loo,35,calibration,Ba3BiI3
primary,loo,35,calibration,Ba3PBr3
primary,loo,35,calibration,Ba3PCl3
primary,loo,35,calibration,Ba3PI3
primary,loo,35,calibration,Ba3SbBr3
primary,loo,35,calibration,Ba3SbCl3
primary,loo,35,calibration,Ba3SbI3
primary,loo,35,calibration,Ca3AsBr3
primary,loo,35,calibration,Ca3AsF3
primary,loo,35,calibration,Ca3BiI3
primary,loo,35,calibration,Ca3PBr3
primary,loo,35,calibration,Ca3PCl3
primary,loo,35,calibration,Ca3PF3
primary,loo,35,calibration,Ca3PI3
primary,loo,35,calibration,Ca3SbBr3
primary,loo,35,calibration,Ca3SbCl3
primary,loo,35,calibration,Ca3SbF3
primary,loo,35,calibration,Mg3AsBr3
primary,loo,35,calibration,Mg3BiBr3
primary,loo,35,calibration,Mg3BiI3
primary,loo,35,calibration,Mg3PBr3
primary,loo,35,calibration,Mg3PCl3
primary,loo,35,calibration,Mg3PI3
primary,loo,35,calibration,Mg3SbBr3
primary,loo,35,calibration,Mg3SbCl3
primary,loo,35,calibration,Mg3SbF3
primary,loo,35,calibration,Mg3SbI3
primary,loo,35,calibration,Sr3AsCl3
primary,loo,35,calibration,Sr3AsI3
primary,loo,35,calibration,Sr3PBr3
primary,loo,35,calibration,Sr3PI3
primary,loo,35,calibration,Sr3SbCl3
primary,loo,35,calibration,Sr3SbI3
primary,loo,36,test,Sr3PI3
primary,loo,36,calibration,Ba3AsBr3
primary,loo,36,calibration,Ba3AsCl3
primary,loo,36,calibration,Ba3AsI3
primary,loo,36,calibration,Ba3BiBr3
primary,loo,36,calibration,Ba3BiCl3
primary,loo,36,calibration,Ba3BiI3
primary,loo,36,calibration,Ba3PBr3
primary,loo,36,calibration,Ba3PCl3
primary,loo,36,calibration,Ba3PI3
primary,loo,36,calibration,Ba3SbBr3
primary,loo,36,calibration,Ba3SbCl3
primary,loo,36,calibration,Ba3SbI3
primary,loo,36,calibration,Ca3AsBr3
primary,loo,36,calibration,Ca3AsF3
primary,loo,36,calibration,Ca3BiI3
primary,loo,36,calibration,Ca3PBr3
primary,loo,36,calibration,Ca3PCl3
primary,loo,36,calibration,Ca3PF3
primary,loo,36,calibration,Ca3PI3
primary,loo,36,calibration,Ca3SbBr3
primary,loo,36,calibration,Ca3SbCl3
primary,loo,36,calibration,Ca3SbF3
primary,loo,36,calibration,Mg3AsBr3
primary,loo,36,calibration,Mg3BiBr3
primary,loo,36,calibration,Mg3BiI3
primary,loo,36,calibration,Mg3PBr3
primary,loo,36,calibration,Mg3PCl3
primary,loo,36,calibration,Mg3PI3
primary,loo,36,calibration,Mg3SbBr3
primary,loo,36,calibration,Mg3SbCl3
primary,loo,36,calibration,Mg3SbF3
primary,loo,36,calibration,Mg3SbI3
primary,loo,36,calibration,Sr3AsCl3
primary,loo,36,calibration,Sr3AsI3
primary,loo,36,calibration,Sr3PBr3
primary,loo,36,calibration,Sr3PCl3
primary,loo,36,calibration,Sr3SbCl3
primary,loo,36,calibration,Sr3SbI3
primary,loo,37,test,Sr3SbCl3
primary,loo,37,calibration,Ba3AsBr3
primary,loo,37,calibration,Ba3AsCl3
primary,loo,37,calibration,Ba3AsI3
primary,loo,37,calibration,Ba3BiBr3
primary,loo,37,calibration,Ba3BiCl3
primary,loo,37,calibration,Ba3BiI3
primary,loo,37,calibration,Ba3PBr3
primary,loo,37,calibration,Ba3PCl3
primary,loo,37,calibration,Ba3PI3
primary,loo,37,calibration,Ba3SbBr3
primary,loo,37,calibration,Ba3SbCl3
primary,loo,37,calibration,Ba3SbI3
primary,loo,37,calibration,Ca3AsBr3
primary,loo,37,calibration,Ca3AsF3
primary,loo,37,calibration,Ca3BiI3
primary,loo,37,calibration,Ca3PBr3
primary,loo,37,calibration,Ca3PCl3
primary,loo,37,calibration,Ca3PF3
primary,loo,37,calibration,Ca3PI3
primary,loo,37,calibration,Ca3SbBr3
primary,loo,37,calibration,Ca3SbCl3
primary,loo,37,calibration,Ca3SbF3
primary,loo,37,calibration,Mg3AsBr3
primary,loo,37,calibration,Mg3BiBr3
primary,loo,37,calibration,Mg3BiI3
primary,loo,37,calibration,Mg3PBr3
primary,loo,37,calibration,Mg3PCl3
primary,loo,37,calibration,Mg3PI3
primary,loo,37,calibration,Mg3SbBr3
primary,loo,37,calibration,Mg3SbCl3
primary,loo,37,calibration,Mg3SbF3
primary,loo,37,calibration,Mg3SbI3
primary,loo,37,calibration,Sr3AsCl3
primary,loo,37,calibration,Sr3AsI3
primary,loo,37,calibration,Sr3PBr3
primary,loo,37,calibration,Sr3PCl3
primary,loo,37,calibration,Sr3PI3
primary,loo,37,calibration,Sr3SbI3
primary,loo,38,test,Sr3SbI3
primary,loo,38,calibration,Ba3AsBr3
primary,loo,38,calibration,Ba3AsCl3
primary,loo,38,calibration,Ba3AsI3
primary,loo,38,calibration,Ba3BiBr3
primary,loo,38,calibration,Ba3BiCl3
primary,loo,38,calibration,Ba3BiI3
primary,loo,38,calibration,Ba3PBr3
primary,loo,38,calibration,Ba3PCl3
primary,loo,38,calibration,Ba3PI3
primary,loo,38,calibration,Ba3SbBr3
primary,loo,38,calibration,Ba3SbCl3
primary,loo,38,calibration,Ba3SbI3
primary,loo,38,calibration,Ca3AsBr3
primary,loo,38,calibration,Ca3AsF3
primary,loo,38,calibration,Ca3BiI3
primary,loo,38,calibration,Ca3PBr3
primary,loo,38,calibration,Ca3PCl3
primary,loo,38,calibration,Ca3PF3
primary,loo,38,calibration,Ca3PI3
primary,loo,38,calibration,Ca3SbBr3
primary,loo,38,calibration,Ca3SbCl3
primary,loo,38,calibration,Ca3SbF3
primary,loo,38,calibration,Mg3AsBr3
primary,loo,38,calibration,Mg3BiBr3
primary,loo,38,calibration,Mg3BiI3
primary,loo,38,calibration,Mg3PBr3
primary,loo,38,calibration,Mg3PCl3
primary,loo,38,calibration,Mg3PI3
primary,loo,38,calibration,Mg3SbBr3
primary,loo,38,calibration,Mg3SbCl3
primary,loo,38,calibration,Mg3SbF3
primary,loo,38,calibration,Mg3SbI3
primary,loo,38,calibration,Sr3AsCl3
primary,loo,38,calibration,Sr3AsI3
primary,loo,38,calibration,Sr3PBr3
primary,loo,38,calibration,Sr3PCl3
primary,loo,38,calibration,Sr3PI3
primary,loo,38,calibration,Sr3SbCl3
verified_only,lobo,0,test,Ba3AsCl3
verified_only,lobo,0,test,Ba3AsI3
verified_only,lobo,0,test,Ca3AsBr3
verified_only,lobo,0,test,Ca3AsF3
verified_only,lobo,0,test,Mg3AsBr3
verified_only,lobo,0,test,Sr3AsCl3
verified_only,lobo,0,test,Sr3AsI3
verified_only,lobo,0,calibration,Ba3SbBr3
verified_only,lobo,0,calibration,Ba3SbI3
verified_only,lobo,0,calibration,Ca3BiI3
verified_only,lobo,0,calibration,Ca3PBr3
verified_only,lobo,0,calibration,Ca3PCl3
verified_only,lobo,0,calibration,Ca3PF3
verified_only,lobo,0,calibration,Ca3PI3
verified_only,lobo,0,calibration,Ca3SbBr3
verified_only,lobo,0,calibration,Ca3SbCl3
verified_only,lobo,0,calibration,Ca3SbF3
verified_only,lobo,0,calibration,Mg3BiBr3
verified_only,lobo,0,calibration,Mg3BiI3
verified_only,lobo,0,calibration,Mg3PBr3
verified_only,lobo,0,calibration,Mg3PCl3
verified_only,lobo,0,calibration,Mg3PI3
verified_only,lobo,0,calibration,Mg3SbBr3
verified_only,lobo,0,calibration,Mg3SbCl3
verified_only,lobo,0,calibration,Mg3SbF3
verified_only,lobo,0,calibration,Mg3SbI3
verified_only,lobo,0,calibration,Sr3PBr3
verified_only,lobo,0,calibration,Sr3PCl3
verified_only,lobo,0,calibration,Sr3PI3
verified_only,lobo,0,calibration,Sr3SbCl3
verified_only,lobo,0,calibration,Sr3SbI3
verified_only,lobo,1,test,Ca3BiI3
verified_only,lobo,1,test,Mg3BiBr3
verified_only,lobo,1,test,Mg3BiI3
verified_only,lobo,1,calibration,Ba3AsCl3
verified_only,lobo,1,calibration,Ba3AsI3
verified_only,lobo,1,calibration,Ba3SbBr3
verified_only,lobo,1,calibration,Ba3SbI3
verified_only,lobo,1,calibration,Ca3AsBr3
verified_only,lobo,1,calibration,Ca3AsF3
verified_only,lobo,1,calibration,Ca3PBr3
verified_only,lobo,1,calibration,Ca3PCl3
verified_only,lobo,1,calibration,Ca3PF3
verified_only,lobo,1,calibration,Ca3PI3
verified_only,lobo,1,calibration,Ca3SbBr3
verified_only,lobo,1,calibration,Ca3SbCl3
verified_only,lobo,1,calibration,Ca3SbF3
verified_only,lobo,1,calibration,Mg3AsBr3
verified_only,lobo,1,calibration,Mg3PBr3
verified_only,lobo,1,calibration,Mg3PCl3
verified_only,lobo,1,calibration,Mg3PI3
verified_only,lobo,1,calibration,Mg3SbBr3
verified_only,lobo,1,calibration,Mg3SbCl3
verified_only,lobo,1,calibration,Mg3SbF3
verified_only,lobo,1,calibration,Mg3SbI3
verified_only,lobo,1,calibration,Sr3AsCl3
verified_only,lobo,1,calibration,Sr3AsI3
verified_only,lobo,1,calibration,Sr3PBr3
verified_only,lobo,1,calibration,Sr3PCl3
verified_only,lobo,1,calibration,Sr3PI3
verified_only,lobo,1,calibration,Sr3SbCl3
verified_only,lobo,1,calibration,Sr3SbI3
verified_only,lobo,2,test,Ca3PBr3
verified_only,lobo,2,test,Ca3PCl3
verified_only,lobo,2,test,Ca3PF3
verified_only,lobo,2,test,Ca3PI3
verified_only,lobo,2,test,Mg3PBr3
verified_only,lobo,2,test,Mg3PCl3
verified_only,lobo,2,test,Mg3PI3
verified_only,lobo,2,test,Sr3PBr3
verified_only,lobo,2,test,Sr3PCl3
verified_only,lobo,2,test,Sr3PI3
verified_only,lobo,2,calibration,Ba3AsCl3
verified_only,lobo,2,calibration,Ba3AsI3
verified_only,lobo,2,calibration,Ba3SbBr3
verified_only,lobo,2,calibration,Ba3SbI3
verified_only,lobo,2,calibration,Ca3AsBr3
verified_only,lobo,2,calibration,Ca3AsF3
verified_only,lobo,2,calibration,Ca3BiI3
verified_only,lobo,2,calibration,Ca3SbBr3
verified_only,lobo,2,calibration,Ca3SbCl3
verified_only,lobo,2,calibration,Ca3SbF3
verified_only,lobo,2,calibration,Mg3AsBr3
verified_only,lobo,2,calibration,Mg3BiBr3
verified_only,lobo,2,calibration,Mg3BiI3
verified_only,lobo,2,calibration,Mg3SbBr3
verified_only,lobo,2,calibration,Mg3SbCl3
verified_only,lobo,2,calibration,Mg3SbF3
verified_only,lobo,2,calibration,Mg3SbI3
verified_only,lobo,2,calibration,Sr3AsCl3
verified_only,lobo,2,calibration,Sr3AsI3
verified_only,lobo,2,calibration,Sr3SbCl3
verified_only,lobo,2,calibration,Sr3SbI3
verified_only,lobo,3,test,Ba3SbBr3
verified_only,lobo,3,test,Ba3SbI3
verified_only,lobo,3,test,Ca3SbBr3
verified_only,lobo,3,test,Ca3SbCl3
verified_only,lobo,3,test,Ca3SbF3
verified_only,lobo,3,test,Mg3SbBr3
verified_only,lobo,3,test,Mg3SbCl3
verified_only,lobo,3,test,Mg3SbF3
verified_only,lobo,3,test,Mg3SbI3
verified_only,lobo,3,test,Sr3SbCl3
verified_only,lobo,3,test,Sr3SbI3
verified_only,lobo,3,calibration,Ba3AsCl3
verified_only,lobo,3,calibration,Ba3AsI3
verified_only,lobo,3,calibration,Ca3AsBr3
verified_only,lobo,3,calibration,Ca3AsF3
verified_only,lobo,3,calibration,Ca3BiI3
verified_only,lobo,3,calibration,Ca3PBr3
verified_only,lobo,3,calibration,Ca3PCl3
verified_only,lobo,3,calibration,Ca3PF3
verified_only,lobo,3,calibration,Ca3PI3
verified_only,lobo,3,calibration,Mg3AsBr3
verified_only,lobo,3,calibration,Mg3BiBr3
verified_only,lobo,3,calibration,Mg3BiI3
verified_only,lobo,3,calibration,Mg3PBr3
verified_only,lobo,3,calibration,Mg3PCl3
verified_only,lobo,3,calibration,Mg3PI3
verified_only,lobo,3,calibration,Sr3AsCl3
verified_only,lobo,3,calibration,Sr3AsI3
verified_only,lobo,3,calibration,Sr3PBr3
verified_only,lobo,3,calibration,Sr3PCl3
verified_only,lobo,3,calibration,Sr3PI3
verified_only,loao,0,test,Ba3AsCl3
verified_only,loao,0,test,Ba3AsI3
verified_only,loao,0,test,Ba3SbBr3
verified_only,loao,0,test,Ba3SbI3
verified_only,loao,0,calibration,Ca3AsBr3
verified_only,loao,0,calibration,Ca3AsF3
verified_only,loao,0,calibration,Ca3BiI3
verified_only,loao,0,calibration,Ca3PBr3
verified_only,loao,0,calibration,Ca3PCl3
verified_only,loao,0,calibration,Ca3PF3
verified_only,loao,0,calibration,Ca3PI3
verified_only,loao,0,calibration,Ca3SbBr3
verified_only,loao,0,calibration,Ca3SbCl3
verified_only,loao,0,calibration,Ca3SbF3
verified_only,loao,0,calibration,Mg3AsBr3
verified_only,loao,0,calibration,Mg3BiBr3
verified_only,loao,0,calibration,Mg3BiI3
verified_only,loao,0,calibration,Mg3PBr3
verified_only,loao,0,calibration,Mg3PCl3
verified_only,loao,0,calibration,Mg3PI3
verified_only,loao,0,calibration,Mg3SbBr3
verified_only,loao,0,calibration,Mg3SbCl3
verified_only,loao,0,calibration,Mg3SbF3
verified_only,loao,0,calibration,Mg3SbI3
verified_only,loao,0,calibration,Sr3AsCl3
verified_only,loao,0,calibration,Sr3AsI3
verified_only,loao,0,calibration,Sr3PBr3
verified_only,loao,0,calibration,Sr3PCl3
verified_only,loao,0,calibration,Sr3PI3
verified_only,loao,0,calibration,Sr3SbCl3
verified_only,loao,0,calibration,Sr3SbI3
verified_only,loao,1,test,Ca3AsBr3
verified_only,loao,1,test,Ca3AsF3
verified_only,loao,1,test,Ca3BiI3
verified_only,loao,1,test,Ca3PBr3
verified_only,loao,1,test,Ca3PCl3
verified_only,loao,1,test,Ca3PF3
verified_only,loao,1,test,Ca3PI3
verified_only,loao,1,test,Ca3SbBr3
verified_only,loao,1,test,Ca3SbCl3
verified_only,loao,1,test,Ca3SbF3
verified_only,loao,1,calibration,Ba3AsCl3
verified_only,loao,1,calibration,Ba3AsI3
verified_only,loao,1,calibration,Ba3SbBr3
verified_only,loao,1,calibration,Ba3SbI3
verified_only,loao,1,calibration,Mg3AsBr3
verified_only,loao,1,calibration,Mg3BiBr3
verified_only,loao,1,calibration,Mg3BiI3
verified_only,loao,1,calibration,Mg3PBr3
verified_only,loao,1,calibration,Mg3PCl3
verified_only,loao,1,calibration,Mg3PI3
verified_only,loao,1,calibration,Mg3SbBr3
verified_only,loao,1,calibration,Mg3SbCl3
verified_only,loao,1,calibration,Mg3SbF3
verified_only,loao,1,calibration,Mg3SbI3
verified_only,loao,1,calibration,Sr3AsCl3
verified_only,loao,1,calibration,Sr3AsI3
verified_only,loao,1,calibration,Sr3PBr3
verified_only,loao,1,calibration,Sr3PCl3
verified_only,loao,1,calibration,Sr3PI3
verified_only,loao,1,calibration,Sr3SbCl3
verified_only,loao,1,calibration,Sr3SbI3
verified_only,loao,2,test,Mg3AsBr3
verified_only,loao,2,test,Mg3BiBr3
verified_only,loao,2,test,Mg3BiI3
verified_only,loao,2,test,Mg3PBr3
verified_only,loao,2,test,Mg3PCl3
verified_only,loao,2,test,Mg3PI3
verified_only,loao,2,test,Mg3SbBr3
verified_only,loao,2,test,Mg3SbCl3
verified_only,loao,2,test,Mg3SbF3
verified_only,loao,2,test,Mg3SbI3
verified_only,loao,2,calibration,Ba3AsCl3
verified_only,loao,2,calibration,Ba3AsI3
verified_only,loao,2,calibration,Ba3SbBr3
verified_only,loao,2,calibration,Ba3SbI3
verified_only,loao,2,calibration,Ca3AsBr3
verified_only,loao,2,calibration,Ca3AsF3
verified_only,loao,2,calibration,Ca3BiI3
verified_only,loao,2,calibration,Ca3PBr3
verified_only,loao,2,calibration,Ca3PCl3
verified_only,loao,2,calibration,Ca3PF3
verified_only,loao,2,calibration,Ca3PI3
verified_only,loao,2,calibration,Ca3SbBr3
verified_only,loao,2,calibration,Ca3SbCl3
verified_only,loao,2,calibration,Ca3SbF3
verified_only,loao,2,calibration,Sr3AsCl3
verified_only,loao,2,calibration,Sr3AsI3
verified_only,loao,2,calibration,Sr3PBr3
verified_only,loao,2,calibration,Sr3PCl3
verified_only,loao,2,calibration,Sr3PI3
verified_only,loao,2,calibration,Sr3SbCl3
verified_only,loao,2,calibration,Sr3SbI3
verified_only,loao,3,test,Sr3AsCl3
verified_only,loao,3,test,Sr3AsI3
verified_only,loao,3,test,Sr3PBr3
verified_only,loao,3,test,Sr3PCl3
verified_only,loao,3,test,Sr3PI3
verified_only,loao,3,test,Sr3SbCl3
verified_only,loao,3,test,Sr3SbI3
verified_only,loao,3,calibration,Ba3AsCl3
verified_only,loao,3,calibration,Ba3AsI3
verified_only,loao,3,calibration,Ba3SbBr3
verified_only,loao,3,calibration,Ba3SbI3
verified_only,loao,3,calibration,Ca3AsBr3
verified_only,loao,3,calibration,Ca3AsF3
verified_only,loao,3,calibration,Ca3BiI3
verified_only,loao,3,calibration,Ca3PBr3
verified_only,loao,3,calibration,Ca3PCl3
verified_only,loao,3,calibration,Ca3PF3
verified_only,loao,3,calibration,Ca3PI3
verified_only,loao,3,calibration,Ca3SbBr3
verified_only,loao,3,calibration,Ca3SbCl3
verified_only,loao,3,calibration,Ca3SbF3
verified_only,loao,3,calibration,Mg3AsBr3
verified_only,loao,3,calibration,Mg3BiBr3
verified_only,loao,3,calibration,Mg3BiI3
verified_only,loao,3,calibration,Mg3PBr3
verified_only,loao,3,calibration,Mg3PCl3
verified_only,loao,3,calibration,Mg3PI3
verified_only,loao,3,calibration,Mg3SbBr3
verified_only,loao,3,calibration,Mg3SbCl3
verified_only,loao,3,calibration,Mg3SbF3
verified_only,loao,3,calibration,Mg3SbI3
verified_only,gkf,0,test,Mg3BiBr3
verified_only,gkf,0,test,Ca3PCl3
verified_only,gkf,0,test,Ca3PF3
verified_only,gkf,0,test,Mg3PBr3
verified_only,gkf,0,test,Sr3PCl3
verified_only,gkf,0,test,Mg3SbI3
verified_only,gkf,0,test,Sr3SbCl3
verified_only,gkf,0,calibration,Ba3AsCl3
verified_only,gkf,0,calibration,Ba3AsI3
verified_only,gkf,0,calibration,Ba3SbBr3
verified_only,gkf,0,calibration,Ba3SbI3
verified_only,gkf,0,calibration,Ca3AsBr3
verified_only,gkf,0,calibration,Ca3AsF3
verified_only,gkf,0,calibration,Ca3BiI3
verified_only,gkf,0,calibration,Ca3PBr3
verified_only,gkf,0,calibration,Ca3PI3
verified_only,gkf,0,calibration,Ca3SbBr3
verified_only,gkf,0,calibration,Ca3SbCl3
verified_only,gkf,0,calibration,Ca3SbF3
verified_only,gkf,0,calibration,Mg3AsBr3
verified_only,gkf,0,calibration,Mg3BiI3
verified_only,gkf,0,calibration,Mg3PCl3
verified_only,gkf,0,calibration,Mg3PI3
verified_only,gkf,0,calibration,Mg3SbBr3
verified_only,gkf,0,calibration,Mg3SbCl3
verified_only,gkf,0,calibration,Mg3SbF3
verified_only,gkf,0,calibration,Sr3AsCl3
verified_only,gkf,0,calibration,Sr3AsI3
verified_only,gkf,0,calibration,Sr3PBr3
verified_only,gkf,0,calibration,Sr3PI3
verified_only,gkf,0,calibration,Sr3SbI3
verified_only,gkf,1,test,Ba3AsCl3
verified_only,gkf,1,test,Ca3AsBr3
verified_only,gkf,1,test,Ca3AsF3
verified_only,gkf,1,test,Sr3AsCl3
verified_only,gkf,1,test,Mg3BiI3
verified_only,gkf,1,test,Ca3SbCl3
verified_only,gkf,1,calibration,Ba3AsI3
verified_only,gkf,1,calibration,Ba3SbBr3
verified_only,gkf,1,calibration,Ba3SbI3
verified_only,gkf,1,calibration,Ca3BiI3
verified_only,gkf,1,calibration,Ca3PBr3
verified_only,gkf,1,calibration,Ca3PCl3
verified_only,gkf,1,calibration,Ca3PF3
verified_only,gkf,1,calibration,Ca3PI3
verified_only,gkf,1,calibration,Ca3SbBr3
verified_only,gkf,1,calibration,Ca3SbF3
verified_only,gkf,1,calibration,Mg3AsBr3
verified_only,gkf,1,calibration,Mg3BiBr3
verified_only,gkf,1,calibration,Mg3PBr3
verified_only,gkf,1,calibration,Mg3PCl3
verified_only,gkf,1,calibration,Mg3PI3
verified_only,gkf,1,calibration,Mg3SbBr3
verified_only,gkf,1,calibration,Mg3SbCl3
verified_only,gkf,1,calibration,Mg3SbF3
verified_only,gkf,1,calibration,Mg3SbI3
verified_only,gkf,1,calibration,Sr3AsI3
verified_only,gkf,1,calibration,Sr3PBr3
verified_only,gkf,1,calibration,Sr3PCl3
verified_only,gkf,1,calibration,Sr3PI3
verified_only,gkf,1,calibration,Sr3SbCl3
verified_only,gkf,1,calibration,Sr3SbI3
verified_only,gkf,2,test,Ba3AsI3
verified_only,gkf,2,test,Sr3AsI3
verified_only,gkf,2,test,Ba3SbBr3
verified_only,gkf,2,test,Ca3SbBr3
verified_only,gkf,2,test,Ca3SbF3
verified_only,gkf,2,test,Mg3SbF3
verified_only,gkf,2,calibration,Ba3AsCl3
verified_only,gkf,2,calibration,Ba3SbI3
verified_only,gkf,2,calibration,Ca3AsBr3
verified_only,gkf,2,calibration,Ca3AsF3
verified_only,gkf,2,calibration,Ca3BiI3
verified_only,gkf,2,calibration,Ca3PBr3
verified_only,gkf,2,calibration,Ca3PCl3
verified_only,gkf,2,calibration,Ca3PF3
verified_only,gkf,2,calibration,Ca3PI3
verified_only,gkf,2,calibration,Ca3SbCl3
verified_only,gkf,2,calibration,Mg3AsBr3
verified_only,gkf,2,calibration,Mg3BiBr3
verified_only,gkf,2,calibration,Mg3BiI3
verified_only,gkf,2,calibration,Mg3PBr3
verified_only,gkf,2,calibration,Mg3PCl3
verified_only,gkf,2,calibration,Mg3PI3
verified_only,gkf,2,calibration,Mg3SbBr3
verified_only,gkf,2,calibration,Mg3SbCl3
verified_only,gkf,2,calibration,Mg3SbI3
verified_only,gkf,2,calibration,Sr3AsCl3
verified_only,gkf,2,calibration,Sr3PBr3
verified_only,gkf,2,calibration,Sr3PCl3
verified_only,gkf,2,calibration,Sr3PI3
verified_only,gkf,2,calibration,Sr3SbCl3
verified_only,gkf,2,calibration,Sr3SbI3
verified_only,gkf,3,test,Mg3PCl3
verified_only,gkf,3,test,Sr3PBr3
verified_only,gkf,3,test,Ba3SbI3
verified_only,gkf,3,test,Mg3SbBr3
verified_only,gkf,3,test,Mg3SbCl3
verified_only,gkf,3,test,Sr3SbI3
verified_only,gkf,3,calibration,Ba3AsCl3
verified_only,gkf,3,calibration,Ba3AsI3
verified_only,gkf,3,calibration,Ba3SbBr3
verified_only,gkf,3,calibration,Ca3AsBr3
verified_only,gkf,3,calibration,Ca3AsF3
verified_only,gkf,3,calibration,Ca3BiI3
verified_only,gkf,3,calibration,Ca3PBr3
verified_only,gkf,3,calibration,Ca3PCl3
verified_only,gkf,3,calibration,Ca3PF3
verified_only,gkf,3,calibration,Ca3PI3
verified_only,gkf,3,calibration,Ca3SbBr3
verified_only,gkf,3,calibration,Ca3SbCl3
verified_only,gkf,3,calibration,Ca3SbF3
verified_only,gkf,3,calibration,Mg3AsBr3
verified_only,gkf,3,calibration,Mg3BiBr3
verified_only,gkf,3,calibration,Mg3BiI3
verified_only,gkf,3,calibration,Mg3PBr3
verified_only,gkf,3,calibration,Mg3PI3
verified_only,gkf,3,calibration,Mg3SbF3
verified_only,gkf,3,calibration,Mg3SbI3
verified_only,gkf,3,calibration,Sr3AsCl3
verified_only,gkf,3,calibration,Sr3AsI3
verified_only,gkf,3,calibration,Sr3PCl3
verified_only,gkf,3,calibration,Sr3PI3
verified_only,gkf,3,calibration,Sr3SbCl3
verified_only,gkf,4,test,Mg3AsBr3
verified_only,gkf,4,test,Ca3BiI3
verified_only,gkf,4,test,Ca3PBr3
verified_only,gkf,4,test,Ca3PI3
verified_only,gkf,4,test,Mg3PI3
verified_only,gkf,4,test,Sr3PI3
verified_only,gkf,4,calibration,Ba3AsCl3
verified_only,gkf,4,calibration,Ba3AsI3
verified_only,gkf,4,calibration,Ba3SbBr3
verified_only,gkf,4,calibration,Ba3SbI3
verified_only,gkf,4,calibration,Ca3AsBr3
verified_only,gkf,4,calibration,Ca3AsF3
verified_only,gkf,4,calibration,Ca3PCl3
verified_only,gkf,4,calibration,Ca3PF3
verified_only,gkf,4,calibration,Ca3SbBr3
verified_only,gkf,4,calibration,Ca3SbCl3
verified_only,gkf,4,calibration,Ca3SbF3
verified_only,gkf,4,calibration,Mg3BiBr3
verified_only,gkf,4,calibration,Mg3BiI3
verified_only,gkf,4,calibration,Mg3PBr3
verified_only,gkf,4,calibration,Mg3PCl3
verified_only,gkf,4,calibration,Mg3SbBr3
verified_only,gkf,4,calibration,Mg3SbCl3
verified_only,gkf,4,calibration,Mg3SbF3
verified_only,gkf,4,calibration,Mg3SbI3
verified_only,gkf,4,calibration,Sr3AsCl3
verified_only,gkf,4,calibration,Sr3AsI3
verified_only,gkf,4,calibration,Sr3PBr3
verified_only,gkf,4,calibration,Sr3PCl3
verified_only,gkf,4,calibration,Sr3SbCl3
verified_only,gkf,4,calibration,Sr3SbI3
verified_only,gkf,5,test,Ba3AsCl3
verified_only,gkf,5,test,Ca3AsF3
verified_only,gkf,5,test,Ca3PBr3
verified_only,gkf,5,test,Sr3PI3
verified_only,gkf,5,test,Ca3SbF3
verified_only,gkf,5,test,Mg3SbBr3
verified_only,gkf,5,test,Mg3SbCl3
verified_only,gkf,5,calibration,Ba3AsI3
verified_only,gkf,5,calibration,Ba3SbBr3
verified_only,gkf,5,calibration,Ba3SbI3
verified_only,gkf,5,calibration,Ca3AsBr3
verified_only,gkf,5,calibration,Ca3BiI3
verified_only,gkf,5,calibration,Ca3PCl3
verified_only,gkf,5,calibration,Ca3PF3
verified_only,gkf,5,calibration,Ca3PI3
verified_only,gkf,5,calibration,Ca3SbBr3
verified_only,gkf,5,calibration,Ca3SbCl3
verified_only,gkf,5,calibration,Mg3AsBr3
verified_only,gkf,5,calibration,Mg3BiBr3
verified_only,gkf,5,calibration,Mg3BiI3
verified_only,gkf,5,calibration,Mg3PBr3
verified_only,gkf,5,calibration,Mg3PCl3
verified_only,gkf,5,calibration,Mg3PI3
verified_only,gkf,5,calibration,Mg3SbF3
verified_only,gkf,5,calibration,Mg3SbI3
verified_only,gkf,5,calibration,Sr3AsCl3
verified_only,gkf,5,calibration,Sr3AsI3
verified_only,gkf,5,calibration,Sr3PBr3
verified_only,gkf,5,calibration,Sr3PCl3
verified_only,gkf,5,calibration,Sr3SbCl3
verified_only,gkf,5,calibration,Sr3SbI3
verified_only,gkf,6,test,Sr3AsI3
verified_only,gkf,6,test,Mg3BiI3
verified_only,gkf,6,test,Ca3PI3
verified_only,gkf,6,test,Ca3SbCl3
verified_only,gkf,6,test,Mg3SbI3
verified_only,gkf,6,test,Sr3SbI3
verified_only,gkf,6,calibration,Ba3AsCl3
verified_only,gkf,6,calibration,Ba3AsI3
verified_only,gkf,6,calibration,Ba3SbBr3
verified_only,gkf,6,calibration,Ba3SbI3
verified_only,gkf,6,calibration,Ca3AsBr3
verified_only,gkf,6,calibration,Ca3AsF3
verified_only,gkf,6,calibration,Ca3BiI3
verified_only,gkf,6,calibration,Ca3PBr3
verified_only,gkf,6,calibration,Ca3PCl3
verified_only,gkf,6,calibration,Ca3PF3
verified_only,gkf,6,calibration,Ca3SbBr3
verified_only,gkf,6,calibration,Ca3SbF3
verified_only,gkf,6,calibration,Mg3AsBr3
verified_only,gkf,6,calibration,Mg3BiBr3
verified_only,gkf,6,calibration,Mg3PBr3
verified_only,gkf,6,calibration,Mg3PCl3
verified_only,gkf,6,calibration,Mg3PI3
verified_only,gkf,6,calibration,Mg3SbBr3
verified_only,gkf,6,calibration,Mg3SbCl3
verified_only,gkf,6,calibration,Mg3SbF3
verified_only,gkf,6,calibration,Sr3AsCl3
verified_only,gkf,6,calibration,Sr3PBr3
verified_only,gkf,6,calibration,Sr3PCl3
verified_only,gkf,6,calibration,Sr3PI3
verified_only,gkf,6,calibration,Sr3SbCl3
verified_only,gkf,7,test,Ba3AsI3
verified_only,gkf,7,test,Sr3AsCl3
verified_only,gkf,7,test,Ca3BiI3
verified_only,gkf,7,test,Ca3PCl3
verified_only,gkf,7,test,Mg3PBr3
verified_only,gkf,7,test,Ba3SbI3
verified_only,gkf,7,calibration,Ba3AsCl3
verified_only,gkf,7,calibration,Ba3SbBr3
verified_only,gkf,7,calibration,Ca3AsBr3
verified_only,gkf,7,calibration,Ca3AsF3
verified_only,gkf,7,calibration,Ca3PBr3
verified_only,gkf,7,calibration,Ca3PF3
verified_only,gkf,7,calibration,Ca3PI3
verified_only,gkf,7,calibration,Ca3SbBr3
verified_only,gkf,7,calibration,Ca3SbCl3
verified_only,gkf,7,calibration,Ca3SbF3
verified_only,gkf,7,calibration,Mg3AsBr3
verified_only,gkf,7,calibration,Mg3BiBr3
verified_only,gkf,7,calibration,Mg3BiI3
verified_only,gkf,7,calibration,Mg3PCl3
verified_only,gkf,7,calibration,Mg3PI3
verified_only,gkf,7,calibration,Mg3SbBr3
verified_only,gkf,7,calibration,Mg3SbCl3
verified_only,gkf,7,calibration,Mg3SbF3
verified_only,gkf,7,calibration,Mg3SbI3
verified_only,gkf,7,calibration,Sr3AsI3
verified_only,gkf,7,calibration,Sr3PBr3
verified_only,gkf,7,calibration,Sr3PCl3
verified_only,gkf,7,calibration,Sr3PI3
verified_only,gkf,7,calibration,Sr3SbCl3
verified_only,gkf,7,calibration,Sr3SbI3
verified_only,gkf,8,test,Ca3AsBr3
verified_only,gkf,8,test,Mg3PCl3
verified_only,gkf,8,test,Mg3PI3
verified_only,gkf,8,test,Ba3SbBr3
verified_only,gkf,8,test,Ca3SbBr3
verified_only,gkf,8,test,Mg3SbF3
verified_only,gkf,8,calibration,Ba3AsCl3
verified_only,gkf,8,calibration,Ba3AsI3
verified_only,gkf,8,calibration,Ba3SbI3
verified_only,gkf,8,calibration,Ca3AsF3
verified_only,gkf,8,calibration,Ca3BiI3
verified_only,gkf,8,calibration,Ca3PBr3
verified_only,gkf,8,calibration,Ca3PCl3
verified_only,gkf,8,calibration,Ca3PF3
verified_only,gkf,8,calibration,Ca3PI3
verified_only,gkf,8,calibration,Ca3SbCl3
verified_only,gkf,8,calibration,Ca3SbF3
verified_only,gkf,8,calibration,Mg3AsBr3
verified_only,gkf,8,calibration,Mg3BiBr3
verified_only,gkf,8,calibration,Mg3BiI3
verified_only,gkf,8,calibration,Mg3PBr3
verified_only,gkf,8,calibration,Mg3SbBr3
verified_only,gkf,8,calibration,Mg3SbCl3
verified_only,gkf,8,calibration,Mg3SbI3
verified_only,gkf,8,calibration,Sr3AsCl3
verified_only,gkf,8,calibration,Sr3AsI3
verified_only,gkf,8,calibration,Sr3PBr3
verified_only,gkf,8,calibration,Sr3PCl3
verified_only,gkf,8,calibration,Sr3PI3
verified_only,gkf,8,calibration,Sr3SbCl3
verified_only,gkf,8,calibration,Sr3SbI3
verified_only,gkf,9,test,Mg3AsBr3
verified_only,gkf,9,test,Mg3BiBr3
verified_only,gkf,9,test,Ca3PF3
verified_only,gkf,9,test,Sr3PBr3
verified_only,gkf,9,test,Sr3PCl3
verified_only,gkf,9,test,Sr3SbCl3
verified_only,gkf,9,calibration,Ba3AsCl3
verified_only,gkf,9,calibration,Ba3AsI3
verified_only,gkf,9,calibration,Ba3SbBr3
verified_only,gkf,9,calibration,Ba3SbI3
verified_only,gkf,9,calibration,Ca3AsBr3
verified_only,gkf,9,calibration,Ca3AsF3
verified_only,gkf,9,calibration,Ca3BiI3
verified_only,gkf,9,calibration,Ca3PBr3
verified_only,gkf,9,calibration,Ca3PCl3
verified_only,gkf,9,calibration,Ca3PI3
verified_only,gkf,9,calibration,Ca3SbBr3
verified_only,gkf,9,calibration,Ca3SbCl3
verified_only,gkf,9,calibration,Ca3SbF3
verified_only,gkf,9,calibration,Mg3BiI3
verified_only,gkf,9,calibration,Mg3PBr3
verified_only,gkf,9,calibration,Mg3PCl3
verified_only,gkf,9,calibration,Mg3PI3
verified_only,gkf,9,calibration,Mg3SbBr3
verified_only,gkf,9,calibration,Mg3SbCl3
verified_only,gkf,9,calibration,Mg3SbF3
verified_only,gkf,9,calibration,Mg3SbI3
verified_only,gkf,9,calibration,Sr3AsCl3
verified_only,gkf,9,calibration,Sr3AsI3
verified_only,gkf,9,calibration,Sr3PI3
verified_only,gkf,9,calibration,Sr3SbI3
verified_only,gkf,10,test,Ba3AsCl3
verified_only,gkf,10,test,Ca3AsBr3
verified_only,gkf,10,test,Sr3AsI3
verified_only,gkf,10,test,Ca3PCl3
verified_only,gkf,10,test,Ca3PI3
verified_only,gkf,10,test,Mg3SbBr3
verified_only,gkf,10,test,Sr3SbI3
verified_only,gkf,10,calibration,Ba3AsI3
verified_only,gkf,10,calibration,Ba3SbBr3
verified_only,gkf,10,calibration,Ba3SbI3
verified_only,gkf,10,calibration,Ca3AsF3
verified_only,gkf,10,calibration,Ca3BiI3
verified_only,gkf,10,calibration,Ca3PBr3
verified_only,gkf,10,calibration,Ca3PF3
verified_only,gkf,10,calibration,Ca3SbBr3
verified_only,gkf,10,calibration,Ca3SbCl3
verified_only,gkf,10,calibration,Ca3SbF3
verified_only,gkf,10,calibration,Mg3AsBr3
verified_only,gkf,10,calibration,Mg3BiBr3
verified_only,gkf,10,calibration,Mg3BiI3
verified_only,gkf,10,calibration,Mg3PBr3
verified_only,gkf,10,calibration,Mg3PCl3
verified_only,gkf,10,calibration,Mg3PI3
verified_only,gkf,10,calibration,Mg3SbCl3
verified_only,gkf,10,calibration,Mg3SbF3
verified_only,gkf,10,calibration,Mg3SbI3
verified_only,gkf,10,calibration,Sr3AsCl3
verified_only,gkf,10,calibration,Sr3PBr3
verified_only,gkf,10,calibration,Sr3PCl3
verified_only,gkf,10,calibration,Sr3PI3
verified_only,gkf,10,calibration,Sr3SbCl3
verified_only,gkf,11,test,Sr3AsCl3
verified_only,gkf,11,test,Mg3BiBr3
verified_only,gkf,11,test,Mg3PCl3
verified_only,gkf,11,test,Sr3PBr3
verified_only,gkf,11,test,Mg3SbI3
verified_only,gkf,11,test,Sr3SbCl3
verified_only,gkf,11,calibration,Ba3AsCl3
verified_only,gkf,11,calibration,Ba3AsI3
verified_only,gkf,11,calibration,Ba3SbBr3
verified_only,gkf,11,calibration,Ba3SbI3
verified_only,gkf,11,calibration,Ca3AsBr3
verified_only,gkf,11,calibration,Ca3AsF3
verified_only,gkf,11,calibration,Ca3BiI3
verified_only,gkf,11,calibration,Ca3PBr3
verified_only,gkf,11,calibration,Ca3PCl3
verified_only,gkf,11,calibration,Ca3PF3
verified_only,gkf,11,calibration,Ca3PI3
verified_only,gkf,11,calibration,Ca3SbBr3
verified_only,gkf,11,calibration,Ca3SbCl3
verified_only,gkf,11,calibration,Ca3SbF3
verified_only,gkf,11,calibration,Mg3AsBr3
verified_only,gkf,11,calibration,Mg3BiI3
verified_only,gkf,11,calibration,Mg3PBr3
verified_only,gkf,11,calibration,Mg3PI3
verified_only,gkf,11,calibration,Mg3SbBr3
verified_only,gkf,11,calibration,Mg3SbCl3
verified_only,gkf,11,calibration,Mg3SbF3
verified_only,gkf,11,calibration,Sr3AsI3
verified_only,gkf,11,calibration,Sr3PCl3
verified_only,gkf,11,calibration,Sr3PI3
verified_only,gkf,11,calibration,Sr3SbI3
verified_only,gkf,12,test,Ba3AsI3
verified_only,gkf,12,test,Ca3AsF3
verified_only,gkf,12,test,Ca3PF3
verified_only,gkf,12,test,Mg3PI3
verified_only,gkf,12,test,Ca3SbCl3
verified_only,gkf,12,test,Mg3SbCl3
verified_only,gkf,12,calibration,Ba3AsCl3
verified_only,gkf,12,calibration,Ba3SbBr3
verified_only,gkf,12,calibration,Ba3SbI3
verified_only,gkf,12,calibration,Ca3AsBr3
verified_only,gkf,12,calibration,Ca3BiI3
verified_only,gkf,12,calibration,Ca3PBr3
verified_only,gkf,12,calibration,Ca3PCl3
verified_only,gkf,12,calibration,Ca3PI3
verified_only,gkf,12,calibration,Ca3SbBr3
verified_only,gkf,12,calibration,Ca3SbF3
verified_only,gkf,12,calibration,Mg3AsBr3
verified_only,gkf,12,calibration,Mg3BiBr3
verified_only,gkf,12,calibration,Mg3BiI3
verified_only,gkf,12,calibration,Mg3PBr3
verified_only,gkf,12,calibration,Mg3PCl3
verified_only,gkf,12,calibration,Mg3SbBr3
verified_only,gkf,12,calibration,Mg3SbF3
verified_only,gkf,12,calibration,Mg3SbI3
verified_only,gkf,12,calibration,Sr3AsCl3
verified_only,gkf,12,calibration,Sr3AsI3
verified_only,gkf,12,calibration,Sr3PBr3
verified_only,gkf,12,calibration,Sr3PCl3
verified_only,gkf,12,calibration,Sr3PI3
verified_only,gkf,12,calibration,Sr3SbCl3
verified_only,gkf,12,calibration,Sr3SbI3
verified_only,gkf,13,test,Mg3BiI3
verified_only,gkf,13,test,Mg3PBr3
verified_only,gkf,13,test,Sr3PCl3
verified_only,gkf,13,test,Ba3SbI3
verified_only,gkf,13,test,Ca3SbF3
verified_only,gkf,13,test,Mg3SbF3
verified_only,gkf,13,calibration,Ba3AsCl3
verified_only,gkf,13,calibration,Ba3AsI3
verified_only,gkf,13,calibration,Ba3SbBr3
verified_only,gkf,13,calibration,Ca3AsBr3
verified_only,gkf,13,calibration,Ca3AsF3
verified_only,gkf,13,calibration,Ca3BiI3
verified_only,gkf,13,calibration,Ca3PBr3
verified_only,gkf,13,calibration,Ca3PCl3
verified_only,gkf,13,calibration,Ca3PF3
verified_only,gkf,13,calibration,Ca3PI3
verified_only,gkf,13,calibration,Ca3SbBr3
verified_only,gkf,13,calibration,Ca3SbCl3
verified_only,gkf,13,calibration,Mg3AsBr3
verified_only,gkf,13,calibration,Mg3BiBr3
verified_only,gkf,13,calibration,Mg3PCl3
verified_only,gkf,13,calibration,Mg3PI3
verified_only,gkf,13,calibration,Mg3SbBr3
verified_only,gkf,13,calibration,Mg3SbCl3
verified_only,gkf,13,calibration,Mg3SbI3
verified_only,gkf,13,calibration,Sr3AsCl3
verified_only,gkf,13,calibration,Sr3AsI3
verified_only,gkf,13,calibration,Sr3PBr3
verified_only,gkf,13,calibration,Sr3PI3
verified_only,gkf,13,calibration,Sr3SbCl3
verified_only,gkf,13,calibration,Sr3SbI3
verified_only,gkf,14,test,Mg3AsBr3
verified_only,gkf,14,test,Ca3BiI3
verified_only,gkf,14,test,Ca3PBr3
verified_only,gkf,14,test,Sr3PI3
verified_only,gkf,14,test,Ba3SbBr3
verified_only,gkf,14,test,Ca3SbBr3
verified_only,gkf,14,calibration,Ba3AsCl3
verified_only,gkf,14,calibration,Ba3AsI3
verified_only,gkf,14,calibration,Ba3SbI3
verified_only,gkf,14,calibration,Ca3AsBr3
verified_only,gkf,14,calibration,Ca3AsF3
verified_only,gkf,14,calibration,Ca3PCl3
verified_only,gkf,14,calibration,Ca3PF3
verified_only,gkf,14,calibration,Ca3PI3
verified_only,gkf,14,calibration,Ca3SbCl3
verified_only,gkf,14,calibration,Ca3SbF3
verified_only,gkf,14,calibration,Mg3BiBr3
verified_only,gkf,14,calibration,Mg3BiI3
verified_only,gkf,14,calibration,Mg3PBr3
verified_only,gkf,14,calibration,Mg3PCl3
verified_only,gkf,14,calibration,Mg3PI3
verified_only,gkf,14,calibration,Mg3SbBr3
verified_only,gkf,14,calibration,Mg3SbCl3
verified_only,gkf,14,calibration,Mg3SbF3
verified_only,gkf,14,calibration,Mg3SbI3
verified_only,gkf,14,calibration,Sr3AsCl3
verified_only,gkf,14,calibration,Sr3AsI3
verified_only,gkf,14,calibration,Sr3PBr3
verified_only,gkf,14,calibration,Sr3PCl3
verified_only,gkf,14,calibration,Sr3SbCl3
verified_only,gkf,14,calibration,Sr3SbI3
verified_only,gkf,15,test,Ba3AsI3
verified_only,gkf,15,test,Ca3AsBr3
verified_only,gkf,15,test,Ca3AsF3
verified_only,gkf,15,test,Sr3AsI3
verified_only,gkf,15,test,Ca3PF3
verified_only,gkf,15,test,Mg3PCl3
verified_only,gkf,15,test,Ba3SbI3
verified_only,gkf,15,calibration,Ba3AsCl3
verified_only,gkf,15,calibration,Ba3SbBr3
verified_only,gkf,15,calibration,Ca3BiI3
verified_only,gkf,15,calibration,Ca3PBr3
verified_only,gkf,15,calibration,Ca3PCl3
verified_only,gkf,15,calibration,Ca3PI3
verified_only,gkf,15,calibration,Ca3SbBr3
verified_only,gkf,15,calibration,Ca3SbCl3
verified_only,gkf,15,calibration,Ca3SbF3
verified_only,gkf,15,calibration,Mg3AsBr3
verified_only,gkf,15,calibration,Mg3BiBr3
verified_only,gkf,15,calibration,Mg3BiI3
verified_only,gkf,15,calibration,Mg3PBr3
verified_only,gkf,15,calibration,Mg3PI3
verified_only,gkf,15,calibration,Mg3SbBr3
verified_only,gkf,15,calibration,Mg3SbCl3
verified_only,gkf,15,calibration,Mg3SbF3
verified_only,gkf,15,calibration,Mg3SbI3
verified_only,gkf,15,calibration,Sr3AsCl3
verified_only,gkf,15,calibration,Sr3PBr3
verified_only,gkf,15,calibration,Sr3PCl3
verified_only,gkf,15,calibration,Sr3PI3
verified_only,gkf,15,calibration,Sr3SbCl3
verified_only,gkf,15,calibration,Sr3SbI3
verified_only,gkf,16,test,Mg3BiI3
verified_only,gkf,16,test,Ca3PI3
verified_only,gkf,16,test,Sr3PCl3
verified_only,gkf,16,test,Ba3SbBr3
verified_only,gkf,16,test,Ca3SbF3
verified_only,gkf,16,test,Sr3SbCl3
verified_only,gkf,16,calibration,Ba3AsCl3
verified_only,gkf,16,calibration,Ba3AsI3
verified_only,gkf,16,calibration,Ba3SbI3
verified_only,gkf,16,calibration,Ca3AsBr3
verified_only,gkf,16,calibration,Ca3AsF3
verified_only,gkf,16,calibration,Ca3BiI3
verified_only,gkf,16,calibration,Ca3PBr3
verified_only,gkf,16,calibration,Ca3PCl3
verified_only,gkf,16,calibration,Ca3PF3
verified_only,gkf,16,calibration,Ca3SbBr3
verified_only,gkf,16,calibration,Ca3SbCl3
verified_only,gkf,16,calibration,Mg3AsBr3
verified_only,gkf,16,calibration,Mg3BiBr3
verified_only,gkf,16,calibration,Mg3PBr3
verified_only,gkf,16,calibration,Mg3PCl3
verified_only,gkf,16,calibration,Mg3PI3
verified_only,gkf,16,calibration,Mg3SbBr3
verified_only,gkf,16,calibration,Mg3SbCl3
verified_only,gkf,16,calibration,Mg3SbF3
verified_only,gkf,16,calibration,Mg3SbI3
verified_only,gkf,16,calibration,Sr3AsCl3
verified_only,gkf,16,calibration,Sr3AsI3
verified_only,gkf,16,calibration,Sr3PBr3
verified_only,gkf,16,calibration,Sr3PI3
verified_only,gkf,16,calibration,Sr3SbI3
verified_only,gkf,17,test,Ca3BiI3
verified_only,gkf,17,test,Ca3PBr3
verified_only,gkf,17,test,Mg3PI3
verified_only,gkf,17,test,Ca3SbBr3
verified_only,gkf,17,test,Mg3SbCl3
verified_only,gkf,17,test,Mg3SbF3
verified_only,gkf,17,calibration,Ba3AsCl3
verified_only,gkf,17,calibration,Ba3AsI3
verified_only,gkf,17,calibration,Ba3SbBr3
verified_only,gkf,17,calibration,Ba3SbI3
verified_only,gkf,17,calibration,Ca3AsBr3
verified_only,gkf,17,calibration,Ca3AsF3
verified_only,gkf,17,calibration,Ca3PCl3
verified_only,gkf,17,calibration,Ca3PF3
verified_only,gkf,17,calibration,Ca3PI3
verified_only,gkf,17,calibration,Ca3SbCl3
verified_only,gkf,17,calibration,Ca3SbF3
verified_only,gkf,17,calibration,Mg3AsBr3
verified_only,gkf,17,calibration,Mg3BiBr3
verified_only,gkf,17,calibration,Mg3BiI3
verified_only,gkf,17,calibration,Mg3PBr3
verified_only,gkf,17,calibration,Mg3PCl3
verified_only,gkf,17,calibration,Mg3SbBr3
verified_only,gkf,17,calibration,Mg3SbI3
verified_only,gkf,17,calibration,Sr3AsCl3
verified_only,gkf,17,calibration,Sr3AsI3
verified_only,gkf,17,calibration,Sr3PBr3
verified_only,gkf,17,calibration,Sr3PCl3
verified_only,gkf,17,calibration,Sr3PI3
verified_only,gkf,17,calibration,Sr3SbCl3
verified_only,gkf,17,calibration,Sr3SbI3
verified_only,gkf,18,test,Ba3AsCl3
verified_only,gkf,18,test,Sr3AsCl3
verified_only,gkf,18,test,Ca3PCl3
verified_only,gkf,18,test,Sr3PBr3
verified_only,gkf,18,test,Sr3PI3
verified_only,gkf,18,test,Mg3SbI3
verified_only,gkf,18,calibration,Ba3AsI3
verified_only,gkf,18,calibration,Ba3SbBr3
verified_only,gkf,18,calibration,Ba3SbI3
verified_only,gkf,18,calibration,Ca3AsBr3
verified_only,gkf,18,calibration,Ca3AsF3
verified_only,gkf,18,calibration,Ca3BiI3
verified_only,gkf,18,calibration,Ca3PBr3
verified_only,gkf,18,calibration,Ca3PF3
verified_only,gkf,18,calibration,Ca3PI3
verified_only,gkf,18,calibration,Ca3SbBr3
verified_only,gkf,18,calibration,Ca3SbCl3
verified_only,gkf,18,calibration,Ca3SbF3
verified_only,gkf,18,calibration,Mg3AsBr3
verified_only,gkf,18,calibration,Mg3BiBr3
verified_only,gkf,18,calibration,Mg3BiI3
verified_only,gkf,18,calibration,Mg3PBr3
verified_only,gkf,18,calibration,Mg3PCl3
verified_only,gkf,18,calibration,Mg3PI3
verified_only,gkf,18,calibration,Mg3SbBr3
verified_only,gkf,18,calibration,Mg3SbCl3
verified_only,gkf,18,calibration,Mg3SbF3
verified_only,gkf,18,calibration,Sr3AsI3
verified_only,gkf,18,calibration,Sr3PCl3
verified_only,gkf,18,calibration,Sr3SbCl3
verified_only,gkf,18,calibration,Sr3SbI3
verified_only,gkf,19,test,Mg3AsBr3
verified_only,gkf,19,test,Mg3BiBr3
verified_only,gkf,19,test,Mg3PBr3
verified_only,gkf,19,test,Ca3SbCl3
verified_only,gkf,19,test,Mg3SbBr3
verified_only,gkf,19,test,Sr3SbI3
verified_only,gkf,19,calibration,Ba3AsCl3
verified_only,gkf,19,calibration,Ba3AsI3
verified_only,gkf,19,calibration,Ba3SbBr3
verified_only,gkf,19,calibration,Ba3SbI3
verified_only,gkf,19,calibration,Ca3AsBr3
verified_only,gkf,19,calibration,Ca3AsF3
verified_only,gkf,19,calibration,Ca3BiI3
verified_only,gkf,19,calibration,Ca3PBr3
verified_only,gkf,19,calibration,Ca3PCl3
verified_only,gkf,19,calibration,Ca3PF3
verified_only,gkf,19,calibration,Ca3PI3
verified_only,gkf,19,calibration,Ca3SbBr3
verified_only,gkf,19,calibration,Ca3SbF3
verified_only,gkf,19,calibration,Mg3BiI3
verified_only,gkf,19,calibration,Mg3PCl3
verified_only,gkf,19,calibration,Mg3PI3
verified_only,gkf,19,calibration,Mg3SbCl3
verified_only,gkf,19,calibration,Mg3SbF3
verified_only,gkf,19,calibration,Mg3SbI3
verified_only,gkf,19,calibration,Sr3AsCl3
verified_only,gkf,19,calibration,Sr3AsI3
verified_only,gkf,19,calibration,Sr3PBr3
verified_only,gkf,19,calibration,Sr3PCl3
verified_only,gkf,19,calibration,Sr3PI3
verified_only,gkf,19,calibration,Sr3SbCl3
verified_only,gkf,20,test,Ca3AsF3
verified_only,gkf,20,test,Sr3AsCl3
verified_only,gkf,20,test,Ca3PI3
verified_only,gkf,20,test,Mg3PCl3
verified_only,gkf,20,test,Mg3PI3
verified_only,gkf,20,test,Ba3SbI3
verified_only,gkf,20,test,Ca3SbCl3
verified_only,gkf,20,calibration,Ba3AsCl3
verified_only,gkf,20,calibration,Ba3AsI3
verified_only,gkf,20,calibration,Ba3SbBr3
verified_only,gkf,20,calibration,Ca3AsBr3
verified_only,gkf,20,calibration,Ca3BiI3
verified_only,gkf,20,calibration,Ca3PBr3
verified_only,gkf,20,calibration,Ca3PCl3
verified_only,gkf,20,calibration,Ca3PF3
verified_only,gkf,20,calibration,Ca3SbBr3
verified_only,gkf,20,calibration,Ca3SbF3
verified_only,gkf,20,calibration,Mg3AsBr3
verified_only,gkf,20,calibration,Mg3BiBr3
verified_only,gkf,20,calibration,Mg3BiI3
verified_only,gkf,20,calibration,Mg3PBr3
verified_only,gkf,20,calibration,Mg3SbBr3
verified_only,gkf,20,calibration,Mg3SbCl3
verified_only,gkf,20,calibration,Mg3SbF3
verified_only,gkf,20,calibration,Mg3SbI3
verified_only,gkf,20,calibration,Sr3AsI3
verified_only,gkf,20,calibration,Sr3PBr3
verified_only,gkf,20,calibration,Sr3PCl3
verified_only,gkf,20,calibration,Sr3PI3
verified_only,gkf,20,calibration,Sr3SbCl3
verified_only,gkf,20,calibration,Sr3SbI3
verified_only,gkf,21,test,Mg3AsBr3
verified_only,gkf,21,test,Mg3BiI3
verified_only,gkf,21,test,Ca3PF3
verified_only,gkf,21,test,Sr3PI3
verified_only,gkf,21,test,Mg3SbF3
verified_only,gkf,21,test,Sr3SbCl3
verified_only,gkf,21,calibration,Ba3AsCl3
verified_only,gkf,21,calibration,Ba3AsI3
verified_only,gkf,21,calibration,Ba3SbBr3
verified_only,gkf,21,calibration,Ba3SbI3
verified_only,gkf,21,calibration,Ca3AsBr3
verified_only,gkf,21,calibration,Ca3AsF3
verified_only,gkf,21,calibration,Ca3BiI3
verified_only,gkf,21,calibration,Ca3PBr3
verified_only,gkf,21,calibration,Ca3PCl3
verified_only,gkf,21,calibration,Ca3PI3
verified_only,gkf,21,calibration,Ca3SbBr3
verified_only,gkf,21,calibration,Ca3SbCl3
verified_only,gkf,21,calibration,Ca3SbF3
verified_only,gkf,21,calibration,Mg3BiBr3
verified_only,gkf,21,calibration,Mg3PBr3
verified_only,gkf,21,calibration,Mg3PCl3
verified_only,gkf,21,calibration,Mg3PI3
verified_only,gkf,21,calibration,Mg3SbBr3
verified_only,gkf,21,calibration,Mg3SbCl3
verified_only,gkf,21,calibration,Mg3SbI3
verified_only,gkf,21,calibration,Sr3AsCl3
verified_only,gkf,21,calibration,Sr3AsI3
verified_only,gkf,21,calibration,Sr3PBr3
verified_only,gkf,21,calibration,Sr3PCl3
verified_only,gkf,21,calibration,Sr3SbI3
verified_only,gkf,22,test,Mg3PBr3
verified_only,gkf,22,test,Sr3PBr3
verified_only,gkf,22,test,Ca3SbF3
verified_only,gkf,22,test,Mg3SbBr3
verified_only,gkf,22,test,Mg3SbCl3
verified_only,gkf,22,test,Mg3SbI3
verified_only,gkf,22,calibration,Ba3AsCl3
verified_only,gkf,22,calibration,Ba3AsI3
verified_only,gkf,22,calibration,Ba3SbBr3
verified_only,gkf,22,calibration,Ba3SbI3
verified_only,gkf,22,calibration,Ca3AsBr3
verified_only,gkf,22,calibration,Ca3AsF3
verified_only,gkf,22,calibration,Ca3BiI3
verified_only,gkf,22,calibration,Ca3PBr3
verified_only,gkf,22,calibration,Ca3PCl3
verified_only,gkf,22,calibration,Ca3PF3
verified_only,gkf,22,calibration,Ca3PI3
verified_only,gkf,22,calibration,Ca3SbBr3
verified_only,gkf,22,calibration,Ca3SbCl3
verified_only,gkf,22,calibration,Mg3AsBr3
verified_only,gkf,22,calibration,Mg3BiBr3
verified_only,gkf,22,calibration,Mg3BiI3
verified_only,gkf,22,calibration,Mg3PCl3
verified_only,gkf,22,calibration,Mg3PI3
verified_only,gkf,22,calibration,Mg3SbF3
verified_only,gkf,22,calibration,Sr3AsCl3
verified_only,gkf,22,calibration,Sr3AsI3
verified_only,gkf,22,calibration,Sr3PCl3
verified_only,gkf,22,calibration,Sr3PI3
verified_only,gkf,22,calibration,Sr3SbCl3
verified_only,gkf,22,calibration,Sr3SbI3
verified_only,gkf,23,test,Ba3AsCl3
verified_only,gkf,23,test,Ba3AsI3
verified_only,gkf,23,test,Ca3AsBr3
verified_only,gkf,23,test,Sr3AsI3
verified_only,gkf,23,test,Mg3BiBr3
verified_only,gkf,23,test,Ba3SbBr3
verified_only,gkf,23,calibration,Ba3SbI3
verified_only,gkf,23,calibration,Ca3AsF3
verified_only,gkf,23,calibration,Ca3BiI3
verified_only,gkf,23,calibration,Ca3PBr3
verified_only,gkf,23,calibration,Ca3PCl3
verified_only,gkf,23,calibration,Ca3PF3
verified_only,gkf,23,calibration,Ca3PI3
verified_only,gkf,23,calibration,Ca3SbBr3
verified_only,gkf,23,calibration,Ca3SbCl3
verified_only,gkf,23,calibration,Ca3SbF3
verified_only,gkf,23,calibration,Mg3AsBr3
verified_only,gkf,23,calibration,Mg3BiI3
verified_only,gkf,23,calibration,Mg3PBr3
verified_only,gkf,23,calibration,Mg3PCl3
verified_only,gkf,23,calibration,Mg3PI3
verified_only,gkf,23,calibration,Mg3SbBr3
verified_only,gkf,23,calibration,Mg3SbCl3
verified_only,gkf,23,calibration,Mg3SbF3
verified_only,gkf,23,calibration,Mg3SbI3
verified_only,gkf,23,calibration,Sr3AsCl3
verified_only,gkf,23,calibration,Sr3PBr3
verified_only,gkf,23,calibration,Sr3PCl3
verified_only,gkf,23,calibration,Sr3PI3
verified_only,gkf,23,calibration,Sr3SbCl3
verified_only,gkf,23,calibration,Sr3SbI3
verified_only,gkf,24,test,Ca3BiI3
verified_only,gkf,24,test,Ca3PBr3
verified_only,gkf,24,test,Ca3PCl3
verified_only,gkf,24,test,Sr3PCl3
verified_only,gkf,24,test,Ca3SbBr3
verified_only,gkf,24,test,Sr3SbI3
verified_only,gkf,24,calibration,Ba3AsCl3
verified_only,gkf,24,calibration,Ba3AsI3
verified_only,gkf,24,calibration,Ba3SbBr3
verified_only,gkf,24,calibration,Ba3SbI3
verified_only,gkf,24,calibration,Ca3AsBr3
verified_only,gkf,24,calibration,Ca3AsF3
verified_only,gkf,24,calibration,Ca3PF3
verified_only,gkf,24,calibration,Ca3PI3
verified_only,gkf,24,calibration,Ca3SbCl3
verified_only,gkf,24,calibration,Ca3SbF3
verified_only,gkf,24,calibration,Mg3AsBr3
verified_only,gkf,24,calibration,Mg3BiBr3
verified_only,gkf,24,calibration,Mg3BiI3
verified_only,gkf,24,calibration,Mg3PBr3
verified_only,gkf,24,calibration,Mg3PCl3
verified_only,gkf,24,calibration,Mg3PI3
verified_only,gkf,24,calibration,Mg3SbBr3
verified_only,gkf,24,calibration,Mg3SbCl3
verified_only,gkf,24,calibration,Mg3SbF3
verified_only,gkf,24,calibration,Mg3SbI3
verified_only,gkf,24,calibration,Sr3AsCl3
verified_only,gkf,24,calibration,Sr3AsI3
verified_only,gkf,24,calibration,Sr3PBr3
verified_only,gkf,24,calibration,Sr3PI3
verified_only,gkf,24,calibration,Sr3SbCl3
verified_only,gkf,25,test,Ba3AsCl3
verified_only,gkf,25,test,Sr3AsCl3
verified_only,gkf,25,test,Sr3AsI3
verified_only,gkf,25,test,Ca3PBr3
verified_only,gkf,25,test,Mg3PBr3
verified_only,gkf,25,test,Ca3SbBr3
verified_only,gkf,25,test,Ca3SbF3
verified_only,gkf,25,calibration,Ba3AsI3
verified_only,gkf,25,calibration,Ba3SbBr3
verified_only,gkf,25,calibration,Ba3SbI3
verified_only,gkf,25,calibration,Ca3AsBr3
verified_only,gkf,25,calibration,Ca3AsF3
verified_only,gkf,25,calibration,Ca3BiI3
verified_only,gkf,25,calibration,Ca3PCl3
verified_only,gkf,25,calibration,Ca3PF3
verified_only,gkf,25,calibration,Ca3PI3
verified_only,gkf,25,calibration,Ca3SbCl3
verified_only,gkf,25,calibration,Mg3AsBr3
verified_only,gkf,25,calibration,Mg3BiBr3
verified_only,gkf,25,calibration,Mg3BiI3
verified_only,gkf,25,calibration,Mg3PCl3
verified_only,gkf,25,calibration,Mg3PI3
verified_only,gkf,25,calibration,Mg3SbBr3
verified_only,gkf,25,calibration,Mg3SbCl3
verified_only,gkf,25,calibration,Mg3SbF3
verified_only,gkf,25,calibration,Mg3SbI3
verified_only,gkf,25,calibration,Sr3PBr3
verified_only,gkf,25,calibration,Sr3PCl3
verified_only,gkf,25,calibration,Sr3PI3
verified_only,gkf,25,calibration,Sr3SbCl3
verified_only,gkf,25,calibration,Sr3SbI3
verified_only,gkf,26,test,Ba3AsI3
verified_only,gkf,26,test,Ca3AsF3
verified_only,gkf,26,test,Ca3PCl3
verified_only,gkf,26,test,Ba3SbBr3
verified_only,gkf,26,test,Mg3SbF3
verified_only,gkf,26,test,Sr3SbI3
verified_only,gkf,26,calibration,Ba3AsCl3
verified_only,gkf,26,calibration,Ba3SbI3
verified_only,gkf,26,calibration,Ca3AsBr3
verified_only,gkf,26,calibration,Ca3BiI3
verified_only,gkf,26,calibration,Ca3PBr3
verified_only,gkf,26,calibration,Ca3PF3
verified_only,gkf,26,calibration,Ca3PI3
verified_only,gkf,26,calibration,Ca3SbBr3
verified_only,gkf,26,calibration,Ca3SbCl3
verified_only,gkf,26,calibration,Ca3SbF3
verified_only,gkf,26,calibration,Mg3AsBr3
verified_only,gkf,26,calibration,Mg3BiBr3
verified_only,gkf,26,calibration,Mg3BiI3
verified_only,gkf,26,calibration,Mg3PBr3
verified_only,gkf,26,calibration,Mg3PCl3
verified_only,gkf,26,calibration,Mg3PI3
verified_only,gkf,26,calibration,Mg3SbBr3
verified_only,gkf,26,calibration,Mg3SbCl3
verified_only,gkf,26,calibration,Mg3SbI3
verified_only,gkf,26,calibration,Sr3AsCl3
verified_only,gkf,26,calibration,Sr3AsI3
verified_only,gkf,26,calibration,Sr3PBr3
verified_only,gkf,26,calibration,Sr3PCl3
verified_only,gkf,26,calibration,Sr3PI3
verified_only,gkf,26,calibration,Sr3SbCl3
verified_only,gkf,27,test,Mg3BiBr3
verified_only,gkf,27,test,Ca3PI3
verified_only,gkf,27,test,Mg3SbBr3
verified_only,gkf,27,test,Mg3SbCl3
verified_only,gkf,27,test,Mg3SbI3
verified_only,gkf,27,test,Sr3SbCl3
verified_only,gkf,27,calibration,Ba3AsCl3
verified_only,gkf,27,calibration,Ba3AsI3
verified_only,gkf,27,calibration,Ba3SbBr3
verified_only,gkf,27,calibration,Ba3SbI3
verified_only,gkf,27,calibration,Ca3AsBr3
verified_only,gkf,27,calibration,Ca3AsF3
verified_only,gkf,27,calibration,Ca3BiI3
verified_only,gkf,27,calibration,Ca3PBr3
verified_only,gkf,27,calibration,Ca3PCl3
verified_only,gkf,27,calibration,Ca3PF3
verified_only,gkf,27,calibration,Ca3SbBr3
verified_only,gkf,27,calibration,Ca3SbCl3
verified_only,gkf,27,calibration,Ca3SbF3
verified_only,gkf,27,calibration,Mg3AsBr3
verified_only,gkf,27,calibration,Mg3BiI3
verified_only,gkf,27,calibration,Mg3PBr3
verified_only,gkf,27,calibration,Mg3PCl3
verified_only,gkf,27,calibration,Mg3PI3
verified_only,gkf,27,calibration,Mg3SbF3
verified_only,gkf,27,calibration,Sr3AsCl3
verified_only,gkf,27,calibration,Sr3AsI3
verified_only,gkf,27,calibration,Sr3PBr3
verified_only,gkf,27,calibration,Sr3PCl3
verified_only,gkf,27,calibration,Sr3PI3
verified_only,gkf,27,calibration,Sr3SbI3
verified_only,gkf,28,test,Ca3AsBr3
verified_only,gkf,28,test,Mg3AsBr3
verified_only,gkf,28,test,Mg3PI3
verified_only,gkf,28,test,Sr3PBr3
verified_only,gkf,28,test,Sr3PI3
verified_only,gkf,28,test,Ba3SbI3
verified_only,gkf,28,calibration,Ba3AsCl3
verified_only,gkf,28,calibration,Ba3AsI3
verified_only,gkf,28,calibration,Ba3SbBr3
verified_only,gkf,28,calibration,Ca3AsF3
verified_only,gkf,28,calibration,Ca3BiI3
verified_only,gkf,28,calibration,Ca3PBr3
verified_only,gkf,28,calibration,Ca3PCl3
verified_only,gkf,28,calibration,Ca3PF3
verified_only,gkf,28,calibration,Ca3PI3
verified_only,gkf,28,calibration,Ca3SbBr3
verified_only,gkf,28,calibration,Ca3SbCl3
verified_only,gkf,28,calibration,Ca3SbF3
verified_only,gkf,28,calibration,Mg3BiBr3
verified_only,gkf,28,calibration,Mg3BiI3
verified_only,gkf,28,calibration,Mg3PBr3
verified_only,gkf,28,calibration,Mg3PCl3
verified_only,gkf,28,calibration,Mg3SbBr3
verified_only,gkf,28,calibration,Mg3SbCl3
verified_only,gkf,28,calibration,Mg3SbF3
verified_only,gkf,28,calibration,Mg3SbI3
verified_only,gkf,28,calibration,Sr3AsCl3
verified_only,gkf,28,calibration,Sr3AsI3
verified_only,gkf,28,calibration,Sr3PCl3
verified_only,gkf,28,calibration,Sr3SbCl3
verified_only,gkf,28,calibration,Sr3SbI3
verified_only,gkf,29,test,Ca3BiI3
verified_only,gkf,29,test,Mg3BiI3
verified_only,gkf,29,test,Ca3PF3
verified_only,gkf,29,test,Mg3PCl3
verified_only,gkf,29,test,Sr3PCl3
verified_only,gkf,29,test,Ca3SbCl3
verified_only,gkf,29,calibration,Ba3AsCl3
verified_only,gkf,29,calibration,Ba3AsI3
verified_only,gkf,29,calibration,Ba3SbBr3
verified_only,gkf,29,calibration,Ba3SbI3
verified_only,gkf,29,calibration,Ca3AsBr3
verified_only,gkf,29,calibration,Ca3AsF3
verified_only,gkf,29,calibration,Ca3PBr3
verified_only,gkf,29,calibration,Ca3PCl3
verified_only,gkf,29,calibration,Ca3PI3
verified_only,gkf,29,calibration,Ca3SbBr3
verified_only,gkf,29,calibration,Ca3SbF3
verified_only,gkf,29,calibration,Mg3AsBr3
verified_only,gkf,29,calibration,Mg3BiBr3
verified_only,gkf,29,calibration,Mg3PBr3
verified_only,gkf,29,calibration,Mg3PI3
verified_only,gkf,29,calibration,Mg3SbBr3
verified_only,gkf,29,calibration,Mg3SbCl3
verified_only,gkf,29,calibration,Mg3SbF3
verified_only,gkf,29,calibration,Mg3SbI3
verified_only,gkf,29,calibration,Sr3AsCl3
verified_only,gkf,29,calibration,Sr3AsI3
verified_only,gkf,29,calibration,Sr3PBr3
verified_only,gkf,29,calibration,Sr3PI3
verified_only,gkf,29,calibration,Sr3SbCl3
verified_only,gkf,29,calibration,Sr3SbI3
verified_only,gkf,30,test,Ba3AsI3
verified_only,gkf,30,test,Mg3AsBr3
verified_only,gkf,30,test,Mg3BiBr3
verified_only,gkf,30,test,Mg3PBr3
verified_only,gkf,30,test,Ba3SbI3
verified_only,gkf,30,test,Ca3SbBr3
verified_only,gkf,30,test,Mg3SbCl3
verified_only,gkf,30,calibration,Ba3AsCl3
verified_only,gkf,30,calibration,Ba3SbBr3
verified_only,gkf,30,calibration,Ca3AsBr3
verified_only,gkf,30,calibration,Ca3AsF3
verified_only,gkf,30,calibration,Ca3BiI3
verified_only,gkf,30,calibration,Ca3PBr3
verified_only,gkf,30,calibration,Ca3PCl3
verified_only,gkf,30,calibration,Ca3PF3
verified_only,gkf,30,calibration,Ca3PI3
verified_only,gkf,30,calibration,Ca3SbCl3
verified_only,gkf,30,calibration,Ca3SbF3
verified_only,gkf,30,calibration,Mg3BiI3
verified_only,gkf,30,calibration,Mg3PCl3
verified_only,gkf,30,calibration,Mg3PI3
verified_only,gkf,30,calibration,Mg3SbBr3
verified_only,gkf,30,calibration,Mg3SbF3
verified_only,gkf,30,calibration,Mg3SbI3
verified_only,gkf,30,calibration,Sr3AsCl3
verified_only,gkf,30,calibration,Sr3AsI3
verified_only,gkf,30,calibration,Sr3PBr3
verified_only,gkf,30,calibration,Sr3PCl3
verified_only,gkf,30,calibration,Sr3PI3
verified_only,gkf,30,calibration,Sr3SbCl3
verified_only,gkf,30,calibration,Sr3SbI3
verified_only,gkf,31,test,Ca3AsBr3
verified_only,gkf,31,test,Mg3BiI3
verified_only,gkf,31,test,Ca3PF3
verified_only,gkf,31,test,Mg3PCl3
verified_only,gkf,31,test,Sr3PI3
verified_only,gkf,31,test,Mg3SbI3
verified_only,gkf,31,calibration,Ba3AsCl3
verified_only,gkf,31,calibration,Ba3AsI3
verified_only,gkf,31,calibration,Ba3SbBr3
verified_only,gkf,31,calibration,Ba3SbI3
verified_only,gkf,31,calibration,Ca3AsF3
verified_only,gkf,31,calibration,Ca3BiI3
verified_only,gkf,31,calibration,Ca3PBr3
verified_only,gkf,31,calibration,Ca3PCl3
verified_only,gkf,31,calibration,Ca3PI3
verified_only,gkf,31,calibration,Ca3SbBr3
verified_only,gkf,31,calibration,Ca3SbCl3
verified_only,gkf,31,calibration,Ca3SbF3
verified_only,gkf,31,calibration,Mg3AsBr3
verified_only,gkf,31,calibration,Mg3BiBr3
verified_only,gkf,31,calibration,Mg3PBr3
verified_only,gkf,31,calibration,Mg3PI3
verified_only,gkf,31,calibration,Mg3SbBr3
verified_only,gkf,31,calibration,Mg3SbCl3
verified_only,gkf,31,calibration,Mg3SbF3
verified_only,gkf,31,calibration,Sr3AsCl3
verified_only,gkf,31,calibration,Sr3AsI3
verified_only,gkf,31,calibration,Sr3PBr3
verified_only,gkf,31,calibration,Sr3PCl3
verified_only,gkf,31,calibration,Sr3SbCl3
verified_only,gkf,31,calibration,Sr3SbI3
verified_only,gkf,32,test,Ca3AsF3
verified_only,gkf,32,test,Ca3PBr3
verified_only,gkf,32,test,Ca3SbF3
verified_only,gkf,32,test,Mg3SbBr3
verified_only,gkf,32,test,Sr3SbCl3
verified_only,gkf,32,test,Sr3SbI3
verified_only,gkf,32,calibration,Ba3AsCl3
verified_only,gkf,32,calibration,Ba3AsI3
verified_only,gkf,32,calibration,Ba3SbBr3
verified_only,gkf,32,calibration,Ba3SbI3
verified_only,gkf,32,calibration,Ca3AsBr3
verified_only,gkf,32,calibration,Ca3BiI3
verified_only,gkf,32,calibration,Ca3PCl3
verified_only,gkf,32,calibration,Ca3PF3
verified_only,gkf,32,calibration,Ca3PI3
verified_only,gkf,32,calibration,Ca3SbBr3
verified_only,gkf,32,calibration,Ca3SbCl3
verified_only,gkf,32,calibration,Mg3AsBr3
verified_only,gkf,32,calibration,Mg3BiBr3
verified_only,gkf,32,calibration,Mg3BiI3
verified_only,gkf,32,calibration,Mg3PBr3
verified_only,gkf,32,calibration,Mg3PCl3
verified_only,gkf,32,calibration,Mg3PI3
verified_only,gkf,32,calibration,Mg3SbCl3
verified_only,gkf,32,calibration,Mg3SbF3
verified_only,gkf,32,calibration,Mg3SbI3
verified_only,gkf,32,calibration,Sr3AsCl3
verified_only,gkf,32,calibration,Sr3AsI3
verified_only,gkf,32,calibration,Sr3PBr3
verified_only,gkf,32,calibration,Sr3PCl3
verified_only,gkf,32,calibration,Sr3PI3
verified_only,gkf,33,test,Ba3AsCl3
verified_only,gkf,33,test,Ca3PCl3
verified_only,gkf,33,test,Mg3PI3
verified_only,gkf,33,test,Sr3PBr3
verified_only,gkf,33,test,Ba3SbBr3
verified_only,gkf,33,test,Ca3SbCl3
verified_only,gkf,33,calibration,Ba3AsI3
verified_only,gkf,33,calibration,Ba3SbI3
verified_only,gkf,33,calibration,Ca3AsBr3
verified_only,gkf,33,calibration,Ca3AsF3
verified_only,gkf,33,calibration,Ca3BiI3
verified_only,gkf,33,calibration,Ca3PBr3
verified_only,gkf,33,calibration,Ca3PF3
verified_only,gkf,33,calibration,Ca3PI3
verified_only,gkf,33,calibration,Ca3SbBr3
verified_only,gkf,33,calibration,Ca3SbF3
verified_only,gkf,33,calibration,Mg3AsBr3
verified_only,gkf,33,calibration,Mg3BiBr3
verified_only,gkf,33,calibration,Mg3BiI3
verified_only,gkf,33,calibration,Mg3PBr3
verified_only,gkf,33,calibration,Mg3PCl3
verified_only,gkf,33,calibration,Mg3SbBr3
verified_only,gkf,33,calibration,Mg3SbCl3
verified_only,gkf,33,calibration,Mg3SbF3
verified_only,gkf,33,calibration,Mg3SbI3
verified_only,gkf,33,calibration,Sr3AsCl3
verified_only,gkf,33,calibration,Sr3AsI3
verified_only,gkf,33,calibration,Sr3PCl3
verified_only,gkf,33,calibration,Sr3PI3
verified_only,gkf,33,calibration,Sr3SbCl3
verified_only,gkf,33,calibration,Sr3SbI3
verified_only,gkf,34,test,Sr3AsCl3
verified_only,gkf,34,test,Sr3AsI3
verified_only,gkf,34,test,Ca3BiI3
verified_only,gkf,34,test,Ca3PI3
verified_only,gkf,34,test,Sr3PCl3
verified_only,gkf,34,test,Mg3SbF3
verified_only,gkf,34,calibration,Ba3AsCl3
verified_only,gkf,34,calibration,Ba3AsI3
verified_only,gkf,34,calibration,Ba3SbBr3
verified_only,gkf,34,calibration,Ba3SbI3
verified_only,gkf,34,calibration,Ca3AsBr3
verified_only,gkf,34,calibration,Ca3AsF3
verified_only,gkf,34,calibration,Ca3PBr3
verified_only,gkf,34,calibration,Ca3PCl3
verified_only,gkf,34,calibration,Ca3PF3
verified_only,gkf,34,calibration,Ca3SbBr3
verified_only,gkf,34,calibration,Ca3SbCl3
verified_only,gkf,34,calibration,Ca3SbF3
verified_only,gkf,34,calibration,Mg3AsBr3
verified_only,gkf,34,calibration,Mg3BiBr3
verified_only,gkf,34,calibration,Mg3BiI3
verified_only,gkf,34,calibration,Mg3PBr3
verified_only,gkf,34,calibration,Mg3PCl3
verified_only,gkf,34,calibration,Mg3PI3
verified_only,gkf,34,calibration,Mg3SbBr3
verified_only,gkf,34,calibration,Mg3SbCl3
verified_only,gkf,34,calibration,Mg3SbI3
verified_only,gkf,34,calibration,Sr3PBr3
verified_only,gkf,34,calibration,Sr3PI3
verified_only,gkf,34,calibration,Sr3SbCl3
verified_only,gkf,34,calibration,Sr3SbI3
verified_only,gkf,35,test,Ca3PCl3
verified_only,gkf,35,test,Ca3PI3
verified_only,gkf,35,test,Sr3PBr3
verified_only,gkf,35,test,Sr3PCl3
verified_only,gkf,35,test,Ba3SbI3
verified_only,gkf,35,test,Ca3SbCl3
verified_only,gkf,35,test,Ca3SbF3
verified_only,gkf,35,calibration,Ba3AsCl3
verified_only,gkf,35,calibration,Ba3AsI3
verified_only,gkf,35,calibration,Ba3SbBr3
verified_only,gkf,35,calibration,Ca3AsBr3
verified_only,gkf,35,calibration,Ca3AsF3
verified_only,gkf,35,calibration,Ca3BiI3
verified_only,gkf,35,calibration,Ca3PBr3
verified_only,gkf,35,calibration,Ca3PF3
verified_only,gkf,35,calibration,Ca3SbBr3
verified_only,gkf,35,calibration,Mg3AsBr3
verified_only,gkf,35,calibration,Mg3BiBr3
verified_only,gkf,35,calibration,Mg3BiI3
verified_only,gkf,35,calibration,Mg3PBr3
verified_only,gkf,35,calibration,Mg3PCl3
verified_only,gkf,35,calibration,Mg3PI3
verified_only,gkf,35,calibration,Mg3SbBr3
verified_only,gkf,35,calibration,Mg3SbCl3
verified_only,gkf,35,calibration,Mg3SbF3
verified_only,gkf,35,calibration,Mg3SbI3
verified_only,gkf,35,calibration,Sr3AsCl3
verified_only,gkf,35,calibration,Sr3AsI3
verified_only,gkf,35,calibration,Sr3PI3
verified_only,gkf,35,calibration,Sr3SbCl3
verified_only,gkf,35,calibration,Sr3SbI3
verified_only,gkf,36,test,Ca3AsF3
verified_only,gkf,36,test,Sr3AsCl3
verified_only,gkf,36,test,Ca3PBr3
verified_only,gkf,36,test,Ca3PF3
verified_only,gkf,36,test,Mg3PBr3
verified_only,gkf,36,test,Sr3PI3
verified_only,gkf,36,calibration,Ba3AsCl3
verified_only,gkf,36,calibration,Ba3AsI3
verified_only,gkf,36,calibration,Ba3SbBr3
verified_only,gkf,36,calibration,Ba3SbI3
verified_only,gkf,36,calibration,Ca3AsBr3
verified_only,gkf,36,calibration,Ca3BiI3
verified_only,gkf,36,calibration,Ca3PCl3
verified_only,gkf,36,calibration,Ca3PI3
verified_only,gkf,36,calibration,Ca3SbBr3
verified_only,gkf,36,calibration,Ca3SbCl3
verified_only,gkf,36,calibration,Ca3SbF3
verified_only,gkf,36,calibration,Mg3AsBr3
verified_only,gkf,36,calibration,Mg3BiBr3
verified_only,gkf,36,calibration,Mg3BiI3
verified_only,gkf,36,calibration,Mg3PCl3
verified_only,gkf,36,calibration,Mg3PI3
verified_only,gkf,36,calibration,Mg3SbBr3
verified_only,gkf,36,calibration,Mg3SbCl3
verified_only,gkf,36,calibration,Mg3SbF3
verified_only,gkf,36,calibration,Mg3SbI3
verified_only,gkf,36,calibration,Sr3AsI3
verified_only,gkf,36,calibration,Sr3PBr3
verified_only,gkf,36,calibration,Sr3PCl3
verified_only,gkf,36,calibration,Sr3SbCl3
verified_only,gkf,36,calibration,Sr3SbI3
verified_only,gkf,37,test,Ba3AsCl3
verified_only,gkf,37,test,Mg3AsBr3
verified_only,gkf,37,test,Mg3BiBr3
verified_only,gkf,37,test,Mg3PCl3
verified_only,gkf,37,test,Mg3SbF3
verified_only,gkf,37,test,Sr3SbCl3
verified_only,gkf,37,calibration,Ba3AsI3
verified_only,gkf,37,calibration,Ba3SbBr3
verified_only,gkf,37,calibration,Ba3SbI3
verified_only,gkf,37,calibration,Ca3AsBr3
verified_only,gkf,37,calibration,Ca3AsF3
verified_only,gkf,37,calibration,Ca3BiI3
verified_only,gkf,37,calibration,Ca3PBr3
verified_only,gkf,37,calibration,Ca3PCl3
verified_only,gkf,37,calibration,Ca3PF3
verified_only,gkf,37,calibration,Ca3PI3
verified_only,gkf,37,calibration,Ca3SbBr3
verified_only,gkf,37,calibration,Ca3SbCl3
verified_only,gkf,37,calibration,Ca3SbF3
verified_only,gkf,37,calibration,Mg3BiI3
verified_only,gkf,37,calibration,Mg3PBr3
verified_only,gkf,37,calibration,Mg3PI3
verified_only,gkf,37,calibration,Mg3SbBr3
verified_only,gkf,37,calibration,Mg3SbCl3
verified_only,gkf,37,calibration,Mg3SbI3
verified_only,gkf,37,calibration,Sr3AsCl3
verified_only,gkf,37,calibration,Sr3AsI3
verified_only,gkf,37,calibration,Sr3PBr3
verified_only,gkf,37,calibration,Sr3PCl3
verified_only,gkf,37,calibration,Sr3PI3
verified_only,gkf,37,calibration,Sr3SbI3
verified_only,gkf,38,test,Ca3AsBr3
verified_only,gkf,38,test,Ba3SbBr3
verified_only,gkf,38,test,Mg3SbBr3
verified_only,gkf,38,test,Mg3SbCl3
verified_only,gkf,38,test,Mg3SbI3
verified_only,gkf,38,test,Sr3SbI3
verified_only,gkf,38,calibration,Ba3AsCl3
verified_only,gkf,38,calibration,Ba3AsI3
verified_only,gkf,38,calibration,Ba3SbI3
verified_only,gkf,38,calibration,Ca3AsF3
verified_only,gkf,38,calibration,Ca3BiI3
verified_only,gkf,38,calibration,Ca3PBr3
verified_only,gkf,38,calibration,Ca3PCl3
verified_only,gkf,38,calibration,Ca3PF3
verified_only,gkf,38,calibration,Ca3PI3
verified_only,gkf,38,calibration,Ca3SbBr3
verified_only,gkf,38,calibration,Ca3SbCl3
verified_only,gkf,38,calibration,Ca3SbF3
verified_only,gkf,38,calibration,Mg3AsBr3
verified_only,gkf,38,calibration,Mg3BiBr3
verified_only,gkf,38,calibration,Mg3BiI3
verified_only,gkf,38,calibration,Mg3PBr3
verified_only,gkf,38,calibration,Mg3PCl3
verified_only,gkf,38,calibration,Mg3PI3
verified_only,gkf,38,calibration,Mg3SbF3
verified_only,gkf,38,calibration,Sr3AsCl3
verified_only,gkf,38,calibration,Sr3AsI3
verified_only,gkf,38,calibration,Sr3PBr3
verified_only,gkf,38,calibration,Sr3PCl3
verified_only,gkf,38,calibration,Sr3PI3
verified_only,gkf,38,calibration,Sr3SbCl3
verified_only,gkf,39,test,Ba3AsI3
verified_only,gkf,39,test,Sr3AsI3
verified_only,gkf,39,test,Ca3BiI3
verified_only,gkf,39,test,Mg3BiI3
verified_only,gkf,39,test,Mg3PI3
verified_only,gkf,39,test,Ca3SbBr3
verified_only,gkf,39,calibration,Ba3AsCl3
verified_only,gkf,39,calibration,Ba3SbBr3
verified_only,gkf,39,calibration,Ba3SbI3
verified_only,gkf,39,calibration,Ca3AsBr3
verified_only,gkf,39,calibration,Ca3AsF3
verified_only,gkf,39,calibration,Ca3PBr3
verified_only,gkf,39,calibration,Ca3PCl3
verified_only,gkf,39,calibration,Ca3PF3
verified_only,gkf,39,calibration,Ca3PI3
verified_only,gkf,39,calibration,Ca3SbCl3
verified_only,gkf,39,calibration,Ca3SbF3
verified_only,gkf,39,calibration,Mg3AsBr3
verified_only,gkf,39,calibration,Mg3BiBr3
verified_only,gkf,39,calibration,Mg3PBr3
verified_only,gkf,39,calibration,Mg3PCl3
verified_only,gkf,39,calibration,Mg3SbBr3
verified_only,gkf,39,calibration,Mg3SbCl3
verified_only,gkf,39,calibration,Mg3SbF3
verified_only,gkf,39,calibration,Mg3SbI3
verified_only,gkf,39,calibration,Sr3AsCl3
verified_only,gkf,39,calibration,Sr3PBr3
verified_only,gkf,39,calibration,Sr3PCl3
verified_only,gkf,39,calibration,Sr3PI3
verified_only,gkf,39,calibration,Sr3SbCl3
verified_only,gkf,39,calibration,Sr3SbI3
verified_only,gkf,40,test,Sr3AsI3
verified_only,gkf,40,test,Mg3BiI3
verified_only,gkf,40,test,Ca3PBr3
verified_only,gkf,40,test,Mg3PBr3
verified_only,gkf,40,test,Mg3PCl3
verified_only,gkf,40,test,Sr3PBr3
verified_only,gkf,40,test,Sr3PCl3
verified_only,gkf,40,calibration,Ba3AsCl3
verified_only,gkf,40,calibration,Ba3AsI3
verified_only,gkf,40,calibration,Ba3SbBr3
verified_only,gkf,40,calibration,Ba3SbI3
verified_only,gkf,40,calibration,Ca3AsBr3
verified_only,gkf,40,calibration,Ca3AsF3
verified_only,gkf,40,calibration,Ca3BiI3
verified_only,gkf,40,calibration,Ca3PCl3
verified_only,gkf,40,calibration,Ca3PF3
verified_only,gkf,40,calibration,Ca3PI3
verified_only,gkf,40,calibration,Ca3SbBr3
verified_only,gkf,40,calibration,Ca3SbCl3
verified_only,gkf,40,calibration,Ca3SbF3
verified_only,gkf,40,calibration,Mg3AsBr3
verified_only,gkf,40,calibration,Mg3BiBr3
verified_only,gkf,40,calibration,Mg3PI3
verified_only,gkf,40,calibration,Mg3SbBr3
verified_only,gkf,40,calibration,Mg3SbCl3
verified_only,gkf,40,calibration,Mg3SbF3
verified_only,gkf,40,calibration,Mg3SbI3
verified_only,gkf,40,calibration,Sr3AsCl3
verified_only,gkf,40,calibration,Sr3PI3
verified_only,gkf,40,calibration,Sr3SbCl3
verified_only,gkf,40,calibration,Sr3SbI3
verified_only,gkf,41,test,Mg3AsBr3
verified_only,gkf,41,test,Ca3BiI3
verified_only,gkf,41,test,Ca3PF3
verified_only,gkf,41,test,Ca3SbBr3
verified_only,gkf,41,test,Ca3SbF3
verified_only,gkf,41,test,Mg3SbF3
verified_only,gkf,41,calibration,Ba3AsCl3
verified_only,gkf,41,calibration,Ba3AsI3
verified_only,gkf,41,calibration,Ba3SbBr3
verified_only,gkf,41,calibration,Ba3SbI3
verified_only,gkf,41,calibration,Ca3AsBr3
verified_only,gkf,41,calibration,Ca3AsF3
verified_only,gkf,41,calibration,Ca3PBr3
verified_only,gkf,41,calibration,Ca3PCl3
verified_only,gkf,41,calibration,Ca3PI3
verified_only,gkf,41,calibration,Ca3SbCl3
verified_only,gkf,41,calibration,Mg3BiBr3
verified_only,gkf,41,calibration,Mg3BiI3
verified_only,gkf,41,calibration,Mg3PBr3
verified_only,gkf,41,calibration,Mg3PCl3
verified_only,gkf,41,calibration,Mg3PI3
verified_only,gkf,41,calibration,Mg3SbBr3
verified_only,gkf,41,calibration,Mg3SbCl3
verified_only,gkf,41,calibration,Mg3SbI3
verified_only,gkf,41,calibration,Sr3AsCl3
verified_only,gkf,41,calibration,Sr3AsI3
verified_only,gkf,41,calibration,Sr3PBr3
verified_only,gkf,41,calibration,Sr3PCl3
verified_only,gkf,41,calibration,Sr3PI3
verified_only,gkf,41,calibration,Sr3SbCl3
verified_only,gkf,41,calibration,Sr3SbI3
verified_only,gkf,42,test,Sr3AsCl3
verified_only,gkf,42,test,Ca3PCl3
verified_only,gkf,42,test,Ba3SbBr3
verified_only,gkf,42,test,Ba3SbI3
verified_only,gkf,42,test,Ca3SbCl3
verified_only,gkf,42,test,Mg3SbBr3
verified_only,gkf,42,calibration,Ba3AsCl3
verified_only,gkf,42,calibration,Ba3AsI3
verified_only,gkf,42,calibration,Ca3AsBr3
verified_only,gkf,42,calibration,Ca3AsF3
verified_only,gkf,42,calibration,Ca3BiI3
verified_only,gkf,42,calibration,Ca3PBr3
verified_only,gkf,42,calibration,Ca3PF3
verified_only,gkf,42,calibration,Ca3PI3
verified_only,gkf,42,calibration,Ca3SbBr3
verified_only,gkf,42,calibration,Ca3SbF3
verified_only,gkf,42,calibration,Mg3AsBr3
verified_only,gkf,42,calibration,Mg3BiBr3
verified_only,gkf,42,calibration,Mg3BiI3
verified_only,gkf,42,calibration,Mg3PBr3
verified_only,gkf,42,calibration,Mg3PCl3
verified_only,gkf,42,calibration,Mg3PI3
verified_only,gkf,42,calibration,Mg3SbCl3
verified_only,gkf,42,calibration,Mg3SbF3
verified_only,gkf,42,calibration,Mg3SbI3
verified_only,gkf,42,calibration,Sr3AsI3
verified_only,gkf,42,calibration,Sr3PBr3
verified_only,gkf,42,calibration,Sr3PCl3
verified_only,gkf,42,calibration,Sr3PI3
verified_only,gkf,42,calibration,Sr3SbCl3
verified_only,gkf,42,calibration,Sr3SbI3
verified_only,gkf,43,test,Ba3AsCl3
verified_only,gkf,43,test,Mg3BiBr3
verified_only,gkf,43,test,Ca3PI3
verified_only,gkf,43,test,Sr3PI3
verified_only,gkf,43,test,Mg3SbCl3
verified_only,gkf,43,test,Sr3SbCl3
verified_only,gkf,43,calibration,Ba3AsI3
verified_only,gkf,43,calibration,Ba3SbBr3
verified_only,gkf,43,calibration,Ba3SbI3
verified_only,gkf,43,calibration,Ca3AsBr3
verified_only,gkf,43,calibration,Ca3AsF3
verified_only,gkf,43,calibration,Ca3BiI3
verified_only,gkf,43,calibration,Ca3PBr3
verified_only,gkf,43,calibration,Ca3PCl3
verified_only,gkf,43,calibration,Ca3PF3
verified_only,gkf,43,calibration,Ca3SbBr3
verified_only,gkf,43,calibration,Ca3SbCl3
verified_only,gkf,43,calibration,Ca3SbF3
verified_only,gkf,43,calibration,Mg3AsBr3
verified_only,gkf,43,calibration,Mg3BiI3
verified_only,gkf,43,calibration,Mg3PBr3
verified_only,gkf,43,calibration,Mg3PCl3
verified_only,gkf,43,calibration,Mg3PI3
verified_only,gkf,43,calibration,Mg3SbBr3
verified_only,gkf,43,calibration,Mg3SbF3
verified_only,gkf,43,calibration,Mg3SbI3
verified_only,gkf,43,calibration,Sr3AsCl3
verified_only,gkf,43,calibration,Sr3AsI3
verified_only,gkf,43,calibration,Sr3PBr3
verified_only,gkf,43,calibration,Sr3PCl3
verified_only,gkf,43,calibration,Sr3SbI3
verified_only,gkf,44,test,Ba3AsI3
verified_only,gkf,44,test,Ca3AsBr3
verified_only,gkf,44,test,Ca3AsF3
verified_only,gkf,44,test,Mg3PI3
verified_only,gkf,44,test,Mg3SbI3
verified_only,gkf,44,test,Sr3SbI3
verified_only,gkf,44,calibration,Ba3AsCl3
verified_only,gkf,44,calibration,Ba3SbBr3
verified_only,gkf,44,calibration,Ba3SbI3
verified_only,gkf,44,calibration,Ca3BiI3
verified_only,gkf,44,calibration,Ca3PBr3
verified_only,gkf,44,calibration,Ca3PCl3
verified_only,gkf,44,calibration,Ca3PF3
verified_only,gkf,44,calibration,Ca3PI3
verified_only,gkf,44,calibration,Ca3SbBr3
verified_only,gkf,44,calibration,Ca3SbCl3
verified_only,gkf,44,calibration,Ca3SbF3
verified_only,gkf,44,calibration,Mg3AsBr3
verified_only,gkf,44,calibration,Mg3BiBr3
verified_only,gkf,44,calibration,Mg3BiI3
verified_only,gkf,44,calibration,Mg3PBr3
verified_only,gkf,44,calibration,Mg3PCl3
verified_only,gkf,44,calibration,Mg3SbBr3
verified_only,gkf,44,calibration,Mg3SbCl3
verified_only,gkf,44,calibration,Mg3SbF3
verified_only,gkf,44,calibration,Sr3AsCl3
verified_only,gkf,44,calibration,Sr3AsI3
verified_only,gkf,44,calibration,Sr3PBr3
verified_only,gkf,44,calibration,Sr3PCl3
verified_only,gkf,44,calibration,Sr3PI3
verified_only,gkf,44,calibration,Sr3SbCl3
verified_only,gkf,45,test,Ca3AsF3
verified_only,gkf,45,test,Sr3PBr3
verified_only,gkf,45,test,Sr3PI3
verified_only,gkf,45,test,Ba3SbI3
verified_only,gkf,45,test,Mg3SbBr3
verified_only,gkf,45,test,Mg3SbCl3
verified_only,gkf,45,test,Mg3SbI3
verified_only,gkf,45,calibration,Ba3AsCl3
verified_only,gkf,45,calibration,Ba3AsI3
verified_only,gkf,45,calibration,Ba3SbBr3
verified_only,gkf,45,calibration,Ca3AsBr3
verified_only,gkf,45,calibration,Ca3BiI3
verified_only,gkf,45,calibration,Ca3PBr3
verified_only,gkf,45,calibration,Ca3PCl3
verified_only,gkf,45,calibration,Ca3PF3
verified_only,gkf,45,calibration,Ca3PI3
verified_only,gkf,45,calibration,Ca3SbBr3
verified_only,gkf,45,calibration,Ca3SbCl3
verified_only,gkf,45,calibration,Ca3SbF3
verified_only,gkf,45,calibration,Mg3AsBr3
verified_only,gkf,45,calibration,Mg3BiBr3
verified_only,gkf,45,calibration,Mg3BiI3
verified_only,gkf,45,calibration,Mg3PBr3
verified_only,gkf,45,calibration,Mg3PCl3
verified_only,gkf,45,calibration,Mg3PI3
verified_only,gkf,45,calibration,Mg3SbF3
verified_only,gkf,45,calibration,Sr3AsCl3
verified_only,gkf,45,calibration,Sr3AsI3
verified_only,gkf,45,calibration,Sr3PCl3
verified_only,gkf,45,calibration,Sr3SbCl3
verified_only,gkf,45,calibration,Sr3SbI3
verified_only,gkf,46,test,Ca3AsBr3
verified_only,gkf,46,test,Mg3AsBr3
verified_only,gkf,46,test,Ca3PCl3
verified_only,gkf,46,test,Mg3PI3
verified_only,gkf,46,test,Ca3SbBr3
verified_only,gkf,46,test,Ca3SbCl3
verified_only,gkf,46,calibration,Ba3AsCl3
verified_only,gkf,46,calibration,Ba3AsI3
verified_only,gkf,46,calibration,Ba3SbBr3
verified_only,gkf,46,calibration,Ba3SbI3
verified_only,gkf,46,calibration,Ca3AsF3
verified_only,gkf,46,calibration,Ca3BiI3
verified_only,gkf,46,calibration,Ca3PBr3
verified_only,gkf,46,calibration,Ca3PF3
verified_only,gkf,46,calibration,Ca3PI3
verified_only,gkf,46,calibration,Ca3SbF3
verified_only,gkf,46,calibration,Mg3BiBr3
verified_only,gkf,46,calibration,Mg3BiI3
verified_only,gkf,46,calibration,Mg3PBr3
verified_only,gkf,46,calibration,Mg3PCl3
verified_only,gkf,46,calibration,Mg3SbBr3
verified_only,gkf,46,calibration,Mg3SbCl3
verified_only,gkf,46,calibration,Mg3SbF3
verified_only,gkf,46,calibration,Mg3SbI3
verified_only,gkf,46,calibration,Sr3AsCl3
verified_only,gkf,46,calibration,Sr3AsI3
verified_only,gkf,46,calibration,Sr3PBr3
verified_only,gkf,46,calibration,Sr3PCl3
verified_only,gkf,46,calibration,Sr3PI3
verified_only,gkf,46,calibration,Sr3SbCl3
verified_only,gkf,46,calibration,Sr3SbI3
verified_only,gkf,47,test,Ba3AsI3
verified_only,gkf,47,test,Mg3BiBr3
verified_only,gkf,47,test,Mg3BiI3
verified_only,gkf,47,test,Mg3PCl3
verified_only,gkf,47,test,Sr3PCl3
verified_only,gkf,47,test,Ca3SbF3
verified_only,gkf,47,calibration,Ba3AsCl3
verified_only,gkf,47,calibration,Ba3SbBr3
verified_only,gkf,47,calibration,Ba3SbI3
verified_only,gkf,47,calibration,Ca3AsBr3
verified_only,gkf,47,calibration,Ca3AsF3
verified_only,gkf,47,calibration,Ca3BiI3
verified_only,gkf,47,calibration,Ca3PBr3
verified_only,gkf,47,calibration,Ca3PCl3
verified_only,gkf,47,calibration,Ca3PF3
verified_only,gkf,47,calibration,Ca3PI3
verified_only,gkf,47,calibration,Ca3SbBr3
verified_only,gkf,47,calibration,Ca3SbCl3
verified_only,gkf,47,calibration,Mg3AsBr3
verified_only,gkf,47,calibration,Mg3PBr3
verified_only,gkf,47,calibration,Mg3PI3
verified_only,gkf,47,calibration,Mg3SbBr3
verified_only,gkf,47,calibration,Mg3SbCl3
verified_only,gkf,47,calibration,Mg3SbF3
verified_only,gkf,47,calibration,Mg3SbI3
verified_only,gkf,47,calibration,Sr3AsCl3
verified_only,gkf,47,calibration,Sr3AsI3
verified_only,gkf,47,calibration,Sr3PBr3
verified_only,gkf,47,calibration,Sr3PI3
verified_only,gkf,47,calibration,Sr3SbCl3
verified_only,gkf,47,calibration,Sr3SbI3
verified_only,gkf,48,test,Sr3AsI3
verified_only,gkf,48,test,Ca3PF3
verified_only,gkf,48,test,Ba3SbBr3
verified_only,gkf,48,test,Mg3SbF3
verified_only,gkf,48,test,Sr3SbCl3
verified_only,gkf,48,test,Sr3SbI3
verified_only,gkf,48,calibration,Ba3AsCl3
verified_only,gkf,48,calibration,Ba3AsI3
verified_only,gkf,48,calibration,Ba3SbI3
verified_only,gkf,48,calibration,Ca3AsBr3
verified_only,gkf,48,calibration,Ca3AsF3
verified_only,gkf,48,calibration,Ca3BiI3
verified_only,gkf,48,calibration,Ca3PBr3
verified_only,gkf,48,calibration,Ca3PCl3
verified_only,gkf,48,calibration,Ca3PI3
verified_only,gkf,48,calibration,Ca3SbBr3
verified_only,gkf,48,calibration,Ca3SbCl3
verified_only,gkf,48,calibration,Ca3SbF3
verified_only,gkf,48,calibration,Mg3AsBr3
verified_only,gkf,48,calibration,Mg3BiBr3
verified_only,gkf,48,calibration,Mg3BiI3
verified_only,gkf,48,calibration,Mg3PBr3
verified_only,gkf,48,calibration,Mg3PCl3
verified_only,gkf,48,calibration,Mg3PI3
verified_only,gkf,48,calibration,Mg3SbBr3
verified_only,gkf,48,calibration,Mg3SbCl3
verified_only,gkf,48,calibration,Mg3SbI3
verified_only,gkf,48,calibration,Sr3AsCl3
verified_only,gkf,48,calibration,Sr3PBr3
verified_only,gkf,48,calibration,Sr3PCl3
verified_only,gkf,48,calibration,Sr3PI3
verified_only,gkf,49,test,Ba3AsCl3
verified_only,gkf,49,test,Sr3AsCl3
verified_only,gkf,49,test,Ca3BiI3
verified_only,gkf,49,test,Ca3PBr3
verified_only,gkf,49,test,Ca3PI3
verified_only,gkf,49,test,Mg3PBr3
verified_only,gkf,49,calibration,Ba3AsI3
verified_only,gkf,49,calibration,Ba3SbBr3
verified_only,gkf,49,calibration,Ba3SbI3
verified_only,gkf,49,calibration,Ca3AsBr3
verified_only,gkf,49,calibration,Ca3AsF3
verified_only,gkf,49,calibration,Ca3PCl3
verified_only,gkf,49,calibration,Ca3PF3
verified_only,gkf,49,calibration,Ca3SbBr3
verified_only,gkf,49,calibration,Ca3SbCl3
verified_only,gkf,49,calibration,Ca3SbF3
verified_only,gkf,49,calibration,Mg3AsBr3
verified_only,gkf,49,calibration,Mg3BiBr3
verified_only,gkf,49,calibration,Mg3BiI3
verified_only,gkf,49,calibration,Mg3PCl3
verified_only,gkf,49,calibration,Mg3PI3
verified_only,gkf,49,calibration,Mg3SbBr3
verified_only,gkf,49,calibration,Mg3SbCl3
verified_only,gkf,49,calibration,Mg3SbF3
verified_only,gkf,49,calibration,Mg3SbI3
verified_only,gkf,49,calibration,Sr3AsI3
verified_only,gkf,49,calibration,Sr3PBr3
verified_only,gkf,49,calibration,Sr3PCl3
verified_only,gkf,49,calibration,Sr3PI3
verified_only,gkf,49,calibration,Sr3SbCl3
verified_only,gkf,49,calibration,Sr3SbI3
verified_only,loo,0,test,Ba3AsCl3
verified_only,loo,0,calibration,Ba3AsI3
verified_only,loo,0,calibration,Ba3SbBr3
verified_only,loo,0,calibration,Ba3SbI3
verified_only,loo,0,calibration,Ca3AsBr3
verified_only,loo,0,calibration,Ca3AsF3
verified_only,loo,0,calibration,Ca3BiI3
verified_only,loo,0,calibration,Ca3PBr3
verified_only,loo,0,calibration,Ca3PCl3
verified_only,loo,0,calibration,Ca3PF3
verified_only,loo,0,calibration,Ca3PI3
verified_only,loo,0,calibration,Ca3SbBr3
verified_only,loo,0,calibration,Ca3SbCl3
verified_only,loo,0,calibration,Ca3SbF3
verified_only,loo,0,calibration,Mg3AsBr3
verified_only,loo,0,calibration,Mg3BiBr3
verified_only,loo,0,calibration,Mg3BiI3
verified_only,loo,0,calibration,Mg3PBr3
verified_only,loo,0,calibration,Mg3PCl3
verified_only,loo,0,calibration,Mg3PI3
verified_only,loo,0,calibration,Mg3SbBr3
verified_only,loo,0,calibration,Mg3SbCl3
verified_only,loo,0,calibration,Mg3SbF3
verified_only,loo,0,calibration,Mg3SbI3
verified_only,loo,0,calibration,Sr3AsCl3
verified_only,loo,0,calibration,Sr3AsI3
verified_only,loo,0,calibration,Sr3PBr3
verified_only,loo,0,calibration,Sr3PCl3
verified_only,loo,0,calibration,Sr3PI3
verified_only,loo,0,calibration,Sr3SbCl3
verified_only,loo,0,calibration,Sr3SbI3
verified_only,loo,1,test,Ba3AsI3
verified_only,loo,1,calibration,Ba3AsCl3
verified_only,loo,1,calibration,Ba3SbBr3
verified_only,loo,1,calibration,Ba3SbI3
verified_only,loo,1,calibration,Ca3AsBr3
verified_only,loo,1,calibration,Ca3AsF3
verified_only,loo,1,calibration,Ca3BiI3
verified_only,loo,1,calibration,Ca3PBr3
verified_only,loo,1,calibration,Ca3PCl3
verified_only,loo,1,calibration,Ca3PF3
verified_only,loo,1,calibration,Ca3PI3
verified_only,loo,1,calibration,Ca3SbBr3
verified_only,loo,1,calibration,Ca3SbCl3
verified_only,loo,1,calibration,Ca3SbF3
verified_only,loo,1,calibration,Mg3AsBr3
verified_only,loo,1,calibration,Mg3BiBr3
verified_only,loo,1,calibration,Mg3BiI3
verified_only,loo,1,calibration,Mg3PBr3
verified_only,loo,1,calibration,Mg3PCl3
verified_only,loo,1,calibration,Mg3PI3
verified_only,loo,1,calibration,Mg3SbBr3
verified_only,loo,1,calibration,Mg3SbCl3
verified_only,loo,1,calibration,Mg3SbF3
verified_only,loo,1,calibration,Mg3SbI3
verified_only,loo,1,calibration,Sr3AsCl3
verified_only,loo,1,calibration,Sr3AsI3
verified_only,loo,1,calibration,Sr3PBr3
verified_only,loo,1,calibration,Sr3PCl3
verified_only,loo,1,calibration,Sr3PI3
verified_only,loo,1,calibration,Sr3SbCl3
verified_only,loo,1,calibration,Sr3SbI3
verified_only,loo,2,test,Ba3SbBr3
verified_only,loo,2,calibration,Ba3AsCl3
verified_only,loo,2,calibration,Ba3AsI3
verified_only,loo,2,calibration,Ba3SbI3
verified_only,loo,2,calibration,Ca3AsBr3
verified_only,loo,2,calibration,Ca3AsF3
verified_only,loo,2,calibration,Ca3BiI3
verified_only,loo,2,calibration,Ca3PBr3
verified_only,loo,2,calibration,Ca3PCl3
verified_only,loo,2,calibration,Ca3PF3
verified_only,loo,2,calibration,Ca3PI3
verified_only,loo,2,calibration,Ca3SbBr3
verified_only,loo,2,calibration,Ca3SbCl3
verified_only,loo,2,calibration,Ca3SbF3
verified_only,loo,2,calibration,Mg3AsBr3
verified_only,loo,2,calibration,Mg3BiBr3
verified_only,loo,2,calibration,Mg3BiI3
verified_only,loo,2,calibration,Mg3PBr3
verified_only,loo,2,calibration,Mg3PCl3
verified_only,loo,2,calibration,Mg3PI3
verified_only,loo,2,calibration,Mg3SbBr3
verified_only,loo,2,calibration,Mg3SbCl3
verified_only,loo,2,calibration,Mg3SbF3
verified_only,loo,2,calibration,Mg3SbI3
verified_only,loo,2,calibration,Sr3AsCl3
verified_only,loo,2,calibration,Sr3AsI3
verified_only,loo,2,calibration,Sr3PBr3
verified_only,loo,2,calibration,Sr3PCl3
verified_only,loo,2,calibration,Sr3PI3
verified_only,loo,2,calibration,Sr3SbCl3
verified_only,loo,2,calibration,Sr3SbI3
verified_only,loo,3,test,Ba3SbI3
verified_only,loo,3,calibration,Ba3AsCl3
verified_only,loo,3,calibration,Ba3AsI3
verified_only,loo,3,calibration,Ba3SbBr3
verified_only,loo,3,calibration,Ca3AsBr3
verified_only,loo,3,calibration,Ca3AsF3
verified_only,loo,3,calibration,Ca3BiI3
verified_only,loo,3,calibration,Ca3PBr3
verified_only,loo,3,calibration,Ca3PCl3
verified_only,loo,3,calibration,Ca3PF3
verified_only,loo,3,calibration,Ca3PI3
verified_only,loo,3,calibration,Ca3SbBr3
verified_only,loo,3,calibration,Ca3SbCl3
verified_only,loo,3,calibration,Ca3SbF3
verified_only,loo,3,calibration,Mg3AsBr3
verified_only,loo,3,calibration,Mg3BiBr3
verified_only,loo,3,calibration,Mg3BiI3
verified_only,loo,3,calibration,Mg3PBr3
verified_only,loo,3,calibration,Mg3PCl3
verified_only,loo,3,calibration,Mg3PI3
verified_only,loo,3,calibration,Mg3SbBr3
verified_only,loo,3,calibration,Mg3SbCl3
verified_only,loo,3,calibration,Mg3SbF3
verified_only,loo,3,calibration,Mg3SbI3
verified_only,loo,3,calibration,Sr3AsCl3
verified_only,loo,3,calibration,Sr3AsI3
verified_only,loo,3,calibration,Sr3PBr3
verified_only,loo,3,calibration,Sr3PCl3
verified_only,loo,3,calibration,Sr3PI3
verified_only,loo,3,calibration,Sr3SbCl3
verified_only,loo,3,calibration,Sr3SbI3
verified_only,loo,4,test,Ca3AsBr3
verified_only,loo,4,calibration,Ba3AsCl3
verified_only,loo,4,calibration,Ba3AsI3
verified_only,loo,4,calibration,Ba3SbBr3
verified_only,loo,4,calibration,Ba3SbI3
verified_only,loo,4,calibration,Ca3AsF3
verified_only,loo,4,calibration,Ca3BiI3
verified_only,loo,4,calibration,Ca3PBr3
verified_only,loo,4,calibration,Ca3PCl3
verified_only,loo,4,calibration,Ca3PF3
verified_only,loo,4,calibration,Ca3PI3
verified_only,loo,4,calibration,Ca3SbBr3
verified_only,loo,4,calibration,Ca3SbCl3
verified_only,loo,4,calibration,Ca3SbF3
verified_only,loo,4,calibration,Mg3AsBr3
verified_only,loo,4,calibration,Mg3BiBr3
verified_only,loo,4,calibration,Mg3BiI3
verified_only,loo,4,calibration,Mg3PBr3
verified_only,loo,4,calibration,Mg3PCl3
verified_only,loo,4,calibration,Mg3PI3
verified_only,loo,4,calibration,Mg3SbBr3
verified_only,loo,4,calibration,Mg3SbCl3
verified_only,loo,4,calibration,Mg3SbF3
verified_only,loo,4,calibration,Mg3SbI3
verified_only,loo,4,calibration,Sr3AsCl3
verified_only,loo,4,calibration,Sr3AsI3
verified_only,loo,4,calibration,Sr3PBr3
verified_only,loo,4,calibration,Sr3PCl3
verified_only,loo,4,calibration,Sr3PI3
verified_only,loo,4,calibration,Sr3SbCl3
verified_only,loo,4,calibration,Sr3SbI3
verified_only,loo,5,test,Ca3AsF3
verified_only,loo,5,calibration,Ba3AsCl3
verified_only,loo,5,calibration,Ba3AsI3
verified_only,loo,5,calibration,Ba3SbBr3
verified_only,loo,5,calibration,Ba3SbI3
verified_only,loo,5,calibration,Ca3AsBr3
verified_only,loo,5,calibration,Ca3BiI3
verified_only,loo,5,calibration,Ca3PBr3
verified_only,loo,5,calibration,Ca3PCl3
verified_only,loo,5,calibration,Ca3PF3
verified_only,loo,5,calibration,Ca3PI3
verified_only,loo,5,calibration,Ca3SbBr3
verified_only,loo,5,calibration,Ca3SbCl3
verified_only,loo,5,calibration,Ca3SbF3
verified_only,loo,5,calibration,Mg3AsBr3
verified_only,loo,5,calibration,Mg3BiBr3
verified_only,loo,5,calibration,Mg3BiI3
verified_only,loo,5,calibration,Mg3PBr3
verified_only,loo,5,calibration,Mg3PCl3
verified_only,loo,5,calibration,Mg3PI3
verified_only,loo,5,calibration,Mg3SbBr3
verified_only,loo,5,calibration,Mg3SbCl3
verified_only,loo,5,calibration,Mg3SbF3
verified_only,loo,5,calibration,Mg3SbI3
verified_only,loo,5,calibration,Sr3AsCl3
verified_only,loo,5,calibration,Sr3AsI3
verified_only,loo,5,calibration,Sr3PBr3
verified_only,loo,5,calibration,Sr3PCl3
verified_only,loo,5,calibration,Sr3PI3
verified_only,loo,5,calibration,Sr3SbCl3
verified_only,loo,5,calibration,Sr3SbI3
verified_only,loo,6,test,Ca3BiI3
verified_only,loo,6,calibration,Ba3AsCl3
verified_only,loo,6,calibration,Ba3AsI3
verified_only,loo,6,calibration,Ba3SbBr3
verified_only,loo,6,calibration,Ba3SbI3
verified_only,loo,6,calibration,Ca3AsBr3
verified_only,loo,6,calibration,Ca3AsF3
verified_only,loo,6,calibration,Ca3PBr3
verified_only,loo,6,calibration,Ca3PCl3
verified_only,loo,6,calibration,Ca3PF3
verified_only,loo,6,calibration,Ca3PI3
verified_only,loo,6,calibration,Ca3SbBr3
verified_only,loo,6,calibration,Ca3SbCl3
verified_only,loo,6,calibration,Ca3SbF3
verified_only,loo,6,calibration,Mg3AsBr3
verified_only,loo,6,calibration,Mg3BiBr3
verified_only,loo,6,calibration,Mg3BiI3
verified_only,loo,6,calibration,Mg3PBr3
verified_only,loo,6,calibration,Mg3PCl3
verified_only,loo,6,calibration,Mg3PI3
verified_only,loo,6,calibration,Mg3SbBr3
verified_only,loo,6,calibration,Mg3SbCl3
verified_only,loo,6,calibration,Mg3SbF3
verified_only,loo,6,calibration,Mg3SbI3
verified_only,loo,6,calibration,Sr3AsCl3
verified_only,loo,6,calibration,Sr3AsI3
verified_only,loo,6,calibration,Sr3PBr3
verified_only,loo,6,calibration,Sr3PCl3
verified_only,loo,6,calibration,Sr3PI3
verified_only,loo,6,calibration,Sr3SbCl3
verified_only,loo,6,calibration,Sr3SbI3
verified_only,loo,7,test,Ca3PBr3
verified_only,loo,7,calibration,Ba3AsCl3
verified_only,loo,7,calibration,Ba3AsI3
verified_only,loo,7,calibration,Ba3SbBr3
verified_only,loo,7,calibration,Ba3SbI3
verified_only,loo,7,calibration,Ca3AsBr3
verified_only,loo,7,calibration,Ca3AsF3
verified_only,loo,7,calibration,Ca3BiI3
verified_only,loo,7,calibration,Ca3PCl3
verified_only,loo,7,calibration,Ca3PF3
verified_only,loo,7,calibration,Ca3PI3
verified_only,loo,7,calibration,Ca3SbBr3
verified_only,loo,7,calibration,Ca3SbCl3
verified_only,loo,7,calibration,Ca3SbF3
verified_only,loo,7,calibration,Mg3AsBr3
verified_only,loo,7,calibration,Mg3BiBr3
verified_only,loo,7,calibration,Mg3BiI3
verified_only,loo,7,calibration,Mg3PBr3
verified_only,loo,7,calibration,Mg3PCl3
verified_only,loo,7,calibration,Mg3PI3
verified_only,loo,7,calibration,Mg3SbBr3
verified_only,loo,7,calibration,Mg3SbCl3
verified_only,loo,7,calibration,Mg3SbF3
verified_only,loo,7,calibration,Mg3SbI3
verified_only,loo,7,calibration,Sr3AsCl3
verified_only,loo,7,calibration,Sr3AsI3
verified_only,loo,7,calibration,Sr3PBr3
verified_only,loo,7,calibration,Sr3PCl3
verified_only,loo,7,calibration,Sr3PI3
verified_only,loo,7,calibration,Sr3SbCl3
verified_only,loo,7,calibration,Sr3SbI3
verified_only,loo,8,test,Ca3PCl3
verified_only,loo,8,calibration,Ba3AsCl3
verified_only,loo,8,calibration,Ba3AsI3
verified_only,loo,8,calibration,Ba3SbBr3
verified_only,loo,8,calibration,Ba3SbI3
verified_only,loo,8,calibration,Ca3AsBr3
verified_only,loo,8,calibration,Ca3AsF3
verified_only,loo,8,calibration,Ca3BiI3
verified_only,loo,8,calibration,Ca3PBr3
verified_only,loo,8,calibration,Ca3PF3
verified_only,loo,8,calibration,Ca3PI3
verified_only,loo,8,calibration,Ca3SbBr3
verified_only,loo,8,calibration,Ca3SbCl3
verified_only,loo,8,calibration,Ca3SbF3
verified_only,loo,8,calibration,Mg3AsBr3
verified_only,loo,8,calibration,Mg3BiBr3
verified_only,loo,8,calibration,Mg3BiI3
verified_only,loo,8,calibration,Mg3PBr3
verified_only,loo,8,calibration,Mg3PCl3
verified_only,loo,8,calibration,Mg3PI3
verified_only,loo,8,calibration,Mg3SbBr3
verified_only,loo,8,calibration,Mg3SbCl3
verified_only,loo,8,calibration,Mg3SbF3
verified_only,loo,8,calibration,Mg3SbI3
verified_only,loo,8,calibration,Sr3AsCl3
verified_only,loo,8,calibration,Sr3AsI3
verified_only,loo,8,calibration,Sr3PBr3
verified_only,loo,8,calibration,Sr3PCl3
verified_only,loo,8,calibration,Sr3PI3
verified_only,loo,8,calibration,Sr3SbCl3
verified_only,loo,8,calibration,Sr3SbI3
verified_only,loo,9,test,Ca3PF3
verified_only,loo,9,calibration,Ba3AsCl3
verified_only,loo,9,calibration,Ba3AsI3
verified_only,loo,9,calibration,Ba3SbBr3
verified_only,loo,9,calibration,Ba3SbI3
verified_only,loo,9,calibration,Ca3AsBr3
verified_only,loo,9,calibration,Ca3AsF3
verified_only,loo,9,calibration,Ca3BiI3
verified_only,loo,9,calibration,Ca3PBr3
verified_only,loo,9,calibration,Ca3PCl3
verified_only,loo,9,calibration,Ca3PI3
verified_only,loo,9,calibration,Ca3SbBr3
verified_only,loo,9,calibration,Ca3SbCl3
verified_only,loo,9,calibration,Ca3SbF3
verified_only,loo,9,calibration,Mg3AsBr3
verified_only,loo,9,calibration,Mg3BiBr3
verified_only,loo,9,calibration,Mg3BiI3
verified_only,loo,9,calibration,Mg3PBr3
verified_only,loo,9,calibration,Mg3PCl3
verified_only,loo,9,calibration,Mg3PI3
verified_only,loo,9,calibration,Mg3SbBr3
verified_only,loo,9,calibration,Mg3SbCl3
verified_only,loo,9,calibration,Mg3SbF3
verified_only,loo,9,calibration,Mg3SbI3
verified_only,loo,9,calibration,Sr3AsCl3
verified_only,loo,9,calibration,Sr3AsI3
verified_only,loo,9,calibration,Sr3PBr3
verified_only,loo,9,calibration,Sr3PCl3
verified_only,loo,9,calibration,Sr3PI3
verified_only,loo,9,calibration,Sr3SbCl3
verified_only,loo,9,calibration,Sr3SbI3
verified_only,loo,10,test,Ca3PI3
verified_only,loo,10,calibration,Ba3AsCl3
verified_only,loo,10,calibration,Ba3AsI3
verified_only,loo,10,calibration,Ba3SbBr3
verified_only,loo,10,calibration,Ba3SbI3
verified_only,loo,10,calibration,Ca3AsBr3
verified_only,loo,10,calibration,Ca3AsF3
verified_only,loo,10,calibration,Ca3BiI3
verified_only,loo,10,calibration,Ca3PBr3
verified_only,loo,10,calibration,Ca3PCl3
verified_only,loo,10,calibration,Ca3PF3
verified_only,loo,10,calibration,Ca3SbBr3
verified_only,loo,10,calibration,Ca3SbCl3
verified_only,loo,10,calibration,Ca3SbF3
verified_only,loo,10,calibration,Mg3AsBr3
verified_only,loo,10,calibration,Mg3BiBr3
verified_only,loo,10,calibration,Mg3BiI3
verified_only,loo,10,calibration,Mg3PBr3
verified_only,loo,10,calibration,Mg3PCl3
verified_only,loo,10,calibration,Mg3PI3
verified_only,loo,10,calibration,Mg3SbBr3
verified_only,loo,10,calibration,Mg3SbCl3
verified_only,loo,10,calibration,Mg3SbF3
verified_only,loo,10,calibration,Mg3SbI3
verified_only,loo,10,calibration,Sr3AsCl3
verified_only,loo,10,calibration,Sr3AsI3
verified_only,loo,10,calibration,Sr3PBr3
verified_only,loo,10,calibration,Sr3PCl3
verified_only,loo,10,calibration,Sr3PI3
verified_only,loo,10,calibration,Sr3SbCl3
verified_only,loo,10,calibration,Sr3SbI3
verified_only,loo,11,test,Ca3SbBr3
verified_only,loo,11,calibration,Ba3AsCl3
verified_only,loo,11,calibration,Ba3AsI3
verified_only,loo,11,calibration,Ba3SbBr3
verified_only,loo,11,calibration,Ba3SbI3
verified_only,loo,11,calibration,Ca3AsBr3
verified_only,loo,11,calibration,Ca3AsF3
verified_only,loo,11,calibration,Ca3BiI3
verified_only,loo,11,calibration,Ca3PBr3
verified_only,loo,11,calibration,Ca3PCl3
verified_only,loo,11,calibration,Ca3PF3
verified_only,loo,11,calibration,Ca3PI3
verified_only,loo,11,calibration,Ca3SbCl3
verified_only,loo,11,calibration,Ca3SbF3
verified_only,loo,11,calibration,Mg3AsBr3
verified_only,loo,11,calibration,Mg3BiBr3
verified_only,loo,11,calibration,Mg3BiI3
verified_only,loo,11,calibration,Mg3PBr3
verified_only,loo,11,calibration,Mg3PCl3
verified_only,loo,11,calibration,Mg3PI3
verified_only,loo,11,calibration,Mg3SbBr3
verified_only,loo,11,calibration,Mg3SbCl3
verified_only,loo,11,calibration,Mg3SbF3
verified_only,loo,11,calibration,Mg3SbI3
verified_only,loo,11,calibration,Sr3AsCl3
verified_only,loo,11,calibration,Sr3AsI3
verified_only,loo,11,calibration,Sr3PBr3
verified_only,loo,11,calibration,Sr3PCl3
verified_only,loo,11,calibration,Sr3PI3
verified_only,loo,11,calibration,Sr3SbCl3
verified_only,loo,11,calibration,Sr3SbI3
verified_only,loo,12,test,Ca3SbCl3
verified_only,loo,12,calibration,Ba3AsCl3
verified_only,loo,12,calibration,Ba3AsI3
verified_only,loo,12,calibration,Ba3SbBr3
verified_only,loo,12,calibration,Ba3SbI3
verified_only,loo,12,calibration,Ca3AsBr3
verified_only,loo,12,calibration,Ca3AsF3
verified_only,loo,12,calibration,Ca3BiI3
verified_only,loo,12,calibration,Ca3PBr3
verified_only,loo,12,calibration,Ca3PCl3
verified_only,loo,12,calibration,Ca3PF3
verified_only,loo,12,calibration,Ca3PI3
verified_only,loo,12,calibration,Ca3SbBr3
verified_only,loo,12,calibration,Ca3SbF3
verified_only,loo,12,calibration,Mg3AsBr3
verified_only,loo,12,calibration,Mg3BiBr3
verified_only,loo,12,calibration,Mg3BiI3
verified_only,loo,12,calibration,Mg3PBr3
verified_only,loo,12,calibration,Mg3PCl3
verified_only,loo,12,calibration,Mg3PI3
verified_only,loo,12,calibration,Mg3SbBr3
verified_only,loo,12,calibration,Mg3SbCl3
verified_only,loo,12,calibration,Mg3SbF3
verified_only,loo,12,calibration,Mg3SbI3
verified_only,loo,12,calibration,Sr3AsCl3
verified_only,loo,12,calibration,Sr3AsI3
verified_only,loo,12,calibration,Sr3PBr3
verified_only,loo,12,calibration,Sr3PCl3
verified_only,loo,12,calibration,Sr3PI3
verified_only,loo,12,calibration,Sr3SbCl3
verified_only,loo,12,calibration,Sr3SbI3
verified_only,loo,13,test,Ca3SbF3
verified_only,loo,13,calibration,Ba3AsCl3
verified_only,loo,13,calibration,Ba3AsI3
verified_only,loo,13,calibration,Ba3SbBr3
verified_only,loo,13,calibration,Ba3SbI3
verified_only,loo,13,calibration,Ca3AsBr3
verified_only,loo,13,calibration,Ca3AsF3
verified_only,loo,13,calibration,Ca3BiI3
verified_only,loo,13,calibration,Ca3PBr3
verified_only,loo,13,calibration,Ca3PCl3
verified_only,loo,13,calibration,Ca3PF3
verified_only,loo,13,calibration,Ca3PI3
verified_only,loo,13,calibration,Ca3SbBr3
verified_only,loo,13,calibration,Ca3SbCl3
verified_only,loo,13,calibration,Mg3AsBr3
verified_only,loo,13,calibration,Mg3BiBr3
verified_only,loo,13,calibration,Mg3BiI3
verified_only,loo,13,calibration,Mg3PBr3
verified_only,loo,13,calibration,Mg3PCl3
verified_only,loo,13,calibration,Mg3PI3
verified_only,loo,13,calibration,Mg3SbBr3
verified_only,loo,13,calibration,Mg3SbCl3
verified_only,loo,13,calibration,Mg3SbF3
verified_only,loo,13,calibration,Mg3SbI3
verified_only,loo,13,calibration,Sr3AsCl3
verified_only,loo,13,calibration,Sr3AsI3
verified_only,loo,13,calibration,Sr3PBr3
verified_only,loo,13,calibration,Sr3PCl3
verified_only,loo,13,calibration,Sr3PI3
verified_only,loo,13,calibration,Sr3SbCl3
verified_only,loo,13,calibration,Sr3SbI3
verified_only,loo,14,test,Mg3AsBr3
verified_only,loo,14,calibration,Ba3AsCl3
verified_only,loo,14,calibration,Ba3AsI3
verified_only,loo,14,calibration,Ba3SbBr3
verified_only,loo,14,calibration,Ba3SbI3
verified_only,loo,14,calibration,Ca3AsBr3
verified_only,loo,14,calibration,Ca3AsF3
verified_only,loo,14,calibration,Ca3BiI3
verified_only,loo,14,calibration,Ca3PBr3
verified_only,loo,14,calibration,Ca3PCl3
verified_only,loo,14,calibration,Ca3PF3
verified_only,loo,14,calibration,Ca3PI3
verified_only,loo,14,calibration,Ca3SbBr3
verified_only,loo,14,calibration,Ca3SbCl3
verified_only,loo,14,calibration,Ca3SbF3
verified_only,loo,14,calibration,Mg3BiBr3
verified_only,loo,14,calibration,Mg3BiI3
verified_only,loo,14,calibration,Mg3PBr3
verified_only,loo,14,calibration,Mg3PCl3
verified_only,loo,14,calibration,Mg3PI3
verified_only,loo,14,calibration,Mg3SbBr3
verified_only,loo,14,calibration,Mg3SbCl3
verified_only,loo,14,calibration,Mg3SbF3
verified_only,loo,14,calibration,Mg3SbI3
verified_only,loo,14,calibration,Sr3AsCl3
verified_only,loo,14,calibration,Sr3AsI3
verified_only,loo,14,calibration,Sr3PBr3
verified_only,loo,14,calibration,Sr3PCl3
verified_only,loo,14,calibration,Sr3PI3
verified_only,loo,14,calibration,Sr3SbCl3
verified_only,loo,14,calibration,Sr3SbI3
verified_only,loo,15,test,Mg3BiBr3
verified_only,loo,15,calibration,Ba3AsCl3
verified_only,loo,15,calibration,Ba3AsI3
verified_only,loo,15,calibration,Ba3SbBr3
verified_only,loo,15,calibration,Ba3SbI3
verified_only,loo,15,calibration,Ca3AsBr3
verified_only,loo,15,calibration,Ca3AsF3
verified_only,loo,15,calibration,Ca3BiI3
verified_only,loo,15,calibration,Ca3PBr3
verified_only,loo,15,calibration,Ca3PCl3
verified_only,loo,15,calibration,Ca3PF3
verified_only,loo,15,calibration,Ca3PI3
verified_only,loo,15,calibration,Ca3SbBr3
verified_only,loo,15,calibration,Ca3SbCl3
verified_only,loo,15,calibration,Ca3SbF3
verified_only,loo,15,calibration,Mg3AsBr3
verified_only,loo,15,calibration,Mg3BiI3
verified_only,loo,15,calibration,Mg3PBr3
verified_only,loo,15,calibration,Mg3PCl3
verified_only,loo,15,calibration,Mg3PI3
verified_only,loo,15,calibration,Mg3SbBr3
verified_only,loo,15,calibration,Mg3SbCl3
verified_only,loo,15,calibration,Mg3SbF3
verified_only,loo,15,calibration,Mg3SbI3
verified_only,loo,15,calibration,Sr3AsCl3
verified_only,loo,15,calibration,Sr3AsI3
verified_only,loo,15,calibration,Sr3PBr3
verified_only,loo,15,calibration,Sr3PCl3
verified_only,loo,15,calibration,Sr3PI3
verified_only,loo,15,calibration,Sr3SbCl3
verified_only,loo,15,calibration,Sr3SbI3
verified_only,loo,16,test,Mg3BiI3
verified_only,loo,16,calibration,Ba3AsCl3
verified_only,loo,16,calibration,Ba3AsI3
verified_only,loo,16,calibration,Ba3SbBr3
verified_only,loo,16,calibration,Ba3SbI3
verified_only,loo,16,calibration,Ca3AsBr3
verified_only,loo,16,calibration,Ca3AsF3
verified_only,loo,16,calibration,Ca3BiI3
verified_only,loo,16,calibration,Ca3PBr3
verified_only,loo,16,calibration,Ca3PCl3
verified_only,loo,16,calibration,Ca3PF3
verified_only,loo,16,calibration,Ca3PI3
verified_only,loo,16,calibration,Ca3SbBr3
verified_only,loo,16,calibration,Ca3SbCl3
verified_only,loo,16,calibration,Ca3SbF3
verified_only,loo,16,calibration,Mg3AsBr3
verified_only,loo,16,calibration,Mg3BiBr3
verified_only,loo,16,calibration,Mg3PBr3
verified_only,loo,16,calibration,Mg3PCl3
verified_only,loo,16,calibration,Mg3PI3
verified_only,loo,16,calibration,Mg3SbBr3
verified_only,loo,16,calibration,Mg3SbCl3
verified_only,loo,16,calibration,Mg3SbF3
verified_only,loo,16,calibration,Mg3SbI3
verified_only,loo,16,calibration,Sr3AsCl3
verified_only,loo,16,calibration,Sr3AsI3
verified_only,loo,16,calibration,Sr3PBr3
verified_only,loo,16,calibration,Sr3PCl3
verified_only,loo,16,calibration,Sr3PI3
verified_only,loo,16,calibration,Sr3SbCl3
verified_only,loo,16,calibration,Sr3SbI3
verified_only,loo,17,test,Mg3PBr3
verified_only,loo,17,calibration,Ba3AsCl3
verified_only,loo,17,calibration,Ba3AsI3
verified_only,loo,17,calibration,Ba3SbBr3
verified_only,loo,17,calibration,Ba3SbI3
verified_only,loo,17,calibration,Ca3AsBr3
verified_only,loo,17,calibration,Ca3AsF3
verified_only,loo,17,calibration,Ca3BiI3
verified_only,loo,17,calibration,Ca3PBr3
verified_only,loo,17,calibration,Ca3PCl3
verified_only,loo,17,calibration,Ca3PF3
verified_only,loo,17,calibration,Ca3PI3
verified_only,loo,17,calibration,Ca3SbBr3
verified_only,loo,17,calibration,Ca3SbCl3
verified_only,loo,17,calibration,Ca3SbF3
verified_only,loo,17,calibration,Mg3AsBr3
verified_only,loo,17,calibration,Mg3BiBr3
verified_only,loo,17,calibration,Mg3BiI3
verified_only,loo,17,calibration,Mg3PCl3
verified_only,loo,17,calibration,Mg3PI3
verified_only,loo,17,calibration,Mg3SbBr3
verified_only,loo,17,calibration,Mg3SbCl3
verified_only,loo,17,calibration,Mg3SbF3
verified_only,loo,17,calibration,Mg3SbI3
verified_only,loo,17,calibration,Sr3AsCl3
verified_only,loo,17,calibration,Sr3AsI3
verified_only,loo,17,calibration,Sr3PBr3
verified_only,loo,17,calibration,Sr3PCl3
verified_only,loo,17,calibration,Sr3PI3
verified_only,loo,17,calibration,Sr3SbCl3
verified_only,loo,17,calibration,Sr3SbI3
verified_only,loo,18,test,Mg3PCl3
verified_only,loo,18,calibration,Ba3AsCl3
verified_only,loo,18,calibration,Ba3AsI3
verified_only,loo,18,calibration,Ba3SbBr3
verified_only,loo,18,calibration,Ba3SbI3
verified_only,loo,18,calibration,Ca3AsBr3
verified_only,loo,18,calibration,Ca3AsF3
verified_only,loo,18,calibration,Ca3BiI3
verified_only,loo,18,calibration,Ca3PBr3
verified_only,loo,18,calibration,Ca3PCl3
verified_only,loo,18,calibration,Ca3PF3
verified_only,loo,18,calibration,Ca3PI3
verified_only,loo,18,calibration,Ca3SbBr3
verified_only,loo,18,calibration,Ca3SbCl3
verified_only,loo,18,calibration,Ca3SbF3
verified_only,loo,18,calibration,Mg3AsBr3
verified_only,loo,18,calibration,Mg3BiBr3
verified_only,loo,18,calibration,Mg3BiI3
verified_only,loo,18,calibration,Mg3PBr3
verified_only,loo,18,calibration,Mg3PI3
verified_only,loo,18,calibration,Mg3SbBr3
verified_only,loo,18,calibration,Mg3SbCl3
verified_only,loo,18,calibration,Mg3SbF3
verified_only,loo,18,calibration,Mg3SbI3
verified_only,loo,18,calibration,Sr3AsCl3
verified_only,loo,18,calibration,Sr3AsI3
verified_only,loo,18,calibration,Sr3PBr3
verified_only,loo,18,calibration,Sr3PCl3
verified_only,loo,18,calibration,Sr3PI3
verified_only,loo,18,calibration,Sr3SbCl3
verified_only,loo,18,calibration,Sr3SbI3
verified_only,loo,19,test,Mg3PI3
verified_only,loo,19,calibration,Ba3AsCl3
verified_only,loo,19,calibration,Ba3AsI3
verified_only,loo,19,calibration,Ba3SbBr3
verified_only,loo,19,calibration,Ba3SbI3
verified_only,loo,19,calibration,Ca3AsBr3
verified_only,loo,19,calibration,Ca3AsF3
verified_only,loo,19,calibration,Ca3BiI3
verified_only,loo,19,calibration,Ca3PBr3
verified_only,loo,19,calibration,Ca3PCl3
verified_only,loo,19,calibration,Ca3PF3
verified_only,loo,19,calibration,Ca3PI3
verified_only,loo,19,calibration,Ca3SbBr3
verified_only,loo,19,calibration,Ca3SbCl3
verified_only,loo,19,calibration,Ca3SbF3
verified_only,loo,19,calibration,Mg3AsBr3
verified_only,loo,19,calibration,Mg3BiBr3
verified_only,loo,19,calibration,Mg3BiI3
verified_only,loo,19,calibration,Mg3PBr3
verified_only,loo,19,calibration,Mg3PCl3
verified_only,loo,19,calibration,Mg3SbBr3
verified_only,loo,19,calibration,Mg3SbCl3
verified_only,loo,19,calibration,Mg3SbF3
verified_only,loo,19,calibration,Mg3SbI3
verified_only,loo,19,calibration,Sr3AsCl3
verified_only,loo,19,calibration,Sr3AsI3
verified_only,loo,19,calibration,Sr3PBr3
verified_only,loo,19,calibration,Sr3PCl3
verified_only,loo,19,calibration,Sr3PI3
verified_only,loo,19,calibration,Sr3SbCl3
verified_only,loo,19,calibration,Sr3SbI3
verified_only,loo,20,test,Mg3SbBr3
verified_only,loo,20,calibration,Ba3AsCl3
verified_only,loo,20,calibration,Ba3AsI3
verified_only,loo,20,calibration,Ba3SbBr3
verified_only,loo,20,calibration,Ba3SbI3
verified_only,loo,20,calibration,Ca3AsBr3
verified_only,loo,20,calibration,Ca3AsF3
verified_only,loo,20,calibration,Ca3BiI3
verified_only,loo,20,calibration,Ca3PBr3
verified_only,loo,20,calibration,Ca3PCl3
verified_only,loo,20,calibration,Ca3PF3
verified_only,loo,20,calibration,Ca3PI3
verified_only,loo,20,calibration,Ca3SbBr3
verified_only,loo,20,calibration,Ca3SbCl3
verified_only,loo,20,calibration,Ca3SbF3
verified_only,loo,20,calibration,Mg3AsBr3
verified_only,loo,20,calibration,Mg3BiBr3
verified_only,loo,20,calibration,Mg3BiI3
verified_only,loo,20,calibration,Mg3PBr3
verified_only,loo,20,calibration,Mg3PCl3
verified_only,loo,20,calibration,Mg3PI3
verified_only,loo,20,calibration,Mg3SbCl3
verified_only,loo,20,calibration,Mg3SbF3
verified_only,loo,20,calibration,Mg3SbI3
verified_only,loo,20,calibration,Sr3AsCl3
verified_only,loo,20,calibration,Sr3AsI3
verified_only,loo,20,calibration,Sr3PBr3
verified_only,loo,20,calibration,Sr3PCl3
verified_only,loo,20,calibration,Sr3PI3
verified_only,loo,20,calibration,Sr3SbCl3
verified_only,loo,20,calibration,Sr3SbI3
verified_only,loo,21,test,Mg3SbCl3
verified_only,loo,21,calibration,Ba3AsCl3
verified_only,loo,21,calibration,Ba3AsI3
verified_only,loo,21,calibration,Ba3SbBr3
verified_only,loo,21,calibration,Ba3SbI3
verified_only,loo,21,calibration,Ca3AsBr3
verified_only,loo,21,calibration,Ca3AsF3
verified_only,loo,21,calibration,Ca3BiI3
verified_only,loo,21,calibration,Ca3PBr3
verified_only,loo,21,calibration,Ca3PCl3
verified_only,loo,21,calibration,Ca3PF3
verified_only,loo,21,calibration,Ca3PI3
verified_only,loo,21,calibration,Ca3SbBr3
verified_only,loo,21,calibration,Ca3SbCl3
verified_only,loo,21,calibration,Ca3SbF3
verified_only,loo,21,calibration,Mg3AsBr3
verified_only,loo,21,calibration,Mg3BiBr3
verified_only,loo,21,calibration,Mg3BiI3
verified_only,loo,21,calibration,Mg3PBr3
verified_only,loo,21,calibration,Mg3PCl3
verified_only,loo,21,calibration,Mg3PI3
verified_only,loo,21,calibration,Mg3SbBr3
verified_only,loo,21,calibration,Mg3SbF3
verified_only,loo,21,calibration,Mg3SbI3
verified_only,loo,21,calibration,Sr3AsCl3
verified_only,loo,21,calibration,Sr3AsI3
verified_only,loo,21,calibration,Sr3PBr3
verified_only,loo,21,calibration,Sr3PCl3
verified_only,loo,21,calibration,Sr3PI3
verified_only,loo,21,calibration,Sr3SbCl3
verified_only,loo,21,calibration,Sr3SbI3
verified_only,loo,22,test,Mg3SbF3
verified_only,loo,22,calibration,Ba3AsCl3
verified_only,loo,22,calibration,Ba3AsI3
verified_only,loo,22,calibration,Ba3SbBr3
verified_only,loo,22,calibration,Ba3SbI3
verified_only,loo,22,calibration,Ca3AsBr3
verified_only,loo,22,calibration,Ca3AsF3
verified_only,loo,22,calibration,Ca3BiI3
verified_only,loo,22,calibration,Ca3PBr3
verified_only,loo,22,calibration,Ca3PCl3
verified_only,loo,22,calibration,Ca3PF3
verified_only,loo,22,calibration,Ca3PI3
verified_only,loo,22,calibration,Ca3SbBr3
verified_only,loo,22,calibration,Ca3SbCl3
verified_only,loo,22,calibration,Ca3SbF3
verified_only,loo,22,calibration,Mg3AsBr3
verified_only,loo,22,calibration,Mg3BiBr3
verified_only,loo,22,calibration,Mg3BiI3
verified_only,loo,22,calibration,Mg3PBr3
verified_only,loo,22,calibration,Mg3PCl3
verified_only,loo,22,calibration,Mg3PI3
verified_only,loo,22,calibration,Mg3SbBr3
verified_only,loo,22,calibration,Mg3SbCl3
verified_only,loo,22,calibration,Mg3SbI3
verified_only,loo,22,calibration,Sr3AsCl3
verified_only,loo,22,calibration,Sr3AsI3
verified_only,loo,22,calibration,Sr3PBr3
verified_only,loo,22,calibration,Sr3PCl3
verified_only,loo,22,calibration,Sr3PI3
verified_only,loo,22,calibration,Sr3SbCl3
verified_only,loo,22,calibration,Sr3SbI3
verified_only,loo,23,test,Mg3SbI3
verified_only,loo,23,calibration,Ba3AsCl3
verified_only,loo,23,calibration,Ba3AsI3
verified_only,loo,23,calibration,Ba3SbBr3
verified_only,loo,23,calibration,Ba3SbI3
verified_only,loo,23,calibration,Ca3AsBr3
verified_only,loo,23,calibration,Ca3AsF3
verified_only,loo,23,calibration,Ca3BiI3
verified_only,loo,23,calibration,Ca3PBr3
verified_only,loo,23,calibration,Ca3PCl3
verified_only,loo,23,calibration,Ca3PF3
verified_only,loo,23,calibration,Ca3PI3
verified_only,loo,23,calibration,Ca3SbBr3
verified_only,loo,23,calibration,Ca3SbCl3
verified_only,loo,23,calibration,Ca3SbF3
verified_only,loo,23,calibration,Mg3AsBr3
verified_only,loo,23,calibration,Mg3BiBr3
verified_only,loo,23,calibration,Mg3BiI3
verified_only,loo,23,calibration,Mg3PBr3
verified_only,loo,23,calibration,Mg3PCl3
verified_only,loo,23,calibration,Mg3PI3
verified_only,loo,23,calibration,Mg3SbBr3
verified_only,loo,23,calibration,Mg3SbCl3
verified_only,loo,23,calibration,Mg3SbF3
verified_only,loo,23,calibration,Sr3AsCl3
verified_only,loo,23,calibration,Sr3AsI3
verified_only,loo,23,calibration,Sr3PBr3
verified_only,loo,23,calibration,Sr3PCl3
verified_only,loo,23,calibration,Sr3PI3
verified_only,loo,23,calibration,Sr3SbCl3
verified_only,loo,23,calibration,Sr3SbI3
verified_only,loo,24,test,Sr3AsCl3
verified_only,loo,24,calibration,Ba3AsCl3
verified_only,loo,24,calibration,Ba3AsI3
verified_only,loo,24,calibration,Ba3SbBr3
verified_only,loo,24,calibration,Ba3SbI3
verified_only,loo,24,calibration,Ca3AsBr3
verified_only,loo,24,calibration,Ca3AsF3
verified_only,loo,24,calibration,Ca3BiI3
verified_only,loo,24,calibration,Ca3PBr3
verified_only,loo,24,calibration,Ca3PCl3
verified_only,loo,24,calibration,Ca3PF3
verified_only,loo,24,calibration,Ca3PI3
verified_only,loo,24,calibration,Ca3SbBr3
verified_only,loo,24,calibration,Ca3SbCl3
verified_only,loo,24,calibration,Ca3SbF3
verified_only,loo,24,calibration,Mg3AsBr3
verified_only,loo,24,calibration,Mg3BiBr3
verified_only,loo,24,calibration,Mg3BiI3
verified_only,loo,24,calibration,Mg3PBr3
verified_only,loo,24,calibration,Mg3PCl3
verified_only,loo,24,calibration,Mg3PI3
verified_only,loo,24,calibration,Mg3SbBr3
verified_only,loo,24,calibration,Mg3SbCl3
verified_only,loo,24,calibration,Mg3SbF3
verified_only,loo,24,calibration,Mg3SbI3
verified_only,loo,24,calibration,Sr3AsI3
verified_only,loo,24,calibration,Sr3PBr3
verified_only,loo,24,calibration,Sr3PCl3
verified_only,loo,24,calibration,Sr3PI3
verified_only,loo,24,calibration,Sr3SbCl3
verified_only,loo,24,calibration,Sr3SbI3
verified_only,loo,25,test,Sr3AsI3
verified_only,loo,25,calibration,Ba3AsCl3
verified_only,loo,25,calibration,Ba3AsI3
verified_only,loo,25,calibration,Ba3SbBr3
verified_only,loo,25,calibration,Ba3SbI3
verified_only,loo,25,calibration,Ca3AsBr3
verified_only,loo,25,calibration,Ca3AsF3
verified_only,loo,25,calibration,Ca3BiI3
verified_only,loo,25,calibration,Ca3PBr3
verified_only,loo,25,calibration,Ca3PCl3
verified_only,loo,25,calibration,Ca3PF3
verified_only,loo,25,calibration,Ca3PI3
verified_only,loo,25,calibration,Ca3SbBr3
verified_only,loo,25,calibration,Ca3SbCl3
verified_only,loo,25,calibration,Ca3SbF3
verified_only,loo,25,calibration,Mg3AsBr3
verified_only,loo,25,calibration,Mg3BiBr3
verified_only,loo,25,calibration,Mg3BiI3
verified_only,loo,25,calibration,Mg3PBr3
verified_only,loo,25,calibration,Mg3PCl3
verified_only,loo,25,calibration,Mg3PI3
verified_only,loo,25,calibration,Mg3SbBr3
verified_only,loo,25,calibration,Mg3SbCl3
verified_only,loo,25,calibration,Mg3SbF3
verified_only,loo,25,calibration,Mg3SbI3
verified_only,loo,25,calibration,Sr3AsCl3
verified_only,loo,25,calibration,Sr3PBr3
verified_only,loo,25,calibration,Sr3PCl3
verified_only,loo,25,calibration,Sr3PI3
verified_only,loo,25,calibration,Sr3SbCl3
verified_only,loo,25,calibration,Sr3SbI3
verified_only,loo,26,test,Sr3PBr3
verified_only,loo,26,calibration,Ba3AsCl3
verified_only,loo,26,calibration,Ba3AsI3
verified_only,loo,26,calibration,Ba3SbBr3
verified_only,loo,26,calibration,Ba3SbI3
verified_only,loo,26,calibration,Ca3AsBr3
verified_only,loo,26,calibration,Ca3AsF3
verified_only,loo,26,calibration,Ca3BiI3
verified_only,loo,26,calibration,Ca3PBr3
verified_only,loo,26,calibration,Ca3PCl3
verified_only,loo,26,calibration,Ca3PF3
verified_only,loo,26,calibration,Ca3PI3
verified_only,loo,26,calibration,Ca3SbBr3
verified_only,loo,26,calibration,Ca3SbCl3
verified_only,loo,26,calibration,Ca3SbF3
verified_only,loo,26,calibration,Mg3AsBr3
verified_only,loo,26,calibration,Mg3BiBr3
verified_only,loo,26,calibration,Mg3BiI3
verified_only,loo,26,calibration,Mg3PBr3
verified_only,loo,26,calibration,Mg3PCl3
verified_only,loo,26,calibration,Mg3PI3
verified_only,loo,26,calibration,Mg3SbBr3
verified_only,loo,26,calibration,Mg3SbCl3
verified_only,loo,26,calibration,Mg3SbF3
verified_only,loo,26,calibration,Mg3SbI3
verified_only,loo,26,calibration,Sr3AsCl3
verified_only,loo,26,calibration,Sr3AsI3
verified_only,loo,26,calibration,Sr3PCl3
verified_only,loo,26,calibration,Sr3PI3
verified_only,loo,26,calibration,Sr3SbCl3
verified_only,loo,26,calibration,Sr3SbI3
verified_only,loo,27,test,Sr3PCl3
verified_only,loo,27,calibration,Ba3AsCl3
verified_only,loo,27,calibration,Ba3AsI3
verified_only,loo,27,calibration,Ba3SbBr3
verified_only,loo,27,calibration,Ba3SbI3
verified_only,loo,27,calibration,Ca3AsBr3
verified_only,loo,27,calibration,Ca3AsF3
verified_only,loo,27,calibration,Ca3BiI3
verified_only,loo,27,calibration,Ca3PBr3
verified_only,loo,27,calibration,Ca3PCl3
verified_only,loo,27,calibration,Ca3PF3
verified_only,loo,27,calibration,Ca3PI3
verified_only,loo,27,calibration,Ca3SbBr3
verified_only,loo,27,calibration,Ca3SbCl3
verified_only,loo,27,calibration,Ca3SbF3
verified_only,loo,27,calibration,Mg3AsBr3
verified_only,loo,27,calibration,Mg3BiBr3
verified_only,loo,27,calibration,Mg3BiI3
verified_only,loo,27,calibration,Mg3PBr3
verified_only,loo,27,calibration,Mg3PCl3
verified_only,loo,27,calibration,Mg3PI3
verified_only,loo,27,calibration,Mg3SbBr3
verified_only,loo,27,calibration,Mg3SbCl3
verified_only,loo,27,calibration,Mg3SbF3
verified_only,loo,27,calibration,Mg3SbI3
verified_only,loo,27,calibration,Sr3AsCl3
verified_only,loo,27,calibration,Sr3AsI3
verified_only,loo,27,calibration,Sr3PBr3
verified_only,loo,27,calibration,Sr3PI3
verified_only,loo,27,calibration,Sr3SbCl3
verified_only,loo,27,calibration,Sr3SbI3
verified_only,loo,28,test,Sr3PI3
verified_only,loo,28,calibration,Ba3AsCl3
verified_only,loo,28,calibration,Ba3AsI3
verified_only,loo,28,calibration,Ba3SbBr3
verified_only,loo,28,calibration,Ba3SbI3
verified_only,loo,28,calibration,Ca3AsBr3
verified_only,loo,28,calibration,Ca3AsF3
verified_only,loo,28,calibration,Ca3BiI3
verified_only,loo,28,calibration,Ca3PBr3
verified_only,loo,28,calibration,Ca3PCl3
verified_only,loo,28,calibration,Ca3PF3
verified_only,loo,28,calibration,Ca3PI3
verified_only,loo,28,calibration,Ca3SbBr3
verified_only,loo,28,calibration,Ca3SbCl3
verified_only,loo,28,calibration,Ca3SbF3
verified_only,loo,28,calibration,Mg3AsBr3
verified_only,loo,28,calibration,Mg3BiBr3
verified_only,loo,28,calibration,Mg3BiI3
verified_only,loo,28,calibration,Mg3PBr3
verified_only,loo,28,calibration,Mg3PCl3
verified_only,loo,28,calibration,Mg3PI3
verified_only,loo,28,calibration,Mg3SbBr3
verified_only,loo,28,calibration,Mg3SbCl3
verified_only,loo,28,calibration,Mg3SbF3
verified_only,loo,28,calibration,Mg3SbI3
verified_only,loo,28,calibration,Sr3AsCl3
verified_only,loo,28,calibration,Sr3AsI3
verified_only,loo,28,calibration,Sr3PBr3
verified_only,loo,28,calibration,Sr3PCl3
verified_only,loo,28,calibration,Sr3SbCl3
verified_only,loo,28,calibration,Sr3SbI3
verified_only,loo,29,test,Sr3SbCl3
verified_only,loo,29,calibration,Ba3AsCl3
verified_only,loo,29,calibration,Ba3AsI3
verified_only,loo,29,calibration,Ba3SbBr3
verified_only,loo,29,calibration,Ba3SbI3
verified_only,loo,29,calibration,Ca3AsBr3
verified_only,loo,29,calibration,Ca3AsF3
verified_only,loo,29,calibration,Ca3BiI3
verified_only,loo,29,calibration,Ca3PBr3
verified_only,loo,29,calibration,Ca3PCl3
verified_only,loo,29,calibration,Ca3PF3
verified_only,loo,29,calibration,Ca3PI3
verified_only,loo,29,calibration,Ca3SbBr3
verified_only,loo,29,calibration,Ca3SbCl3
verified_only,loo,29,calibration,Ca3SbF3
verified_only,loo,29,calibration,Mg3AsBr3
verified_only,loo,29,calibration,Mg3BiBr3
verified_only,loo,29,calibration,Mg3BiI3
verified_only,loo,29,calibration,Mg3PBr3
verified_only,loo,29,calibration,Mg3PCl3
verified_only,loo,29,calibration,Mg3PI3
verified_only,loo,29,calibration,Mg3SbBr3
verified_only,loo,29,calibration,Mg3SbCl3
verified_only,loo,29,calibration,Mg3SbF3
verified_only,loo,29,calibration,Mg3SbI3
verified_only,loo,29,calibration,Sr3AsCl3
verified_only,loo,29,calibration,Sr3AsI3
verified_only,loo,29,calibration,Sr3PBr3
verified_only,loo,29,calibration,Sr3PCl3
verified_only,loo,29,calibration,Sr3PI3
verified_only,loo,29,calibration,Sr3SbI3
verified_only,loo,30,test,Sr3SbI3
verified_only,loo,30,calibration,Ba3AsCl3
verified_only,loo,30,calibration,Ba3AsI3
verified_only,loo,30,calibration,Ba3SbBr3
verified_only,loo,30,calibration,Ba3SbI3
verified_only,loo,30,calibration,Ca3AsBr3
verified_only,loo,30,calibration,Ca3AsF3
verified_only,loo,30,calibration,Ca3BiI3
verified_only,loo,30,calibration,Ca3PBr3
verified_only,loo,30,calibration,Ca3PCl3
verified_only,loo,30,calibration,Ca3PF3
verified_only,loo,30,calibration,Ca3PI3
verified_only,loo,30,calibration,Ca3SbBr3
verified_only,loo,30,calibration,Ca3SbCl3
verified_only,loo,30,calibration,Ca3SbF3
verified_only,loo,30,calibration,Mg3AsBr3
verified_only,loo,30,calibration,Mg3BiBr3
verified_only,loo,30,calibration,Mg3BiI3
verified_only,loo,30,calibration,Mg3PBr3
verified_only,loo,30,calibration,Mg3PCl3
verified_only,loo,30,calibration,Mg3PI3
verified_only,loo,30,calibration,Mg3SbBr3
verified_only,loo,30,calibration,Mg3SbCl3
verified_only,loo,30,calibration,Mg3SbF3
verified_only,loo,30,calibration,Mg3SbI3
verified_only,loo,30,calibration,Sr3AsCl3
verified_only,loo,30,calibration,Sr3AsI3
verified_only,loo,30,calibration,Sr3PBr3
verified_only,loo,30,calibration,Sr3PCl3
verified_only,loo,30,calibration,Sr3PI3
verified_only,loo,30,calibration,Sr3SbCl3
